account_id,customer_id,account_type,account_status,currency_code,branch_code,open_date,available_balance,account_country,relationship_tier
ACCT_DEMO_001,CUST_DEMO_001,OPERATING,ACTIVE,EUR,SYN-BR-002,2025-07-18,32919.00,US,PRIORITY
ACCT_SYN_000002,CUST_SYN_000002,SETTLEMENT,ACTIVE,GBP,SYN-BR-003,2025-07-17,40838.00,GB,STRATEGIC
ACCT_SYN_000003,CUST_SYN_000003,CHECKING,ACTIVE,USD,SYN-BR-004,2025-07-16,48757.00,DE,STANDARD
ACCT_SYN_000004,CUST_SYN_000004,OPERATING,ACTIVE,EUR,SYN-BR-005,2025-07-15,56676.00,SG,PRIORITY
ACCT_SYN_000005,CUST_SYN_000005,SETTLEMENT,ACTIVE,GBP,SYN-BR-006,2025-07-14,64595.00,US,STRATEGIC
ACCT_SYN_000006,CUST_SYN_000006,CHECKING,ACTIVE,USD,SYN-BR-007,2025-07-13,72514.00,GB,STANDARD
ACCT_SYN_000007,CUST_SYN_000007,OPERATING,ACTIVE,EUR,SYN-BR-008,2025-07-12,80433.00,DE,PRIORITY
ACCT_SYN_000008,CUST_SYN_000008,SETTLEMENT,ACTIVE,GBP,SYN-BR-009,2025-07-11,88352.00,SG,STRATEGIC
ACCT_SYN_000009,CUST_SYN_000009,CHECKING,ACTIVE,USD,SYN-BR-010,2025-07-10,96271.00,US,STANDARD
ACCT_SYN_000010,CUST_SYN_000010,OPERATING,ACTIVE,EUR,SYN-BR-011,2025-07-09,104190.00,GB,PRIORITY
ACCT_SYN_000011,CUST_SYN_000011,SETTLEMENT,ACTIVE,GBP,SYN-BR-012,2025-07-08,112109.00,DE,STRATEGIC
ACCT_SYN_000012,CUST_SYN_000012,CHECKING,ACTIVE,USD,SYN-BR-013,2025-07-07,120028.00,SG,STANDARD
ACCT_SYN_000013,CUST_SYN_000013,OPERATING,ACTIVE,EUR,SYN-BR-014,2025-07-06,127947.00,US,PRIORITY
ACCT_SYN_000014,CUST_SYN_000014,SETTLEMENT,ACTIVE,GBP,SYN-BR-015,2025-07-05,135866.00,GB,STRATEGIC
ACCT_SYN_000015,CUST_SYN_000015,CHECKING,ACTIVE,USD,SYN-BR-016,2025-07-04,143785.00,DE,STANDARD
ACCT_SYN_000016,CUST_SYN_000016,OPERATING,ACTIVE,EUR,SYN-BR-017,2025-07-03,151704.00,SG,PRIORITY
ACCT_SYN_000017,CUST_SYN_000017,SETTLEMENT,ACTIVE,GBP,SYN-BR-018,2025-07-02,159623.00,US,STRATEGIC
ACCT_SYN_000018,CUST_SYN_000018,CHECKING,ACTIVE,USD,SYN-BR-019,2025-07-01,167542.00,GB,STANDARD
ACCT_SYN_000019,CUST_SYN_000019,OPERATING,ACTIVE,EUR,SYN-BR-020,2025-06-30,175461.00,DE,PRIORITY
ACCT_SYN_000020,CUST_SYN_000020,SETTLEMENT,ACTIVE,GBP,SYN-BR-001,2025-06-29,183380.00,SG,STRATEGIC
ACCT_SYN_000021,CUST_SYN_000021,CHECKING,ACTIVE,USD,SYN-BR-002,2025-06-28,191299.00,US,STANDARD
ACCT_SYN_000022,CUST_SYN_000022,OPERATING,ACTIVE,EUR,SYN-BR-003,2025-06-27,199218.00,GB,PRIORITY
ACCT_SYN_000023,CUST_SYN_000023,SETTLEMENT,ACTIVE,GBP,SYN-BR-004,2025-06-26,207137.00,DE,STRATEGIC
ACCT_SYN_000024,CUST_SYN_000024,CHECKING,ACTIVE,USD,SYN-BR-005,2025-06-25,215056.00,SG,STANDARD
ACCT_SYN_000025,CUST_SYN_000025,OPERATING,ACTIVE,EUR,SYN-BR-006,2025-06-24,222975.00,US,PRIORITY
ACCT_SYN_000026,CUST_SYN_000026,SETTLEMENT,ACTIVE,GBP,SYN-BR-007,2025-06-23,230894.00,GB,STRATEGIC
ACCT_SYN_000027,CUST_SYN_000027,CHECKING,ACTIVE,USD,SYN-BR-008,2025-06-22,238813.00,DE,STANDARD
ACCT_SYN_000028,CUST_SYN_000028,OPERATING,ACTIVE,EUR,SYN-BR-009,2025-06-21,246732.00,SG,PRIORITY
ACCT_SYN_000029,CUST_SYN_000029,SETTLEMENT,ACTIVE,GBP,SYN-BR-010,2025-06-20,254651.00,US,STRATEGIC
ACCT_SYN_000030,CUST_SYN_000030,CHECKING,ACTIVE,USD,SYN-BR-011,2025-06-19,262570.00,GB,STANDARD
ACCT_SYN_000031,CUST_SYN_000031,OPERATING,ACTIVE,EUR,SYN-BR-012,2025-06-18,270489.00,DE,PRIORITY
ACCT_SYN_000032,CUST_SYN_000032,SETTLEMENT,ACTIVE,GBP,SYN-BR-013,2025-06-17,278408.00,SG,STRATEGIC
ACCT_SYN_000033,CUST_SYN_000033,CHECKING,ACTIVE,USD,SYN-BR-014,2025-06-16,286327.00,US,STANDARD
ACCT_SYN_000034,CUST_SYN_000034,OPERATING,ACTIVE,EUR,SYN-BR-015,2025-06-15,294246.00,GB,PRIORITY
ACCT_SYN_000035,CUST_SYN_000035,SETTLEMENT,ACTIVE,GBP,SYN-BR-016,2025-06-14,302165.00,DE,STRATEGIC
ACCT_SYN_000036,CUST_SYN_000036,CHECKING,ACTIVE,USD,SYN-BR-017,2025-06-13,310084.00,SG,STANDARD
ACCT_SYN_000037,CUST_SYN_000037,OPERATING,ACTIVE,EUR,SYN-BR-018,2025-06-12,318003.00,US,PRIORITY
ACCT_SYN_000038,CUST_SYN_000038,SETTLEMENT,ACTIVE,GBP,SYN-BR-019,2025-06-11,325922.00,GB,STRATEGIC
ACCT_SYN_000039,CUST_SYN_000039,CHECKING,ACTIVE,USD,SYN-BR-020,2025-06-10,333841.00,DE,STANDARD
ACCT_SYN_000040,CUST_SYN_000040,OPERATING,ACTIVE,EUR,SYN-BR-001,2025-06-09,341760.00,SG,PRIORITY
ACCT_SYN_000041,CUST_SYN_000041,SETTLEMENT,ACTIVE,GBP,SYN-BR-002,2025-06-08,349679.00,US,STRATEGIC
ACCT_SYN_000042,CUST_SYN_000042,CHECKING,ACTIVE,USD,SYN-BR-003,2025-06-07,357598.00,GB,STANDARD
ACCT_SYN_000043,CUST_SYN_000043,OPERATING,ACTIVE,EUR,SYN-BR-004,2025-06-06,365517.00,DE,PRIORITY
ACCT_SYN_000044,CUST_SYN_000044,SETTLEMENT,ACTIVE,GBP,SYN-BR-005,2025-06-05,373436.00,SG,STRATEGIC
ACCT_SYN_000045,CUST_SYN_000045,CHECKING,ACTIVE,USD,SYN-BR-006,2025-06-04,381355.00,US,STANDARD
ACCT_SYN_000046,CUST_SYN_000046,OPERATING,ACTIVE,EUR,SYN-BR-007,2025-06-03,389274.00,GB,PRIORITY
ACCT_SYN_000047,CUST_SYN_000047,SETTLEMENT,ACTIVE,GBP,SYN-BR-008,2025-06-02,397193.00,DE,STRATEGIC
ACCT_SYN_000048,CUST_SYN_000048,CHECKING,ACTIVE,USD,SYN-BR-009,2025-06-01,405112.00,SG,STANDARD
ACCT_SYN_000049,CUST_SYN_000049,OPERATING,ACTIVE,EUR,SYN-BR-010,2025-05-31,413031.00,US,PRIORITY
ACCT_SYN_000050,CUST_SYN_000050,SETTLEMENT,ACTIVE,GBP,SYN-BR-011,2025-05-30,420950.00,GB,STRATEGIC
ACCT_SYN_000051,CUST_SYN_000051,CHECKING,ACTIVE,USD,SYN-BR-012,2025-05-29,428869.00,DE,STANDARD
ACCT_SYN_000052,CUST_SYN_000052,OPERATING,ACTIVE,EUR,SYN-BR-013,2025-05-28,436788.00,SG,PRIORITY
ACCT_SYN_000053,CUST_SYN_000053,SETTLEMENT,ACTIVE,GBP,SYN-BR-014,2025-05-27,444707.00,US,STRATEGIC
ACCT_SYN_000054,CUST_SYN_000054,CHECKING,ACTIVE,USD,SYN-BR-015,2025-05-26,452626.00,GB,STANDARD
ACCT_SYN_000055,CUST_SYN_000055,OPERATING,ACTIVE,EUR,SYN-BR-016,2025-05-25,460545.00,DE,PRIORITY
ACCT_SYN_000056,CUST_SYN_000056,SETTLEMENT,ACTIVE,GBP,SYN-BR-017,2025-05-24,468464.00,SG,STRATEGIC
ACCT_SYN_000057,CUST_SYN_000057,CHECKING,ACTIVE,USD,SYN-BR-018,2025-05-23,476383.00,US,STANDARD
ACCT_SYN_000058,CUST_SYN_000058,OPERATING,ACTIVE,EUR,SYN-BR-019,2025-05-22,484302.00,GB,PRIORITY
ACCT_SYN_000059,CUST_SYN_000059,SETTLEMENT,ACTIVE,GBP,SYN-BR-020,2025-05-21,492221.00,DE,STRATEGIC
ACCT_SYN_000060,CUST_SYN_000060,CHECKING,ACTIVE,USD,SYN-BR-001,2025-05-20,500140.00,SG,STANDARD
ACCT_SYN_000061,CUST_SYN_000061,OPERATING,ACTIVE,EUR,SYN-BR-002,2025-05-19,508059.00,US,PRIORITY
ACCT_SYN_000062,CUST_SYN_000062,SETTLEMENT,ACTIVE,GBP,SYN-BR-003,2025-05-18,515978.00,GB,STRATEGIC
ACCT_SYN_000063,CUST_SYN_000063,CHECKING,ACTIVE,USD,SYN-BR-004,2025-05-17,523897.00,DE,STANDARD
ACCT_SYN_000064,CUST_SYN_000064,OPERATING,ACTIVE,EUR,SYN-BR-005,2025-05-16,531816.00,SG,PRIORITY
ACCT_SYN_000065,CUST_SYN_000065,SETTLEMENT,ACTIVE,GBP,SYN-BR-006,2025-05-15,539735.00,US,STRATEGIC
ACCT_SYN_000066,CUST_SYN_000066,CHECKING,ACTIVE,USD,SYN-BR-007,2025-05-14,547654.00,GB,STANDARD
ACCT_SYN_000067,CUST_SYN_000067,OPERATING,ACTIVE,EUR,SYN-BR-008,2025-05-13,555573.00,DE,PRIORITY
ACCT_SYN_000068,CUST_SYN_000068,SETTLEMENT,ACTIVE,GBP,SYN-BR-009,2025-05-12,563492.00,SG,STRATEGIC
ACCT_SYN_000069,CUST_SYN_000069,CHECKING,ACTIVE,USD,SYN-BR-010,2025-05-11,571411.00,US,STANDARD
ACCT_SYN_000070,CUST_SYN_000070,OPERATING,ACTIVE,EUR,SYN-BR-011,2025-05-10,579330.00,GB,PRIORITY
ACCT_SYN_000071,CUST_SYN_000071,SETTLEMENT,ACTIVE,GBP,SYN-BR-012,2025-05-09,587249.00,DE,STRATEGIC
ACCT_SYN_000072,CUST_SYN_000072,CHECKING,ACTIVE,USD,SYN-BR-013,2025-05-08,595168.00,SG,STANDARD
ACCT_SYN_000073,CUST_SYN_000073,OPERATING,ACTIVE,EUR,SYN-BR-014,2025-05-07,603087.00,US,PRIORITY
ACCT_SYN_000074,CUST_SYN_000074,SETTLEMENT,ACTIVE,GBP,SYN-BR-015,2025-05-06,611006.00,GB,STRATEGIC
ACCT_SYN_000075,CUST_SYN_000075,CHECKING,ACTIVE,USD,SYN-BR-016,2025-05-05,618925.00,DE,STANDARD
ACCT_SYN_000076,CUST_SYN_000076,OPERATING,ACTIVE,EUR,SYN-BR-017,2025-05-04,626844.00,SG,PRIORITY
ACCT_SYN_000077,CUST_SYN_000077,SETTLEMENT,ACTIVE,GBP,SYN-BR-018,2025-05-03,634763.00,US,STRATEGIC
ACCT_SYN_000078,CUST_SYN_000078,CHECKING,ACTIVE,USD,SYN-BR-019,2025-05-02,642682.00,GB,STANDARD
ACCT_SYN_000079,CUST_SYN_000079,OPERATING,ACTIVE,EUR,SYN-BR-020,2025-05-01,650601.00,DE,PRIORITY
ACCT_SYN_000080,CUST_SYN_000080,SETTLEMENT,ACTIVE,GBP,SYN-BR-001,2025-04-30,658520.00,SG,STRATEGIC
ACCT_SYN_000081,CUST_SYN_000081,CHECKING,ACTIVE,USD,SYN-BR-002,2025-04-29,666439.00,US,STANDARD
ACCT_SYN_000082,CUST_SYN_000082,OPERATING,ACTIVE,EUR,SYN-BR-003,2025-04-28,674358.00,GB,PRIORITY
ACCT_SYN_000083,CUST_SYN_000083,SETTLEMENT,ACTIVE,GBP,SYN-BR-004,2025-04-27,682277.00,DE,STRATEGIC
ACCT_SYN_000084,CUST_SYN_000084,CHECKING,ACTIVE,USD,SYN-BR-005,2025-04-26,690196.00,SG,STANDARD
ACCT_SYN_000085,CUST_SYN_000085,OPERATING,ACTIVE,EUR,SYN-BR-006,2025-04-25,698115.00,US,PRIORITY
ACCT_SYN_000086,CUST_SYN_000086,SETTLEMENT,ACTIVE,GBP,SYN-BR-007,2025-04-24,706034.00,GB,STRATEGIC
ACCT_SYN_000087,CUST_SYN_000087,CHECKING,ACTIVE,USD,SYN-BR-008,2025-04-23,713953.00,DE,STANDARD
ACCT_SYN_000088,CUST_SYN_000088,OPERATING,ACTIVE,EUR,SYN-BR-009,2025-04-22,721872.00,SG,PRIORITY
ACCT_SYN_000089,CUST_SYN_000089,SETTLEMENT,ACTIVE,GBP,SYN-BR-010,2025-04-21,729791.00,US,STRATEGIC
ACCT_SYN_000090,CUST_SYN_000090,CHECKING,ACTIVE,USD,SYN-BR-011,2025-04-20,737710.00,GB,STANDARD
ACCT_SYN_000091,CUST_SYN_000091,OPERATING,ACTIVE,EUR,SYN-BR-012,2025-04-19,745629.00,DE,PRIORITY
ACCT_SYN_000092,CUST_SYN_000092,SETTLEMENT,ACTIVE,GBP,SYN-BR-013,2025-04-18,753548.00,SG,STRATEGIC
ACCT_SYN_000093,CUST_SYN_000093,CHECKING,ACTIVE,USD,SYN-BR-014,2025-04-17,761467.00,US,STANDARD
ACCT_SYN_000094,CUST_SYN_000094,OPERATING,ACTIVE,EUR,SYN-BR-015,2025-04-16,769386.00,GB,PRIORITY
ACCT_SYN_000095,CUST_SYN_000095,SETTLEMENT,ACTIVE,GBP,SYN-BR-016,2025-04-15,777305.00,DE,STRATEGIC
ACCT_SYN_000096,CUST_SYN_000096,CHECKING,ACTIVE,USD,SYN-BR-017,2025-04-14,785224.00,SG,STANDARD
ACCT_SYN_000097,CUST_SYN_000097,OPERATING,ACTIVE,EUR,SYN-BR-018,2025-04-13,793143.00,US,PRIORITY
ACCT_SYN_000098,CUST_SYN_000098,SETTLEMENT,ACTIVE,GBP,SYN-BR-019,2025-04-12,801062.00,GB,STRATEGIC
ACCT_SYN_000099,CUST_SYN_000099,CHECKING,ACTIVE,USD,SYN-BR-020,2025-04-11,808981.00,DE,STANDARD
ACCT_SYN_000100,CUST_SYN_000100,OPERATING,ACTIVE,EUR,SYN-BR-001,2025-04-10,816900.00,SG,PRIORITY
ACCT_SYN_000101,CUST_SYN_000101,SETTLEMENT,ACTIVE,GBP,SYN-BR-002,2025-04-09,824819.00,US,STRATEGIC
ACCT_SYN_000102,CUST_SYN_000102,CHECKING,ACTIVE,USD,SYN-BR-003,2025-04-08,832738.00,GB,STANDARD
ACCT_SYN_000103,CUST_SYN_000103,OPERATING,ACTIVE,EUR,SYN-BR-004,2025-04-07,840657.00,DE,PRIORITY
ACCT_SYN_000104,CUST_SYN_000104,SETTLEMENT,ACTIVE,GBP,SYN-BR-005,2025-04-06,848576.00,SG,STRATEGIC
ACCT_SYN_000105,CUST_SYN_000105,CHECKING,ACTIVE,USD,SYN-BR-006,2025-04-05,856495.00,US,STANDARD
ACCT_SYN_000106,CUST_SYN_000106,OPERATING,ACTIVE,EUR,SYN-BR-007,2025-04-04,864414.00,GB,PRIORITY
ACCT_SYN_000107,CUST_SYN_000107,SETTLEMENT,ACTIVE,GBP,SYN-BR-008,2025-04-03,872333.00,DE,STRATEGIC
ACCT_SYN_000108,CUST_SYN_000108,CHECKING,ACTIVE,USD,SYN-BR-009,2025-04-02,880252.00,SG,STANDARD
ACCT_SYN_000109,CUST_SYN_000109,OPERATING,ACTIVE,EUR,SYN-BR-010,2025-04-01,888171.00,US,PRIORITY
ACCT_SYN_000110,CUST_SYN_000110,SETTLEMENT,ACTIVE,GBP,SYN-BR-011,2025-03-31,896090.00,GB,STRATEGIC
ACCT_SYN_000111,CUST_SYN_000111,CHECKING,ACTIVE,USD,SYN-BR-012,2025-03-30,904009.00,DE,STANDARD
ACCT_SYN_000112,CUST_SYN_000112,OPERATING,ACTIVE,EUR,SYN-BR-013,2025-03-29,911928.00,SG,PRIORITY
ACCT_SYN_000113,CUST_SYN_000113,SETTLEMENT,ACTIVE,GBP,SYN-BR-014,2025-03-28,919847.00,US,STRATEGIC
ACCT_SYN_000114,CUST_SYN_000114,CHECKING,ACTIVE,USD,SYN-BR-015,2025-03-27,927766.00,GB,STANDARD
ACCT_SYN_000115,CUST_SYN_000115,OPERATING,ACTIVE,EUR,SYN-BR-016,2025-03-26,935685.00,DE,PRIORITY
ACCT_SYN_000116,CUST_SYN_000116,SETTLEMENT,ACTIVE,GBP,SYN-BR-017,2025-03-25,943604.00,SG,STRATEGIC
ACCT_SYN_000117,CUST_SYN_000117,CHECKING,ACTIVE,USD,SYN-BR-018,2025-03-24,951523.00,US,STANDARD
ACCT_SYN_000118,CUST_SYN_000118,OPERATING,ACTIVE,EUR,SYN-BR-019,2025-03-23,959442.00,GB,PRIORITY
ACCT_SYN_000119,CUST_SYN_000119,SETTLEMENT,ACTIVE,GBP,SYN-BR-020,2025-03-22,967361.00,DE,STRATEGIC
ACCT_SYN_000120,CUST_SYN_000120,CHECKING,ACTIVE,USD,SYN-BR-001,2025-03-21,25280.00,SG,STANDARD
ACCT_SYN_000121,CUST_SYN_000121,OPERATING,ACTIVE,EUR,SYN-BR-002,2025-03-20,33199.00,US,PRIORITY
ACCT_SYN_000122,CUST_SYN_000122,SETTLEMENT,ACTIVE,GBP,SYN-BR-003,2025-03-19,41118.00,GB,STRATEGIC
ACCT_SYN_000123,CUST_SYN_000123,CHECKING,ACTIVE,USD,SYN-BR-004,2025-03-18,49037.00,DE,STANDARD
ACCT_SYN_000124,CUST_SYN_000124,OPERATING,ACTIVE,EUR,SYN-BR-005,2025-03-17,56956.00,SG,PRIORITY
ACCT_SYN_000125,CUST_SYN_000125,SETTLEMENT,ACTIVE,GBP,SYN-BR-006,2025-03-16,64875.00,US,STRATEGIC
ACCT_SYN_000126,CUST_SYN_000126,CHECKING,ACTIVE,USD,SYN-BR-007,2025-03-15,72794.00,GB,STANDARD
ACCT_SYN_000127,CUST_SYN_000127,OPERATING,ACTIVE,EUR,SYN-BR-008,2025-03-14,80713.00,DE,PRIORITY
ACCT_SYN_000128,CUST_SYN_000128,SETTLEMENT,ACTIVE,GBP,SYN-BR-009,2025-03-13,88632.00,SG,STRATEGIC
ACCT_SYN_000129,CUST_SYN_000129,CHECKING,ACTIVE,USD,SYN-BR-010,2025-03-12,96551.00,US,STANDARD
ACCT_SYN_000130,CUST_SYN_000130,OPERATING,ACTIVE,EUR,SYN-BR-011,2025-03-11,104470.00,GB,PRIORITY
ACCT_SYN_000131,CUST_SYN_000131,SETTLEMENT,ACTIVE,GBP,SYN-BR-012,2025-03-10,112389.00,DE,STRATEGIC
ACCT_SYN_000132,CUST_SYN_000132,CHECKING,ACTIVE,USD,SYN-BR-013,2025-03-09,120308.00,SG,STANDARD
ACCT_SYN_000133,CUST_SYN_000133,OPERATING,ACTIVE,EUR,SYN-BR-014,2025-03-08,128227.00,US,PRIORITY
ACCT_SYN_000134,CUST_SYN_000134,SETTLEMENT,ACTIVE,GBP,SYN-BR-015,2025-03-07,136146.00,GB,STRATEGIC
ACCT_SYN_000135,CUST_SYN_000135,CHECKING,ACTIVE,USD,SYN-BR-016,2025-03-06,144065.00,DE,STANDARD
ACCT_SYN_000136,CUST_SYN_000136,OPERATING,ACTIVE,EUR,SYN-BR-017,2025-03-05,151984.00,SG,PRIORITY
ACCT_SYN_000137,CUST_SYN_000137,SETTLEMENT,ACTIVE,GBP,SYN-BR-018,2025-03-04,159903.00,US,STRATEGIC
ACCT_SYN_000138,CUST_SYN_000138,CHECKING,ACTIVE,USD,SYN-BR-019,2025-03-03,167822.00,GB,STANDARD
ACCT_SYN_000139,CUST_SYN_000139,OPERATING,ACTIVE,EUR,SYN-BR-020,2025-03-02,175741.00,DE,PRIORITY
ACCT_SYN_000140,CUST_SYN_000140,SETTLEMENT,ACTIVE,GBP,SYN-BR-001,2025-03-01,183660.00,SG,STRATEGIC
ACCT_SYN_000141,CUST_SYN_000141,CHECKING,ACTIVE,USD,SYN-BR-002,2025-02-28,191579.00,US,STANDARD
ACCT_SYN_000142,CUST_SYN_000142,OPERATING,ACTIVE,EUR,SYN-BR-003,2025-02-27,199498.00,GB,PRIORITY
ACCT_SYN_000143,CUST_SYN_000143,SETTLEMENT,ACTIVE,GBP,SYN-BR-004,2025-02-26,207417.00,DE,STRATEGIC
ACCT_SYN_000144,CUST_SYN_000144,CHECKING,ACTIVE,USD,SYN-BR-005,2025-02-25,215336.00,SG,STANDARD
ACCT_SYN_000145,CUST_SYN_000145,OPERATING,ACTIVE,EUR,SYN-BR-006,2025-02-24,223255.00,US,PRIORITY
ACCT_SYN_000146,CUST_SYN_000146,SETTLEMENT,ACTIVE,GBP,SYN-BR-007,2025-02-23,231174.00,GB,STRATEGIC
ACCT_SYN_000147,CUST_SYN_000147,CHECKING,ACTIVE,USD,SYN-BR-008,2025-02-22,239093.00,DE,STANDARD
ACCT_SYN_000148,CUST_SYN_000148,OPERATING,ACTIVE,EUR,SYN-BR-009,2025-02-21,247012.00,SG,PRIORITY
ACCT_SYN_000149,CUST_SYN_000149,SETTLEMENT,ACTIVE,GBP,SYN-BR-010,2025-02-20,254931.00,US,STRATEGIC
ACCT_SYN_000150,CUST_SYN_000150,CHECKING,ACTIVE,USD,SYN-BR-011,2025-02-19,262850.00,GB,STANDARD
ACCT_SYN_000151,CUST_SYN_000151,OPERATING,ACTIVE,EUR,SYN-BR-012,2025-02-18,270769.00,DE,PRIORITY
ACCT_SYN_000152,CUST_SYN_000152,SETTLEMENT,ACTIVE,GBP,SYN-BR-013,2025-02-17,278688.00,SG,STRATEGIC
ACCT_SYN_000153,CUST_SYN_000153,CHECKING,ACTIVE,USD,SYN-BR-014,2025-02-16,286607.00,US,STANDARD
ACCT_SYN_000154,CUST_SYN_000154,OPERATING,ACTIVE,EUR,SYN-BR-015,2025-02-15,294526.00,GB,PRIORITY
ACCT_SYN_000155,CUST_SYN_000155,SETTLEMENT,ACTIVE,GBP,SYN-BR-016,2025-02-14,302445.00,DE,STRATEGIC
ACCT_SYN_000156,CUST_SYN_000156,CHECKING,ACTIVE,USD,SYN-BR-017,2025-02-13,310364.00,SG,STANDARD
ACCT_SYN_000157,CUST_SYN_000157,OPERATING,ACTIVE,EUR,SYN-BR-018,2025-02-12,318283.00,US,PRIORITY
ACCT_SYN_000158,CUST_SYN_000158,SETTLEMENT,ACTIVE,GBP,SYN-BR-019,2025-02-11,326202.00,GB,STRATEGIC
ACCT_SYN_000159,CUST_SYN_000159,CHECKING,ACTIVE,USD,SYN-BR-020,2025-02-10,334121.00,DE,STANDARD
ACCT_SYN_000160,CUST_SYN_000160,OPERATING,ACTIVE,EUR,SYN-BR-001,2025-02-09,342040.00,SG,PRIORITY
ACCT_SYN_000161,CUST_SYN_000161,SETTLEMENT,ACTIVE,GBP,SYN-BR-002,2025-02-08,349959.00,US,STRATEGIC
ACCT_SYN_000162,CUST_SYN_000162,CHECKING,ACTIVE,USD,SYN-BR-003,2025-02-07,357878.00,GB,STANDARD
ACCT_SYN_000163,CUST_SYN_000163,OPERATING,ACTIVE,EUR,SYN-BR-004,2025-02-06,365797.00,DE,PRIORITY
ACCT_SYN_000164,CUST_SYN_000164,SETTLEMENT,ACTIVE,GBP,SYN-BR-005,2025-02-05,373716.00,SG,STRATEGIC
ACCT_SYN_000165,CUST_SYN_000165,CHECKING,ACTIVE,USD,SYN-BR-006,2025-02-04,381635.00,US,STANDARD
ACCT_SYN_000166,CUST_SYN_000166,OPERATING,ACTIVE,EUR,SYN-BR-007,2025-02-03,389554.00,GB,PRIORITY
ACCT_SYN_000167,CUST_SYN_000167,SETTLEMENT,ACTIVE,GBP,SYN-BR-008,2025-02-02,397473.00,DE,STRATEGIC
ACCT_SYN_000168,CUST_SYN_000168,CHECKING,ACTIVE,USD,SYN-BR-009,2025-02-01,405392.00,SG,STANDARD
ACCT_SYN_000169,CUST_SYN_000169,OPERATING,ACTIVE,EUR,SYN-BR-010,2025-01-31,413311.00,US,PRIORITY
ACCT_SYN_000170,CUST_SYN_000170,SETTLEMENT,ACTIVE,GBP,SYN-BR-011,2025-01-30,421230.00,GB,STRATEGIC
ACCT_SYN_000171,CUST_SYN_000171,CHECKING,ACTIVE,USD,SYN-BR-012,2025-01-29,429149.00,DE,STANDARD
ACCT_SYN_000172,CUST_SYN_000172,OPERATING,ACTIVE,EUR,SYN-BR-013,2025-01-28,437068.00,SG,PRIORITY
ACCT_SYN_000173,CUST_SYN_000173,SETTLEMENT,ACTIVE,GBP,SYN-BR-014,2025-01-27,444987.00,US,STRATEGIC
ACCT_SYN_000174,CUST_SYN_000174,CHECKING,ACTIVE,USD,SYN-BR-015,2025-01-26,452906.00,GB,STANDARD
ACCT_SYN_000175,CUST_SYN_000175,OPERATING,ACTIVE,EUR,SYN-BR-016,2025-01-25,460825.00,DE,PRIORITY
ACCT_SYN_000176,CUST_SYN_000176,SETTLEMENT,ACTIVE,GBP,SYN-BR-017,2025-01-24,468744.00,SG,STRATEGIC
ACCT_SYN_000177,CUST_SYN_000177,CHECKING,ACTIVE,USD,SYN-BR-018,2025-01-23,476663.00,US,STANDARD
ACCT_SYN_000178,CUST_SYN_000178,OPERATING,ACTIVE,EUR,SYN-BR-019,2025-01-22,484582.00,GB,PRIORITY
ACCT_SYN_000179,CUST_SYN_000179,SETTLEMENT,ACTIVE,GBP,SYN-BR-020,2025-01-21,492501.00,DE,STRATEGIC
ACCT_SYN_000180,CUST_SYN_000180,CHECKING,ACTIVE,USD,SYN-BR-001,2025-01-20,500420.00,SG,STANDARD
ACCT_SYN_000181,CUST_SYN_000181,OPERATING,ACTIVE,EUR,SYN-BR-002,2025-01-19,508339.00,US,PRIORITY
ACCT_SYN_000182,CUST_SYN_000182,SETTLEMENT,ACTIVE,GBP,SYN-BR-003,2025-01-18,516258.00,GB,STRATEGIC
ACCT_SYN_000183,CUST_SYN_000183,CHECKING,ACTIVE,USD,SYN-BR-004,2025-01-17,524177.00,DE,STANDARD
ACCT_SYN_000184,CUST_SYN_000184,OPERATING,ACTIVE,EUR,SYN-BR-005,2025-01-16,532096.00,SG,PRIORITY
ACCT_SYN_000185,CUST_SYN_000185,SETTLEMENT,ACTIVE,GBP,SYN-BR-006,2025-01-15,540015.00,US,STRATEGIC
ACCT_SYN_000186,CUST_SYN_000186,CHECKING,ACTIVE,USD,SYN-BR-007,2025-01-14,547934.00,GB,STANDARD
ACCT_SYN_000187,CUST_SYN_000187,OPERATING,ACTIVE,EUR,SYN-BR-008,2025-01-13,555853.00,DE,PRIORITY
ACCT_SYN_000188,CUST_SYN_000188,SETTLEMENT,ACTIVE,GBP,SYN-BR-009,2025-01-12,563772.00,SG,STRATEGIC
ACCT_SYN_000189,CUST_SYN_000189,CHECKING,ACTIVE,USD,SYN-BR-010,2025-01-11,571691.00,US,STANDARD
ACCT_SYN_000190,CUST_SYN_000190,OPERATING,ACTIVE,EUR,SYN-BR-011,2025-01-10,579610.00,GB,PRIORITY
ACCT_SYN_000191,CUST_SYN_000191,SETTLEMENT,ACTIVE,GBP,SYN-BR-012,2025-01-09,587529.00,DE,STRATEGIC
ACCT_SYN_000192,CUST_SYN_000192,CHECKING,ACTIVE,USD,SYN-BR-013,2025-01-08,595448.00,SG,STANDARD
ACCT_SYN_000193,CUST_SYN_000193,OPERATING,ACTIVE,EUR,SYN-BR-014,2025-01-07,603367.00,US,PRIORITY
ACCT_SYN_000194,CUST_SYN_000194,SETTLEMENT,ACTIVE,GBP,SYN-BR-015,2025-01-06,611286.00,GB,STRATEGIC
ACCT_SYN_000195,CUST_SYN_000195,CHECKING,ACTIVE,USD,SYN-BR-016,2025-01-05,619205.00,DE,STANDARD
ACCT_SYN_000196,CUST_SYN_000196,OPERATING,ACTIVE,EUR,SYN-BR-017,2025-01-04,627124.00,SG,PRIORITY
ACCT_SYN_000197,CUST_SYN_000197,SETTLEMENT,ACTIVE,GBP,SYN-BR-018,2025-01-03,635043.00,US,STRATEGIC
ACCT_SYN_000198,CUST_SYN_000198,CHECKING,ACTIVE,USD,SYN-BR-019,2025-01-02,642962.00,GB,STANDARD
ACCT_SYN_000199,CUST_SYN_000199,OPERATING,ACTIVE,EUR,SYN-BR-020,2025-01-01,650881.00,DE,PRIORITY
ACCT_SYN_000200,CUST_SYN_000200,SETTLEMENT,ACTIVE,GBP,SYN-BR-001,2024-12-31,658800.00,SG,STRATEGIC
ACCT_SYN_000201,CUST_SYN_000201,CHECKING,ACTIVE,USD,SYN-BR-002,2024-12-30,666719.00,US,STANDARD
ACCT_SYN_000202,CUST_SYN_000202,OPERATING,ACTIVE,EUR,SYN-BR-003,2024-12-29,674638.00,GB,PRIORITY
ACCT_SYN_000203,CUST_SYN_000203,SETTLEMENT,ACTIVE,GBP,SYN-BR-004,2024-12-28,682557.00,DE,STRATEGIC
ACCT_SYN_000204,CUST_SYN_000204,CHECKING,ACTIVE,USD,SYN-BR-005,2024-12-27,690476.00,SG,STANDARD
ACCT_SYN_000205,CUST_SYN_000205,OPERATING,ACTIVE,EUR,SYN-BR-006,2024-12-26,698395.00,US,PRIORITY
ACCT_SYN_000206,CUST_SYN_000206,SETTLEMENT,ACTIVE,GBP,SYN-BR-007,2024-12-25,706314.00,GB,STRATEGIC
ACCT_SYN_000207,CUST_SYN_000207,CHECKING,ACTIVE,USD,SYN-BR-008,2024-12-24,714233.00,DE,STANDARD
ACCT_SYN_000208,CUST_SYN_000208,OPERATING,ACTIVE,EUR,SYN-BR-009,2024-12-23,722152.00,SG,PRIORITY
ACCT_SYN_000209,CUST_SYN_000209,SETTLEMENT,ACTIVE,GBP,SYN-BR-010,2024-12-22,730071.00,US,STRATEGIC
ACCT_SYN_000210,CUST_SYN_000210,CHECKING,ACTIVE,USD,SYN-BR-011,2024-12-21,737990.00,GB,STANDARD
ACCT_SYN_000211,CUST_SYN_000211,OPERATING,ACTIVE,EUR,SYN-BR-012,2024-12-20,745909.00,DE,PRIORITY
ACCT_SYN_000212,CUST_SYN_000212,SETTLEMENT,ACTIVE,GBP,SYN-BR-013,2024-12-19,753828.00,SG,STRATEGIC
ACCT_SYN_000213,CUST_SYN_000213,CHECKING,ACTIVE,USD,SYN-BR-014,2024-12-18,761747.00,US,STANDARD
ACCT_SYN_000214,CUST_SYN_000214,OPERATING,ACTIVE,EUR,SYN-BR-015,2024-12-17,769666.00,GB,PRIORITY
ACCT_SYN_000215,CUST_SYN_000215,SETTLEMENT,ACTIVE,GBP,SYN-BR-016,2024-12-16,777585.00,DE,STRATEGIC
ACCT_SYN_000216,CUST_SYN_000216,CHECKING,ACTIVE,USD,SYN-BR-017,2024-12-15,785504.00,SG,STANDARD
ACCT_SYN_000217,CUST_SYN_000217,OPERATING,ACTIVE,EUR,SYN-BR-018,2024-12-14,793423.00,US,PRIORITY
ACCT_SYN_000218,CUST_SYN_000218,SETTLEMENT,ACTIVE,GBP,SYN-BR-019,2024-12-13,801342.00,GB,STRATEGIC
ACCT_SYN_000219,CUST_SYN_000219,CHECKING,ACTIVE,USD,SYN-BR-020,2024-12-12,809261.00,DE,STANDARD
ACCT_SYN_000220,CUST_SYN_000220,OPERATING,ACTIVE,EUR,SYN-BR-001,2024-12-11,817180.00,SG,PRIORITY
ACCT_SYN_000221,CUST_SYN_000221,SETTLEMENT,ACTIVE,GBP,SYN-BR-002,2024-12-10,825099.00,US,STRATEGIC
ACCT_SYN_000222,CUST_SYN_000222,CHECKING,ACTIVE,USD,SYN-BR-003,2024-12-09,833018.00,GB,STANDARD
ACCT_SYN_000223,CUST_SYN_000223,OPERATING,ACTIVE,EUR,SYN-BR-004,2024-12-08,840937.00,DE,PRIORITY
ACCT_SYN_000224,CUST_SYN_000224,SETTLEMENT,ACTIVE,GBP,SYN-BR-005,2024-12-07,848856.00,SG,STRATEGIC
ACCT_SYN_000225,CUST_SYN_000225,CHECKING,ACTIVE,USD,SYN-BR-006,2024-12-06,856775.00,US,STANDARD
ACCT_SYN_000226,CUST_SYN_000226,OPERATING,ACTIVE,EUR,SYN-BR-007,2024-12-05,864694.00,GB,PRIORITY
ACCT_SYN_000227,CUST_SYN_000227,SETTLEMENT,ACTIVE,GBP,SYN-BR-008,2024-12-04,872613.00,DE,STRATEGIC
ACCT_SYN_000228,CUST_SYN_000228,CHECKING,ACTIVE,USD,SYN-BR-009,2024-12-03,880532.00,SG,STANDARD
ACCT_SYN_000229,CUST_SYN_000229,OPERATING,ACTIVE,EUR,SYN-BR-010,2024-12-02,888451.00,US,PRIORITY
ACCT_SYN_000230,CUST_SYN_000230,SETTLEMENT,ACTIVE,GBP,SYN-BR-011,2024-12-01,896370.00,GB,STRATEGIC
ACCT_SYN_000231,CUST_SYN_000231,CHECKING,ACTIVE,USD,SYN-BR-012,2024-11-30,904289.00,DE,STANDARD
ACCT_SYN_000232,CUST_SYN_000232,OPERATING,ACTIVE,EUR,SYN-BR-013,2024-11-29,912208.00,SG,PRIORITY
ACCT_SYN_000233,CUST_SYN_000233,SETTLEMENT,ACTIVE,GBP,SYN-BR-014,2024-11-28,920127.00,US,STRATEGIC
ACCT_SYN_000234,CUST_SYN_000234,CHECKING,ACTIVE,USD,SYN-BR-015,2024-11-27,928046.00,GB,STANDARD
ACCT_SYN_000235,CUST_SYN_000235,OPERATING,ACTIVE,EUR,SYN-BR-016,2024-11-26,935965.00,DE,PRIORITY
ACCT_SYN_000236,CUST_SYN_000236,SETTLEMENT,ACTIVE,GBP,SYN-BR-017,2024-11-25,943884.00,SG,STRATEGIC
ACCT_SYN_000237,CUST_SYN_000237,CHECKING,ACTIVE,USD,SYN-BR-018,2024-11-24,951803.00,US,STANDARD
ACCT_SYN_000238,CUST_SYN_000238,OPERATING,ACTIVE,EUR,SYN-BR-019,2024-11-23,959722.00,GB,PRIORITY
ACCT_SYN_000239,CUST_SYN_000239,SETTLEMENT,ACTIVE,GBP,SYN-BR-020,2024-11-22,967641.00,DE,STRATEGIC
ACCT_SYN_000240,CUST_SYN_000240,CHECKING,ACTIVE,USD,SYN-BR-001,2024-11-21,25560.00,SG,STANDARD
ACCT_SYN_000241,CUST_SYN_000241,OPERATING,ACTIVE,EUR,SYN-BR-002,2024-11-20,33479.00,US,PRIORITY
ACCT_SYN_000242,CUST_SYN_000242,SETTLEMENT,ACTIVE,GBP,SYN-BR-003,2024-11-19,41398.00,GB,STRATEGIC
ACCT_SYN_000243,CUST_SYN_000243,CHECKING,ACTIVE,USD,SYN-BR-004,2024-11-18,49317.00,DE,STANDARD
ACCT_SYN_000244,CUST_SYN_000244,OPERATING,ACTIVE,EUR,SYN-BR-005,2024-11-17,57236.00,SG,PRIORITY
ACCT_SYN_000245,CUST_SYN_000245,SETTLEMENT,ACTIVE,GBP,SYN-BR-006,2024-11-16,65155.00,US,STRATEGIC
ACCT_SYN_000246,CUST_SYN_000246,CHECKING,ACTIVE,USD,SYN-BR-007,2024-11-15,73074.00,GB,STANDARD
ACCT_SYN_000247,CUST_SYN_000247,OPERATING,ACTIVE,EUR,SYN-BR-008,2024-11-14,80993.00,DE,PRIORITY
ACCT_SYN_000248,CUST_SYN_000248,SETTLEMENT,ACTIVE,GBP,SYN-BR-009,2024-11-13,88912.00,SG,STRATEGIC
ACCT_SYN_000249,CUST_SYN_000249,CHECKING,ACTIVE,USD,SYN-BR-010,2024-11-12,96831.00,US,STANDARD
ACCT_SYN_000250,CUST_SYN_000250,OPERATING,ACTIVE,EUR,SYN-BR-011,2024-11-11,104750.00,GB,PRIORITY
ACCT_SYN_000251,CUST_SYN_000251,SETTLEMENT,ACTIVE,GBP,SYN-BR-012,2024-11-10,112669.00,DE,STRATEGIC
ACCT_SYN_000252,CUST_SYN_000252,CHECKING,ACTIVE,USD,SYN-BR-013,2024-11-09,120588.00,SG,STANDARD
ACCT_SYN_000253,CUST_SYN_000253,OPERATING,ACTIVE,EUR,SYN-BR-014,2024-11-08,128507.00,US,PRIORITY
ACCT_SYN_000254,CUST_SYN_000254,SETTLEMENT,ACTIVE,GBP,SYN-BR-015,2024-11-07,136426.00,GB,STRATEGIC
ACCT_SYN_000255,CUST_SYN_000255,CHECKING,ACTIVE,USD,SYN-BR-016,2024-11-06,144345.00,DE,STANDARD
ACCT_SYN_000256,CUST_SYN_000256,OPERATING,ACTIVE,EUR,SYN-BR-017,2024-11-05,152264.00,SG,PRIORITY
ACCT_SYN_000257,CUST_SYN_000257,SETTLEMENT,ACTIVE,GBP,SYN-BR-018,2024-11-04,160183.00,US,STRATEGIC
ACCT_SYN_000258,CUST_SYN_000258,CHECKING,ACTIVE,USD,SYN-BR-019,2024-11-03,168102.00,GB,STANDARD
ACCT_SYN_000259,CUST_SYN_000259,OPERATING,ACTIVE,EUR,SYN-BR-020,2024-11-02,176021.00,DE,PRIORITY
ACCT_SYN_000260,CUST_SYN_000260,SETTLEMENT,ACTIVE,GBP,SYN-BR-001,2024-11-01,183940.00,SG,STRATEGIC
ACCT_SYN_000261,CUST_SYN_000261,CHECKING,ACTIVE,USD,SYN-BR-002,2024-10-31,191859.00,US,STANDARD
ACCT_SYN_000262,CUST_SYN_000262,OPERATING,ACTIVE,EUR,SYN-BR-003,2024-10-30,199778.00,GB,PRIORITY
ACCT_SYN_000263,CUST_SYN_000263,SETTLEMENT,ACTIVE,GBP,SYN-BR-004,2024-10-29,207697.00,DE,STRATEGIC
ACCT_SYN_000264,CUST_SYN_000264,CHECKING,ACTIVE,USD,SYN-BR-005,2024-10-28,215616.00,SG,STANDARD
ACCT_SYN_000265,CUST_SYN_000265,OPERATING,ACTIVE,EUR,SYN-BR-006,2024-10-27,223535.00,US,PRIORITY
ACCT_SYN_000266,CUST_SYN_000266,SETTLEMENT,ACTIVE,GBP,SYN-BR-007,2024-10-26,231454.00,GB,STRATEGIC
ACCT_SYN_000267,CUST_SYN_000267,CHECKING,ACTIVE,USD,SYN-BR-008,2024-10-25,239373.00,DE,STANDARD
ACCT_SYN_000268,CUST_SYN_000268,OPERATING,ACTIVE,EUR,SYN-BR-009,2024-10-24,247292.00,SG,PRIORITY
ACCT_SYN_000269,CUST_SYN_000269,SETTLEMENT,ACTIVE,GBP,SYN-BR-010,2024-10-23,255211.00,US,STRATEGIC
ACCT_SYN_000270,CUST_SYN_000270,CHECKING,ACTIVE,USD,SYN-BR-011,2024-10-22,263130.00,GB,STANDARD
ACCT_SYN_000271,CUST_SYN_000271,OPERATING,ACTIVE,EUR,SYN-BR-012,2024-10-21,271049.00,DE,PRIORITY
ACCT_SYN_000272,CUST_SYN_000272,SETTLEMENT,ACTIVE,GBP,SYN-BR-013,2024-10-20,278968.00,SG,STRATEGIC
ACCT_SYN_000273,CUST_SYN_000273,CHECKING,ACTIVE,USD,SYN-BR-014,2024-10-19,286887.00,US,STANDARD
ACCT_SYN_000274,CUST_SYN_000274,OPERATING,ACTIVE,EUR,SYN-BR-015,2024-10-18,294806.00,GB,PRIORITY
ACCT_SYN_000275,CUST_SYN_000275,SETTLEMENT,ACTIVE,GBP,SYN-BR-016,2024-10-17,302725.00,DE,STRATEGIC
ACCT_SYN_000276,CUST_SYN_000276,CHECKING,ACTIVE,USD,SYN-BR-017,2024-10-16,310644.00,SG,STANDARD
ACCT_SYN_000277,CUST_SYN_000277,OPERATING,ACTIVE,EUR,SYN-BR-018,2024-10-15,318563.00,US,PRIORITY
ACCT_SYN_000278,CUST_SYN_000278,SETTLEMENT,ACTIVE,GBP,SYN-BR-019,2024-10-14,326482.00,GB,STRATEGIC
ACCT_SYN_000279,CUST_SYN_000279,CHECKING,ACTIVE,USD,SYN-BR-020,2024-10-13,334401.00,DE,STANDARD
ACCT_SYN_000280,CUST_SYN_000280,OPERATING,ACTIVE,EUR,SYN-BR-001,2024-10-12,342320.00,SG,PRIORITY
ACCT_SYN_000281,CUST_SYN_000281,SETTLEMENT,ACTIVE,GBP,SYN-BR-002,2024-10-11,350239.00,US,STRATEGIC
ACCT_SYN_000282,CUST_SYN_000282,CHECKING,ACTIVE,USD,SYN-BR-003,2024-10-10,358158.00,GB,STANDARD
ACCT_SYN_000283,CUST_SYN_000283,OPERATING,ACTIVE,EUR,SYN-BR-004,2024-10-09,366077.00,DE,PRIORITY
ACCT_SYN_000284,CUST_SYN_000284,SETTLEMENT,ACTIVE,GBP,SYN-BR-005,2024-10-08,373996.00,SG,STRATEGIC
ACCT_SYN_000285,CUST_SYN_000285,CHECKING,ACTIVE,USD,SYN-BR-006,2024-10-07,381915.00,US,STANDARD
ACCT_SYN_000286,CUST_SYN_000286,OPERATING,ACTIVE,EUR,SYN-BR-007,2024-10-06,389834.00,GB,PRIORITY
ACCT_SYN_000287,CUST_SYN_000287,SETTLEMENT,ACTIVE,GBP,SYN-BR-008,2024-10-05,397753.00,DE,STRATEGIC
ACCT_SYN_000288,CUST_SYN_000288,CHECKING,ACTIVE,USD,SYN-BR-009,2024-10-04,405672.00,SG,STANDARD
ACCT_SYN_000289,CUST_SYN_000289,OPERATING,ACTIVE,EUR,SYN-BR-010,2024-10-03,413591.00,US,PRIORITY
ACCT_SYN_000290,CUST_SYN_000290,SETTLEMENT,ACTIVE,GBP,SYN-BR-011,2024-10-02,421510.00,GB,STRATEGIC
ACCT_SYN_000291,CUST_SYN_000291,CHECKING,ACTIVE,USD,SYN-BR-012,2024-10-01,429429.00,DE,STANDARD
ACCT_SYN_000292,CUST_SYN_000292,OPERATING,ACTIVE,EUR,SYN-BR-013,2024-09-30,437348.00,SG,PRIORITY
ACCT_SYN_000293,CUST_SYN_000293,SETTLEMENT,ACTIVE,GBP,SYN-BR-014,2024-09-29,445267.00,US,STRATEGIC
ACCT_SYN_000294,CUST_SYN_000294,CHECKING,ACTIVE,USD,SYN-BR-015,2024-09-28,453186.00,GB,STANDARD
ACCT_SYN_000295,CUST_SYN_000295,OPERATING,ACTIVE,EUR,SYN-BR-016,2024-09-27,461105.00,DE,PRIORITY
ACCT_SYN_000296,CUST_SYN_000296,SETTLEMENT,ACTIVE,GBP,SYN-BR-017,2024-09-26,469024.00,SG,STRATEGIC
ACCT_SYN_000297,CUST_SYN_000297,CHECKING,ACTIVE,USD,SYN-BR-018,2024-09-25,476943.00,US,STANDARD
ACCT_SYN_000298,CUST_SYN_000298,OPERATING,ACTIVE,EUR,SYN-BR-019,2024-09-24,484862.00,GB,PRIORITY
ACCT_SYN_000299,CUST_SYN_000299,SETTLEMENT,ACTIVE,GBP,SYN-BR-020,2024-09-23,492781.00,DE,STRATEGIC
ACCT_SYN_000300,CUST_SYN_000300,CHECKING,ACTIVE,USD,SYN-BR-001,2024-09-22,500700.00,SG,STANDARD
ACCT_SYN_000301,CUST_SYN_000301,OPERATING,ACTIVE,EUR,SYN-BR-002,2024-09-21,508619.00,US,PRIORITY
ACCT_SYN_000302,CUST_SYN_000302,SETTLEMENT,ACTIVE,GBP,SYN-BR-003,2024-09-20,516538.00,GB,STRATEGIC
ACCT_SYN_000303,CUST_SYN_000303,CHECKING,ACTIVE,USD,SYN-BR-004,2024-09-19,524457.00,DE,STANDARD
ACCT_SYN_000304,CUST_SYN_000304,OPERATING,ACTIVE,EUR,SYN-BR-005,2024-09-18,532376.00,SG,PRIORITY
ACCT_SYN_000305,CUST_SYN_000305,SETTLEMENT,ACTIVE,GBP,SYN-BR-006,2024-09-17,540295.00,US,STRATEGIC
ACCT_SYN_000306,CUST_SYN_000306,CHECKING,ACTIVE,USD,SYN-BR-007,2024-09-16,548214.00,GB,STANDARD
ACCT_SYN_000307,CUST_SYN_000307,OPERATING,ACTIVE,EUR,SYN-BR-008,2024-09-15,556133.00,DE,PRIORITY
ACCT_SYN_000308,CUST_SYN_000308,SETTLEMENT,ACTIVE,GBP,SYN-BR-009,2024-09-14,564052.00,SG,STRATEGIC
ACCT_SYN_000309,CUST_SYN_000309,CHECKING,ACTIVE,USD,SYN-BR-010,2024-09-13,571971.00,US,STANDARD
ACCT_SYN_000310,CUST_SYN_000310,OPERATING,ACTIVE,EUR,SYN-BR-011,2024-09-12,579890.00,GB,PRIORITY
ACCT_SYN_000311,CUST_SYN_000311,SETTLEMENT,ACTIVE,GBP,SYN-BR-012,2024-09-11,587809.00,DE,STRATEGIC
ACCT_SYN_000312,CUST_SYN_000312,CHECKING,ACTIVE,USD,SYN-BR-013,2024-09-10,595728.00,SG,STANDARD
ACCT_SYN_000313,CUST_SYN_000313,OPERATING,ACTIVE,EUR,SYN-BR-014,2024-09-09,603647.00,US,PRIORITY
ACCT_SYN_000314,CUST_SYN_000314,SETTLEMENT,ACTIVE,GBP,SYN-BR-015,2024-09-08,611566.00,GB,STRATEGIC
ACCT_SYN_000315,CUST_SYN_000315,CHECKING,ACTIVE,USD,SYN-BR-016,2024-09-07,619485.00,DE,STANDARD
ACCT_SYN_000316,CUST_SYN_000316,OPERATING,ACTIVE,EUR,SYN-BR-017,2024-09-06,627404.00,SG,PRIORITY
ACCT_SYN_000317,CUST_SYN_000317,SETTLEMENT,ACTIVE,GBP,SYN-BR-018,2024-09-05,635323.00,US,STRATEGIC
ACCT_SYN_000318,CUST_SYN_000318,CHECKING,ACTIVE,USD,SYN-BR-019,2024-09-04,643242.00,GB,STANDARD
ACCT_SYN_000319,CUST_SYN_000319,OPERATING,ACTIVE,EUR,SYN-BR-020,2024-09-03,651161.00,DE,PRIORITY
ACCT_SYN_000320,CUST_SYN_000320,SETTLEMENT,ACTIVE,GBP,SYN-BR-001,2024-09-02,659080.00,SG,STRATEGIC
ACCT_SYN_000321,CUST_SYN_000321,CHECKING,ACTIVE,USD,SYN-BR-002,2024-09-01,666999.00,US,STANDARD
ACCT_SYN_000322,CUST_SYN_000322,OPERATING,ACTIVE,EUR,SYN-BR-003,2024-08-31,674918.00,GB,PRIORITY
ACCT_SYN_000323,CUST_SYN_000323,SETTLEMENT,ACTIVE,GBP,SYN-BR-004,2024-08-30,682837.00,DE,STRATEGIC
ACCT_SYN_000324,CUST_SYN_000324,CHECKING,ACTIVE,USD,SYN-BR-005,2024-08-29,690756.00,SG,STANDARD
ACCT_SYN_000325,CUST_SYN_000325,OPERATING,ACTIVE,EUR,SYN-BR-006,2024-08-28,698675.00,US,PRIORITY
ACCT_SYN_000326,CUST_SYN_000326,SETTLEMENT,ACTIVE,GBP,SYN-BR-007,2024-08-27,706594.00,GB,STRATEGIC
ACCT_SYN_000327,CUST_SYN_000327,CHECKING,ACTIVE,USD,SYN-BR-008,2024-08-26,714513.00,DE,STANDARD
ACCT_SYN_000328,CUST_SYN_000328,OPERATING,ACTIVE,EUR,SYN-BR-009,2024-08-25,722432.00,SG,PRIORITY
ACCT_SYN_000329,CUST_SYN_000329,SETTLEMENT,ACTIVE,GBP,SYN-BR-010,2024-08-24,730351.00,US,STRATEGIC
ACCT_SYN_000330,CUST_SYN_000330,CHECKING,ACTIVE,USD,SYN-BR-011,2024-08-23,738270.00,GB,STANDARD
ACCT_SYN_000331,CUST_SYN_000331,OPERATING,ACTIVE,EUR,SYN-BR-012,2024-08-22,746189.00,DE,PRIORITY
ACCT_SYN_000332,CUST_SYN_000332,SETTLEMENT,ACTIVE,GBP,SYN-BR-013,2024-08-21,754108.00,SG,STRATEGIC
ACCT_SYN_000333,CUST_SYN_000333,CHECKING,ACTIVE,USD,SYN-BR-014,2024-08-20,762027.00,US,STANDARD
ACCT_SYN_000334,CUST_SYN_000334,OPERATING,ACTIVE,EUR,SYN-BR-015,2024-08-19,769946.00,GB,PRIORITY
ACCT_SYN_000335,CUST_SYN_000335,SETTLEMENT,ACTIVE,GBP,SYN-BR-016,2024-08-18,777865.00,DE,STRATEGIC
ACCT_SYN_000336,CUST_SYN_000336,CHECKING,ACTIVE,USD,SYN-BR-017,2024-08-17,785784.00,SG,STANDARD
ACCT_SYN_000337,CUST_SYN_000337,OPERATING,ACTIVE,EUR,SYN-BR-018,2024-08-16,793703.00,US,PRIORITY
ACCT_SYN_000338,CUST_SYN_000338,SETTLEMENT,ACTIVE,GBP,SYN-BR-019,2024-08-15,801622.00,GB,STRATEGIC
ACCT_SYN_000339,CUST_SYN_000339,CHECKING,ACTIVE,USD,SYN-BR-020,2024-08-14,809541.00,DE,STANDARD
ACCT_SYN_000340,CUST_SYN_000340,OPERATING,ACTIVE,EUR,SYN-BR-001,2024-08-13,817460.00,SG,PRIORITY
ACCT_SYN_000341,CUST_SYN_000341,SETTLEMENT,ACTIVE,GBP,SYN-BR-002,2024-08-12,825379.00,US,STRATEGIC
ACCT_SYN_000342,CUST_SYN_000342,CHECKING,ACTIVE,USD,SYN-BR-003,2024-08-11,833298.00,GB,STANDARD
ACCT_SYN_000343,CUST_SYN_000343,OPERATING,ACTIVE,EUR,SYN-BR-004,2024-08-10,841217.00,DE,PRIORITY
ACCT_SYN_000344,CUST_SYN_000344,SETTLEMENT,ACTIVE,GBP,SYN-BR-005,2024-08-09,849136.00,SG,STRATEGIC
ACCT_SYN_000345,CUST_SYN_000345,CHECKING,ACTIVE,USD,SYN-BR-006,2024-08-08,857055.00,US,STANDARD
ACCT_SYN_000346,CUST_SYN_000346,OPERATING,ACTIVE,EUR,SYN-BR-007,2024-08-07,864974.00,GB,PRIORITY
ACCT_SYN_000347,CUST_SYN_000347,SETTLEMENT,ACTIVE,GBP,SYN-BR-008,2024-08-06,872893.00,DE,STRATEGIC
ACCT_SYN_000348,CUST_SYN_000348,CHECKING,ACTIVE,USD,SYN-BR-009,2024-08-05,880812.00,SG,STANDARD
ACCT_SYN_000349,CUST_SYN_000349,OPERATING,ACTIVE,EUR,SYN-BR-010,2024-08-04,888731.00,US,PRIORITY
ACCT_SYN_000350,CUST_SYN_000350,SETTLEMENT,ACTIVE,GBP,SYN-BR-011,2024-08-03,896650.00,GB,STRATEGIC
ACCT_SYN_000351,CUST_SYN_000351,CHECKING,ACTIVE,USD,SYN-BR-012,2024-08-02,904569.00,DE,STANDARD
ACCT_SYN_000352,CUST_SYN_000352,OPERATING,ACTIVE,EUR,SYN-BR-013,2024-08-01,912488.00,SG,PRIORITY
ACCT_SYN_000353,CUST_SYN_000353,SETTLEMENT,ACTIVE,GBP,SYN-BR-014,2024-07-31,920407.00,US,STRATEGIC
ACCT_SYN_000354,CUST_SYN_000354,CHECKING,ACTIVE,USD,SYN-BR-015,2024-07-30,928326.00,GB,STANDARD
ACCT_SYN_000355,CUST_SYN_000355,OPERATING,ACTIVE,EUR,SYN-BR-016,2024-07-29,936245.00,DE,PRIORITY
ACCT_SYN_000356,CUST_SYN_000356,SETTLEMENT,ACTIVE,GBP,SYN-BR-017,2024-07-28,944164.00,SG,STRATEGIC
ACCT_SYN_000357,CUST_SYN_000357,CHECKING,ACTIVE,USD,SYN-BR-018,2024-07-27,952083.00,US,STANDARD
ACCT_SYN_000358,CUST_SYN_000358,OPERATING,ACTIVE,EUR,SYN-BR-019,2024-07-26,960002.00,GB,PRIORITY
ACCT_SYN_000359,CUST_SYN_000359,SETTLEMENT,ACTIVE,GBP,SYN-BR-020,2024-07-25,967921.00,DE,STRATEGIC
ACCT_SYN_000360,CUST_SYN_000360,CHECKING,ACTIVE,USD,SYN-BR-001,2024-07-24,25840.00,SG,STANDARD
ACCT_SYN_000361,CUST_SYN_000361,OPERATING,ACTIVE,EUR,SYN-BR-002,2024-07-23,33759.00,US,PRIORITY
ACCT_SYN_000362,CUST_SYN_000362,SETTLEMENT,ACTIVE,GBP,SYN-BR-003,2024-07-22,41678.00,GB,STRATEGIC
ACCT_SYN_000363,CUST_SYN_000363,CHECKING,ACTIVE,USD,SYN-BR-004,2024-07-21,49597.00,DE,STANDARD
ACCT_SYN_000364,CUST_SYN_000364,OPERATING,ACTIVE,EUR,SYN-BR-005,2024-07-20,57516.00,SG,PRIORITY
ACCT_SYN_000365,CUST_SYN_000365,SETTLEMENT,ACTIVE,GBP,SYN-BR-006,2024-07-19,65435.00,US,STRATEGIC
ACCT_SYN_000366,CUST_SYN_000366,CHECKING,ACTIVE,USD,SYN-BR-007,2024-07-18,73354.00,GB,STANDARD
ACCT_SYN_000367,CUST_SYN_000367,OPERATING,ACTIVE,EUR,SYN-BR-008,2024-07-17,81273.00,DE,PRIORITY
ACCT_SYN_000368,CUST_SYN_000368,SETTLEMENT,ACTIVE,GBP,SYN-BR-009,2024-07-16,89192.00,SG,STRATEGIC
ACCT_SYN_000369,CUST_SYN_000369,CHECKING,ACTIVE,USD,SYN-BR-010,2024-07-15,97111.00,US,STANDARD
ACCT_SYN_000370,CUST_SYN_000370,OPERATING,ACTIVE,EUR,SYN-BR-011,2024-07-14,105030.00,GB,PRIORITY
ACCT_SYN_000371,CUST_SYN_000371,SETTLEMENT,ACTIVE,GBP,SYN-BR-012,2024-07-13,112949.00,DE,STRATEGIC
ACCT_SYN_000372,CUST_SYN_000372,CHECKING,ACTIVE,USD,SYN-BR-013,2024-07-12,120868.00,SG,STANDARD
ACCT_SYN_000373,CUST_SYN_000373,OPERATING,ACTIVE,EUR,SYN-BR-014,2024-07-11,128787.00,US,PRIORITY
ACCT_SYN_000374,CUST_SYN_000374,SETTLEMENT,ACTIVE,GBP,SYN-BR-015,2024-07-10,136706.00,GB,STRATEGIC
ACCT_SYN_000375,CUST_SYN_000375,CHECKING,ACTIVE,USD,SYN-BR-016,2024-07-09,144625.00,DE,STANDARD
ACCT_SYN_000376,CUST_SYN_000376,OPERATING,ACTIVE,EUR,SYN-BR-017,2024-07-08,152544.00,SG,PRIORITY
ACCT_SYN_000377,CUST_SYN_000377,SETTLEMENT,ACTIVE,GBP,SYN-BR-018,2024-07-07,160463.00,US,STRATEGIC
ACCT_SYN_000378,CUST_SYN_000378,CHECKING,ACTIVE,USD,SYN-BR-019,2024-07-06,168382.00,GB,STANDARD
ACCT_SYN_000379,CUST_SYN_000379,OPERATING,ACTIVE,EUR,SYN-BR-020,2024-07-05,176301.00,DE,PRIORITY
ACCT_SYN_000380,CUST_SYN_000380,SETTLEMENT,ACTIVE,GBP,SYN-BR-001,2024-07-04,184220.00,SG,STRATEGIC
ACCT_SYN_000381,CUST_SYN_000381,CHECKING,ACTIVE,USD,SYN-BR-002,2024-07-03,192139.00,US,STANDARD
ACCT_SYN_000382,CUST_SYN_000382,OPERATING,ACTIVE,EUR,SYN-BR-003,2024-07-02,200058.00,GB,PRIORITY
ACCT_SYN_000383,CUST_SYN_000383,SETTLEMENT,ACTIVE,GBP,SYN-BR-004,2024-07-01,207977.00,DE,STRATEGIC
ACCT_SYN_000384,CUST_SYN_000384,CHECKING,ACTIVE,USD,SYN-BR-005,2024-06-30,215896.00,SG,STANDARD
ACCT_SYN_000385,CUST_SYN_000385,OPERATING,ACTIVE,EUR,SYN-BR-006,2024-06-29,223815.00,US,PRIORITY
ACCT_SYN_000386,CUST_SYN_000386,SETTLEMENT,ACTIVE,GBP,SYN-BR-007,2024-06-28,231734.00,GB,STRATEGIC
ACCT_SYN_000387,CUST_SYN_000387,CHECKING,ACTIVE,USD,SYN-BR-008,2024-06-27,239653.00,DE,STANDARD
ACCT_SYN_000388,CUST_SYN_000388,OPERATING,ACTIVE,EUR,SYN-BR-009,2024-06-26,247572.00,SG,PRIORITY
ACCT_SYN_000389,CUST_SYN_000389,SETTLEMENT,ACTIVE,GBP,SYN-BR-010,2024-06-25,255491.00,US,STRATEGIC
ACCT_SYN_000390,CUST_SYN_000390,CHECKING,ACTIVE,USD,SYN-BR-011,2024-06-24,263410.00,GB,STANDARD
ACCT_SYN_000391,CUST_SYN_000391,OPERATING,ACTIVE,EUR,SYN-BR-012,2024-06-23,271329.00,DE,PRIORITY
ACCT_SYN_000392,CUST_SYN_000392,SETTLEMENT,ACTIVE,GBP,SYN-BR-013,2024-06-22,279248.00,SG,STRATEGIC
ACCT_SYN_000393,CUST_SYN_000393,CHECKING,ACTIVE,USD,SYN-BR-014,2024-06-21,287167.00,US,STANDARD
ACCT_SYN_000394,CUST_SYN_000394,OPERATING,ACTIVE,EUR,SYN-BR-015,2024-06-20,295086.00,GB,PRIORITY
ACCT_SYN_000395,CUST_SYN_000395,SETTLEMENT,ACTIVE,GBP,SYN-BR-016,2024-06-19,303005.00,DE,STRATEGIC
ACCT_SYN_000396,CUST_SYN_000396,CHECKING,ACTIVE,USD,SYN-BR-017,2024-06-18,310924.00,SG,STANDARD
ACCT_SYN_000397,CUST_SYN_000397,OPERATING,ACTIVE,EUR,SYN-BR-018,2024-06-17,318843.00,US,PRIORITY
ACCT_SYN_000398,CUST_SYN_000398,SETTLEMENT,ACTIVE,GBP,SYN-BR-019,2024-06-16,326762.00,GB,STRATEGIC
ACCT_SYN_000399,CUST_SYN_000399,CHECKING,ACTIVE,USD,SYN-BR-020,2024-06-15,334681.00,DE,STANDARD
ACCT_SYN_000400,CUST_SYN_000400,OPERATING,ACTIVE,EUR,SYN-BR-001,2024-06-14,342600.00,SG,PRIORITY
ACCT_SYN_000401,CUST_SYN_000401,SETTLEMENT,ACTIVE,GBP,SYN-BR-002,2024-06-13,350519.00,US,STRATEGIC
ACCT_SYN_000402,CUST_SYN_000402,CHECKING,ACTIVE,USD,SYN-BR-003,2024-06-12,358438.00,GB,STANDARD
ACCT_SYN_000403,CUST_SYN_000403,OPERATING,ACTIVE,EUR,SYN-BR-004,2024-06-11,366357.00,DE,PRIORITY
ACCT_SYN_000404,CUST_SYN_000404,SETTLEMENT,ACTIVE,GBP,SYN-BR-005,2024-06-10,374276.00,SG,STRATEGIC
ACCT_SYN_000405,CUST_SYN_000405,CHECKING,ACTIVE,USD,SYN-BR-006,2024-06-09,382195.00,US,STANDARD
ACCT_SYN_000406,CUST_SYN_000406,OPERATING,ACTIVE,EUR,SYN-BR-007,2024-06-08,390114.00,GB,PRIORITY
ACCT_SYN_000407,CUST_SYN_000407,SETTLEMENT,ACTIVE,GBP,SYN-BR-008,2024-06-07,398033.00,DE,STRATEGIC
ACCT_SYN_000408,CUST_SYN_000408,CHECKING,ACTIVE,USD,SYN-BR-009,2024-06-06,405952.00,SG,STANDARD
ACCT_SYN_000409,CUST_SYN_000409,OPERATING,ACTIVE,EUR,SYN-BR-010,2024-06-05,413871.00,US,PRIORITY
ACCT_SYN_000410,CUST_SYN_000410,SETTLEMENT,ACTIVE,GBP,SYN-BR-011,2024-06-04,421790.00,GB,STRATEGIC
ACCT_SYN_000411,CUST_SYN_000411,CHECKING,ACTIVE,USD,SYN-BR-012,2024-06-03,429709.00,DE,STANDARD
ACCT_SYN_000412,CUST_SYN_000412,OPERATING,ACTIVE,EUR,SYN-BR-013,2024-06-02,437628.00,SG,PRIORITY
ACCT_SYN_000413,CUST_SYN_000413,SETTLEMENT,ACTIVE,GBP,SYN-BR-014,2024-06-01,445547.00,US,STRATEGIC
ACCT_SYN_000414,CUST_SYN_000414,CHECKING,ACTIVE,USD,SYN-BR-015,2024-05-31,453466.00,GB,STANDARD
ACCT_SYN_000415,CUST_SYN_000415,OPERATING,ACTIVE,EUR,SYN-BR-016,2024-05-30,461385.00,DE,PRIORITY
ACCT_SYN_000416,CUST_SYN_000416,SETTLEMENT,ACTIVE,GBP,SYN-BR-017,2024-05-29,469304.00,SG,STRATEGIC
ACCT_SYN_000417,CUST_SYN_000417,CHECKING,ACTIVE,USD,SYN-BR-018,2024-05-28,477223.00,US,STANDARD
ACCT_SYN_000418,CUST_SYN_000418,OPERATING,ACTIVE,EUR,SYN-BR-019,2024-05-27,485142.00,GB,PRIORITY
ACCT_SYN_000419,CUST_SYN_000419,SETTLEMENT,ACTIVE,GBP,SYN-BR-020,2024-05-26,493061.00,DE,STRATEGIC
ACCT_SYN_000420,CUST_SYN_000420,CHECKING,ACTIVE,USD,SYN-BR-001,2024-05-25,500980.00,SG,STANDARD
ACCT_SYN_000421,CUST_SYN_000421,OPERATING,ACTIVE,EUR,SYN-BR-002,2024-05-24,508899.00,US,PRIORITY
ACCT_SYN_000422,CUST_SYN_000422,SETTLEMENT,ACTIVE,GBP,SYN-BR-003,2024-05-23,516818.00,GB,STRATEGIC
ACCT_SYN_000423,CUST_SYN_000423,CHECKING,ACTIVE,USD,SYN-BR-004,2024-05-22,524737.00,DE,STANDARD
ACCT_SYN_000424,CUST_SYN_000424,OPERATING,ACTIVE,EUR,SYN-BR-005,2024-05-21,532656.00,SG,PRIORITY
ACCT_SYN_000425,CUST_SYN_000425,SETTLEMENT,ACTIVE,GBP,SYN-BR-006,2024-05-20,540575.00,US,STRATEGIC
ACCT_SYN_000426,CUST_SYN_000426,CHECKING,ACTIVE,USD,SYN-BR-007,2024-05-19,548494.00,GB,STANDARD
ACCT_SYN_000427,CUST_SYN_000427,OPERATING,ACTIVE,EUR,SYN-BR-008,2024-05-18,556413.00,DE,PRIORITY
ACCT_SYN_000428,CUST_SYN_000428,SETTLEMENT,ACTIVE,GBP,SYN-BR-009,2024-05-17,564332.00,SG,STRATEGIC
ACCT_SYN_000429,CUST_SYN_000429,CHECKING,ACTIVE,USD,SYN-BR-010,2024-05-16,572251.00,US,STANDARD
ACCT_SYN_000430,CUST_SYN_000430,OPERATING,ACTIVE,EUR,SYN-BR-011,2024-05-15,580170.00,GB,PRIORITY
ACCT_SYN_000431,CUST_SYN_000431,SETTLEMENT,ACTIVE,GBP,SYN-BR-012,2024-05-14,588089.00,DE,STRATEGIC
ACCT_SYN_000432,CUST_SYN_000432,CHECKING,ACTIVE,USD,SYN-BR-013,2024-05-13,596008.00,SG,STANDARD
ACCT_SYN_000433,CUST_SYN_000433,OPERATING,ACTIVE,EUR,SYN-BR-014,2024-05-12,603927.00,US,PRIORITY
ACCT_SYN_000434,CUST_SYN_000434,SETTLEMENT,ACTIVE,GBP,SYN-BR-015,2024-05-11,611846.00,GB,STRATEGIC
ACCT_SYN_000435,CUST_SYN_000435,CHECKING,ACTIVE,USD,SYN-BR-016,2024-05-10,619765.00,DE,STANDARD
ACCT_SYN_000436,CUST_SYN_000436,OPERATING,ACTIVE,EUR,SYN-BR-017,2024-05-09,627684.00,SG,PRIORITY
ACCT_SYN_000437,CUST_SYN_000437,SETTLEMENT,ACTIVE,GBP,SYN-BR-018,2024-05-08,635603.00,US,STRATEGIC
ACCT_SYN_000438,CUST_SYN_000438,CHECKING,ACTIVE,USD,SYN-BR-019,2024-05-07,643522.00,GB,STANDARD
ACCT_SYN_000439,CUST_SYN_000439,OPERATING,ACTIVE,EUR,SYN-BR-020,2024-05-06,651441.00,DE,PRIORITY
ACCT_SYN_000440,CUST_SYN_000440,SETTLEMENT,ACTIVE,GBP,SYN-BR-001,2024-05-05,659360.00,SG,STRATEGIC
ACCT_SYN_000441,CUST_SYN_000441,CHECKING,ACTIVE,USD,SYN-BR-002,2024-05-04,667279.00,US,STANDARD
ACCT_SYN_000442,CUST_SYN_000442,OPERATING,ACTIVE,EUR,SYN-BR-003,2024-05-03,675198.00,GB,PRIORITY
ACCT_SYN_000443,CUST_SYN_000443,SETTLEMENT,ACTIVE,GBP,SYN-BR-004,2024-05-02,683117.00,DE,STRATEGIC
ACCT_SYN_000444,CUST_SYN_000444,CHECKING,ACTIVE,USD,SYN-BR-005,2024-05-01,691036.00,SG,STANDARD
ACCT_SYN_000445,CUST_SYN_000445,OPERATING,ACTIVE,EUR,SYN-BR-006,2024-04-30,698955.00,US,PRIORITY
ACCT_SYN_000446,CUST_SYN_000446,SETTLEMENT,ACTIVE,GBP,SYN-BR-007,2024-04-29,706874.00,GB,STRATEGIC
ACCT_SYN_000447,CUST_SYN_000447,CHECKING,ACTIVE,USD,SYN-BR-008,2024-04-28,714793.00,DE,STANDARD
ACCT_SYN_000448,CUST_SYN_000448,OPERATING,ACTIVE,EUR,SYN-BR-009,2024-04-27,722712.00,SG,PRIORITY
ACCT_SYN_000449,CUST_SYN_000449,SETTLEMENT,ACTIVE,GBP,SYN-BR-010,2024-04-26,730631.00,US,STRATEGIC
ACCT_SYN_000450,CUST_SYN_000450,CHECKING,ACTIVE,USD,SYN-BR-011,2024-04-25,738550.00,GB,STANDARD
ACCT_SYN_000451,CUST_SYN_000451,OPERATING,ACTIVE,EUR,SYN-BR-012,2024-04-24,746469.00,DE,PRIORITY
ACCT_SYN_000452,CUST_SYN_000452,SETTLEMENT,ACTIVE,GBP,SYN-BR-013,2024-04-23,754388.00,SG,STRATEGIC
ACCT_SYN_000453,CUST_SYN_000453,CHECKING,ACTIVE,USD,SYN-BR-014,2024-04-22,762307.00,US,STANDARD
ACCT_SYN_000454,CUST_SYN_000454,OPERATING,ACTIVE,EUR,SYN-BR-015,2024-04-21,770226.00,GB,PRIORITY
ACCT_SYN_000455,CUST_SYN_000455,SETTLEMENT,ACTIVE,GBP,SYN-BR-016,2024-04-20,778145.00,DE,STRATEGIC
ACCT_SYN_000456,CUST_SYN_000456,CHECKING,ACTIVE,USD,SYN-BR-017,2024-04-19,786064.00,SG,STANDARD
ACCT_SYN_000457,CUST_SYN_000457,OPERATING,ACTIVE,EUR,SYN-BR-018,2024-04-18,793983.00,US,PRIORITY
ACCT_SYN_000458,CUST_SYN_000458,SETTLEMENT,ACTIVE,GBP,SYN-BR-019,2024-04-17,801902.00,GB,STRATEGIC
ACCT_SYN_000459,CUST_SYN_000459,CHECKING,ACTIVE,USD,SYN-BR-020,2024-04-16,809821.00,DE,STANDARD
ACCT_SYN_000460,CUST_SYN_000460,OPERATING,ACTIVE,EUR,SYN-BR-001,2024-04-15,817740.00,SG,PRIORITY
ACCT_SYN_000461,CUST_SYN_000461,SETTLEMENT,ACTIVE,GBP,SYN-BR-002,2024-04-14,825659.00,US,STRATEGIC
ACCT_SYN_000462,CUST_SYN_000462,CHECKING,ACTIVE,USD,SYN-BR-003,2024-04-13,833578.00,GB,STANDARD
ACCT_SYN_000463,CUST_SYN_000463,OPERATING,ACTIVE,EUR,SYN-BR-004,2024-04-12,841497.00,DE,PRIORITY
ACCT_SYN_000464,CUST_SYN_000464,SETTLEMENT,ACTIVE,GBP,SYN-BR-005,2024-04-11,849416.00,SG,STRATEGIC
ACCT_SYN_000465,CUST_SYN_000465,CHECKING,ACTIVE,USD,SYN-BR-006,2024-04-10,857335.00,US,STANDARD
ACCT_SYN_000466,CUST_SYN_000466,OPERATING,ACTIVE,EUR,SYN-BR-007,2024-04-09,865254.00,GB,PRIORITY
ACCT_SYN_000467,CUST_SYN_000467,SETTLEMENT,ACTIVE,GBP,SYN-BR-008,2024-04-08,873173.00,DE,STRATEGIC
ACCT_SYN_000468,CUST_SYN_000468,CHECKING,ACTIVE,USD,SYN-BR-009,2024-04-07,881092.00,SG,STANDARD
ACCT_SYN_000469,CUST_SYN_000469,OPERATING,ACTIVE,EUR,SYN-BR-010,2024-04-06,889011.00,US,PRIORITY
ACCT_SYN_000470,CUST_SYN_000470,SETTLEMENT,ACTIVE,GBP,SYN-BR-011,2024-04-05,896930.00,GB,STRATEGIC
ACCT_SYN_000471,CUST_SYN_000471,CHECKING,ACTIVE,USD,SYN-BR-012,2024-04-04,904849.00,DE,STANDARD
ACCT_SYN_000472,CUST_SYN_000472,OPERATING,ACTIVE,EUR,SYN-BR-013,2024-04-03,912768.00,SG,PRIORITY
ACCT_SYN_000473,CUST_SYN_000473,SETTLEMENT,ACTIVE,GBP,SYN-BR-014,2024-04-02,920687.00,US,STRATEGIC
ACCT_SYN_000474,CUST_SYN_000474,CHECKING,ACTIVE,USD,SYN-BR-015,2024-04-01,928606.00,GB,STANDARD
ACCT_SYN_000475,CUST_SYN_000475,OPERATING,ACTIVE,EUR,SYN-BR-016,2024-03-31,936525.00,DE,PRIORITY
ACCT_SYN_000476,CUST_SYN_000476,SETTLEMENT,ACTIVE,GBP,SYN-BR-017,2024-03-30,944444.00,SG,STRATEGIC
ACCT_SYN_000477,CUST_SYN_000477,CHECKING,ACTIVE,USD,SYN-BR-018,2024-03-29,952363.00,US,STANDARD
ACCT_SYN_000478,CUST_SYN_000478,OPERATING,ACTIVE,EUR,SYN-BR-019,2024-03-28,960282.00,GB,PRIORITY
ACCT_SYN_000479,CUST_SYN_000479,SETTLEMENT,ACTIVE,GBP,SYN-BR-020,2024-03-27,968201.00,DE,STRATEGIC
ACCT_SYN_000480,CUST_SYN_000480,CHECKING,ACTIVE,USD,SYN-BR-001,2024-03-26,26120.00,SG,STANDARD
ACCT_SYN_000481,CUST_SYN_000481,OPERATING,ACTIVE,EUR,SYN-BR-002,2024-03-25,34039.00,US,PRIORITY
ACCT_SYN_000482,CUST_SYN_000482,SETTLEMENT,ACTIVE,GBP,SYN-BR-003,2024-03-24,41958.00,GB,STRATEGIC
ACCT_SYN_000483,CUST_SYN_000483,CHECKING,ACTIVE,USD,SYN-BR-004,2024-03-23,49877.00,DE,STANDARD
ACCT_SYN_000484,CUST_SYN_000484,OPERATING,ACTIVE,EUR,SYN-BR-005,2024-03-22,57796.00,SG,PRIORITY
ACCT_SYN_000485,CUST_SYN_000485,SETTLEMENT,ACTIVE,GBP,SYN-BR-006,2024-03-21,65715.00,US,STRATEGIC
ACCT_SYN_000486,CUST_SYN_000486,CHECKING,ACTIVE,USD,SYN-BR-007,2024-03-20,73634.00,GB,STANDARD
ACCT_SYN_000487,CUST_SYN_000487,OPERATING,ACTIVE,EUR,SYN-BR-008,2024-03-19,81553.00,DE,PRIORITY
ACCT_SYN_000488,CUST_SYN_000488,SETTLEMENT,ACTIVE,GBP,SYN-BR-009,2024-03-18,89472.00,SG,STRATEGIC
ACCT_SYN_000489,CUST_SYN_000489,CHECKING,ACTIVE,USD,SYN-BR-010,2024-03-17,97391.00,US,STANDARD
ACCT_SYN_000490,CUST_SYN_000490,OPERATING,ACTIVE,EUR,SYN-BR-011,2024-03-16,105310.00,GB,PRIORITY
ACCT_SYN_000491,CUST_SYN_000491,SETTLEMENT,ACTIVE,GBP,SYN-BR-012,2024-03-15,113229.00,DE,STRATEGIC
ACCT_SYN_000492,CUST_SYN_000492,CHECKING,ACTIVE,USD,SYN-BR-013,2024-03-14,121148.00,SG,STANDARD
ACCT_SYN_000493,CUST_SYN_000493,OPERATING,ACTIVE,EUR,SYN-BR-014,2024-03-13,129067.00,US,PRIORITY
ACCT_SYN_000494,CUST_SYN_000494,SETTLEMENT,ACTIVE,GBP,SYN-BR-015,2024-03-12,136986.00,GB,STRATEGIC
ACCT_SYN_000495,CUST_SYN_000495,CHECKING,ACTIVE,USD,SYN-BR-016,2024-03-11,144905.00,DE,STANDARD
ACCT_SYN_000496,CUST_SYN_000496,OPERATING,ACTIVE,EUR,SYN-BR-017,2024-03-10,152824.00,SG,PRIORITY
ACCT_SYN_000497,CUST_SYN_000497,SETTLEMENT,ACTIVE,GBP,SYN-BR-018,2024-03-09,160743.00,US,STRATEGIC
ACCT_SYN_000498,CUST_SYN_000498,CHECKING,ACTIVE,USD,SYN-BR-019,2024-03-08,168662.00,GB,STANDARD
ACCT_SYN_000499,CUST_SYN_000499,OPERATING,ACTIVE,EUR,SYN-BR-020,2024-03-07,176581.00,DE,PRIORITY
ACCT_SYN_000500,CUST_SYN_000500,SETTLEMENT,ACTIVE,GBP,SYN-BR-001,2024-03-06,184500.00,SG,STRATEGIC
ACCT_SYN_000501,CUST_SYN_000501,CHECKING,ACTIVE,USD,SYN-BR-002,2024-03-05,192419.00,US,STANDARD
ACCT_SYN_000502,CUST_SYN_000502,OPERATING,ACTIVE,EUR,SYN-BR-003,2024-03-04,200338.00,GB,PRIORITY
ACCT_SYN_000503,CUST_SYN_000503,SETTLEMENT,ACTIVE,GBP,SYN-BR-004,2024-03-03,208257.00,DE,STRATEGIC
ACCT_SYN_000504,CUST_SYN_000504,CHECKING,ACTIVE,USD,SYN-BR-005,2024-03-02,216176.00,SG,STANDARD
ACCT_SYN_000505,CUST_SYN_000505,OPERATING,ACTIVE,EUR,SYN-BR-006,2024-03-01,224095.00,US,PRIORITY
ACCT_SYN_000506,CUST_SYN_000506,SETTLEMENT,ACTIVE,GBP,SYN-BR-007,2024-02-29,232014.00,GB,STRATEGIC
ACCT_SYN_000507,CUST_SYN_000507,CHECKING,ACTIVE,USD,SYN-BR-008,2024-02-28,239933.00,DE,STANDARD
ACCT_SYN_000508,CUST_SYN_000508,OPERATING,ACTIVE,EUR,SYN-BR-009,2024-02-27,247852.00,SG,PRIORITY
ACCT_SYN_000509,CUST_SYN_000509,SETTLEMENT,ACTIVE,GBP,SYN-BR-010,2024-02-26,255771.00,US,STRATEGIC
ACCT_SYN_000510,CUST_SYN_000510,CHECKING,ACTIVE,USD,SYN-BR-011,2024-02-25,263690.00,GB,STANDARD
ACCT_SYN_000511,CUST_SYN_000511,OPERATING,ACTIVE,EUR,SYN-BR-012,2024-02-24,271609.00,DE,PRIORITY
ACCT_SYN_000512,CUST_SYN_000512,SETTLEMENT,ACTIVE,GBP,SYN-BR-013,2024-02-23,279528.00,SG,STRATEGIC
ACCT_SYN_000513,CUST_SYN_000513,CHECKING,ACTIVE,USD,SYN-BR-014,2024-02-22,287447.00,US,STANDARD
ACCT_SYN_000514,CUST_SYN_000514,OPERATING,ACTIVE,EUR,SYN-BR-015,2024-02-21,295366.00,GB,PRIORITY
ACCT_SYN_000515,CUST_SYN_000515,SETTLEMENT,ACTIVE,GBP,SYN-BR-016,2024-02-20,303285.00,DE,STRATEGIC
ACCT_SYN_000516,CUST_SYN_000516,CHECKING,ACTIVE,USD,SYN-BR-017,2024-02-19,311204.00,SG,STANDARD
ACCT_SYN_000517,CUST_SYN_000517,OPERATING,ACTIVE,EUR,SYN-BR-018,2024-02-18,319123.00,US,PRIORITY
ACCT_SYN_000518,CUST_SYN_000518,SETTLEMENT,ACTIVE,GBP,SYN-BR-019,2024-02-17,327042.00,GB,STRATEGIC
ACCT_SYN_000519,CUST_SYN_000519,CHECKING,ACTIVE,USD,SYN-BR-020,2024-02-16,334961.00,DE,STANDARD
ACCT_SYN_000520,CUST_SYN_000520,OPERATING,ACTIVE,EUR,SYN-BR-001,2024-02-15,342880.00,SG,PRIORITY
ACCT_SYN_000521,CUST_SYN_000521,SETTLEMENT,ACTIVE,GBP,SYN-BR-002,2024-02-14,350799.00,US,STRATEGIC
ACCT_SYN_000522,CUST_SYN_000522,CHECKING,ACTIVE,USD,SYN-BR-003,2024-02-13,358718.00,GB,STANDARD
ACCT_SYN_000523,CUST_SYN_000523,OPERATING,ACTIVE,EUR,SYN-BR-004,2024-02-12,366637.00,DE,PRIORITY
ACCT_SYN_000524,CUST_SYN_000524,SETTLEMENT,ACTIVE,GBP,SYN-BR-005,2024-02-11,374556.00,SG,STRATEGIC
ACCT_SYN_000525,CUST_SYN_000525,CHECKING,ACTIVE,USD,SYN-BR-006,2024-02-10,382475.00,US,STANDARD
ACCT_SYN_000526,CUST_SYN_000526,OPERATING,ACTIVE,EUR,SYN-BR-007,2024-02-09,390394.00,GB,PRIORITY
ACCT_SYN_000527,CUST_SYN_000527,SETTLEMENT,ACTIVE,GBP,SYN-BR-008,2024-02-08,398313.00,DE,STRATEGIC
ACCT_SYN_000528,CUST_SYN_000528,CHECKING,ACTIVE,USD,SYN-BR-009,2024-02-07,406232.00,SG,STANDARD
ACCT_SYN_000529,CUST_SYN_000529,OPERATING,ACTIVE,EUR,SYN-BR-010,2024-02-06,414151.00,US,PRIORITY
ACCT_SYN_000530,CUST_SYN_000530,SETTLEMENT,ACTIVE,GBP,SYN-BR-011,2024-02-05,422070.00,GB,STRATEGIC
ACCT_SYN_000531,CUST_SYN_000531,CHECKING,ACTIVE,USD,SYN-BR-012,2024-02-04,429989.00,DE,STANDARD
ACCT_SYN_000532,CUST_SYN_000532,OPERATING,ACTIVE,EUR,SYN-BR-013,2024-02-03,437908.00,SG,PRIORITY
ACCT_SYN_000533,CUST_SYN_000533,SETTLEMENT,ACTIVE,GBP,SYN-BR-014,2024-02-02,445827.00,US,STRATEGIC
ACCT_SYN_000534,CUST_SYN_000534,CHECKING,ACTIVE,USD,SYN-BR-015,2024-02-01,453746.00,GB,STANDARD
ACCT_SYN_000535,CUST_SYN_000535,OPERATING,ACTIVE,EUR,SYN-BR-016,2024-01-31,461665.00,DE,PRIORITY
ACCT_SYN_000536,CUST_SYN_000536,SETTLEMENT,ACTIVE,GBP,SYN-BR-017,2024-01-30,469584.00,SG,STRATEGIC
ACCT_SYN_000537,CUST_SYN_000537,CHECKING,ACTIVE,USD,SYN-BR-018,2024-01-29,477503.00,US,STANDARD
ACCT_SYN_000538,CUST_SYN_000538,OPERATING,ACTIVE,EUR,SYN-BR-019,2024-01-28,485422.00,GB,PRIORITY
ACCT_SYN_000539,CUST_SYN_000539,SETTLEMENT,ACTIVE,GBP,SYN-BR-020,2024-01-27,493341.00,DE,STRATEGIC
ACCT_SYN_000540,CUST_SYN_000540,CHECKING,ACTIVE,USD,SYN-BR-001,2024-01-26,501260.00,SG,STANDARD
ACCT_SYN_000541,CUST_SYN_000541,OPERATING,ACTIVE,EUR,SYN-BR-002,2024-01-25,509179.00,US,PRIORITY
ACCT_SYN_000542,CUST_SYN_000542,SETTLEMENT,ACTIVE,GBP,SYN-BR-003,2024-01-24,517098.00,GB,STRATEGIC
ACCT_SYN_000543,CUST_SYN_000543,CHECKING,ACTIVE,USD,SYN-BR-004,2024-01-23,525017.00,DE,STANDARD
ACCT_SYN_000544,CUST_SYN_000544,OPERATING,ACTIVE,EUR,SYN-BR-005,2024-01-22,532936.00,SG,PRIORITY
ACCT_SYN_000545,CUST_SYN_000545,SETTLEMENT,ACTIVE,GBP,SYN-BR-006,2024-01-21,540855.00,US,STRATEGIC
ACCT_SYN_000546,CUST_SYN_000546,CHECKING,ACTIVE,USD,SYN-BR-007,2024-01-20,548774.00,GB,STANDARD
ACCT_SYN_000547,CUST_SYN_000547,OPERATING,ACTIVE,EUR,SYN-BR-008,2024-01-19,556693.00,DE,PRIORITY
ACCT_SYN_000548,CUST_SYN_000548,SETTLEMENT,ACTIVE,GBP,SYN-BR-009,2024-01-18,564612.00,SG,STRATEGIC
ACCT_SYN_000549,CUST_SYN_000549,CHECKING,ACTIVE,USD,SYN-BR-010,2024-01-17,572531.00,US,STANDARD
ACCT_SYN_000550,CUST_SYN_000550,OPERATING,ACTIVE,EUR,SYN-BR-011,2024-01-16,580450.00,GB,PRIORITY
ACCT_SYN_000551,CUST_SYN_000551,SETTLEMENT,ACTIVE,GBP,SYN-BR-012,2024-01-15,588369.00,DE,STRATEGIC
ACCT_SYN_000552,CUST_SYN_000552,CHECKING,ACTIVE,USD,SYN-BR-013,2024-01-14,596288.00,SG,STANDARD
ACCT_SYN_000553,CUST_SYN_000553,OPERATING,ACTIVE,EUR,SYN-BR-014,2024-01-13,604207.00,US,PRIORITY
ACCT_SYN_000554,CUST_SYN_000554,SETTLEMENT,ACTIVE,GBP,SYN-BR-015,2024-01-12,612126.00,GB,STRATEGIC
ACCT_SYN_000555,CUST_SYN_000555,CHECKING,ACTIVE,USD,SYN-BR-016,2024-01-11,620045.00,DE,STANDARD
ACCT_SYN_000556,CUST_SYN_000556,OPERATING,ACTIVE,EUR,SYN-BR-017,2024-01-10,627964.00,SG,PRIORITY
ACCT_SYN_000557,CUST_SYN_000557,SETTLEMENT,ACTIVE,GBP,SYN-BR-018,2024-01-09,635883.00,US,STRATEGIC
ACCT_SYN_000558,CUST_SYN_000558,CHECKING,ACTIVE,USD,SYN-BR-019,2024-01-08,643802.00,GB,STANDARD
ACCT_SYN_000559,CUST_SYN_000559,OPERATING,ACTIVE,EUR,SYN-BR-020,2024-01-07,651721.00,DE,PRIORITY
ACCT_SYN_000560,CUST_SYN_000560,SETTLEMENT,ACTIVE,GBP,SYN-BR-001,2024-01-06,659640.00,SG,STRATEGIC
ACCT_SYN_000561,CUST_SYN_000561,CHECKING,ACTIVE,USD,SYN-BR-002,2024-01-05,667559.00,US,STANDARD
ACCT_SYN_000562,CUST_SYN_000562,OPERATING,ACTIVE,EUR,SYN-BR-003,2024-01-04,675478.00,GB,PRIORITY
ACCT_SYN_000563,CUST_SYN_000563,SETTLEMENT,ACTIVE,GBP,SYN-BR-004,2024-01-03,683397.00,DE,STRATEGIC
ACCT_SYN_000564,CUST_SYN_000564,CHECKING,ACTIVE,USD,SYN-BR-005,2024-01-02,691316.00,SG,STANDARD
ACCT_SYN_000565,CUST_SYN_000565,OPERATING,ACTIVE,EUR,SYN-BR-006,2024-01-01,699235.00,US,PRIORITY
ACCT_SYN_000566,CUST_SYN_000566,SETTLEMENT,ACTIVE,GBP,SYN-BR-007,2023-12-31,707154.00,GB,STRATEGIC
ACCT_SYN_000567,CUST_SYN_000567,CHECKING,ACTIVE,USD,SYN-BR-008,2023-12-30,715073.00,DE,STANDARD
ACCT_SYN_000568,CUST_SYN_000568,OPERATING,ACTIVE,EUR,SYN-BR-009,2023-12-29,722992.00,SG,PRIORITY
ACCT_SYN_000569,CUST_SYN_000569,SETTLEMENT,ACTIVE,GBP,SYN-BR-010,2023-12-28,730911.00,US,STRATEGIC
ACCT_SYN_000570,CUST_SYN_000570,CHECKING,ACTIVE,USD,SYN-BR-011,2023-12-27,738830.00,GB,STANDARD
ACCT_SYN_000571,CUST_SYN_000571,OPERATING,ACTIVE,EUR,SYN-BR-012,2023-12-26,746749.00,DE,PRIORITY
ACCT_SYN_000572,CUST_SYN_000572,SETTLEMENT,ACTIVE,GBP,SYN-BR-013,2023-12-25,754668.00,SG,STRATEGIC
ACCT_SYN_000573,CUST_SYN_000573,CHECKING,ACTIVE,USD,SYN-BR-014,2023-12-24,762587.00,US,STANDARD
ACCT_SYN_000574,CUST_SYN_000574,OPERATING,ACTIVE,EUR,SYN-BR-015,2023-12-23,770506.00,GB,PRIORITY
ACCT_SYN_000575,CUST_SYN_000575,SETTLEMENT,ACTIVE,GBP,SYN-BR-016,2023-12-22,778425.00,DE,STRATEGIC
ACCT_SYN_000576,CUST_SYN_000576,CHECKING,ACTIVE,USD,SYN-BR-017,2023-12-21,786344.00,SG,STANDARD
ACCT_SYN_000577,CUST_SYN_000577,OPERATING,ACTIVE,EUR,SYN-BR-018,2023-12-20,794263.00,US,PRIORITY
ACCT_SYN_000578,CUST_SYN_000578,SETTLEMENT,ACTIVE,GBP,SYN-BR-019,2023-12-19,802182.00,GB,STRATEGIC
ACCT_SYN_000579,CUST_SYN_000579,CHECKING,ACTIVE,USD,SYN-BR-020,2023-12-18,810101.00,DE,STANDARD
ACCT_SYN_000580,CUST_SYN_000580,OPERATING,ACTIVE,EUR,SYN-BR-001,2023-12-17,818020.00,SG,PRIORITY
ACCT_SYN_000581,CUST_SYN_000581,SETTLEMENT,ACTIVE,GBP,SYN-BR-002,2023-12-16,825939.00,US,STRATEGIC
ACCT_SYN_000582,CUST_SYN_000582,CHECKING,ACTIVE,USD,SYN-BR-003,2023-12-15,833858.00,GB,STANDARD
ACCT_SYN_000583,CUST_SYN_000583,OPERATING,ACTIVE,EUR,SYN-BR-004,2023-12-14,841777.00,DE,PRIORITY
ACCT_SYN_000584,CUST_SYN_000584,SETTLEMENT,ACTIVE,GBP,SYN-BR-005,2023-12-13,849696.00,SG,STRATEGIC
ACCT_SYN_000585,CUST_SYN_000585,CHECKING,ACTIVE,USD,SYN-BR-006,2023-12-12,857615.00,US,STANDARD
ACCT_SYN_000586,CUST_SYN_000586,OPERATING,ACTIVE,EUR,SYN-BR-007,2023-12-11,865534.00,GB,PRIORITY
ACCT_SYN_000587,CUST_SYN_000587,SETTLEMENT,ACTIVE,GBP,SYN-BR-008,2023-12-10,873453.00,DE,STRATEGIC
ACCT_SYN_000588,CUST_SYN_000588,CHECKING,ACTIVE,USD,SYN-BR-009,2023-12-09,881372.00,SG,STANDARD
ACCT_SYN_000589,CUST_SYN_000589,OPERATING,ACTIVE,EUR,SYN-BR-010,2023-12-08,889291.00,US,PRIORITY
ACCT_SYN_000590,CUST_SYN_000590,SETTLEMENT,ACTIVE,GBP,SYN-BR-011,2023-12-07,897210.00,GB,STRATEGIC
ACCT_SYN_000591,CUST_SYN_000591,CHECKING,ACTIVE,USD,SYN-BR-012,2023-12-06,905129.00,DE,STANDARD
ACCT_SYN_000592,CUST_SYN_000592,OPERATING,ACTIVE,EUR,SYN-BR-013,2023-12-05,913048.00,SG,PRIORITY
ACCT_SYN_000593,CUST_SYN_000593,SETTLEMENT,ACTIVE,GBP,SYN-BR-014,2023-12-04,920967.00,US,STRATEGIC
ACCT_SYN_000594,CUST_SYN_000594,CHECKING,ACTIVE,USD,SYN-BR-015,2023-12-03,928886.00,GB,STANDARD
ACCT_SYN_000595,CUST_SYN_000595,OPERATING,ACTIVE,EUR,SYN-BR-016,2023-12-02,936805.00,DE,PRIORITY
ACCT_SYN_000596,CUST_SYN_000596,SETTLEMENT,ACTIVE,GBP,SYN-BR-017,2023-12-01,944724.00,SG,STRATEGIC
ACCT_SYN_000597,CUST_SYN_000597,CHECKING,ACTIVE,USD,SYN-BR-018,2023-11-30,952643.00,US,STANDARD
ACCT_SYN_000598,CUST_SYN_000598,OPERATING,ACTIVE,EUR,SYN-BR-019,2023-11-29,960562.00,GB,PRIORITY
ACCT_SYN_000599,CUST_SYN_000599,SETTLEMENT,ACTIVE,GBP,SYN-BR-020,2023-11-28,968481.00,DE,STRATEGIC
ACCT_SYN_000600,CUST_SYN_000600,CHECKING,ACTIVE,USD,SYN-BR-001,2023-11-27,26400.00,SG,STANDARD
ACCT_SYN_000601,CUST_SYN_000601,OPERATING,ACTIVE,EUR,SYN-BR-002,2023-11-26,34319.00,US,PRIORITY
ACCT_SYN_000602,CUST_SYN_000602,SETTLEMENT,ACTIVE,GBP,SYN-BR-003,2023-11-25,42238.00,GB,STRATEGIC
ACCT_SYN_000603,CUST_SYN_000603,CHECKING,ACTIVE,USD,SYN-BR-004,2023-11-24,50157.00,DE,STANDARD
ACCT_SYN_000604,CUST_SYN_000604,OPERATING,ACTIVE,EUR,SYN-BR-005,2023-11-23,58076.00,SG,PRIORITY
ACCT_SYN_000605,CUST_SYN_000605,SETTLEMENT,ACTIVE,GBP,SYN-BR-006,2023-11-22,65995.00,US,STRATEGIC
ACCT_SYN_000606,CUST_SYN_000606,CHECKING,ACTIVE,USD,SYN-BR-007,2023-11-21,73914.00,GB,STANDARD
ACCT_SYN_000607,CUST_SYN_000607,OPERATING,ACTIVE,EUR,SYN-BR-008,2023-11-20,81833.00,DE,PRIORITY
ACCT_SYN_000608,CUST_SYN_000608,SETTLEMENT,ACTIVE,GBP,SYN-BR-009,2023-11-19,89752.00,SG,STRATEGIC
ACCT_SYN_000609,CUST_SYN_000609,CHECKING,ACTIVE,USD,SYN-BR-010,2023-11-18,97671.00,US,STANDARD
ACCT_SYN_000610,CUST_SYN_000610,OPERATING,ACTIVE,EUR,SYN-BR-011,2023-11-17,105590.00,GB,PRIORITY
ACCT_SYN_000611,CUST_SYN_000611,SETTLEMENT,ACTIVE,GBP,SYN-BR-012,2023-11-16,113509.00,DE,STRATEGIC
ACCT_SYN_000612,CUST_SYN_000612,CHECKING,ACTIVE,USD,SYN-BR-013,2023-11-15,121428.00,SG,STANDARD
ACCT_SYN_000613,CUST_SYN_000613,OPERATING,ACTIVE,EUR,SYN-BR-014,2023-11-14,129347.00,US,PRIORITY
ACCT_SYN_000614,CUST_SYN_000614,SETTLEMENT,ACTIVE,GBP,SYN-BR-015,2023-11-13,137266.00,GB,STRATEGIC
ACCT_SYN_000615,CUST_SYN_000615,CHECKING,ACTIVE,USD,SYN-BR-016,2023-11-12,145185.00,DE,STANDARD
ACCT_SYN_000616,CUST_SYN_000616,OPERATING,ACTIVE,EUR,SYN-BR-017,2023-11-11,153104.00,SG,PRIORITY
ACCT_SYN_000617,CUST_SYN_000617,SETTLEMENT,ACTIVE,GBP,SYN-BR-018,2023-11-10,161023.00,US,STRATEGIC
ACCT_SYN_000618,CUST_SYN_000618,CHECKING,ACTIVE,USD,SYN-BR-019,2023-11-09,168942.00,GB,STANDARD
ACCT_SYN_000619,CUST_SYN_000619,OPERATING,ACTIVE,EUR,SYN-BR-020,2023-11-08,176861.00,DE,PRIORITY
ACCT_SYN_000620,CUST_SYN_000620,SETTLEMENT,ACTIVE,GBP,SYN-BR-001,2023-11-07,184780.00,SG,STRATEGIC
ACCT_SYN_000621,CUST_SYN_000621,CHECKING,ACTIVE,USD,SYN-BR-002,2023-11-06,192699.00,US,STANDARD
ACCT_SYN_000622,CUST_SYN_000622,OPERATING,ACTIVE,EUR,SYN-BR-003,2023-11-05,200618.00,GB,PRIORITY
ACCT_SYN_000623,CUST_SYN_000623,SETTLEMENT,ACTIVE,GBP,SYN-BR-004,2023-11-04,208537.00,DE,STRATEGIC
ACCT_SYN_000624,CUST_SYN_000624,CHECKING,ACTIVE,USD,SYN-BR-005,2023-11-03,216456.00,SG,STANDARD
ACCT_SYN_000625,CUST_SYN_000625,OPERATING,ACTIVE,EUR,SYN-BR-006,2023-11-02,224375.00,US,PRIORITY
ACCT_SYN_000626,CUST_SYN_000626,SETTLEMENT,ACTIVE,GBP,SYN-BR-007,2023-11-01,232294.00,GB,STRATEGIC
ACCT_SYN_000627,CUST_SYN_000627,CHECKING,ACTIVE,USD,SYN-BR-008,2023-10-31,240213.00,DE,STANDARD
ACCT_SYN_000628,CUST_SYN_000628,OPERATING,ACTIVE,EUR,SYN-BR-009,2023-10-30,248132.00,SG,PRIORITY
ACCT_SYN_000629,CUST_SYN_000629,SETTLEMENT,ACTIVE,GBP,SYN-BR-010,2023-10-29,256051.00,US,STRATEGIC
ACCT_SYN_000630,CUST_SYN_000630,CHECKING,ACTIVE,USD,SYN-BR-011,2023-10-28,263970.00,GB,STANDARD
ACCT_SYN_000631,CUST_SYN_000631,OPERATING,ACTIVE,EUR,SYN-BR-012,2023-10-27,271889.00,DE,PRIORITY
ACCT_SYN_000632,CUST_SYN_000632,SETTLEMENT,ACTIVE,GBP,SYN-BR-013,2023-10-26,279808.00,SG,STRATEGIC
ACCT_SYN_000633,CUST_SYN_000633,CHECKING,ACTIVE,USD,SYN-BR-014,2023-10-25,287727.00,US,STANDARD
ACCT_SYN_000634,CUST_SYN_000634,OPERATING,ACTIVE,EUR,SYN-BR-015,2023-10-24,295646.00,GB,PRIORITY
ACCT_SYN_000635,CUST_SYN_000635,SETTLEMENT,ACTIVE,GBP,SYN-BR-016,2023-10-23,303565.00,DE,STRATEGIC
ACCT_SYN_000636,CUST_SYN_000636,CHECKING,ACTIVE,USD,SYN-BR-017,2023-10-22,311484.00,SG,STANDARD
ACCT_SYN_000637,CUST_SYN_000637,OPERATING,ACTIVE,EUR,SYN-BR-018,2023-10-21,319403.00,US,PRIORITY
ACCT_SYN_000638,CUST_SYN_000638,SETTLEMENT,ACTIVE,GBP,SYN-BR-019,2023-10-20,327322.00,GB,STRATEGIC
ACCT_SYN_000639,CUST_SYN_000639,CHECKING,ACTIVE,USD,SYN-BR-020,2023-10-19,335241.00,DE,STANDARD
ACCT_SYN_000640,CUST_SYN_000640,OPERATING,ACTIVE,EUR,SYN-BR-001,2023-10-18,343160.00,SG,PRIORITY
ACCT_SYN_000641,CUST_SYN_000641,SETTLEMENT,ACTIVE,GBP,SYN-BR-002,2023-10-17,351079.00,US,STRATEGIC
ACCT_SYN_000642,CUST_SYN_000642,CHECKING,ACTIVE,USD,SYN-BR-003,2023-10-16,358998.00,GB,STANDARD
ACCT_SYN_000643,CUST_SYN_000643,OPERATING,ACTIVE,EUR,SYN-BR-004,2023-10-15,366917.00,DE,PRIORITY
ACCT_SYN_000644,CUST_SYN_000644,SETTLEMENT,ACTIVE,GBP,SYN-BR-005,2023-10-14,374836.00,SG,STRATEGIC
ACCT_SYN_000645,CUST_SYN_000645,CHECKING,ACTIVE,USD,SYN-BR-006,2023-10-13,382755.00,US,STANDARD
ACCT_SYN_000646,CUST_SYN_000646,OPERATING,ACTIVE,EUR,SYN-BR-007,2023-10-12,390674.00,GB,PRIORITY
ACCT_SYN_000647,CUST_SYN_000647,SETTLEMENT,ACTIVE,GBP,SYN-BR-008,2023-10-11,398593.00,DE,STRATEGIC
ACCT_SYN_000648,CUST_SYN_000648,CHECKING,ACTIVE,USD,SYN-BR-009,2023-10-10,406512.00,SG,STANDARD
ACCT_SYN_000649,CUST_SYN_000649,OPERATING,ACTIVE,EUR,SYN-BR-010,2023-10-09,414431.00,US,PRIORITY
ACCT_SYN_000650,CUST_SYN_000650,SETTLEMENT,ACTIVE,GBP,SYN-BR-011,2023-10-08,422350.00,GB,STRATEGIC
ACCT_SYN_000651,CUST_SYN_000651,CHECKING,ACTIVE,USD,SYN-BR-012,2023-10-07,430269.00,DE,STANDARD
ACCT_SYN_000652,CUST_SYN_000652,OPERATING,ACTIVE,EUR,SYN-BR-013,2023-10-06,438188.00,SG,PRIORITY
ACCT_SYN_000653,CUST_SYN_000653,SETTLEMENT,ACTIVE,GBP,SYN-BR-014,2023-10-05,446107.00,US,STRATEGIC
ACCT_SYN_000654,CUST_SYN_000654,CHECKING,ACTIVE,USD,SYN-BR-015,2023-10-04,454026.00,GB,STANDARD
ACCT_SYN_000655,CUST_SYN_000655,OPERATING,ACTIVE,EUR,SYN-BR-016,2023-10-03,461945.00,DE,PRIORITY
ACCT_SYN_000656,CUST_SYN_000656,SETTLEMENT,ACTIVE,GBP,SYN-BR-017,2023-10-02,469864.00,SG,STRATEGIC
ACCT_SYN_000657,CUST_SYN_000657,CHECKING,ACTIVE,USD,SYN-BR-018,2023-10-01,477783.00,US,STANDARD
ACCT_SYN_000658,CUST_SYN_000658,OPERATING,ACTIVE,EUR,SYN-BR-019,2023-09-30,485702.00,GB,PRIORITY
ACCT_SYN_000659,CUST_SYN_000659,SETTLEMENT,ACTIVE,GBP,SYN-BR-020,2023-09-29,493621.00,DE,STRATEGIC
ACCT_SYN_000660,CUST_SYN_000660,CHECKING,ACTIVE,USD,SYN-BR-001,2023-09-28,501540.00,SG,STANDARD
ACCT_SYN_000661,CUST_SYN_000661,OPERATING,ACTIVE,EUR,SYN-BR-002,2023-09-27,509459.00,US,PRIORITY
ACCT_SYN_000662,CUST_SYN_000662,SETTLEMENT,ACTIVE,GBP,SYN-BR-003,2023-09-26,517378.00,GB,STRATEGIC
ACCT_SYN_000663,CUST_SYN_000663,CHECKING,ACTIVE,USD,SYN-BR-004,2023-09-25,525297.00,DE,STANDARD
ACCT_SYN_000664,CUST_SYN_000664,OPERATING,ACTIVE,EUR,SYN-BR-005,2023-09-24,533216.00,SG,PRIORITY
ACCT_SYN_000665,CUST_SYN_000665,SETTLEMENT,ACTIVE,GBP,SYN-BR-006,2023-09-23,541135.00,US,STRATEGIC
ACCT_SYN_000666,CUST_SYN_000666,CHECKING,ACTIVE,USD,SYN-BR-007,2023-09-22,549054.00,GB,STANDARD
ACCT_SYN_000667,CUST_SYN_000667,OPERATING,ACTIVE,EUR,SYN-BR-008,2023-09-21,556973.00,DE,PRIORITY
ACCT_SYN_000668,CUST_SYN_000668,SETTLEMENT,ACTIVE,GBP,SYN-BR-009,2023-09-20,564892.00,SG,STRATEGIC
ACCT_SYN_000669,CUST_SYN_000669,CHECKING,ACTIVE,USD,SYN-BR-010,2023-09-19,572811.00,US,STANDARD
ACCT_SYN_000670,CUST_SYN_000670,OPERATING,ACTIVE,EUR,SYN-BR-011,2023-09-18,580730.00,GB,PRIORITY
ACCT_SYN_000671,CUST_SYN_000671,SETTLEMENT,ACTIVE,GBP,SYN-BR-012,2023-09-17,588649.00,DE,STRATEGIC
ACCT_SYN_000672,CUST_SYN_000672,CHECKING,ACTIVE,USD,SYN-BR-013,2023-09-16,596568.00,SG,STANDARD
ACCT_SYN_000673,CUST_SYN_000673,OPERATING,ACTIVE,EUR,SYN-BR-014,2023-09-15,604487.00,US,PRIORITY
ACCT_SYN_000674,CUST_SYN_000674,SETTLEMENT,ACTIVE,GBP,SYN-BR-015,2023-09-14,612406.00,GB,STRATEGIC
ACCT_SYN_000675,CUST_SYN_000675,CHECKING,ACTIVE,USD,SYN-BR-016,2023-09-13,620325.00,DE,STANDARD
ACCT_SYN_000676,CUST_SYN_000676,OPERATING,ACTIVE,EUR,SYN-BR-017,2023-09-12,628244.00,SG,PRIORITY
ACCT_SYN_000677,CUST_SYN_000677,SETTLEMENT,ACTIVE,GBP,SYN-BR-018,2023-09-11,636163.00,US,STRATEGIC
ACCT_SYN_000678,CUST_SYN_000678,CHECKING,ACTIVE,USD,SYN-BR-019,2023-09-10,644082.00,GB,STANDARD
ACCT_SYN_000679,CUST_SYN_000679,OPERATING,ACTIVE,EUR,SYN-BR-020,2023-09-09,652001.00,DE,PRIORITY
ACCT_SYN_000680,CUST_SYN_000680,SETTLEMENT,ACTIVE,GBP,SYN-BR-001,2023-09-08,659920.00,SG,STRATEGIC
ACCT_SYN_000681,CUST_SYN_000681,CHECKING,ACTIVE,USD,SYN-BR-002,2023-09-07,667839.00,US,STANDARD
ACCT_SYN_000682,CUST_SYN_000682,OPERATING,ACTIVE,EUR,SYN-BR-003,2023-09-06,675758.00,GB,PRIORITY
ACCT_SYN_000683,CUST_SYN_000683,SETTLEMENT,ACTIVE,GBP,SYN-BR-004,2023-09-05,683677.00,DE,STRATEGIC
ACCT_SYN_000684,CUST_SYN_000684,CHECKING,ACTIVE,USD,SYN-BR-005,2023-09-04,691596.00,SG,STANDARD
ACCT_SYN_000685,CUST_SYN_000685,OPERATING,ACTIVE,EUR,SYN-BR-006,2023-09-03,699515.00,US,PRIORITY
ACCT_SYN_000686,CUST_SYN_000686,SETTLEMENT,ACTIVE,GBP,SYN-BR-007,2023-09-02,707434.00,GB,STRATEGIC
ACCT_SYN_000687,CUST_SYN_000687,CHECKING,ACTIVE,USD,SYN-BR-008,2023-09-01,715353.00,DE,STANDARD
ACCT_SYN_000688,CUST_SYN_000688,OPERATING,ACTIVE,EUR,SYN-BR-009,2023-08-31,723272.00,SG,PRIORITY
ACCT_SYN_000689,CUST_SYN_000689,SETTLEMENT,ACTIVE,GBP,SYN-BR-010,2023-08-30,731191.00,US,STRATEGIC
ACCT_SYN_000690,CUST_SYN_000690,CHECKING,ACTIVE,USD,SYN-BR-011,2023-08-29,739110.00,GB,STANDARD
ACCT_SYN_000691,CUST_SYN_000691,OPERATING,ACTIVE,EUR,SYN-BR-012,2023-08-28,747029.00,DE,PRIORITY
ACCT_SYN_000692,CUST_SYN_000692,SETTLEMENT,ACTIVE,GBP,SYN-BR-013,2023-08-27,754948.00,SG,STRATEGIC
ACCT_SYN_000693,CUST_SYN_000693,CHECKING,ACTIVE,USD,SYN-BR-014,2023-08-26,762867.00,US,STANDARD
ACCT_SYN_000694,CUST_SYN_000694,OPERATING,ACTIVE,EUR,SYN-BR-015,2023-08-25,770786.00,GB,PRIORITY
ACCT_SYN_000695,CUST_SYN_000695,SETTLEMENT,ACTIVE,GBP,SYN-BR-016,2023-08-24,778705.00,DE,STRATEGIC
ACCT_SYN_000696,CUST_SYN_000696,CHECKING,ACTIVE,USD,SYN-BR-017,2023-08-23,786624.00,SG,STANDARD
ACCT_SYN_000697,CUST_SYN_000697,OPERATING,ACTIVE,EUR,SYN-BR-018,2023-08-22,794543.00,US,PRIORITY
ACCT_SYN_000698,CUST_SYN_000698,SETTLEMENT,ACTIVE,GBP,SYN-BR-019,2023-08-21,802462.00,GB,STRATEGIC
ACCT_SYN_000699,CUST_SYN_000699,CHECKING,ACTIVE,USD,SYN-BR-020,2023-08-20,810381.00,DE,STANDARD
ACCT_SYN_000700,CUST_SYN_000700,OPERATING,ACTIVE,EUR,SYN-BR-001,2023-08-19,818300.00,SG,PRIORITY
ACCT_SYN_000701,CUST_SYN_000701,SETTLEMENT,ACTIVE,GBP,SYN-BR-002,2023-08-18,826219.00,US,STRATEGIC
ACCT_SYN_000702,CUST_SYN_000702,CHECKING,ACTIVE,USD,SYN-BR-003,2023-08-17,834138.00,GB,STANDARD
ACCT_SYN_000703,CUST_SYN_000703,OPERATING,ACTIVE,EUR,SYN-BR-004,2023-08-16,842057.00,DE,PRIORITY
ACCT_SYN_000704,CUST_SYN_000704,SETTLEMENT,ACTIVE,GBP,SYN-BR-005,2023-08-15,849976.00,SG,STRATEGIC
ACCT_SYN_000705,CUST_SYN_000705,CHECKING,ACTIVE,USD,SYN-BR-006,2023-08-14,857895.00,US,STANDARD
ACCT_SYN_000706,CUST_SYN_000706,OPERATING,ACTIVE,EUR,SYN-BR-007,2023-08-13,865814.00,GB,PRIORITY
ACCT_SYN_000707,CUST_SYN_000707,SETTLEMENT,ACTIVE,GBP,SYN-BR-008,2023-08-12,873733.00,DE,STRATEGIC
ACCT_SYN_000708,CUST_SYN_000708,CHECKING,ACTIVE,USD,SYN-BR-009,2023-08-11,881652.00,SG,STANDARD
ACCT_SYN_000709,CUST_SYN_000709,OPERATING,ACTIVE,EUR,SYN-BR-010,2023-08-10,889571.00,US,PRIORITY
ACCT_SYN_000710,CUST_SYN_000710,SETTLEMENT,ACTIVE,GBP,SYN-BR-011,2023-08-09,897490.00,GB,STRATEGIC
ACCT_SYN_000711,CUST_SYN_000711,CHECKING,ACTIVE,USD,SYN-BR-012,2023-08-08,905409.00,DE,STANDARD
ACCT_SYN_000712,CUST_SYN_000712,OPERATING,ACTIVE,EUR,SYN-BR-013,2023-08-07,913328.00,SG,PRIORITY
ACCT_SYN_000713,CUST_SYN_000713,SETTLEMENT,ACTIVE,GBP,SYN-BR-014,2023-08-06,921247.00,US,STRATEGIC
ACCT_SYN_000714,CUST_SYN_000714,CHECKING,ACTIVE,USD,SYN-BR-015,2023-08-05,929166.00,GB,STANDARD
ACCT_SYN_000715,CUST_SYN_000715,OPERATING,ACTIVE,EUR,SYN-BR-016,2023-08-04,937085.00,DE,PRIORITY
ACCT_SYN_000716,CUST_SYN_000716,SETTLEMENT,ACTIVE,GBP,SYN-BR-017,2023-08-03,945004.00,SG,STRATEGIC
ACCT_SYN_000717,CUST_SYN_000717,CHECKING,ACTIVE,USD,SYN-BR-018,2023-08-02,952923.00,US,STANDARD
ACCT_SYN_000718,CUST_SYN_000718,OPERATING,ACTIVE,EUR,SYN-BR-019,2023-08-01,960842.00,GB,PRIORITY
ACCT_SYN_000719,CUST_SYN_000719,SETTLEMENT,ACTIVE,GBP,SYN-BR-020,2023-07-31,968761.00,DE,STRATEGIC
ACCT_SYN_000720,CUST_SYN_000720,CHECKING,ACTIVE,USD,SYN-BR-001,2023-07-30,26680.00,SG,STANDARD
ACCT_SYN_000721,CUST_SYN_000721,OPERATING,ACTIVE,EUR,SYN-BR-002,2023-07-29,34599.00,US,PRIORITY
ACCT_SYN_000722,CUST_SYN_000722,SETTLEMENT,ACTIVE,GBP,SYN-BR-003,2023-07-28,42518.00,GB,STRATEGIC
ACCT_SYN_000723,CUST_SYN_000723,CHECKING,ACTIVE,USD,SYN-BR-004,2023-07-27,50437.00,DE,STANDARD
ACCT_SYN_000724,CUST_SYN_000724,OPERATING,ACTIVE,EUR,SYN-BR-005,2023-07-26,58356.00,SG,PRIORITY
ACCT_SYN_000725,CUST_SYN_000725,SETTLEMENT,ACTIVE,GBP,SYN-BR-006,2023-07-25,66275.00,US,STRATEGIC
ACCT_SYN_000726,CUST_SYN_000726,CHECKING,ACTIVE,USD,SYN-BR-007,2023-07-24,74194.00,GB,STANDARD
ACCT_SYN_000727,CUST_SYN_000727,OPERATING,ACTIVE,EUR,SYN-BR-008,2023-07-23,82113.00,DE,PRIORITY
ACCT_SYN_000728,CUST_SYN_000728,SETTLEMENT,ACTIVE,GBP,SYN-BR-009,2023-07-22,90032.00,SG,STRATEGIC
ACCT_SYN_000729,CUST_SYN_000729,CHECKING,ACTIVE,USD,SYN-BR-010,2023-07-21,97951.00,US,STANDARD
ACCT_SYN_000730,CUST_SYN_000730,OPERATING,ACTIVE,EUR,SYN-BR-011,2023-07-20,105870.00,GB,PRIORITY
ACCT_SYN_000731,CUST_SYN_000731,SETTLEMENT,ACTIVE,GBP,SYN-BR-012,2023-07-19,113789.00,DE,STRATEGIC
ACCT_SYN_000732,CUST_SYN_000732,CHECKING,ACTIVE,USD,SYN-BR-013,2023-07-18,121708.00,SG,STANDARD
ACCT_SYN_000733,CUST_SYN_000733,OPERATING,ACTIVE,EUR,SYN-BR-014,2023-07-17,129627.00,US,PRIORITY
ACCT_SYN_000734,CUST_SYN_000734,SETTLEMENT,ACTIVE,GBP,SYN-BR-015,2023-07-16,137546.00,GB,STRATEGIC
ACCT_SYN_000735,CUST_SYN_000735,CHECKING,ACTIVE,USD,SYN-BR-016,2023-07-15,145465.00,DE,STANDARD
ACCT_SYN_000736,CUST_SYN_000736,OPERATING,ACTIVE,EUR,SYN-BR-017,2023-07-14,153384.00,SG,PRIORITY
ACCT_SYN_000737,CUST_SYN_000737,SETTLEMENT,ACTIVE,GBP,SYN-BR-018,2023-07-13,161303.00,US,STRATEGIC
ACCT_SYN_000738,CUST_SYN_000738,CHECKING,ACTIVE,USD,SYN-BR-019,2023-07-12,169222.00,GB,STANDARD
ACCT_SYN_000739,CUST_SYN_000739,OPERATING,ACTIVE,EUR,SYN-BR-020,2023-07-11,177141.00,DE,PRIORITY
ACCT_SYN_000740,CUST_SYN_000740,SETTLEMENT,ACTIVE,GBP,SYN-BR-001,2023-07-10,185060.00,SG,STRATEGIC
ACCT_SYN_000741,CUST_SYN_000741,CHECKING,ACTIVE,USD,SYN-BR-002,2023-07-09,192979.00,US,STANDARD
ACCT_SYN_000742,CUST_SYN_000742,OPERATING,ACTIVE,EUR,SYN-BR-003,2023-07-08,200898.00,GB,PRIORITY
ACCT_SYN_000743,CUST_SYN_000743,SETTLEMENT,ACTIVE,GBP,SYN-BR-004,2023-07-07,208817.00,DE,STRATEGIC
ACCT_SYN_000744,CUST_SYN_000744,CHECKING,ACTIVE,USD,SYN-BR-005,2023-07-06,216736.00,SG,STANDARD
ACCT_SYN_000745,CUST_SYN_000745,OPERATING,ACTIVE,EUR,SYN-BR-006,2023-07-05,224655.00,US,PRIORITY
ACCT_SYN_000746,CUST_SYN_000746,SETTLEMENT,ACTIVE,GBP,SYN-BR-007,2023-07-04,232574.00,GB,STRATEGIC
ACCT_SYN_000747,CUST_SYN_000747,CHECKING,ACTIVE,USD,SYN-BR-008,2023-07-03,240493.00,DE,STANDARD
ACCT_SYN_000748,CUST_SYN_000748,OPERATING,ACTIVE,EUR,SYN-BR-009,2023-07-02,248412.00,SG,PRIORITY
ACCT_SYN_000749,CUST_SYN_000749,SETTLEMENT,ACTIVE,GBP,SYN-BR-010,2023-07-01,256331.00,US,STRATEGIC
ACCT_SYN_000750,CUST_SYN_000750,CHECKING,ACTIVE,USD,SYN-BR-011,2023-06-30,264250.00,GB,STANDARD
ACCT_SYN_000751,CUST_SYN_000751,OPERATING,ACTIVE,EUR,SYN-BR-012,2023-06-29,272169.00,DE,PRIORITY
ACCT_SYN_000752,CUST_SYN_000752,SETTLEMENT,ACTIVE,GBP,SYN-BR-013,2023-06-28,280088.00,SG,STRATEGIC
ACCT_SYN_000753,CUST_SYN_000753,CHECKING,ACTIVE,USD,SYN-BR-014,2023-06-27,288007.00,US,STANDARD
ACCT_SYN_000754,CUST_SYN_000754,OPERATING,ACTIVE,EUR,SYN-BR-015,2023-06-26,295926.00,GB,PRIORITY
ACCT_SYN_000755,CUST_SYN_000755,SETTLEMENT,ACTIVE,GBP,SYN-BR-016,2023-06-25,303845.00,DE,STRATEGIC
ACCT_SYN_000756,CUST_SYN_000756,CHECKING,ACTIVE,USD,SYN-BR-017,2023-06-24,311764.00,SG,STANDARD
ACCT_SYN_000757,CUST_SYN_000757,OPERATING,ACTIVE,EUR,SYN-BR-018,2023-06-23,319683.00,US,PRIORITY
ACCT_SYN_000758,CUST_SYN_000758,SETTLEMENT,ACTIVE,GBP,SYN-BR-019,2023-06-22,327602.00,GB,STRATEGIC
ACCT_SYN_000759,CUST_SYN_000759,CHECKING,ACTIVE,USD,SYN-BR-020,2023-06-21,335521.00,DE,STANDARD
ACCT_SYN_000760,CUST_SYN_000760,OPERATING,ACTIVE,EUR,SYN-BR-001,2023-06-20,343440.00,SG,PRIORITY
ACCT_SYN_000761,CUST_SYN_000761,SETTLEMENT,ACTIVE,GBP,SYN-BR-002,2023-06-19,351359.00,US,STRATEGIC
ACCT_SYN_000762,CUST_SYN_000762,CHECKING,ACTIVE,USD,SYN-BR-003,2023-06-18,359278.00,GB,STANDARD
ACCT_SYN_000763,CUST_SYN_000763,OPERATING,ACTIVE,EUR,SYN-BR-004,2023-06-17,367197.00,DE,PRIORITY
ACCT_SYN_000764,CUST_SYN_000764,SETTLEMENT,ACTIVE,GBP,SYN-BR-005,2023-06-16,375116.00,SG,STRATEGIC
ACCT_SYN_000765,CUST_SYN_000765,CHECKING,ACTIVE,USD,SYN-BR-006,2023-06-15,383035.00,US,STANDARD
ACCT_SYN_000766,CUST_SYN_000766,OPERATING,ACTIVE,EUR,SYN-BR-007,2023-06-14,390954.00,GB,PRIORITY
ACCT_SYN_000767,CUST_SYN_000767,SETTLEMENT,ACTIVE,GBP,SYN-BR-008,2023-06-13,398873.00,DE,STRATEGIC
ACCT_SYN_000768,CUST_SYN_000768,CHECKING,ACTIVE,USD,SYN-BR-009,2023-06-12,406792.00,SG,STANDARD
ACCT_SYN_000769,CUST_SYN_000769,OPERATING,ACTIVE,EUR,SYN-BR-010,2023-06-11,414711.00,US,PRIORITY
ACCT_SYN_000770,CUST_SYN_000770,SETTLEMENT,ACTIVE,GBP,SYN-BR-011,2023-06-10,422630.00,GB,STRATEGIC
ACCT_SYN_000771,CUST_SYN_000771,CHECKING,ACTIVE,USD,SYN-BR-012,2023-06-09,430549.00,DE,STANDARD
ACCT_SYN_000772,CUST_SYN_000772,OPERATING,ACTIVE,EUR,SYN-BR-013,2023-06-08,438468.00,SG,PRIORITY
ACCT_SYN_000773,CUST_SYN_000773,SETTLEMENT,ACTIVE,GBP,SYN-BR-014,2023-06-07,446387.00,US,STRATEGIC
ACCT_SYN_000774,CUST_SYN_000774,CHECKING,ACTIVE,USD,SYN-BR-015,2023-06-06,454306.00,GB,STANDARD
ACCT_SYN_000775,CUST_SYN_000775,OPERATING,ACTIVE,EUR,SYN-BR-016,2023-06-05,462225.00,DE,PRIORITY
ACCT_SYN_000776,CUST_SYN_000776,SETTLEMENT,ACTIVE,GBP,SYN-BR-017,2023-06-04,470144.00,SG,STRATEGIC
ACCT_SYN_000777,CUST_SYN_000777,CHECKING,ACTIVE,USD,SYN-BR-018,2023-06-03,478063.00,US,STANDARD
ACCT_SYN_000778,CUST_SYN_000778,OPERATING,ACTIVE,EUR,SYN-BR-019,2023-06-02,485982.00,GB,PRIORITY
ACCT_SYN_000779,CUST_SYN_000779,SETTLEMENT,ACTIVE,GBP,SYN-BR-020,2023-06-01,493901.00,DE,STRATEGIC
ACCT_SYN_000780,CUST_SYN_000780,CHECKING,ACTIVE,USD,SYN-BR-001,2023-05-31,501820.00,SG,STANDARD
ACCT_SYN_000781,CUST_SYN_000781,OPERATING,ACTIVE,EUR,SYN-BR-002,2023-05-30,509739.00,US,PRIORITY
ACCT_SYN_000782,CUST_SYN_000782,SETTLEMENT,ACTIVE,GBP,SYN-BR-003,2023-05-29,517658.00,GB,STRATEGIC
ACCT_SYN_000783,CUST_SYN_000783,CHECKING,ACTIVE,USD,SYN-BR-004,2023-05-28,525577.00,DE,STANDARD
ACCT_SYN_000784,CUST_SYN_000784,OPERATING,ACTIVE,EUR,SYN-BR-005,2023-05-27,533496.00,SG,PRIORITY
ACCT_SYN_000785,CUST_SYN_000785,SETTLEMENT,ACTIVE,GBP,SYN-BR-006,2023-05-26,541415.00,US,STRATEGIC
ACCT_SYN_000786,CUST_SYN_000786,CHECKING,ACTIVE,USD,SYN-BR-007,2023-05-25,549334.00,GB,STANDARD
ACCT_SYN_000787,CUST_SYN_000787,OPERATING,ACTIVE,EUR,SYN-BR-008,2023-05-24,557253.00,DE,PRIORITY
ACCT_SYN_000788,CUST_SYN_000788,SETTLEMENT,ACTIVE,GBP,SYN-BR-009,2023-05-23,565172.00,SG,STRATEGIC
ACCT_SYN_000789,CUST_SYN_000789,CHECKING,ACTIVE,USD,SYN-BR-010,2023-05-22,573091.00,US,STANDARD
ACCT_SYN_000790,CUST_SYN_000790,OPERATING,ACTIVE,EUR,SYN-BR-011,2023-05-21,581010.00,GB,PRIORITY
ACCT_SYN_000791,CUST_SYN_000791,SETTLEMENT,ACTIVE,GBP,SYN-BR-012,2023-05-20,588929.00,DE,STRATEGIC
ACCT_SYN_000792,CUST_SYN_000792,CHECKING,ACTIVE,USD,SYN-BR-013,2023-05-19,596848.00,SG,STANDARD
ACCT_SYN_000793,CUST_SYN_000793,OPERATING,ACTIVE,EUR,SYN-BR-014,2023-05-18,604767.00,US,PRIORITY
ACCT_SYN_000794,CUST_SYN_000794,SETTLEMENT,ACTIVE,GBP,SYN-BR-015,2023-05-17,612686.00,GB,STRATEGIC
ACCT_SYN_000795,CUST_SYN_000795,CHECKING,ACTIVE,USD,SYN-BR-016,2023-05-16,620605.00,DE,STANDARD
ACCT_SYN_000796,CUST_SYN_000796,OPERATING,ACTIVE,EUR,SYN-BR-017,2023-05-15,628524.00,SG,PRIORITY
ACCT_SYN_000797,CUST_SYN_000797,SETTLEMENT,ACTIVE,GBP,SYN-BR-018,2023-05-14,636443.00,US,STRATEGIC
ACCT_SYN_000798,CUST_SYN_000798,CHECKING,ACTIVE,USD,SYN-BR-019,2023-05-13,644362.00,GB,STANDARD
ACCT_SYN_000799,CUST_SYN_000799,OPERATING,ACTIVE,EUR,SYN-BR-020,2023-05-12,652281.00,DE,PRIORITY
ACCT_SYN_000800,CUST_SYN_000800,SETTLEMENT,ACTIVE,GBP,SYN-BR-001,2023-05-11,660200.00,SG,STRATEGIC
ACCT_SYN_000801,CUST_SYN_000801,CHECKING,ACTIVE,USD,SYN-BR-002,2023-05-10,668119.00,US,STANDARD
ACCT_SYN_000802,CUST_SYN_000802,OPERATING,ACTIVE,EUR,SYN-BR-003,2023-05-09,676038.00,GB,PRIORITY
ACCT_SYN_000803,CUST_SYN_000803,SETTLEMENT,ACTIVE,GBP,SYN-BR-004,2023-05-08,683957.00,DE,STRATEGIC
ACCT_SYN_000804,CUST_SYN_000804,CHECKING,ACTIVE,USD,SYN-BR-005,2023-05-07,691876.00,SG,STANDARD
ACCT_SYN_000805,CUST_SYN_000805,OPERATING,ACTIVE,EUR,SYN-BR-006,2023-05-06,699795.00,US,PRIORITY
ACCT_SYN_000806,CUST_SYN_000806,SETTLEMENT,ACTIVE,GBP,SYN-BR-007,2023-05-05,707714.00,GB,STRATEGIC
ACCT_SYN_000807,CUST_SYN_000807,CHECKING,ACTIVE,USD,SYN-BR-008,2023-05-04,715633.00,DE,STANDARD
ACCT_SYN_000808,CUST_SYN_000808,OPERATING,ACTIVE,EUR,SYN-BR-009,2023-05-03,723552.00,SG,PRIORITY
ACCT_SYN_000809,CUST_SYN_000809,SETTLEMENT,ACTIVE,GBP,SYN-BR-010,2023-05-02,731471.00,US,STRATEGIC
ACCT_SYN_000810,CUST_SYN_000810,CHECKING,ACTIVE,USD,SYN-BR-011,2023-05-01,739390.00,GB,STANDARD
ACCT_SYN_000811,CUST_SYN_000811,OPERATING,ACTIVE,EUR,SYN-BR-012,2023-04-30,747309.00,DE,PRIORITY
ACCT_SYN_000812,CUST_SYN_000812,SETTLEMENT,ACTIVE,GBP,SYN-BR-013,2023-04-29,755228.00,SG,STRATEGIC
ACCT_SYN_000813,CUST_SYN_000813,CHECKING,ACTIVE,USD,SYN-BR-014,2023-04-28,763147.00,US,STANDARD
ACCT_SYN_000814,CUST_SYN_000814,OPERATING,ACTIVE,EUR,SYN-BR-015,2023-04-27,771066.00,GB,PRIORITY
ACCT_SYN_000815,CUST_SYN_000815,SETTLEMENT,ACTIVE,GBP,SYN-BR-016,2023-04-26,778985.00,DE,STRATEGIC
ACCT_SYN_000816,CUST_SYN_000816,CHECKING,ACTIVE,USD,SYN-BR-017,2023-04-25,786904.00,SG,STANDARD
ACCT_SYN_000817,CUST_SYN_000817,OPERATING,ACTIVE,EUR,SYN-BR-018,2023-04-24,794823.00,US,PRIORITY
ACCT_SYN_000818,CUST_SYN_000818,SETTLEMENT,ACTIVE,GBP,SYN-BR-019,2023-04-23,802742.00,GB,STRATEGIC
ACCT_SYN_000819,CUST_SYN_000819,CHECKING,ACTIVE,USD,SYN-BR-020,2023-04-22,810661.00,DE,STANDARD
ACCT_SYN_000820,CUST_SYN_000820,OPERATING,ACTIVE,EUR,SYN-BR-001,2023-04-21,818580.00,SG,PRIORITY
ACCT_SYN_000821,CUST_SYN_000821,SETTLEMENT,ACTIVE,GBP,SYN-BR-002,2023-04-20,826499.00,US,STRATEGIC
ACCT_SYN_000822,CUST_SYN_000822,CHECKING,ACTIVE,USD,SYN-BR-003,2023-04-19,834418.00,GB,STANDARD
ACCT_SYN_000823,CUST_SYN_000823,OPERATING,ACTIVE,EUR,SYN-BR-004,2023-04-18,842337.00,DE,PRIORITY
ACCT_SYN_000824,CUST_SYN_000824,SETTLEMENT,ACTIVE,GBP,SYN-BR-005,2023-04-17,850256.00,SG,STRATEGIC
ACCT_SYN_000825,CUST_SYN_000825,CHECKING,ACTIVE,USD,SYN-BR-006,2023-04-16,858175.00,US,STANDARD
ACCT_SYN_000826,CUST_SYN_000826,OPERATING,ACTIVE,EUR,SYN-BR-007,2023-04-15,866094.00,GB,PRIORITY
ACCT_SYN_000827,CUST_SYN_000827,SETTLEMENT,ACTIVE,GBP,SYN-BR-008,2023-04-14,874013.00,DE,STRATEGIC
ACCT_SYN_000828,CUST_SYN_000828,CHECKING,ACTIVE,USD,SYN-BR-009,2023-04-13,881932.00,SG,STANDARD
ACCT_SYN_000829,CUST_SYN_000829,OPERATING,ACTIVE,EUR,SYN-BR-010,2023-04-12,889851.00,US,PRIORITY
ACCT_SYN_000830,CUST_SYN_000830,SETTLEMENT,ACTIVE,GBP,SYN-BR-011,2023-04-11,897770.00,GB,STRATEGIC
ACCT_SYN_000831,CUST_SYN_000831,CHECKING,ACTIVE,USD,SYN-BR-012,2023-04-10,905689.00,DE,STANDARD
ACCT_SYN_000832,CUST_SYN_000832,OPERATING,ACTIVE,EUR,SYN-BR-013,2023-04-09,913608.00,SG,PRIORITY
ACCT_SYN_000833,CUST_SYN_000833,SETTLEMENT,ACTIVE,GBP,SYN-BR-014,2023-04-08,921527.00,US,STRATEGIC
ACCT_SYN_000834,CUST_SYN_000834,CHECKING,ACTIVE,USD,SYN-BR-015,2023-04-07,929446.00,GB,STANDARD
ACCT_SYN_000835,CUST_SYN_000835,OPERATING,ACTIVE,EUR,SYN-BR-016,2023-04-06,937365.00,DE,PRIORITY
ACCT_SYN_000836,CUST_SYN_000836,SETTLEMENT,ACTIVE,GBP,SYN-BR-017,2023-04-05,945284.00,SG,STRATEGIC
ACCT_SYN_000837,CUST_SYN_000837,CHECKING,ACTIVE,USD,SYN-BR-018,2023-04-04,953203.00,US,STANDARD
ACCT_SYN_000838,CUST_SYN_000838,OPERATING,ACTIVE,EUR,SYN-BR-019,2023-04-03,961122.00,GB,PRIORITY
ACCT_SYN_000839,CUST_SYN_000839,SETTLEMENT,ACTIVE,GBP,SYN-BR-020,2023-04-02,969041.00,DE,STRATEGIC
ACCT_SYN_000840,CUST_SYN_000840,CHECKING,ACTIVE,USD,SYN-BR-001,2023-04-01,26960.00,SG,STANDARD
ACCT_SYN_000841,CUST_SYN_000841,OPERATING,ACTIVE,EUR,SYN-BR-002,2023-03-31,34879.00,US,PRIORITY
ACCT_SYN_000842,CUST_SYN_000842,SETTLEMENT,ACTIVE,GBP,SYN-BR-003,2023-03-30,42798.00,GB,STRATEGIC
ACCT_SYN_000843,CUST_SYN_000843,CHECKING,ACTIVE,USD,SYN-BR-004,2023-03-29,50717.00,DE,STANDARD
ACCT_SYN_000844,CUST_SYN_000844,OPERATING,ACTIVE,EUR,SYN-BR-005,2023-03-28,58636.00,SG,PRIORITY
ACCT_SYN_000845,CUST_SYN_000845,SETTLEMENT,ACTIVE,GBP,SYN-BR-006,2023-03-27,66555.00,US,STRATEGIC
ACCT_SYN_000846,CUST_SYN_000846,CHECKING,ACTIVE,USD,SYN-BR-007,2023-03-26,74474.00,GB,STANDARD
ACCT_SYN_000847,CUST_SYN_000847,OPERATING,ACTIVE,EUR,SYN-BR-008,2023-03-25,82393.00,DE,PRIORITY
ACCT_SYN_000848,CUST_SYN_000848,SETTLEMENT,ACTIVE,GBP,SYN-BR-009,2023-03-24,90312.00,SG,STRATEGIC
ACCT_SYN_000849,CUST_SYN_000849,CHECKING,ACTIVE,USD,SYN-BR-010,2023-03-23,98231.00,US,STANDARD
ACCT_SYN_000850,CUST_SYN_000850,OPERATING,ACTIVE,EUR,SYN-BR-011,2023-03-22,106150.00,GB,PRIORITY
ACCT_SYN_000851,CUST_SYN_000851,SETTLEMENT,ACTIVE,GBP,SYN-BR-012,2023-03-21,114069.00,DE,STRATEGIC
ACCT_SYN_000852,CUST_SYN_000852,CHECKING,ACTIVE,USD,SYN-BR-013,2023-03-20,121988.00,SG,STANDARD
ACCT_SYN_000853,CUST_SYN_000853,OPERATING,ACTIVE,EUR,SYN-BR-014,2023-03-19,129907.00,US,PRIORITY
ACCT_SYN_000854,CUST_SYN_000854,SETTLEMENT,ACTIVE,GBP,SYN-BR-015,2023-03-18,137826.00,GB,STRATEGIC
ACCT_SYN_000855,CUST_SYN_000855,CHECKING,ACTIVE,USD,SYN-BR-016,2023-03-17,145745.00,DE,STANDARD
ACCT_SYN_000856,CUST_SYN_000856,OPERATING,ACTIVE,EUR,SYN-BR-017,2023-03-16,153664.00,SG,PRIORITY
ACCT_SYN_000857,CUST_SYN_000857,SETTLEMENT,ACTIVE,GBP,SYN-BR-018,2023-03-15,161583.00,US,STRATEGIC
ACCT_SYN_000858,CUST_SYN_000858,CHECKING,ACTIVE,USD,SYN-BR-019,2023-03-14,169502.00,GB,STANDARD
ACCT_SYN_000859,CUST_SYN_000859,OPERATING,ACTIVE,EUR,SYN-BR-020,2023-03-13,177421.00,DE,PRIORITY
ACCT_SYN_000860,CUST_SYN_000860,SETTLEMENT,ACTIVE,GBP,SYN-BR-001,2023-03-12,185340.00,SG,STRATEGIC
ACCT_SYN_000861,CUST_SYN_000861,CHECKING,ACTIVE,USD,SYN-BR-002,2023-03-11,193259.00,US,STANDARD
ACCT_SYN_000862,CUST_SYN_000862,OPERATING,ACTIVE,EUR,SYN-BR-003,2023-03-10,201178.00,GB,PRIORITY
ACCT_SYN_000863,CUST_SYN_000863,SETTLEMENT,ACTIVE,GBP,SYN-BR-004,2023-03-09,209097.00,DE,STRATEGIC
ACCT_SYN_000864,CUST_SYN_000864,CHECKING,ACTIVE,USD,SYN-BR-005,2023-03-08,217016.00,SG,STANDARD
ACCT_SYN_000865,CUST_SYN_000865,OPERATING,ACTIVE,EUR,SYN-BR-006,2023-03-07,224935.00,US,PRIORITY
ACCT_SYN_000866,CUST_SYN_000866,SETTLEMENT,ACTIVE,GBP,SYN-BR-007,2023-03-06,232854.00,GB,STRATEGIC
ACCT_SYN_000867,CUST_SYN_000867,CHECKING,ACTIVE,USD,SYN-BR-008,2023-03-05,240773.00,DE,STANDARD
ACCT_SYN_000868,CUST_SYN_000868,OPERATING,ACTIVE,EUR,SYN-BR-009,2023-03-04,248692.00,SG,PRIORITY
ACCT_SYN_000869,CUST_SYN_000869,SETTLEMENT,ACTIVE,GBP,SYN-BR-010,2023-03-03,256611.00,US,STRATEGIC
ACCT_SYN_000870,CUST_SYN_000870,CHECKING,ACTIVE,USD,SYN-BR-011,2023-03-02,264530.00,GB,STANDARD
ACCT_SYN_000871,CUST_SYN_000871,OPERATING,ACTIVE,EUR,SYN-BR-012,2023-03-01,272449.00,DE,PRIORITY
ACCT_SYN_000872,CUST_SYN_000872,SETTLEMENT,ACTIVE,GBP,SYN-BR-013,2023-02-28,280368.00,SG,STRATEGIC
ACCT_SYN_000873,CUST_SYN_000873,CHECKING,ACTIVE,USD,SYN-BR-014,2023-02-27,288287.00,US,STANDARD
ACCT_SYN_000874,CUST_SYN_000874,OPERATING,ACTIVE,EUR,SYN-BR-015,2023-02-26,296206.00,GB,PRIORITY
ACCT_SYN_000875,CUST_SYN_000875,SETTLEMENT,ACTIVE,GBP,SYN-BR-016,2023-02-25,304125.00,DE,STRATEGIC
ACCT_SYN_000876,CUST_SYN_000876,CHECKING,ACTIVE,USD,SYN-BR-017,2023-02-24,312044.00,SG,STANDARD
ACCT_SYN_000877,CUST_SYN_000877,OPERATING,ACTIVE,EUR,SYN-BR-018,2023-02-23,319963.00,US,PRIORITY
ACCT_SYN_000878,CUST_SYN_000878,SETTLEMENT,ACTIVE,GBP,SYN-BR-019,2023-02-22,327882.00,GB,STRATEGIC
ACCT_SYN_000879,CUST_SYN_000879,CHECKING,ACTIVE,USD,SYN-BR-020,2023-02-21,335801.00,DE,STANDARD
ACCT_SYN_000880,CUST_SYN_000880,OPERATING,ACTIVE,EUR,SYN-BR-001,2023-02-20,343720.00,SG,PRIORITY
ACCT_SYN_000881,CUST_SYN_000881,SETTLEMENT,ACTIVE,GBP,SYN-BR-002,2023-02-19,351639.00,US,STRATEGIC
ACCT_SYN_000882,CUST_SYN_000882,CHECKING,ACTIVE,USD,SYN-BR-003,2023-02-18,359558.00,GB,STANDARD
ACCT_SYN_000883,CUST_SYN_000883,OPERATING,ACTIVE,EUR,SYN-BR-004,2023-02-17,367477.00,DE,PRIORITY
ACCT_SYN_000884,CUST_SYN_000884,SETTLEMENT,ACTIVE,GBP,SYN-BR-005,2023-02-16,375396.00,SG,STRATEGIC
ACCT_SYN_000885,CUST_SYN_000885,CHECKING,ACTIVE,USD,SYN-BR-006,2023-02-15,383315.00,US,STANDARD
ACCT_SYN_000886,CUST_SYN_000886,OPERATING,ACTIVE,EUR,SYN-BR-007,2023-02-14,391234.00,GB,PRIORITY
ACCT_SYN_000887,CUST_SYN_000887,SETTLEMENT,ACTIVE,GBP,SYN-BR-008,2023-02-13,399153.00,DE,STRATEGIC
ACCT_SYN_000888,CUST_SYN_000888,CHECKING,ACTIVE,USD,SYN-BR-009,2023-02-12,407072.00,SG,STANDARD
ACCT_SYN_000889,CUST_SYN_000889,OPERATING,ACTIVE,EUR,SYN-BR-010,2023-02-11,414991.00,US,PRIORITY
ACCT_SYN_000890,CUST_SYN_000890,SETTLEMENT,ACTIVE,GBP,SYN-BR-011,2023-02-10,422910.00,GB,STRATEGIC
ACCT_SYN_000891,CUST_SYN_000891,CHECKING,ACTIVE,USD,SYN-BR-012,2023-02-09,430829.00,DE,STANDARD
ACCT_SYN_000892,CUST_SYN_000892,OPERATING,ACTIVE,EUR,SYN-BR-013,2023-02-08,438748.00,SG,PRIORITY
ACCT_SYN_000893,CUST_SYN_000893,SETTLEMENT,ACTIVE,GBP,SYN-BR-014,2023-02-07,446667.00,US,STRATEGIC
ACCT_SYN_000894,CUST_SYN_000894,CHECKING,ACTIVE,USD,SYN-BR-015,2023-02-06,454586.00,GB,STANDARD
ACCT_SYN_000895,CUST_SYN_000895,OPERATING,ACTIVE,EUR,SYN-BR-016,2023-02-05,462505.00,DE,PRIORITY
ACCT_SYN_000896,CUST_SYN_000896,SETTLEMENT,ACTIVE,GBP,SYN-BR-017,2023-02-04,470424.00,SG,STRATEGIC
ACCT_SYN_000897,CUST_SYN_000897,CHECKING,ACTIVE,USD,SYN-BR-018,2023-02-03,478343.00,US,STANDARD
ACCT_SYN_000898,CUST_SYN_000898,OPERATING,ACTIVE,EUR,SYN-BR-019,2023-02-02,486262.00,GB,PRIORITY
ACCT_SYN_000899,CUST_SYN_000899,SETTLEMENT,ACTIVE,GBP,SYN-BR-020,2023-02-01,494181.00,DE,STRATEGIC
ACCT_SYN_000900,CUST_SYN_000900,CHECKING,ACTIVE,USD,SYN-BR-001,2023-01-31,502100.00,SG,STANDARD
ACCT_SYN_000901,CUST_SYN_000901,OPERATING,ACTIVE,EUR,SYN-BR-002,2023-01-30,510019.00,US,PRIORITY
ACCT_SYN_000902,CUST_SYN_000902,SETTLEMENT,ACTIVE,GBP,SYN-BR-003,2023-01-29,517938.00,GB,STRATEGIC
ACCT_SYN_000903,CUST_SYN_000903,CHECKING,ACTIVE,USD,SYN-BR-004,2023-01-28,525857.00,DE,STANDARD
ACCT_SYN_000904,CUST_SYN_000904,OPERATING,ACTIVE,EUR,SYN-BR-005,2023-01-27,533776.00,SG,PRIORITY
ACCT_SYN_000905,CUST_SYN_000905,SETTLEMENT,ACTIVE,GBP,SYN-BR-006,2023-01-26,541695.00,US,STRATEGIC
ACCT_SYN_000906,CUST_SYN_000906,CHECKING,ACTIVE,USD,SYN-BR-007,2023-01-25,549614.00,GB,STANDARD
ACCT_SYN_000907,CUST_SYN_000907,OPERATING,ACTIVE,EUR,SYN-BR-008,2023-01-24,557533.00,DE,PRIORITY
ACCT_SYN_000908,CUST_SYN_000908,SETTLEMENT,ACTIVE,GBP,SYN-BR-009,2023-01-23,565452.00,SG,STRATEGIC
ACCT_SYN_000909,CUST_SYN_000909,CHECKING,ACTIVE,USD,SYN-BR-010,2023-01-22,573371.00,US,STANDARD
ACCT_SYN_000910,CUST_SYN_000910,OPERATING,ACTIVE,EUR,SYN-BR-011,2023-01-21,581290.00,GB,PRIORITY
ACCT_SYN_000911,CUST_SYN_000911,SETTLEMENT,ACTIVE,GBP,SYN-BR-012,2023-01-20,589209.00,DE,STRATEGIC
ACCT_SYN_000912,CUST_SYN_000912,CHECKING,ACTIVE,USD,SYN-BR-013,2023-01-19,597128.00,SG,STANDARD
ACCT_SYN_000913,CUST_SYN_000913,OPERATING,ACTIVE,EUR,SYN-BR-014,2023-01-18,605047.00,US,PRIORITY
ACCT_SYN_000914,CUST_SYN_000914,SETTLEMENT,ACTIVE,GBP,SYN-BR-015,2023-01-17,612966.00,GB,STRATEGIC
ACCT_SYN_000915,CUST_SYN_000915,CHECKING,ACTIVE,USD,SYN-BR-016,2023-01-16,620885.00,DE,STANDARD
ACCT_SYN_000916,CUST_SYN_000916,OPERATING,ACTIVE,EUR,SYN-BR-017,2023-01-15,628804.00,SG,PRIORITY
ACCT_SYN_000917,CUST_SYN_000917,SETTLEMENT,ACTIVE,GBP,SYN-BR-018,2023-01-14,636723.00,US,STRATEGIC
ACCT_SYN_000918,CUST_SYN_000918,CHECKING,ACTIVE,USD,SYN-BR-019,2023-01-13,644642.00,GB,STANDARD
ACCT_SYN_000919,CUST_SYN_000919,OPERATING,ACTIVE,EUR,SYN-BR-020,2023-01-12,652561.00,DE,PRIORITY
ACCT_SYN_000920,CUST_SYN_000920,SETTLEMENT,ACTIVE,GBP,SYN-BR-001,2023-01-11,660480.00,SG,STRATEGIC
ACCT_SYN_000921,CUST_SYN_000921,CHECKING,ACTIVE,USD,SYN-BR-002,2023-01-10,668399.00,US,STANDARD
ACCT_SYN_000922,CUST_SYN_000922,OPERATING,ACTIVE,EUR,SYN-BR-003,2023-01-09,676318.00,GB,PRIORITY
ACCT_SYN_000923,CUST_SYN_000923,SETTLEMENT,ACTIVE,GBP,SYN-BR-004,2023-01-08,684237.00,DE,STRATEGIC
ACCT_SYN_000924,CUST_SYN_000924,CHECKING,ACTIVE,USD,SYN-BR-005,2023-01-07,692156.00,SG,STANDARD
ACCT_SYN_000925,CUST_SYN_000925,OPERATING,ACTIVE,EUR,SYN-BR-006,2023-01-06,700075.00,US,PRIORITY
ACCT_SYN_000926,CUST_SYN_000926,SETTLEMENT,ACTIVE,GBP,SYN-BR-007,2023-01-05,707994.00,GB,STRATEGIC
ACCT_SYN_000927,CUST_SYN_000927,CHECKING,ACTIVE,USD,SYN-BR-008,2023-01-04,715913.00,DE,STANDARD
ACCT_SYN_000928,CUST_SYN_000928,OPERATING,ACTIVE,EUR,SYN-BR-009,2023-01-03,723832.00,SG,PRIORITY
ACCT_SYN_000929,CUST_SYN_000929,SETTLEMENT,ACTIVE,GBP,SYN-BR-010,2023-01-02,731751.00,US,STRATEGIC
ACCT_SYN_000930,CUST_SYN_000930,CHECKING,ACTIVE,USD,SYN-BR-011,2023-01-01,739670.00,GB,STANDARD
ACCT_SYN_000931,CUST_SYN_000931,OPERATING,ACTIVE,EUR,SYN-BR-012,2022-12-31,747589.00,DE,PRIORITY
ACCT_SYN_000932,CUST_SYN_000932,SETTLEMENT,ACTIVE,GBP,SYN-BR-013,2022-12-30,755508.00,SG,STRATEGIC
ACCT_SYN_000933,CUST_SYN_000933,CHECKING,ACTIVE,USD,SYN-BR-014,2022-12-29,763427.00,US,STANDARD
ACCT_SYN_000934,CUST_SYN_000934,OPERATING,ACTIVE,EUR,SYN-BR-015,2022-12-28,771346.00,GB,PRIORITY
ACCT_SYN_000935,CUST_SYN_000935,SETTLEMENT,ACTIVE,GBP,SYN-BR-016,2022-12-27,779265.00,DE,STRATEGIC
ACCT_SYN_000936,CUST_SYN_000936,CHECKING,ACTIVE,USD,SYN-BR-017,2022-12-26,787184.00,SG,STANDARD
ACCT_SYN_000937,CUST_SYN_000937,OPERATING,ACTIVE,EUR,SYN-BR-018,2022-12-25,795103.00,US,PRIORITY
ACCT_SYN_000938,CUST_SYN_000938,SETTLEMENT,ACTIVE,GBP,SYN-BR-019,2022-12-24,803022.00,GB,STRATEGIC
ACCT_SYN_000939,CUST_SYN_000939,CHECKING,ACTIVE,USD,SYN-BR-020,2022-12-23,810941.00,DE,STANDARD
ACCT_SYN_000940,CUST_SYN_000940,OPERATING,ACTIVE,EUR,SYN-BR-001,2022-12-22,818860.00,SG,PRIORITY
ACCT_SYN_000941,CUST_SYN_000941,SETTLEMENT,ACTIVE,GBP,SYN-BR-002,2022-12-21,826779.00,US,STRATEGIC
ACCT_SYN_000942,CUST_SYN_000942,CHECKING,ACTIVE,USD,SYN-BR-003,2022-12-20,834698.00,GB,STANDARD
ACCT_SYN_000943,CUST_SYN_000943,OPERATING,ACTIVE,EUR,SYN-BR-004,2022-12-19,842617.00,DE,PRIORITY
ACCT_SYN_000944,CUST_SYN_000944,SETTLEMENT,ACTIVE,GBP,SYN-BR-005,2022-12-18,850536.00,SG,STRATEGIC
ACCT_SYN_000945,CUST_SYN_000945,CHECKING,ACTIVE,USD,SYN-BR-006,2022-12-17,858455.00,US,STANDARD
ACCT_SYN_000946,CUST_SYN_000946,OPERATING,ACTIVE,EUR,SYN-BR-007,2022-12-16,866374.00,GB,PRIORITY
ACCT_SYN_000947,CUST_SYN_000947,SETTLEMENT,ACTIVE,GBP,SYN-BR-008,2022-12-15,874293.00,DE,STRATEGIC
ACCT_SYN_000948,CUST_SYN_000948,CHECKING,ACTIVE,USD,SYN-BR-009,2022-12-14,882212.00,SG,STANDARD
ACCT_SYN_000949,CUST_SYN_000949,OPERATING,ACTIVE,EUR,SYN-BR-010,2022-12-13,890131.00,US,PRIORITY
ACCT_SYN_000950,CUST_SYN_000950,SETTLEMENT,ACTIVE,GBP,SYN-BR-011,2022-12-12,898050.00,GB,STRATEGIC
ACCT_SYN_000951,CUST_SYN_000951,CHECKING,ACTIVE,USD,SYN-BR-012,2022-12-11,905969.00,DE,STANDARD
ACCT_SYN_000952,CUST_SYN_000952,OPERATING,ACTIVE,EUR,SYN-BR-013,2022-12-10,913888.00,SG,PRIORITY
ACCT_SYN_000953,CUST_SYN_000953,SETTLEMENT,ACTIVE,GBP,SYN-BR-014,2022-12-09,921807.00,US,STRATEGIC
ACCT_SYN_000954,CUST_SYN_000954,CHECKING,ACTIVE,USD,SYN-BR-015,2022-12-08,929726.00,GB,STANDARD
ACCT_SYN_000955,CUST_SYN_000955,OPERATING,ACTIVE,EUR,SYN-BR-016,2022-12-07,937645.00,DE,PRIORITY
ACCT_SYN_000956,CUST_SYN_000956,SETTLEMENT,ACTIVE,GBP,SYN-BR-017,2022-12-06,945564.00,SG,STRATEGIC
ACCT_SYN_000957,CUST_SYN_000957,CHECKING,ACTIVE,USD,SYN-BR-018,2022-12-05,953483.00,US,STANDARD
ACCT_SYN_000958,CUST_SYN_000958,OPERATING,ACTIVE,EUR,SYN-BR-019,2022-12-04,961402.00,GB,PRIORITY
ACCT_SYN_000959,CUST_SYN_000959,SETTLEMENT,ACTIVE,GBP,SYN-BR-020,2022-12-03,969321.00,DE,STRATEGIC
ACCT_SYN_000960,CUST_SYN_000960,CHECKING,ACTIVE,USD,SYN-BR-001,2022-12-02,27240.00,SG,STANDARD
ACCT_SYN_000961,CUST_SYN_000961,OPERATING,ACTIVE,EUR,SYN-BR-002,2022-12-01,35159.00,US,PRIORITY
ACCT_SYN_000962,CUST_SYN_000962,SETTLEMENT,ACTIVE,GBP,SYN-BR-003,2022-11-30,43078.00,GB,STRATEGIC
ACCT_SYN_000963,CUST_SYN_000963,CHECKING,ACTIVE,USD,SYN-BR-004,2022-11-29,50997.00,DE,STANDARD
ACCT_SYN_000964,CUST_SYN_000964,OPERATING,ACTIVE,EUR,SYN-BR-005,2022-11-28,58916.00,SG,PRIORITY
ACCT_SYN_000965,CUST_SYN_000965,SETTLEMENT,ACTIVE,GBP,SYN-BR-006,2022-11-27,66835.00,US,STRATEGIC
ACCT_SYN_000966,CUST_SYN_000966,CHECKING,ACTIVE,USD,SYN-BR-007,2022-11-26,74754.00,GB,STANDARD
ACCT_SYN_000967,CUST_SYN_000967,OPERATING,ACTIVE,EUR,SYN-BR-008,2022-11-25,82673.00,DE,PRIORITY
ACCT_SYN_000968,CUST_SYN_000968,SETTLEMENT,ACTIVE,GBP,SYN-BR-009,2022-11-24,90592.00,SG,STRATEGIC
ACCT_SYN_000969,CUST_SYN_000969,CHECKING,ACTIVE,USD,SYN-BR-010,2022-11-23,98511.00,US,STANDARD
ACCT_SYN_000970,CUST_SYN_000970,OPERATING,ACTIVE,EUR,SYN-BR-011,2022-11-22,106430.00,GB,PRIORITY
ACCT_SYN_000971,CUST_SYN_000971,SETTLEMENT,ACTIVE,GBP,SYN-BR-012,2022-11-21,114349.00,DE,STRATEGIC
ACCT_SYN_000972,CUST_SYN_000972,CHECKING,ACTIVE,USD,SYN-BR-013,2022-11-20,122268.00,SG,STANDARD
ACCT_SYN_000973,CUST_SYN_000973,OPERATING,ACTIVE,EUR,SYN-BR-014,2022-11-19,130187.00,US,PRIORITY
ACCT_SYN_000974,CUST_SYN_000974,SETTLEMENT,ACTIVE,GBP,SYN-BR-015,2022-11-18,138106.00,GB,STRATEGIC
ACCT_SYN_000975,CUST_SYN_000975,CHECKING,ACTIVE,USD,SYN-BR-016,2022-11-17,146025.00,DE,STANDARD
ACCT_SYN_000976,CUST_SYN_000976,OPERATING,ACTIVE,EUR,SYN-BR-017,2022-11-16,153944.00,SG,PRIORITY
ACCT_SYN_000977,CUST_SYN_000977,SETTLEMENT,ACTIVE,GBP,SYN-BR-018,2022-11-15,161863.00,US,STRATEGIC
ACCT_SYN_000978,CUST_SYN_000978,CHECKING,ACTIVE,USD,SYN-BR-019,2022-11-14,169782.00,GB,STANDARD
ACCT_SYN_000979,CUST_SYN_000979,OPERATING,ACTIVE,EUR,SYN-BR-020,2022-11-13,177701.00,DE,PRIORITY
ACCT_SYN_000980,CUST_SYN_000980,SETTLEMENT,ACTIVE,GBP,SYN-BR-001,2022-11-12,185620.00,SG,STRATEGIC
ACCT_SYN_000981,CUST_SYN_000981,CHECKING,ACTIVE,USD,SYN-BR-002,2022-11-11,193539.00,US,STANDARD
ACCT_SYN_000982,CUST_SYN_000982,OPERATING,ACTIVE,EUR,SYN-BR-003,2022-11-10,201458.00,GB,PRIORITY
ACCT_SYN_000983,CUST_SYN_000983,SETTLEMENT,ACTIVE,GBP,SYN-BR-004,2022-11-09,209377.00,DE,STRATEGIC
ACCT_SYN_000984,CUST_SYN_000984,CHECKING,ACTIVE,USD,SYN-BR-005,2022-11-08,217296.00,SG,STANDARD
ACCT_SYN_000985,CUST_SYN_000985,OPERATING,ACTIVE,EUR,SYN-BR-006,2022-11-07,225215.00,US,PRIORITY
ACCT_SYN_000986,CUST_SYN_000986,SETTLEMENT,ACTIVE,GBP,SYN-BR-007,2022-11-06,233134.00,GB,STRATEGIC
ACCT_SYN_000987,CUST_SYN_000987,CHECKING,ACTIVE,USD,SYN-BR-008,2022-11-05,241053.00,DE,STANDARD
ACCT_SYN_000988,CUST_SYN_000988,OPERATING,ACTIVE,EUR,SYN-BR-009,2022-11-04,248972.00,SG,PRIORITY
ACCT_SYN_000989,CUST_SYN_000989,SETTLEMENT,ACTIVE,GBP,SYN-BR-010,2022-11-03,256891.00,US,STRATEGIC
ACCT_SYN_000990,CUST_SYN_000990,CHECKING,ACTIVE,USD,SYN-BR-011,2022-11-02,264810.00,GB,STANDARD
ACCT_SYN_000991,CUST_SYN_000991,OPERATING,ACTIVE,EUR,SYN-BR-012,2022-11-01,272729.00,DE,PRIORITY
ACCT_SYN_000992,CUST_SYN_000992,SETTLEMENT,ACTIVE,GBP,SYN-BR-013,2022-10-31,280648.00,SG,STRATEGIC
ACCT_SYN_000993,CUST_SYN_000993,CHECKING,ACTIVE,USD,SYN-BR-014,2022-10-30,288567.00,US,STANDARD
ACCT_SYN_000994,CUST_SYN_000994,OPERATING,ACTIVE,EUR,SYN-BR-015,2022-10-29,296486.00,GB,PRIORITY
ACCT_SYN_000995,CUST_SYN_000995,SETTLEMENT,ACTIVE,GBP,SYN-BR-016,2022-10-28,304405.00,DE,STRATEGIC
ACCT_SYN_000996,CUST_SYN_000996,CHECKING,ACTIVE,USD,SYN-BR-017,2022-10-27,312324.00,SG,STANDARD
ACCT_SYN_000997,CUST_SYN_000997,OPERATING,ACTIVE,EUR,SYN-BR-018,2022-10-26,320243.00,US,PRIORITY
ACCT_SYN_000998,CUST_SYN_000998,SETTLEMENT,ACTIVE,GBP,SYN-BR-019,2022-10-25,328162.00,GB,STRATEGIC
ACCT_SYN_000999,CUST_SYN_000999,CHECKING,ACTIVE,USD,SYN-BR-020,2022-10-24,336081.00,DE,STANDARD
ACCT_SYN_001000,CUST_SYN_001000,OPERATING,ACTIVE,EUR,SYN-BR-001,2022-10-23,344000.00,SG,PRIORITY
ACCT_SYN_001001,CUST_DEMO_001,SETTLEMENT,ACTIVE,GBP,SYN-BR-002,2022-10-22,351919.00,US,STRATEGIC
ACCT_SYN_001002,CUST_SYN_000002,CHECKING,ACTIVE,USD,SYN-BR-003,2022-10-21,359838.00,GB,STANDARD
ACCT_SYN_001003,CUST_SYN_000003,OPERATING,ACTIVE,EUR,SYN-BR-004,2022-10-20,367757.00,DE,PRIORITY
ACCT_SYN_001004,CUST_SYN_000004,SETTLEMENT,ACTIVE,GBP,SYN-BR-005,2022-10-19,375676.00,SG,STRATEGIC
ACCT_SYN_001005,CUST_SYN_000005,CHECKING,ACTIVE,USD,SYN-BR-006,2022-10-18,383595.00,US,STANDARD
ACCT_SYN_001006,CUST_SYN_000006,OPERATING,ACTIVE,EUR,SYN-BR-007,2022-10-17,391514.00,GB,PRIORITY
ACCT_SYN_001007,CUST_SYN_000007,SETTLEMENT,ACTIVE,GBP,SYN-BR-008,2022-10-16,399433.00,DE,STRATEGIC
ACCT_SYN_001008,CUST_SYN_000008,CHECKING,ACTIVE,USD,SYN-BR-009,2022-10-15,407352.00,SG,STANDARD
ACCT_SYN_001009,CUST_SYN_000009,OPERATING,ACTIVE,EUR,SYN-BR-010,2022-10-14,415271.00,US,PRIORITY
ACCT_SYN_001010,CUST_SYN_000010,SETTLEMENT,ACTIVE,GBP,SYN-BR-011,2022-10-13,423190.00,GB,STRATEGIC
ACCT_SYN_001011,CUST_SYN_000011,CHECKING,ACTIVE,USD,SYN-BR-012,2022-10-12,431109.00,DE,STANDARD
ACCT_SYN_001012,CUST_SYN_000012,OPERATING,ACTIVE,EUR,SYN-BR-013,2022-10-11,439028.00,SG,PRIORITY
ACCT_SYN_001013,CUST_SYN_000013,SETTLEMENT,ACTIVE,GBP,SYN-BR-014,2022-10-10,446947.00,US,STRATEGIC
ACCT_SYN_001014,CUST_SYN_000014,CHECKING,ACTIVE,USD,SYN-BR-015,2022-10-09,454866.00,GB,STANDARD
ACCT_SYN_001015,CUST_SYN_000015,OPERATING,ACTIVE,EUR,SYN-BR-016,2022-10-08,462785.00,DE,PRIORITY
ACCT_SYN_001016,CUST_SYN_000016,SETTLEMENT,ACTIVE,GBP,SYN-BR-017,2022-10-07,470704.00,SG,STRATEGIC
ACCT_SYN_001017,CUST_SYN_000017,CHECKING,ACTIVE,USD,SYN-BR-018,2022-10-06,478623.00,US,STANDARD
ACCT_SYN_001018,CUST_SYN_000018,OPERATING,ACTIVE,EUR,SYN-BR-019,2022-10-05,486542.00,GB,PRIORITY
ACCT_SYN_001019,CUST_SYN_000019,SETTLEMENT,ACTIVE,GBP,SYN-BR-020,2022-10-04,494461.00,DE,STRATEGIC
ACCT_SYN_001020,CUST_SYN_000020,CHECKING,ACTIVE,USD,SYN-BR-001,2022-10-03,502380.00,SG,STANDARD
ACCT_SYN_001021,CUST_SYN_000021,OPERATING,ACTIVE,EUR,SYN-BR-002,2022-10-02,510299.00,US,PRIORITY
ACCT_SYN_001022,CUST_SYN_000022,SETTLEMENT,ACTIVE,GBP,SYN-BR-003,2022-10-01,518218.00,GB,STRATEGIC
ACCT_SYN_001023,CUST_SYN_000023,CHECKING,ACTIVE,USD,SYN-BR-004,2022-09-30,526137.00,DE,STANDARD
ACCT_SYN_001024,CUST_SYN_000024,OPERATING,ACTIVE,EUR,SYN-BR-005,2022-09-29,534056.00,SG,PRIORITY
ACCT_SYN_001025,CUST_SYN_000025,SETTLEMENT,ACTIVE,GBP,SYN-BR-006,2022-09-28,541975.00,US,STRATEGIC
ACCT_SYN_001026,CUST_SYN_000026,CHECKING,ACTIVE,USD,SYN-BR-007,2022-09-27,549894.00,GB,STANDARD
ACCT_SYN_001027,CUST_SYN_000027,OPERATING,ACTIVE,EUR,SYN-BR-008,2022-09-26,557813.00,DE,PRIORITY
ACCT_SYN_001028,CUST_SYN_000028,SETTLEMENT,ACTIVE,GBP,SYN-BR-009,2022-09-25,565732.00,SG,STRATEGIC
ACCT_SYN_001029,CUST_SYN_000029,CHECKING,ACTIVE,USD,SYN-BR-010,2022-09-24,573651.00,US,STANDARD
ACCT_SYN_001030,CUST_SYN_000030,OPERATING,ACTIVE,EUR,SYN-BR-011,2022-09-23,581570.00,GB,PRIORITY
ACCT_SYN_001031,CUST_SYN_000031,SETTLEMENT,ACTIVE,GBP,SYN-BR-012,2022-09-22,589489.00,DE,STRATEGIC
ACCT_SYN_001032,CUST_SYN_000032,CHECKING,ACTIVE,USD,SYN-BR-013,2022-09-21,597408.00,SG,STANDARD
ACCT_SYN_001033,CUST_SYN_000033,OPERATING,ACTIVE,EUR,SYN-BR-014,2022-09-20,605327.00,US,PRIORITY
ACCT_SYN_001034,CUST_SYN_000034,SETTLEMENT,ACTIVE,GBP,SYN-BR-015,2022-09-19,613246.00,GB,STRATEGIC
ACCT_SYN_001035,CUST_SYN_000035,CHECKING,ACTIVE,USD,SYN-BR-016,2022-09-18,621165.00,DE,STANDARD
ACCT_SYN_001036,CUST_SYN_000036,OPERATING,ACTIVE,EUR,SYN-BR-017,2022-09-17,629084.00,SG,PRIORITY
ACCT_SYN_001037,CUST_SYN_000037,SETTLEMENT,ACTIVE,GBP,SYN-BR-018,2022-09-16,637003.00,US,STRATEGIC
ACCT_SYN_001038,CUST_SYN_000038,CHECKING,ACTIVE,USD,SYN-BR-019,2022-09-15,644922.00,GB,STANDARD
ACCT_SYN_001039,CUST_SYN_000039,OPERATING,ACTIVE,EUR,SYN-BR-020,2022-09-14,652841.00,DE,PRIORITY
ACCT_SYN_001040,CUST_SYN_000040,SETTLEMENT,ACTIVE,GBP,SYN-BR-001,2022-09-13,660760.00,SG,STRATEGIC
ACCT_SYN_001041,CUST_SYN_000041,CHECKING,ACTIVE,USD,SYN-BR-002,2022-09-12,668679.00,US,STANDARD
ACCT_SYN_001042,CUST_SYN_000042,OPERATING,ACTIVE,EUR,SYN-BR-003,2022-09-11,676598.00,GB,PRIORITY
ACCT_SYN_001043,CUST_SYN_000043,SETTLEMENT,ACTIVE,GBP,SYN-BR-004,2022-09-10,684517.00,DE,STRATEGIC
ACCT_SYN_001044,CUST_SYN_000044,CHECKING,ACTIVE,USD,SYN-BR-005,2022-09-09,692436.00,SG,STANDARD
ACCT_SYN_001045,CUST_SYN_000045,OPERATING,ACTIVE,EUR,SYN-BR-006,2022-09-08,700355.00,US,PRIORITY
ACCT_SYN_001046,CUST_SYN_000046,SETTLEMENT,ACTIVE,GBP,SYN-BR-007,2022-09-07,708274.00,GB,STRATEGIC
ACCT_SYN_001047,CUST_SYN_000047,CHECKING,ACTIVE,USD,SYN-BR-008,2022-09-06,716193.00,DE,STANDARD
ACCT_SYN_001048,CUST_SYN_000048,OPERATING,ACTIVE,EUR,SYN-BR-009,2022-09-05,724112.00,SG,PRIORITY
ACCT_SYN_001049,CUST_SYN_000049,SETTLEMENT,ACTIVE,GBP,SYN-BR-010,2022-09-04,732031.00,US,STRATEGIC
ACCT_SYN_001050,CUST_SYN_000050,CHECKING,ACTIVE,USD,SYN-BR-011,2022-09-03,739950.00,GB,STANDARD
ACCT_SYN_001051,CUST_SYN_000051,OPERATING,ACTIVE,EUR,SYN-BR-012,2022-09-02,747869.00,DE,PRIORITY
ACCT_SYN_001052,CUST_SYN_000052,SETTLEMENT,ACTIVE,GBP,SYN-BR-013,2022-09-01,755788.00,SG,STRATEGIC
ACCT_SYN_001053,CUST_SYN_000053,CHECKING,ACTIVE,USD,SYN-BR-014,2022-08-31,763707.00,US,STANDARD
ACCT_SYN_001054,CUST_SYN_000054,OPERATING,ACTIVE,EUR,SYN-BR-015,2022-08-30,771626.00,GB,PRIORITY
ACCT_SYN_001055,CUST_SYN_000055,SETTLEMENT,ACTIVE,GBP,SYN-BR-016,2022-08-29,779545.00,DE,STRATEGIC
ACCT_SYN_001056,CUST_SYN_000056,CHECKING,ACTIVE,USD,SYN-BR-017,2022-08-28,787464.00,SG,STANDARD
ACCT_SYN_001057,CUST_SYN_000057,OPERATING,ACTIVE,EUR,SYN-BR-018,2022-08-27,795383.00,US,PRIORITY
ACCT_SYN_001058,CUST_SYN_000058,SETTLEMENT,ACTIVE,GBP,SYN-BR-019,2022-08-26,803302.00,GB,STRATEGIC
ACCT_SYN_001059,CUST_SYN_000059,CHECKING,ACTIVE,USD,SYN-BR-020,2022-08-25,811221.00,DE,STANDARD
ACCT_SYN_001060,CUST_SYN_000060,OPERATING,ACTIVE,EUR,SYN-BR-001,2022-08-24,819140.00,SG,PRIORITY
ACCT_SYN_001061,CUST_SYN_000061,SETTLEMENT,ACTIVE,GBP,SYN-BR-002,2022-08-23,827059.00,US,STRATEGIC
ACCT_SYN_001062,CUST_SYN_000062,CHECKING,ACTIVE,USD,SYN-BR-003,2022-08-22,834978.00,GB,STANDARD
ACCT_SYN_001063,CUST_SYN_000063,OPERATING,ACTIVE,EUR,SYN-BR-004,2022-08-21,842897.00,DE,PRIORITY
ACCT_SYN_001064,CUST_SYN_000064,SETTLEMENT,ACTIVE,GBP,SYN-BR-005,2022-08-20,850816.00,SG,STRATEGIC
ACCT_SYN_001065,CUST_SYN_000065,CHECKING,ACTIVE,USD,SYN-BR-006,2022-08-19,858735.00,US,STANDARD
ACCT_SYN_001066,CUST_SYN_000066,OPERATING,ACTIVE,EUR,SYN-BR-007,2022-08-18,866654.00,GB,PRIORITY
ACCT_SYN_001067,CUST_SYN_000067,SETTLEMENT,ACTIVE,GBP,SYN-BR-008,2022-08-17,874573.00,DE,STRATEGIC
ACCT_SYN_001068,CUST_SYN_000068,CHECKING,ACTIVE,USD,SYN-BR-009,2022-08-16,882492.00,SG,STANDARD
ACCT_SYN_001069,CUST_SYN_000069,OPERATING,ACTIVE,EUR,SYN-BR-010,2022-08-15,890411.00,US,PRIORITY
ACCT_SYN_001070,CUST_SYN_000070,SETTLEMENT,ACTIVE,GBP,SYN-BR-011,2022-08-14,898330.00,GB,STRATEGIC
ACCT_SYN_001071,CUST_SYN_000071,CHECKING,ACTIVE,USD,SYN-BR-012,2022-08-13,906249.00,DE,STANDARD
ACCT_SYN_001072,CUST_SYN_000072,OPERATING,ACTIVE,EUR,SYN-BR-013,2022-08-12,914168.00,SG,PRIORITY
ACCT_SYN_001073,CUST_SYN_000073,SETTLEMENT,ACTIVE,GBP,SYN-BR-014,2022-08-11,922087.00,US,STRATEGIC
ACCT_SYN_001074,CUST_SYN_000074,CHECKING,ACTIVE,USD,SYN-BR-015,2022-08-10,930006.00,GB,STANDARD
ACCT_SYN_001075,CUST_SYN_000075,OPERATING,ACTIVE,EUR,SYN-BR-016,2022-08-09,937925.00,DE,PRIORITY
ACCT_SYN_001076,CUST_SYN_000076,SETTLEMENT,ACTIVE,GBP,SYN-BR-017,2022-08-08,945844.00,SG,STRATEGIC
ACCT_SYN_001077,CUST_SYN_000077,CHECKING,ACTIVE,USD,SYN-BR-018,2022-08-07,953763.00,US,STANDARD
ACCT_SYN_001078,CUST_SYN_000078,OPERATING,ACTIVE,EUR,SYN-BR-019,2022-08-06,961682.00,GB,PRIORITY
ACCT_SYN_001079,CUST_SYN_000079,SETTLEMENT,ACTIVE,GBP,SYN-BR-020,2022-08-05,969601.00,DE,STRATEGIC
ACCT_SYN_001080,CUST_SYN_000080,CHECKING,ACTIVE,USD,SYN-BR-001,2022-08-04,27520.00,SG,STANDARD
ACCT_SYN_001081,CUST_SYN_000081,OPERATING,ACTIVE,EUR,SYN-BR-002,2022-08-03,35439.00,US,PRIORITY
ACCT_SYN_001082,CUST_SYN_000082,SETTLEMENT,ACTIVE,GBP,SYN-BR-003,2022-08-02,43358.00,GB,STRATEGIC
ACCT_SYN_001083,CUST_SYN_000083,CHECKING,ACTIVE,USD,SYN-BR-004,2022-08-01,51277.00,DE,STANDARD
ACCT_SYN_001084,CUST_SYN_000084,OPERATING,ACTIVE,EUR,SYN-BR-005,2022-07-31,59196.00,SG,PRIORITY
ACCT_SYN_001085,CUST_SYN_000085,SETTLEMENT,ACTIVE,GBP,SYN-BR-006,2022-07-30,67115.00,US,STRATEGIC
ACCT_SYN_001086,CUST_SYN_000086,CHECKING,ACTIVE,USD,SYN-BR-007,2022-07-29,75034.00,GB,STANDARD
ACCT_SYN_001087,CUST_SYN_000087,OPERATING,ACTIVE,EUR,SYN-BR-008,2022-07-28,82953.00,DE,PRIORITY
ACCT_SYN_001088,CUST_SYN_000088,SETTLEMENT,ACTIVE,GBP,SYN-BR-009,2022-07-27,90872.00,SG,STRATEGIC
ACCT_SYN_001089,CUST_SYN_000089,CHECKING,ACTIVE,USD,SYN-BR-010,2022-07-26,98791.00,US,STANDARD
ACCT_SYN_001090,CUST_SYN_000090,OPERATING,ACTIVE,EUR,SYN-BR-011,2022-07-25,106710.00,GB,PRIORITY
ACCT_SYN_001091,CUST_SYN_000091,SETTLEMENT,ACTIVE,GBP,SYN-BR-012,2022-07-24,114629.00,DE,STRATEGIC
ACCT_SYN_001092,CUST_SYN_000092,CHECKING,ACTIVE,USD,SYN-BR-013,2022-07-23,122548.00,SG,STANDARD
ACCT_SYN_001093,CUST_SYN_000093,OPERATING,ACTIVE,EUR,SYN-BR-014,2022-07-22,130467.00,US,PRIORITY
ACCT_SYN_001094,CUST_SYN_000094,SETTLEMENT,ACTIVE,GBP,SYN-BR-015,2022-07-21,138386.00,GB,STRATEGIC
ACCT_SYN_001095,CUST_SYN_000095,CHECKING,ACTIVE,USD,SYN-BR-016,2022-07-20,146305.00,DE,STANDARD
ACCT_SYN_001096,CUST_SYN_000096,OPERATING,ACTIVE,EUR,SYN-BR-017,2022-07-19,154224.00,SG,PRIORITY
ACCT_SYN_001097,CUST_SYN_000097,SETTLEMENT,ACTIVE,GBP,SYN-BR-018,2022-07-18,162143.00,US,STRATEGIC
ACCT_SYN_001098,CUST_SYN_000098,CHECKING,ACTIVE,USD,SYN-BR-019,2022-07-17,170062.00,GB,STANDARD
ACCT_SYN_001099,CUST_SYN_000099,OPERATING,ACTIVE,EUR,SYN-BR-020,2022-07-16,177981.00,DE,PRIORITY
ACCT_SYN_001100,CUST_SYN_000100,SETTLEMENT,ACTIVE,GBP,SYN-BR-001,2022-07-15,185900.00,SG,STRATEGIC
ACCT_SYN_001101,CUST_SYN_000101,CHECKING,ACTIVE,USD,SYN-BR-002,2022-07-14,193819.00,US,STANDARD
ACCT_SYN_001102,CUST_SYN_000102,OPERATING,ACTIVE,EUR,SYN-BR-003,2022-07-13,201738.00,GB,PRIORITY
ACCT_SYN_001103,CUST_SYN_000103,SETTLEMENT,ACTIVE,GBP,SYN-BR-004,2022-07-12,209657.00,DE,STRATEGIC
ACCT_SYN_001104,CUST_SYN_000104,CHECKING,ACTIVE,USD,SYN-BR-005,2022-07-11,217576.00,SG,STANDARD
ACCT_SYN_001105,CUST_SYN_000105,OPERATING,ACTIVE,EUR,SYN-BR-006,2022-07-10,225495.00,US,PRIORITY
ACCT_SYN_001106,CUST_SYN_000106,SETTLEMENT,ACTIVE,GBP,SYN-BR-007,2022-07-09,233414.00,GB,STRATEGIC
ACCT_SYN_001107,CUST_SYN_000107,CHECKING,ACTIVE,USD,SYN-BR-008,2022-07-08,241333.00,DE,STANDARD
ACCT_SYN_001108,CUST_SYN_000108,OPERATING,ACTIVE,EUR,SYN-BR-009,2022-07-07,249252.00,SG,PRIORITY
ACCT_SYN_001109,CUST_SYN_000109,SETTLEMENT,ACTIVE,GBP,SYN-BR-010,2022-07-06,257171.00,US,STRATEGIC
ACCT_SYN_001110,CUST_SYN_000110,CHECKING,ACTIVE,USD,SYN-BR-011,2022-07-05,265090.00,GB,STANDARD
ACCT_SYN_001111,CUST_SYN_000111,OPERATING,ACTIVE,EUR,SYN-BR-012,2022-07-04,273009.00,DE,PRIORITY
ACCT_SYN_001112,CUST_SYN_000112,SETTLEMENT,ACTIVE,GBP,SYN-BR-013,2022-07-03,280928.00,SG,STRATEGIC
ACCT_SYN_001113,CUST_SYN_000113,CHECKING,ACTIVE,USD,SYN-BR-014,2022-07-02,288847.00,US,STANDARD
ACCT_SYN_001114,CUST_SYN_000114,OPERATING,ACTIVE,EUR,SYN-BR-015,2022-07-01,296766.00,GB,PRIORITY
ACCT_SYN_001115,CUST_SYN_000115,SETTLEMENT,ACTIVE,GBP,SYN-BR-016,2022-06-30,304685.00,DE,STRATEGIC
ACCT_SYN_001116,CUST_SYN_000116,CHECKING,ACTIVE,USD,SYN-BR-017,2022-06-29,312604.00,SG,STANDARD
ACCT_SYN_001117,CUST_SYN_000117,OPERATING,ACTIVE,EUR,SYN-BR-018,2022-06-28,320523.00,US,PRIORITY
ACCT_SYN_001118,CUST_SYN_000118,SETTLEMENT,ACTIVE,GBP,SYN-BR-019,2022-06-27,328442.00,GB,STRATEGIC
ACCT_SYN_001119,CUST_SYN_000119,CHECKING,ACTIVE,USD,SYN-BR-020,2022-06-26,336361.00,DE,STANDARD
ACCT_SYN_001120,CUST_SYN_000120,OPERATING,ACTIVE,EUR,SYN-BR-001,2022-06-25,344280.00,SG,PRIORITY
ACCT_SYN_001121,CUST_SYN_000121,SETTLEMENT,ACTIVE,GBP,SYN-BR-002,2022-06-24,352199.00,US,STRATEGIC
ACCT_SYN_001122,CUST_SYN_000122,CHECKING,ACTIVE,USD,SYN-BR-003,2022-06-23,360118.00,GB,STANDARD
ACCT_SYN_001123,CUST_SYN_000123,OPERATING,ACTIVE,EUR,SYN-BR-004,2022-06-22,368037.00,DE,PRIORITY
ACCT_SYN_001124,CUST_SYN_000124,SETTLEMENT,ACTIVE,GBP,SYN-BR-005,2022-06-21,375956.00,SG,STRATEGIC
ACCT_SYN_001125,CUST_SYN_000125,CHECKING,ACTIVE,USD,SYN-BR-006,2022-06-20,383875.00,US,STANDARD
ACCT_SYN_001126,CUST_SYN_000126,OPERATING,ACTIVE,EUR,SYN-BR-007,2022-06-19,391794.00,GB,PRIORITY
ACCT_SYN_001127,CUST_SYN_000127,SETTLEMENT,ACTIVE,GBP,SYN-BR-008,2022-06-18,399713.00,DE,STRATEGIC
ACCT_SYN_001128,CUST_SYN_000128,CHECKING,ACTIVE,USD,SYN-BR-009,2022-06-17,407632.00,SG,STANDARD
ACCT_SYN_001129,CUST_SYN_000129,OPERATING,ACTIVE,EUR,SYN-BR-010,2022-06-16,415551.00,US,PRIORITY
ACCT_SYN_001130,CUST_SYN_000130,SETTLEMENT,ACTIVE,GBP,SYN-BR-011,2022-06-15,423470.00,GB,STRATEGIC
ACCT_SYN_001131,CUST_SYN_000131,CHECKING,ACTIVE,USD,SYN-BR-012,2022-06-14,431389.00,DE,STANDARD
ACCT_SYN_001132,CUST_SYN_000132,OPERATING,ACTIVE,EUR,SYN-BR-013,2022-06-13,439308.00,SG,PRIORITY
ACCT_SYN_001133,CUST_SYN_000133,SETTLEMENT,ACTIVE,GBP,SYN-BR-014,2022-06-12,447227.00,US,STRATEGIC
ACCT_SYN_001134,CUST_SYN_000134,CHECKING,ACTIVE,USD,SYN-BR-015,2022-06-11,455146.00,GB,STANDARD
ACCT_SYN_001135,CUST_SYN_000135,OPERATING,ACTIVE,EUR,SYN-BR-016,2022-06-10,463065.00,DE,PRIORITY
ACCT_SYN_001136,CUST_SYN_000136,SETTLEMENT,ACTIVE,GBP,SYN-BR-017,2022-06-09,470984.00,SG,STRATEGIC
ACCT_SYN_001137,CUST_SYN_000137,CHECKING,ACTIVE,USD,SYN-BR-018,2022-06-08,478903.00,US,STANDARD
ACCT_SYN_001138,CUST_SYN_000138,OPERATING,ACTIVE,EUR,SYN-BR-019,2022-06-07,486822.00,GB,PRIORITY
ACCT_SYN_001139,CUST_SYN_000139,SETTLEMENT,ACTIVE,GBP,SYN-BR-020,2022-06-06,494741.00,DE,STRATEGIC
ACCT_SYN_001140,CUST_SYN_000140,CHECKING,ACTIVE,USD,SYN-BR-001,2022-06-05,502660.00,SG,STANDARD
ACCT_SYN_001141,CUST_SYN_000141,OPERATING,ACTIVE,EUR,SYN-BR-002,2022-06-04,510579.00,US,PRIORITY
ACCT_SYN_001142,CUST_SYN_000142,SETTLEMENT,ACTIVE,GBP,SYN-BR-003,2022-06-03,518498.00,GB,STRATEGIC
ACCT_SYN_001143,CUST_SYN_000143,CHECKING,ACTIVE,USD,SYN-BR-004,2022-06-02,526417.00,DE,STANDARD
ACCT_SYN_001144,CUST_SYN_000144,OPERATING,ACTIVE,EUR,SYN-BR-005,2022-06-01,534336.00,SG,PRIORITY
ACCT_SYN_001145,CUST_SYN_000145,SETTLEMENT,ACTIVE,GBP,SYN-BR-006,2022-05-31,542255.00,US,STRATEGIC
ACCT_SYN_001146,CUST_SYN_000146,CHECKING,ACTIVE,USD,SYN-BR-007,2022-05-30,550174.00,GB,STANDARD
ACCT_SYN_001147,CUST_SYN_000147,OPERATING,ACTIVE,EUR,SYN-BR-008,2022-05-29,558093.00,DE,PRIORITY
ACCT_SYN_001148,CUST_SYN_000148,SETTLEMENT,ACTIVE,GBP,SYN-BR-009,2022-05-28,566012.00,SG,STRATEGIC
ACCT_SYN_001149,CUST_SYN_000149,CHECKING,ACTIVE,USD,SYN-BR-010,2022-05-27,573931.00,US,STANDARD
ACCT_SYN_001150,CUST_SYN_000150,OPERATING,ACTIVE,EUR,SYN-BR-011,2022-05-26,581850.00,GB,PRIORITY
ACCT_SYN_001151,CUST_SYN_000151,SETTLEMENT,ACTIVE,GBP,SYN-BR-012,2022-05-25,589769.00,DE,STRATEGIC
ACCT_SYN_001152,CUST_SYN_000152,CHECKING,ACTIVE,USD,SYN-BR-013,2022-05-24,597688.00,SG,STANDARD
ACCT_SYN_001153,CUST_SYN_000153,OPERATING,ACTIVE,EUR,SYN-BR-014,2022-05-23,605607.00,US,PRIORITY
ACCT_SYN_001154,CUST_SYN_000154,SETTLEMENT,ACTIVE,GBP,SYN-BR-015,2022-05-22,613526.00,GB,STRATEGIC
ACCT_SYN_001155,CUST_SYN_000155,CHECKING,ACTIVE,USD,SYN-BR-016,2022-05-21,621445.00,DE,STANDARD
ACCT_SYN_001156,CUST_SYN_000156,OPERATING,ACTIVE,EUR,SYN-BR-017,2022-05-20,629364.00,SG,PRIORITY
ACCT_SYN_001157,CUST_SYN_000157,SETTLEMENT,ACTIVE,GBP,SYN-BR-018,2022-05-19,637283.00,US,STRATEGIC
ACCT_SYN_001158,CUST_SYN_000158,CHECKING,ACTIVE,USD,SYN-BR-019,2022-05-18,645202.00,GB,STANDARD
ACCT_SYN_001159,CUST_SYN_000159,OPERATING,ACTIVE,EUR,SYN-BR-020,2022-05-17,653121.00,DE,PRIORITY
ACCT_SYN_001160,CUST_SYN_000160,SETTLEMENT,ACTIVE,GBP,SYN-BR-001,2022-05-16,661040.00,SG,STRATEGIC
ACCT_SYN_001161,CUST_SYN_000161,CHECKING,ACTIVE,USD,SYN-BR-002,2022-05-15,668959.00,US,STANDARD
ACCT_SYN_001162,CUST_SYN_000162,OPERATING,ACTIVE,EUR,SYN-BR-003,2022-05-14,676878.00,GB,PRIORITY
ACCT_SYN_001163,CUST_SYN_000163,SETTLEMENT,ACTIVE,GBP,SYN-BR-004,2022-05-13,684797.00,DE,STRATEGIC
ACCT_SYN_001164,CUST_SYN_000164,CHECKING,ACTIVE,USD,SYN-BR-005,2022-05-12,692716.00,SG,STANDARD
ACCT_SYN_001165,CUST_SYN_000165,OPERATING,ACTIVE,EUR,SYN-BR-006,2022-05-11,700635.00,US,PRIORITY
ACCT_SYN_001166,CUST_SYN_000166,SETTLEMENT,ACTIVE,GBP,SYN-BR-007,2022-05-10,708554.00,GB,STRATEGIC
ACCT_SYN_001167,CUST_SYN_000167,CHECKING,ACTIVE,USD,SYN-BR-008,2022-05-09,716473.00,DE,STANDARD
ACCT_SYN_001168,CUST_SYN_000168,OPERATING,ACTIVE,EUR,SYN-BR-009,2022-05-08,724392.00,SG,PRIORITY
ACCT_SYN_001169,CUST_SYN_000169,SETTLEMENT,ACTIVE,GBP,SYN-BR-010,2022-05-07,732311.00,US,STRATEGIC
ACCT_SYN_001170,CUST_SYN_000170,CHECKING,ACTIVE,USD,SYN-BR-011,2022-05-06,740230.00,GB,STANDARD
ACCT_SYN_001171,CUST_SYN_000171,OPERATING,ACTIVE,EUR,SYN-BR-012,2022-05-05,748149.00,DE,PRIORITY
ACCT_SYN_001172,CUST_SYN_000172,SETTLEMENT,ACTIVE,GBP,SYN-BR-013,2022-05-04,756068.00,SG,STRATEGIC
ACCT_SYN_001173,CUST_SYN_000173,CHECKING,ACTIVE,USD,SYN-BR-014,2022-05-03,763987.00,US,STANDARD
ACCT_SYN_001174,CUST_SYN_000174,OPERATING,ACTIVE,EUR,SYN-BR-015,2022-05-02,771906.00,GB,PRIORITY
ACCT_SYN_001175,CUST_SYN_000175,SETTLEMENT,ACTIVE,GBP,SYN-BR-016,2022-05-01,779825.00,DE,STRATEGIC
ACCT_SYN_001176,CUST_SYN_000176,CHECKING,ACTIVE,USD,SYN-BR-017,2022-04-30,787744.00,SG,STANDARD
ACCT_SYN_001177,CUST_SYN_000177,OPERATING,ACTIVE,EUR,SYN-BR-018,2022-04-29,795663.00,US,PRIORITY
ACCT_SYN_001178,CUST_SYN_000178,SETTLEMENT,ACTIVE,GBP,SYN-BR-019,2022-04-28,803582.00,GB,STRATEGIC
ACCT_SYN_001179,CUST_SYN_000179,CHECKING,ACTIVE,USD,SYN-BR-020,2022-04-27,811501.00,DE,STANDARD
ACCT_SYN_001180,CUST_SYN_000180,OPERATING,ACTIVE,EUR,SYN-BR-001,2022-04-26,819420.00,SG,PRIORITY
ACCT_SYN_001181,CUST_SYN_000181,SETTLEMENT,ACTIVE,GBP,SYN-BR-002,2022-04-25,827339.00,US,STRATEGIC
ACCT_SYN_001182,CUST_SYN_000182,CHECKING,ACTIVE,USD,SYN-BR-003,2022-04-24,835258.00,GB,STANDARD
ACCT_SYN_001183,CUST_SYN_000183,OPERATING,ACTIVE,EUR,SYN-BR-004,2022-04-23,843177.00,DE,PRIORITY
ACCT_SYN_001184,CUST_SYN_000184,SETTLEMENT,ACTIVE,GBP,SYN-BR-005,2022-04-22,851096.00,SG,STRATEGIC
ACCT_SYN_001185,CUST_SYN_000185,CHECKING,ACTIVE,USD,SYN-BR-006,2022-04-21,859015.00,US,STANDARD
ACCT_SYN_001186,CUST_SYN_000186,OPERATING,ACTIVE,EUR,SYN-BR-007,2022-04-20,866934.00,GB,PRIORITY
ACCT_SYN_001187,CUST_SYN_000187,SETTLEMENT,ACTIVE,GBP,SYN-BR-008,2022-04-19,874853.00,DE,STRATEGIC
ACCT_SYN_001188,CUST_SYN_000188,CHECKING,ACTIVE,USD,SYN-BR-009,2022-04-18,882772.00,SG,STANDARD
ACCT_SYN_001189,CUST_SYN_000189,OPERATING,ACTIVE,EUR,SYN-BR-010,2022-04-17,890691.00,US,PRIORITY
ACCT_SYN_001190,CUST_SYN_000190,SETTLEMENT,ACTIVE,GBP,SYN-BR-011,2022-04-16,898610.00,GB,STRATEGIC
ACCT_SYN_001191,CUST_SYN_000191,CHECKING,ACTIVE,USD,SYN-BR-012,2022-04-15,906529.00,DE,STANDARD
ACCT_SYN_001192,CUST_SYN_000192,OPERATING,ACTIVE,EUR,SYN-BR-013,2022-04-14,914448.00,SG,PRIORITY
ACCT_SYN_001193,CUST_SYN_000193,SETTLEMENT,ACTIVE,GBP,SYN-BR-014,2022-04-13,922367.00,US,STRATEGIC
ACCT_SYN_001194,CUST_SYN_000194,CHECKING,ACTIVE,USD,SYN-BR-015,2022-04-12,930286.00,GB,STANDARD
ACCT_SYN_001195,CUST_SYN_000195,OPERATING,ACTIVE,EUR,SYN-BR-016,2022-04-11,938205.00,DE,PRIORITY
ACCT_SYN_001196,CUST_SYN_000196,SETTLEMENT,ACTIVE,GBP,SYN-BR-017,2022-04-10,946124.00,SG,STRATEGIC
ACCT_SYN_001197,CUST_SYN_000197,CHECKING,ACTIVE,USD,SYN-BR-018,2022-04-09,954043.00,US,STANDARD
ACCT_SYN_001198,CUST_SYN_000198,OPERATING,ACTIVE,EUR,SYN-BR-019,2022-04-08,961962.00,GB,PRIORITY
ACCT_SYN_001199,CUST_SYN_000199,SETTLEMENT,ACTIVE,GBP,SYN-BR-020,2022-04-07,969881.00,DE,STRATEGIC
ACCT_SYN_001200,CUST_SYN_000200,CHECKING,ACTIVE,USD,SYN-BR-001,2022-04-06,27800.00,SG,STANDARD
ACCT_SYN_001201,CUST_SYN_000201,OPERATING,ACTIVE,EUR,SYN-BR-002,2022-04-05,35719.00,US,PRIORITY
ACCT_SYN_001202,CUST_SYN_000202,SETTLEMENT,ACTIVE,GBP,SYN-BR-003,2022-04-04,43638.00,GB,STRATEGIC
ACCT_SYN_001203,CUST_SYN_000203,CHECKING,ACTIVE,USD,SYN-BR-004,2022-04-03,51557.00,DE,STANDARD
ACCT_SYN_001204,CUST_SYN_000204,OPERATING,ACTIVE,EUR,SYN-BR-005,2022-04-02,59476.00,SG,PRIORITY
ACCT_SYN_001205,CUST_SYN_000205,SETTLEMENT,ACTIVE,GBP,SYN-BR-006,2022-04-01,67395.00,US,STRATEGIC
ACCT_SYN_001206,CUST_SYN_000206,CHECKING,ACTIVE,USD,SYN-BR-007,2022-03-31,75314.00,GB,STANDARD
ACCT_SYN_001207,CUST_SYN_000207,OPERATING,ACTIVE,EUR,SYN-BR-008,2022-03-30,83233.00,DE,PRIORITY
ACCT_SYN_001208,CUST_SYN_000208,SETTLEMENT,ACTIVE,GBP,SYN-BR-009,2022-03-29,91152.00,SG,STRATEGIC
ACCT_SYN_001209,CUST_SYN_000209,CHECKING,ACTIVE,USD,SYN-BR-010,2022-03-28,99071.00,US,STANDARD
ACCT_SYN_001210,CUST_SYN_000210,OPERATING,ACTIVE,EUR,SYN-BR-011,2022-03-27,106990.00,GB,PRIORITY
ACCT_SYN_001211,CUST_SYN_000211,SETTLEMENT,ACTIVE,GBP,SYN-BR-012,2022-03-26,114909.00,DE,STRATEGIC
ACCT_SYN_001212,CUST_SYN_000212,CHECKING,ACTIVE,USD,SYN-BR-013,2022-03-25,122828.00,SG,STANDARD
ACCT_SYN_001213,CUST_SYN_000213,OPERATING,ACTIVE,EUR,SYN-BR-014,2022-03-24,130747.00,US,PRIORITY
ACCT_SYN_001214,CUST_SYN_000214,SETTLEMENT,ACTIVE,GBP,SYN-BR-015,2022-03-23,138666.00,GB,STRATEGIC
ACCT_SYN_001215,CUST_SYN_000215,CHECKING,ACTIVE,USD,SYN-BR-016,2022-03-22,146585.00,DE,STANDARD
ACCT_SYN_001216,CUST_SYN_000216,OPERATING,ACTIVE,EUR,SYN-BR-017,2022-03-21,154504.00,SG,PRIORITY
ACCT_SYN_001217,CUST_SYN_000217,SETTLEMENT,ACTIVE,GBP,SYN-BR-018,2022-03-20,162423.00,US,STRATEGIC
ACCT_SYN_001218,CUST_SYN_000218,CHECKING,ACTIVE,USD,SYN-BR-019,2022-03-19,170342.00,GB,STANDARD
ACCT_SYN_001219,CUST_SYN_000219,OPERATING,ACTIVE,EUR,SYN-BR-020,2022-03-18,178261.00,DE,PRIORITY
ACCT_SYN_001220,CUST_SYN_000220,SETTLEMENT,ACTIVE,GBP,SYN-BR-001,2022-03-17,186180.00,SG,STRATEGIC
ACCT_SYN_001221,CUST_SYN_000221,CHECKING,ACTIVE,USD,SYN-BR-002,2022-03-16,194099.00,US,STANDARD
ACCT_SYN_001222,CUST_SYN_000222,OPERATING,ACTIVE,EUR,SYN-BR-003,2022-03-15,202018.00,GB,PRIORITY
ACCT_SYN_001223,CUST_SYN_000223,SETTLEMENT,ACTIVE,GBP,SYN-BR-004,2022-03-14,209937.00,DE,STRATEGIC
ACCT_SYN_001224,CUST_SYN_000224,CHECKING,ACTIVE,USD,SYN-BR-005,2022-03-13,217856.00,SG,STANDARD
ACCT_SYN_001225,CUST_SYN_000225,OPERATING,ACTIVE,EUR,SYN-BR-006,2022-03-12,225775.00,US,PRIORITY
ACCT_SYN_001226,CUST_SYN_000226,SETTLEMENT,ACTIVE,GBP,SYN-BR-007,2022-03-11,233694.00,GB,STRATEGIC
ACCT_SYN_001227,CUST_SYN_000227,CHECKING,ACTIVE,USD,SYN-BR-008,2022-03-10,241613.00,DE,STANDARD
ACCT_SYN_001228,CUST_SYN_000228,OPERATING,ACTIVE,EUR,SYN-BR-009,2022-03-09,249532.00,SG,PRIORITY
ACCT_SYN_001229,CUST_SYN_000229,SETTLEMENT,ACTIVE,GBP,SYN-BR-010,2022-03-08,257451.00,US,STRATEGIC
ACCT_SYN_001230,CUST_SYN_000230,CHECKING,ACTIVE,USD,SYN-BR-011,2022-03-07,265370.00,GB,STANDARD
ACCT_SYN_001231,CUST_SYN_000231,OPERATING,ACTIVE,EUR,SYN-BR-012,2022-03-06,273289.00,DE,PRIORITY
ACCT_SYN_001232,CUST_SYN_000232,SETTLEMENT,ACTIVE,GBP,SYN-BR-013,2022-03-05,281208.00,SG,STRATEGIC
ACCT_SYN_001233,CUST_SYN_000233,CHECKING,ACTIVE,USD,SYN-BR-014,2022-03-04,289127.00,US,STANDARD
ACCT_SYN_001234,CUST_SYN_000234,OPERATING,ACTIVE,EUR,SYN-BR-015,2022-03-03,297046.00,GB,PRIORITY
ACCT_SYN_001235,CUST_SYN_000235,SETTLEMENT,ACTIVE,GBP,SYN-BR-016,2022-03-02,304965.00,DE,STRATEGIC
ACCT_SYN_001236,CUST_SYN_000236,CHECKING,ACTIVE,USD,SYN-BR-017,2022-03-01,312884.00,SG,STANDARD
ACCT_SYN_001237,CUST_SYN_000237,OPERATING,ACTIVE,EUR,SYN-BR-018,2022-02-28,320803.00,US,PRIORITY
ACCT_SYN_001238,CUST_SYN_000238,SETTLEMENT,ACTIVE,GBP,SYN-BR-019,2022-02-27,328722.00,GB,STRATEGIC
ACCT_SYN_001239,CUST_SYN_000239,CHECKING,ACTIVE,USD,SYN-BR-020,2022-02-26,336641.00,DE,STANDARD
ACCT_SYN_001240,CUST_SYN_000240,OPERATING,ACTIVE,EUR,SYN-BR-001,2022-02-25,344560.00,SG,PRIORITY
ACCT_SYN_001241,CUST_SYN_000241,SETTLEMENT,ACTIVE,GBP,SYN-BR-002,2022-02-24,352479.00,US,STRATEGIC
ACCT_SYN_001242,CUST_SYN_000242,CHECKING,ACTIVE,USD,SYN-BR-003,2022-02-23,360398.00,GB,STANDARD
ACCT_SYN_001243,CUST_SYN_000243,OPERATING,ACTIVE,EUR,SYN-BR-004,2022-02-22,368317.00,DE,PRIORITY
ACCT_SYN_001244,CUST_SYN_000244,SETTLEMENT,ACTIVE,GBP,SYN-BR-005,2022-02-21,376236.00,SG,STRATEGIC
ACCT_SYN_001245,CUST_SYN_000245,CHECKING,ACTIVE,USD,SYN-BR-006,2022-02-20,384155.00,US,STANDARD
ACCT_SYN_001246,CUST_SYN_000246,OPERATING,ACTIVE,EUR,SYN-BR-007,2022-02-19,392074.00,GB,PRIORITY
ACCT_SYN_001247,CUST_SYN_000247,SETTLEMENT,ACTIVE,GBP,SYN-BR-008,2022-02-18,399993.00,DE,STRATEGIC
ACCT_SYN_001248,CUST_SYN_000248,CHECKING,ACTIVE,USD,SYN-BR-009,2022-02-17,407912.00,SG,STANDARD
ACCT_SYN_001249,CUST_SYN_000249,OPERATING,ACTIVE,EUR,SYN-BR-010,2022-02-16,415831.00,US,PRIORITY
ACCT_SYN_001250,CUST_SYN_000250,SETTLEMENT,ACTIVE,GBP,SYN-BR-011,2022-02-15,423750.00,GB,STRATEGIC
ACCT_SYN_001251,CUST_SYN_000251,CHECKING,ACTIVE,USD,SYN-BR-012,2022-02-14,431669.00,DE,STANDARD
ACCT_SYN_001252,CUST_SYN_000252,OPERATING,ACTIVE,EUR,SYN-BR-013,2022-02-13,439588.00,SG,PRIORITY
ACCT_SYN_001253,CUST_SYN_000253,SETTLEMENT,ACTIVE,GBP,SYN-BR-014,2022-02-12,447507.00,US,STRATEGIC
ACCT_SYN_001254,CUST_SYN_000254,CHECKING,ACTIVE,USD,SYN-BR-015,2022-02-11,455426.00,GB,STANDARD
ACCT_SYN_001255,CUST_SYN_000255,OPERATING,ACTIVE,EUR,SYN-BR-016,2022-02-10,463345.00,DE,PRIORITY
ACCT_SYN_001256,CUST_SYN_000256,SETTLEMENT,ACTIVE,GBP,SYN-BR-017,2022-02-09,471264.00,SG,STRATEGIC
ACCT_SYN_001257,CUST_SYN_000257,CHECKING,ACTIVE,USD,SYN-BR-018,2022-02-08,479183.00,US,STANDARD
ACCT_SYN_001258,CUST_SYN_000258,OPERATING,ACTIVE,EUR,SYN-BR-019,2022-02-07,487102.00,GB,PRIORITY
ACCT_SYN_001259,CUST_SYN_000259,SETTLEMENT,ACTIVE,GBP,SYN-BR-020,2022-02-06,495021.00,DE,STRATEGIC
ACCT_SYN_001260,CUST_SYN_000260,CHECKING,ACTIVE,USD,SYN-BR-001,2022-02-05,502940.00,SG,STANDARD
ACCT_SYN_001261,CUST_SYN_000261,OPERATING,ACTIVE,EUR,SYN-BR-002,2022-02-04,510859.00,US,PRIORITY
ACCT_SYN_001262,CUST_SYN_000262,SETTLEMENT,ACTIVE,GBP,SYN-BR-003,2022-02-03,518778.00,GB,STRATEGIC
ACCT_SYN_001263,CUST_SYN_000263,CHECKING,ACTIVE,USD,SYN-BR-004,2022-02-02,526697.00,DE,STANDARD
ACCT_SYN_001264,CUST_SYN_000264,OPERATING,ACTIVE,EUR,SYN-BR-005,2022-02-01,534616.00,SG,PRIORITY
ACCT_SYN_001265,CUST_SYN_000265,SETTLEMENT,ACTIVE,GBP,SYN-BR-006,2022-01-31,542535.00,US,STRATEGIC
ACCT_SYN_001266,CUST_SYN_000266,CHECKING,ACTIVE,USD,SYN-BR-007,2022-01-30,550454.00,GB,STANDARD
ACCT_SYN_001267,CUST_SYN_000267,OPERATING,ACTIVE,EUR,SYN-BR-008,2022-01-29,558373.00,DE,PRIORITY
ACCT_SYN_001268,CUST_SYN_000268,SETTLEMENT,ACTIVE,GBP,SYN-BR-009,2022-01-28,566292.00,SG,STRATEGIC
ACCT_SYN_001269,CUST_SYN_000269,CHECKING,ACTIVE,USD,SYN-BR-010,2022-01-27,574211.00,US,STANDARD
ACCT_SYN_001270,CUST_SYN_000270,OPERATING,ACTIVE,EUR,SYN-BR-011,2022-01-26,582130.00,GB,PRIORITY
ACCT_SYN_001271,CUST_SYN_000271,SETTLEMENT,ACTIVE,GBP,SYN-BR-012,2022-01-25,590049.00,DE,STRATEGIC
ACCT_SYN_001272,CUST_SYN_000272,CHECKING,ACTIVE,USD,SYN-BR-013,2022-01-24,597968.00,SG,STANDARD
ACCT_SYN_001273,CUST_SYN_000273,OPERATING,ACTIVE,EUR,SYN-BR-014,2022-01-23,605887.00,US,PRIORITY
ACCT_SYN_001274,CUST_SYN_000274,SETTLEMENT,ACTIVE,GBP,SYN-BR-015,2022-01-22,613806.00,GB,STRATEGIC
ACCT_SYN_001275,CUST_SYN_000275,CHECKING,ACTIVE,USD,SYN-BR-016,2022-01-21,621725.00,DE,STANDARD
ACCT_SYN_001276,CUST_SYN_000276,OPERATING,ACTIVE,EUR,SYN-BR-017,2022-01-20,629644.00,SG,PRIORITY
ACCT_SYN_001277,CUST_SYN_000277,SETTLEMENT,ACTIVE,GBP,SYN-BR-018,2022-01-19,637563.00,US,STRATEGIC
ACCT_SYN_001278,CUST_SYN_000278,CHECKING,ACTIVE,USD,SYN-BR-019,2022-01-18,645482.00,GB,STANDARD
ACCT_SYN_001279,CUST_SYN_000279,OPERATING,ACTIVE,EUR,SYN-BR-020,2022-01-17,653401.00,DE,PRIORITY
ACCT_SYN_001280,CUST_SYN_000280,SETTLEMENT,ACTIVE,GBP,SYN-BR-001,2022-01-16,661320.00,SG,STRATEGIC
ACCT_SYN_001281,CUST_SYN_000281,CHECKING,ACTIVE,USD,SYN-BR-002,2022-01-15,669239.00,US,STANDARD
ACCT_SYN_001282,CUST_SYN_000282,OPERATING,ACTIVE,EUR,SYN-BR-003,2022-01-14,677158.00,GB,PRIORITY
ACCT_SYN_001283,CUST_SYN_000283,SETTLEMENT,ACTIVE,GBP,SYN-BR-004,2022-01-13,685077.00,DE,STRATEGIC
ACCT_SYN_001284,CUST_SYN_000284,CHECKING,ACTIVE,USD,SYN-BR-005,2022-01-12,692996.00,SG,STANDARD
ACCT_SYN_001285,CUST_SYN_000285,OPERATING,ACTIVE,EUR,SYN-BR-006,2022-01-11,700915.00,US,PRIORITY
ACCT_SYN_001286,CUST_SYN_000286,SETTLEMENT,ACTIVE,GBP,SYN-BR-007,2022-01-10,708834.00,GB,STRATEGIC
ACCT_SYN_001287,CUST_SYN_000287,CHECKING,ACTIVE,USD,SYN-BR-008,2022-01-09,716753.00,DE,STANDARD
ACCT_SYN_001288,CUST_SYN_000288,OPERATING,ACTIVE,EUR,SYN-BR-009,2022-01-08,724672.00,SG,PRIORITY
ACCT_SYN_001289,CUST_SYN_000289,SETTLEMENT,ACTIVE,GBP,SYN-BR-010,2022-01-07,732591.00,US,STRATEGIC
ACCT_SYN_001290,CUST_SYN_000290,CHECKING,ACTIVE,USD,SYN-BR-011,2022-01-06,740510.00,GB,STANDARD
ACCT_SYN_001291,CUST_SYN_000291,OPERATING,ACTIVE,EUR,SYN-BR-012,2022-01-05,748429.00,DE,PRIORITY
ACCT_SYN_001292,CUST_SYN_000292,SETTLEMENT,ACTIVE,GBP,SYN-BR-013,2022-01-04,756348.00,SG,STRATEGIC
ACCT_SYN_001293,CUST_SYN_000293,CHECKING,ACTIVE,USD,SYN-BR-014,2022-01-03,764267.00,US,STANDARD
ACCT_SYN_001294,CUST_SYN_000294,OPERATING,ACTIVE,EUR,SYN-BR-015,2022-01-02,772186.00,GB,PRIORITY
ACCT_SYN_001295,CUST_SYN_000295,SETTLEMENT,ACTIVE,GBP,SYN-BR-016,2022-01-01,780105.00,DE,STRATEGIC
ACCT_SYN_001296,CUST_SYN_000296,CHECKING,ACTIVE,USD,SYN-BR-017,2021-12-31,788024.00,SG,STANDARD
ACCT_SYN_001297,CUST_SYN_000297,OPERATING,ACTIVE,EUR,SYN-BR-018,2021-12-30,795943.00,US,PRIORITY
ACCT_SYN_001298,CUST_SYN_000298,SETTLEMENT,ACTIVE,GBP,SYN-BR-019,2021-12-29,803862.00,GB,STRATEGIC
ACCT_SYN_001299,CUST_SYN_000299,CHECKING,ACTIVE,USD,SYN-BR-020,2021-12-28,811781.00,DE,STANDARD
ACCT_SYN_001300,CUST_SYN_000300,OPERATING,ACTIVE,EUR,SYN-BR-001,2021-12-27,819700.00,SG,PRIORITY
ACCT_SYN_001301,CUST_SYN_000301,SETTLEMENT,ACTIVE,GBP,SYN-BR-002,2021-12-26,827619.00,US,STRATEGIC
ACCT_SYN_001302,CUST_SYN_000302,CHECKING,ACTIVE,USD,SYN-BR-003,2021-12-25,835538.00,GB,STANDARD
ACCT_SYN_001303,CUST_SYN_000303,OPERATING,ACTIVE,EUR,SYN-BR-004,2021-12-24,843457.00,DE,PRIORITY
ACCT_SYN_001304,CUST_SYN_000304,SETTLEMENT,ACTIVE,GBP,SYN-BR-005,2021-12-23,851376.00,SG,STRATEGIC
ACCT_SYN_001305,CUST_SYN_000305,CHECKING,ACTIVE,USD,SYN-BR-006,2021-12-22,859295.00,US,STANDARD
ACCT_SYN_001306,CUST_SYN_000306,OPERATING,ACTIVE,EUR,SYN-BR-007,2021-12-21,867214.00,GB,PRIORITY
ACCT_SYN_001307,CUST_SYN_000307,SETTLEMENT,ACTIVE,GBP,SYN-BR-008,2021-12-20,875133.00,DE,STRATEGIC
ACCT_SYN_001308,CUST_SYN_000308,CHECKING,ACTIVE,USD,SYN-BR-009,2021-12-19,883052.00,SG,STANDARD
ACCT_SYN_001309,CUST_SYN_000309,OPERATING,ACTIVE,EUR,SYN-BR-010,2021-12-18,890971.00,US,PRIORITY
ACCT_SYN_001310,CUST_SYN_000310,SETTLEMENT,ACTIVE,GBP,SYN-BR-011,2021-12-17,898890.00,GB,STRATEGIC
ACCT_SYN_001311,CUST_SYN_000311,CHECKING,ACTIVE,USD,SYN-BR-012,2021-12-16,906809.00,DE,STANDARD
ACCT_SYN_001312,CUST_SYN_000312,OPERATING,ACTIVE,EUR,SYN-BR-013,2021-12-15,914728.00,SG,PRIORITY
ACCT_SYN_001313,CUST_SYN_000313,SETTLEMENT,ACTIVE,GBP,SYN-BR-014,2021-12-14,922647.00,US,STRATEGIC
ACCT_SYN_001314,CUST_SYN_000314,CHECKING,ACTIVE,USD,SYN-BR-015,2021-12-13,930566.00,GB,STANDARD
ACCT_SYN_001315,CUST_SYN_000315,OPERATING,ACTIVE,EUR,SYN-BR-016,2021-12-12,938485.00,DE,PRIORITY
ACCT_SYN_001316,CUST_SYN_000316,SETTLEMENT,ACTIVE,GBP,SYN-BR-017,2021-12-11,946404.00,SG,STRATEGIC
ACCT_SYN_001317,CUST_SYN_000317,CHECKING,ACTIVE,USD,SYN-BR-018,2021-12-10,954323.00,US,STANDARD
ACCT_SYN_001318,CUST_SYN_000318,OPERATING,ACTIVE,EUR,SYN-BR-019,2021-12-09,962242.00,GB,PRIORITY
ACCT_SYN_001319,CUST_SYN_000319,SETTLEMENT,ACTIVE,GBP,SYN-BR-020,2021-12-08,970161.00,DE,STRATEGIC
ACCT_SYN_001320,CUST_SYN_000320,CHECKING,ACTIVE,USD,SYN-BR-001,2021-12-07,28080.00,SG,STANDARD
ACCT_SYN_001321,CUST_SYN_000321,OPERATING,ACTIVE,EUR,SYN-BR-002,2021-12-06,35999.00,US,PRIORITY
ACCT_SYN_001322,CUST_SYN_000322,SETTLEMENT,ACTIVE,GBP,SYN-BR-003,2021-12-05,43918.00,GB,STRATEGIC
ACCT_SYN_001323,CUST_SYN_000323,CHECKING,ACTIVE,USD,SYN-BR-004,2021-12-04,51837.00,DE,STANDARD
ACCT_SYN_001324,CUST_SYN_000324,OPERATING,ACTIVE,EUR,SYN-BR-005,2021-12-03,59756.00,SG,PRIORITY
ACCT_SYN_001325,CUST_SYN_000325,SETTLEMENT,ACTIVE,GBP,SYN-BR-006,2021-12-02,67675.00,US,STRATEGIC
ACCT_SYN_001326,CUST_SYN_000326,CHECKING,ACTIVE,USD,SYN-BR-007,2021-12-01,75594.00,GB,STANDARD
ACCT_SYN_001327,CUST_SYN_000327,OPERATING,ACTIVE,EUR,SYN-BR-008,2021-11-30,83513.00,DE,PRIORITY
ACCT_SYN_001328,CUST_SYN_000328,SETTLEMENT,ACTIVE,GBP,SYN-BR-009,2021-11-29,91432.00,SG,STRATEGIC
ACCT_SYN_001329,CUST_SYN_000329,CHECKING,ACTIVE,USD,SYN-BR-010,2021-11-28,99351.00,US,STANDARD
ACCT_SYN_001330,CUST_SYN_000330,OPERATING,ACTIVE,EUR,SYN-BR-011,2021-11-27,107270.00,GB,PRIORITY
ACCT_SYN_001331,CUST_SYN_000331,SETTLEMENT,ACTIVE,GBP,SYN-BR-012,2021-11-26,115189.00,DE,STRATEGIC
ACCT_SYN_001332,CUST_SYN_000332,CHECKING,ACTIVE,USD,SYN-BR-013,2021-11-25,123108.00,SG,STANDARD
ACCT_SYN_001333,CUST_SYN_000333,OPERATING,ACTIVE,EUR,SYN-BR-014,2021-11-24,131027.00,US,PRIORITY
ACCT_SYN_001334,CUST_SYN_000334,SETTLEMENT,ACTIVE,GBP,SYN-BR-015,2021-11-23,138946.00,GB,STRATEGIC
ACCT_SYN_001335,CUST_SYN_000335,CHECKING,ACTIVE,USD,SYN-BR-016,2021-11-22,146865.00,DE,STANDARD
ACCT_SYN_001336,CUST_SYN_000336,OPERATING,ACTIVE,EUR,SYN-BR-017,2021-11-21,154784.00,SG,PRIORITY
ACCT_SYN_001337,CUST_SYN_000337,SETTLEMENT,ACTIVE,GBP,SYN-BR-018,2021-11-20,162703.00,US,STRATEGIC
ACCT_SYN_001338,CUST_SYN_000338,CHECKING,ACTIVE,USD,SYN-BR-019,2021-11-19,170622.00,GB,STANDARD
ACCT_SYN_001339,CUST_SYN_000339,OPERATING,ACTIVE,EUR,SYN-BR-020,2021-11-18,178541.00,DE,PRIORITY
ACCT_SYN_001340,CUST_SYN_000340,SETTLEMENT,ACTIVE,GBP,SYN-BR-001,2021-11-17,186460.00,SG,STRATEGIC
ACCT_SYN_001341,CUST_SYN_000341,CHECKING,ACTIVE,USD,SYN-BR-002,2021-11-16,194379.00,US,STANDARD
ACCT_SYN_001342,CUST_SYN_000342,OPERATING,ACTIVE,EUR,SYN-BR-003,2021-11-15,202298.00,GB,PRIORITY
ACCT_SYN_001343,CUST_SYN_000343,SETTLEMENT,ACTIVE,GBP,SYN-BR-004,2021-11-14,210217.00,DE,STRATEGIC
ACCT_SYN_001344,CUST_SYN_000344,CHECKING,ACTIVE,USD,SYN-BR-005,2021-11-13,218136.00,SG,STANDARD
ACCT_SYN_001345,CUST_SYN_000345,OPERATING,ACTIVE,EUR,SYN-BR-006,2021-11-12,226055.00,US,PRIORITY
ACCT_SYN_001346,CUST_SYN_000346,SETTLEMENT,ACTIVE,GBP,SYN-BR-007,2021-11-11,233974.00,GB,STRATEGIC
ACCT_SYN_001347,CUST_SYN_000347,CHECKING,ACTIVE,USD,SYN-BR-008,2021-11-10,241893.00,DE,STANDARD
ACCT_SYN_001348,CUST_SYN_000348,OPERATING,ACTIVE,EUR,SYN-BR-009,2021-11-09,249812.00,SG,PRIORITY
ACCT_SYN_001349,CUST_SYN_000349,SETTLEMENT,ACTIVE,GBP,SYN-BR-010,2021-11-08,257731.00,US,STRATEGIC
ACCT_SYN_001350,CUST_SYN_000350,CHECKING,ACTIVE,USD,SYN-BR-011,2021-11-07,265650.00,GB,STANDARD
ACCT_SYN_001351,CUST_SYN_000351,OPERATING,ACTIVE,EUR,SYN-BR-012,2021-11-06,273569.00,DE,PRIORITY
ACCT_SYN_001352,CUST_SYN_000352,SETTLEMENT,ACTIVE,GBP,SYN-BR-013,2021-11-05,281488.00,SG,STRATEGIC
ACCT_SYN_001353,CUST_SYN_000353,CHECKING,ACTIVE,USD,SYN-BR-014,2021-11-04,289407.00,US,STANDARD
ACCT_SYN_001354,CUST_SYN_000354,OPERATING,ACTIVE,EUR,SYN-BR-015,2021-11-03,297326.00,GB,PRIORITY
ACCT_SYN_001355,CUST_SYN_000355,SETTLEMENT,ACTIVE,GBP,SYN-BR-016,2021-11-02,305245.00,DE,STRATEGIC
ACCT_SYN_001356,CUST_SYN_000356,CHECKING,ACTIVE,USD,SYN-BR-017,2021-11-01,313164.00,SG,STANDARD
ACCT_SYN_001357,CUST_SYN_000357,OPERATING,ACTIVE,EUR,SYN-BR-018,2021-10-31,321083.00,US,PRIORITY
ACCT_SYN_001358,CUST_SYN_000358,SETTLEMENT,ACTIVE,GBP,SYN-BR-019,2021-10-30,329002.00,GB,STRATEGIC
ACCT_SYN_001359,CUST_SYN_000359,CHECKING,ACTIVE,USD,SYN-BR-020,2021-10-29,336921.00,DE,STANDARD
ACCT_SYN_001360,CUST_SYN_000360,OPERATING,ACTIVE,EUR,SYN-BR-001,2021-10-28,344840.00,SG,PRIORITY
ACCT_SYN_001361,CUST_SYN_000361,SETTLEMENT,ACTIVE,GBP,SYN-BR-002,2021-10-27,352759.00,US,STRATEGIC
ACCT_SYN_001362,CUST_SYN_000362,CHECKING,ACTIVE,USD,SYN-BR-003,2021-10-26,360678.00,GB,STANDARD
ACCT_SYN_001363,CUST_SYN_000363,OPERATING,ACTIVE,EUR,SYN-BR-004,2021-10-25,368597.00,DE,PRIORITY
ACCT_SYN_001364,CUST_SYN_000364,SETTLEMENT,ACTIVE,GBP,SYN-BR-005,2021-10-24,376516.00,SG,STRATEGIC
ACCT_SYN_001365,CUST_SYN_000365,CHECKING,ACTIVE,USD,SYN-BR-006,2021-10-23,384435.00,US,STANDARD
ACCT_SYN_001366,CUST_SYN_000366,OPERATING,ACTIVE,EUR,SYN-BR-007,2021-10-22,392354.00,GB,PRIORITY
ACCT_SYN_001367,CUST_SYN_000367,SETTLEMENT,ACTIVE,GBP,SYN-BR-008,2021-10-21,400273.00,DE,STRATEGIC
ACCT_SYN_001368,CUST_SYN_000368,CHECKING,ACTIVE,USD,SYN-BR-009,2021-10-20,408192.00,SG,STANDARD
ACCT_SYN_001369,CUST_SYN_000369,OPERATING,ACTIVE,EUR,SYN-BR-010,2021-10-19,416111.00,US,PRIORITY
ACCT_SYN_001370,CUST_SYN_000370,SETTLEMENT,ACTIVE,GBP,SYN-BR-011,2021-10-18,424030.00,GB,STRATEGIC
ACCT_SYN_001371,CUST_SYN_000371,CHECKING,ACTIVE,USD,SYN-BR-012,2021-10-17,431949.00,DE,STANDARD
ACCT_SYN_001372,CUST_SYN_000372,OPERATING,ACTIVE,EUR,SYN-BR-013,2021-10-16,439868.00,SG,PRIORITY
ACCT_SYN_001373,CUST_SYN_000373,SETTLEMENT,ACTIVE,GBP,SYN-BR-014,2021-10-15,447787.00,US,STRATEGIC
ACCT_SYN_001374,CUST_SYN_000374,CHECKING,ACTIVE,USD,SYN-BR-015,2021-10-14,455706.00,GB,STANDARD
ACCT_SYN_001375,CUST_SYN_000375,OPERATING,ACTIVE,EUR,SYN-BR-016,2021-10-13,463625.00,DE,PRIORITY
ACCT_SYN_001376,CUST_SYN_000376,SETTLEMENT,ACTIVE,GBP,SYN-BR-017,2021-10-12,471544.00,SG,STRATEGIC
ACCT_SYN_001377,CUST_SYN_000377,CHECKING,ACTIVE,USD,SYN-BR-018,2021-10-11,479463.00,US,STANDARD
ACCT_SYN_001378,CUST_SYN_000378,OPERATING,ACTIVE,EUR,SYN-BR-019,2021-10-10,487382.00,GB,PRIORITY
ACCT_SYN_001379,CUST_SYN_000379,SETTLEMENT,ACTIVE,GBP,SYN-BR-020,2021-10-09,495301.00,DE,STRATEGIC
ACCT_SYN_001380,CUST_SYN_000380,CHECKING,ACTIVE,USD,SYN-BR-001,2021-10-08,503220.00,SG,STANDARD
ACCT_SYN_001381,CUST_SYN_000381,OPERATING,ACTIVE,EUR,SYN-BR-002,2021-10-07,511139.00,US,PRIORITY
ACCT_SYN_001382,CUST_SYN_000382,SETTLEMENT,ACTIVE,GBP,SYN-BR-003,2021-10-06,519058.00,GB,STRATEGIC
ACCT_SYN_001383,CUST_SYN_000383,CHECKING,ACTIVE,USD,SYN-BR-004,2021-10-05,526977.00,DE,STANDARD
ACCT_SYN_001384,CUST_SYN_000384,OPERATING,ACTIVE,EUR,SYN-BR-005,2021-10-04,534896.00,SG,PRIORITY
ACCT_SYN_001385,CUST_SYN_000385,SETTLEMENT,ACTIVE,GBP,SYN-BR-006,2021-10-03,542815.00,US,STRATEGIC
ACCT_SYN_001386,CUST_SYN_000386,CHECKING,ACTIVE,USD,SYN-BR-007,2021-10-02,550734.00,GB,STANDARD
ACCT_SYN_001387,CUST_SYN_000387,OPERATING,ACTIVE,EUR,SYN-BR-008,2021-10-01,558653.00,DE,PRIORITY
ACCT_SYN_001388,CUST_SYN_000388,SETTLEMENT,ACTIVE,GBP,SYN-BR-009,2021-09-30,566572.00,SG,STRATEGIC
ACCT_SYN_001389,CUST_SYN_000389,CHECKING,ACTIVE,USD,SYN-BR-010,2021-09-29,574491.00,US,STANDARD
ACCT_SYN_001390,CUST_SYN_000390,OPERATING,ACTIVE,EUR,SYN-BR-011,2021-09-28,582410.00,GB,PRIORITY
ACCT_SYN_001391,CUST_SYN_000391,SETTLEMENT,ACTIVE,GBP,SYN-BR-012,2021-09-27,590329.00,DE,STRATEGIC
ACCT_SYN_001392,CUST_SYN_000392,CHECKING,ACTIVE,USD,SYN-BR-013,2021-09-26,598248.00,SG,STANDARD
ACCT_SYN_001393,CUST_SYN_000393,OPERATING,ACTIVE,EUR,SYN-BR-014,2021-09-25,606167.00,US,PRIORITY
ACCT_SYN_001394,CUST_SYN_000394,SETTLEMENT,ACTIVE,GBP,SYN-BR-015,2021-09-24,614086.00,GB,STRATEGIC
ACCT_SYN_001395,CUST_SYN_000395,CHECKING,ACTIVE,USD,SYN-BR-016,2021-09-23,622005.00,DE,STANDARD
ACCT_SYN_001396,CUST_SYN_000396,OPERATING,ACTIVE,EUR,SYN-BR-017,2021-09-22,629924.00,SG,PRIORITY
ACCT_SYN_001397,CUST_SYN_000397,SETTLEMENT,ACTIVE,GBP,SYN-BR-018,2021-09-21,637843.00,US,STRATEGIC
ACCT_SYN_001398,CUST_SYN_000398,CHECKING,ACTIVE,USD,SYN-BR-019,2021-09-20,645762.00,GB,STANDARD
ACCT_SYN_001399,CUST_SYN_000399,OPERATING,ACTIVE,EUR,SYN-BR-020,2021-09-19,653681.00,DE,PRIORITY
ACCT_SYN_001400,CUST_SYN_000400,SETTLEMENT,ACTIVE,GBP,SYN-BR-001,2021-09-18,661600.00,SG,STRATEGIC
ACCT_SYN_001401,CUST_SYN_000401,CHECKING,ACTIVE,USD,SYN-BR-002,2021-09-17,669519.00,US,STANDARD
ACCT_SYN_001402,CUST_SYN_000402,OPERATING,ACTIVE,EUR,SYN-BR-003,2021-09-16,677438.00,GB,PRIORITY
ACCT_SYN_001403,CUST_SYN_000403,SETTLEMENT,ACTIVE,GBP,SYN-BR-004,2021-09-15,685357.00,DE,STRATEGIC
ACCT_SYN_001404,CUST_SYN_000404,CHECKING,ACTIVE,USD,SYN-BR-005,2021-09-14,693276.00,SG,STANDARD
ACCT_SYN_001405,CUST_SYN_000405,OPERATING,ACTIVE,EUR,SYN-BR-006,2021-09-13,701195.00,US,PRIORITY
ACCT_SYN_001406,CUST_SYN_000406,SETTLEMENT,ACTIVE,GBP,SYN-BR-007,2021-09-12,709114.00,GB,STRATEGIC
ACCT_SYN_001407,CUST_SYN_000407,CHECKING,ACTIVE,USD,SYN-BR-008,2021-09-11,717033.00,DE,STANDARD
ACCT_SYN_001408,CUST_SYN_000408,OPERATING,ACTIVE,EUR,SYN-BR-009,2021-09-10,724952.00,SG,PRIORITY
ACCT_SYN_001409,CUST_SYN_000409,SETTLEMENT,ACTIVE,GBP,SYN-BR-010,2021-09-09,732871.00,US,STRATEGIC
ACCT_SYN_001410,CUST_SYN_000410,CHECKING,ACTIVE,USD,SYN-BR-011,2021-09-08,740790.00,GB,STANDARD
ACCT_SYN_001411,CUST_SYN_000411,OPERATING,ACTIVE,EUR,SYN-BR-012,2021-09-07,748709.00,DE,PRIORITY
ACCT_SYN_001412,CUST_SYN_000412,SETTLEMENT,ACTIVE,GBP,SYN-BR-013,2021-09-06,756628.00,SG,STRATEGIC
ACCT_SYN_001413,CUST_SYN_000413,CHECKING,ACTIVE,USD,SYN-BR-014,2021-09-05,764547.00,US,STANDARD
ACCT_SYN_001414,CUST_SYN_000414,OPERATING,ACTIVE,EUR,SYN-BR-015,2021-09-04,772466.00,GB,PRIORITY
ACCT_SYN_001415,CUST_SYN_000415,SETTLEMENT,ACTIVE,GBP,SYN-BR-016,2021-09-03,780385.00,DE,STRATEGIC
ACCT_SYN_001416,CUST_SYN_000416,CHECKING,ACTIVE,USD,SYN-BR-017,2021-09-02,788304.00,SG,STANDARD
ACCT_SYN_001417,CUST_SYN_000417,OPERATING,ACTIVE,EUR,SYN-BR-018,2021-09-01,796223.00,US,PRIORITY
ACCT_SYN_001418,CUST_SYN_000418,SETTLEMENT,ACTIVE,GBP,SYN-BR-019,2021-08-31,804142.00,GB,STRATEGIC
ACCT_SYN_001419,CUST_SYN_000419,CHECKING,ACTIVE,USD,SYN-BR-020,2021-08-30,812061.00,DE,STANDARD
ACCT_SYN_001420,CUST_SYN_000420,OPERATING,ACTIVE,EUR,SYN-BR-001,2021-08-29,819980.00,SG,PRIORITY
ACCT_SYN_001421,CUST_SYN_000421,SETTLEMENT,ACTIVE,GBP,SYN-BR-002,2021-08-28,827899.00,US,STRATEGIC
ACCT_SYN_001422,CUST_SYN_000422,CHECKING,ACTIVE,USD,SYN-BR-003,2021-08-27,835818.00,GB,STANDARD
ACCT_SYN_001423,CUST_SYN_000423,OPERATING,ACTIVE,EUR,SYN-BR-004,2021-08-26,843737.00,DE,PRIORITY
ACCT_SYN_001424,CUST_SYN_000424,SETTLEMENT,ACTIVE,GBP,SYN-BR-005,2021-08-25,851656.00,SG,STRATEGIC
ACCT_SYN_001425,CUST_SYN_000425,CHECKING,ACTIVE,USD,SYN-BR-006,2021-08-24,859575.00,US,STANDARD
ACCT_SYN_001426,CUST_SYN_000426,OPERATING,ACTIVE,EUR,SYN-BR-007,2021-08-23,867494.00,GB,PRIORITY
ACCT_SYN_001427,CUST_SYN_000427,SETTLEMENT,ACTIVE,GBP,SYN-BR-008,2021-08-22,875413.00,DE,STRATEGIC
ACCT_SYN_001428,CUST_SYN_000428,CHECKING,ACTIVE,USD,SYN-BR-009,2021-08-21,883332.00,SG,STANDARD
ACCT_SYN_001429,CUST_SYN_000429,OPERATING,ACTIVE,EUR,SYN-BR-010,2021-08-20,891251.00,US,PRIORITY
ACCT_SYN_001430,CUST_SYN_000430,SETTLEMENT,ACTIVE,GBP,SYN-BR-011,2021-08-19,899170.00,GB,STRATEGIC
ACCT_SYN_001431,CUST_SYN_000431,CHECKING,ACTIVE,USD,SYN-BR-012,2021-08-18,907089.00,DE,STANDARD
ACCT_SYN_001432,CUST_SYN_000432,OPERATING,ACTIVE,EUR,SYN-BR-013,2021-08-17,915008.00,SG,PRIORITY
ACCT_SYN_001433,CUST_SYN_000433,SETTLEMENT,ACTIVE,GBP,SYN-BR-014,2021-08-16,922927.00,US,STRATEGIC
ACCT_SYN_001434,CUST_SYN_000434,CHECKING,ACTIVE,USD,SYN-BR-015,2021-08-15,930846.00,GB,STANDARD
ACCT_SYN_001435,CUST_SYN_000435,OPERATING,ACTIVE,EUR,SYN-BR-016,2021-08-14,938765.00,DE,PRIORITY
ACCT_SYN_001436,CUST_SYN_000436,SETTLEMENT,ACTIVE,GBP,SYN-BR-017,2021-08-13,946684.00,SG,STRATEGIC
ACCT_SYN_001437,CUST_SYN_000437,CHECKING,ACTIVE,USD,SYN-BR-018,2021-08-12,954603.00,US,STANDARD
ACCT_SYN_001438,CUST_SYN_000438,OPERATING,ACTIVE,EUR,SYN-BR-019,2021-08-11,962522.00,GB,PRIORITY
ACCT_SYN_001439,CUST_SYN_000439,SETTLEMENT,ACTIVE,GBP,SYN-BR-020,2021-08-10,970441.00,DE,STRATEGIC
ACCT_SYN_001440,CUST_SYN_000440,CHECKING,ACTIVE,USD,SYN-BR-001,2021-08-09,28360.00,SG,STANDARD
ACCT_SYN_001441,CUST_SYN_000441,OPERATING,ACTIVE,EUR,SYN-BR-002,2021-08-08,36279.00,US,PRIORITY
ACCT_SYN_001442,CUST_SYN_000442,SETTLEMENT,ACTIVE,GBP,SYN-BR-003,2021-08-07,44198.00,GB,STRATEGIC
ACCT_SYN_001443,CUST_SYN_000443,CHECKING,ACTIVE,USD,SYN-BR-004,2021-08-06,52117.00,DE,STANDARD
ACCT_SYN_001444,CUST_SYN_000444,OPERATING,ACTIVE,EUR,SYN-BR-005,2021-08-05,60036.00,SG,PRIORITY
ACCT_SYN_001445,CUST_SYN_000445,SETTLEMENT,ACTIVE,GBP,SYN-BR-006,2021-08-04,67955.00,US,STRATEGIC
ACCT_SYN_001446,CUST_SYN_000446,CHECKING,ACTIVE,USD,SYN-BR-007,2021-08-03,75874.00,GB,STANDARD
ACCT_SYN_001447,CUST_SYN_000447,OPERATING,ACTIVE,EUR,SYN-BR-008,2021-08-02,83793.00,DE,PRIORITY
ACCT_SYN_001448,CUST_SYN_000448,SETTLEMENT,ACTIVE,GBP,SYN-BR-009,2021-08-01,91712.00,SG,STRATEGIC
ACCT_SYN_001449,CUST_SYN_000449,CHECKING,ACTIVE,USD,SYN-BR-010,2021-07-31,99631.00,US,STANDARD
ACCT_SYN_001450,CUST_SYN_000450,OPERATING,ACTIVE,EUR,SYN-BR-011,2021-07-30,107550.00,GB,PRIORITY
ACCT_SYN_001451,CUST_SYN_000451,SETTLEMENT,ACTIVE,GBP,SYN-BR-012,2021-07-29,115469.00,DE,STRATEGIC
ACCT_SYN_001452,CUST_SYN_000452,CHECKING,ACTIVE,USD,SYN-BR-013,2021-07-28,123388.00,SG,STANDARD
ACCT_SYN_001453,CUST_SYN_000453,OPERATING,ACTIVE,EUR,SYN-BR-014,2021-07-27,131307.00,US,PRIORITY
ACCT_SYN_001454,CUST_SYN_000454,SETTLEMENT,ACTIVE,GBP,SYN-BR-015,2021-07-26,139226.00,GB,STRATEGIC
ACCT_SYN_001455,CUST_SYN_000455,CHECKING,ACTIVE,USD,SYN-BR-016,2021-07-25,147145.00,DE,STANDARD
ACCT_SYN_001456,CUST_SYN_000456,OPERATING,ACTIVE,EUR,SYN-BR-017,2021-07-24,155064.00,SG,PRIORITY
ACCT_SYN_001457,CUST_SYN_000457,SETTLEMENT,ACTIVE,GBP,SYN-BR-018,2021-07-23,162983.00,US,STRATEGIC
ACCT_SYN_001458,CUST_SYN_000458,CHECKING,ACTIVE,USD,SYN-BR-019,2021-07-22,170902.00,GB,STANDARD
ACCT_SYN_001459,CUST_SYN_000459,OPERATING,ACTIVE,EUR,SYN-BR-020,2021-07-21,178821.00,DE,PRIORITY
ACCT_SYN_001460,CUST_SYN_000460,SETTLEMENT,ACTIVE,GBP,SYN-BR-001,2021-07-20,186740.00,SG,STRATEGIC
ACCT_SYN_001461,CUST_SYN_000461,CHECKING,ACTIVE,USD,SYN-BR-002,2021-07-19,194659.00,US,STANDARD
ACCT_SYN_001462,CUST_SYN_000462,OPERATING,ACTIVE,EUR,SYN-BR-003,2021-07-18,202578.00,GB,PRIORITY
ACCT_SYN_001463,CUST_SYN_000463,SETTLEMENT,ACTIVE,GBP,SYN-BR-004,2021-07-17,210497.00,DE,STRATEGIC
ACCT_SYN_001464,CUST_SYN_000464,CHECKING,ACTIVE,USD,SYN-BR-005,2021-07-16,218416.00,SG,STANDARD
ACCT_SYN_001465,CUST_SYN_000465,OPERATING,ACTIVE,EUR,SYN-BR-006,2021-07-15,226335.00,US,PRIORITY
ACCT_SYN_001466,CUST_SYN_000466,SETTLEMENT,ACTIVE,GBP,SYN-BR-007,2021-07-14,234254.00,GB,STRATEGIC
ACCT_SYN_001467,CUST_SYN_000467,CHECKING,ACTIVE,USD,SYN-BR-008,2021-07-13,242173.00,DE,STANDARD
ACCT_SYN_001468,CUST_SYN_000468,OPERATING,ACTIVE,EUR,SYN-BR-009,2021-07-12,250092.00,SG,PRIORITY
ACCT_SYN_001469,CUST_SYN_000469,SETTLEMENT,ACTIVE,GBP,SYN-BR-010,2021-07-11,258011.00,US,STRATEGIC
ACCT_SYN_001470,CUST_SYN_000470,CHECKING,ACTIVE,USD,SYN-BR-011,2021-07-10,265930.00,GB,STANDARD
ACCT_SYN_001471,CUST_SYN_000471,OPERATING,ACTIVE,EUR,SYN-BR-012,2021-07-09,273849.00,DE,PRIORITY
ACCT_SYN_001472,CUST_SYN_000472,SETTLEMENT,ACTIVE,GBP,SYN-BR-013,2021-07-08,281768.00,SG,STRATEGIC
ACCT_SYN_001473,CUST_SYN_000473,CHECKING,ACTIVE,USD,SYN-BR-014,2021-07-07,289687.00,US,STANDARD
ACCT_SYN_001474,CUST_SYN_000474,OPERATING,ACTIVE,EUR,SYN-BR-015,2021-07-06,297606.00,GB,PRIORITY
ACCT_SYN_001475,CUST_SYN_000475,SETTLEMENT,ACTIVE,GBP,SYN-BR-016,2021-07-05,305525.00,DE,STRATEGIC
ACCT_SYN_001476,CUST_SYN_000476,CHECKING,ACTIVE,USD,SYN-BR-017,2021-07-04,313444.00,SG,STANDARD
ACCT_SYN_001477,CUST_SYN_000477,OPERATING,ACTIVE,EUR,SYN-BR-018,2021-07-03,321363.00,US,PRIORITY
ACCT_SYN_001478,CUST_SYN_000478,SETTLEMENT,ACTIVE,GBP,SYN-BR-019,2021-07-02,329282.00,GB,STRATEGIC
ACCT_SYN_001479,CUST_SYN_000479,CHECKING,ACTIVE,USD,SYN-BR-020,2021-07-01,337201.00,DE,STANDARD
ACCT_SYN_001480,CUST_SYN_000480,OPERATING,ACTIVE,EUR,SYN-BR-001,2021-06-30,345120.00,SG,PRIORITY
ACCT_SYN_001481,CUST_SYN_000481,SETTLEMENT,ACTIVE,GBP,SYN-BR-002,2021-06-29,353039.00,US,STRATEGIC
ACCT_SYN_001482,CUST_SYN_000482,CHECKING,ACTIVE,USD,SYN-BR-003,2021-06-28,360958.00,GB,STANDARD
ACCT_SYN_001483,CUST_SYN_000483,OPERATING,ACTIVE,EUR,SYN-BR-004,2021-06-27,368877.00,DE,PRIORITY
ACCT_SYN_001484,CUST_SYN_000484,SETTLEMENT,ACTIVE,GBP,SYN-BR-005,2021-06-26,376796.00,SG,STRATEGIC
ACCT_SYN_001485,CUST_SYN_000485,CHECKING,ACTIVE,USD,SYN-BR-006,2021-06-25,384715.00,US,STANDARD
ACCT_SYN_001486,CUST_SYN_000486,OPERATING,ACTIVE,EUR,SYN-BR-007,2021-06-24,392634.00,GB,PRIORITY
ACCT_SYN_001487,CUST_SYN_000487,SETTLEMENT,ACTIVE,GBP,SYN-BR-008,2021-06-23,400553.00,DE,STRATEGIC
ACCT_SYN_001488,CUST_SYN_000488,CHECKING,ACTIVE,USD,SYN-BR-009,2021-06-22,408472.00,SG,STANDARD
ACCT_SYN_001489,CUST_SYN_000489,OPERATING,ACTIVE,EUR,SYN-BR-010,2021-06-21,416391.00,US,PRIORITY
ACCT_SYN_001490,CUST_SYN_000490,SETTLEMENT,ACTIVE,GBP,SYN-BR-011,2021-06-20,424310.00,GB,STRATEGIC
ACCT_SYN_001491,CUST_SYN_000491,CHECKING,ACTIVE,USD,SYN-BR-012,2021-06-19,432229.00,DE,STANDARD
ACCT_SYN_001492,CUST_SYN_000492,OPERATING,ACTIVE,EUR,SYN-BR-013,2021-06-18,440148.00,SG,PRIORITY
ACCT_SYN_001493,CUST_SYN_000493,SETTLEMENT,ACTIVE,GBP,SYN-BR-014,2021-06-17,448067.00,US,STRATEGIC
ACCT_SYN_001494,CUST_SYN_000494,CHECKING,ACTIVE,USD,SYN-BR-015,2021-06-16,455986.00,GB,STANDARD
ACCT_SYN_001495,CUST_SYN_000495,OPERATING,ACTIVE,EUR,SYN-BR-016,2021-06-15,463905.00,DE,PRIORITY
ACCT_SYN_001496,CUST_SYN_000496,SETTLEMENT,ACTIVE,GBP,SYN-BR-017,2021-06-14,471824.00,SG,STRATEGIC
ACCT_SYN_001497,CUST_SYN_000497,CHECKING,ACTIVE,USD,SYN-BR-018,2021-06-13,479743.00,US,STANDARD
ACCT_SYN_001498,CUST_SYN_000498,OPERATING,ACTIVE,EUR,SYN-BR-019,2021-06-12,487662.00,GB,PRIORITY
ACCT_SYN_001499,CUST_SYN_000499,SETTLEMENT,ACTIVE,GBP,SYN-BR-020,2021-06-11,495581.00,DE,STRATEGIC
ACCT_SYN_001500,CUST_SYN_000500,CHECKING,ACTIVE,USD,SYN-BR-001,2021-06-10,503500.00,SG,STANDARD
