customer_id,customer_type,customer_name,date_of_birth,email,phone,address_line,city,state,country,postal_code,customer_segment,risk_tier,customer_status,created_date
CUST_DEMO_001,INDIVIDUAL,Synthetic Customer 000001,1966-02-02,customer000001@example.invalid,+1-555-0001,101 Fictional Avenue,Example City,EX,US,SYN0001,SME,MEDIUM,ACTIVE,2024-11-15
CUST_SYN_000002,INDIVIDUAL,Synthetic Customer 000002,1967-03-03,customer000002@example.invalid,+1-555-0002,102 Fictional Avenue,Demo Borough,DM,GB,SYN0002,CORPORATE,HIGH,ACTIVE,2024-11-14
CUST_SYN_000003,INDIVIDUAL,Synthetic Customer 000003,1968-04-04,customer000003@example.invalid,+1-555-0003,103 Fictional Avenue,Sample Ville,SV,DE,SYN0003,RETAIL,LOW,ACTIVE,2024-11-13
CUST_SYN_000004,BUSINESS,Synthetic Customer 000004,,customer000004@example.invalid,+1-555-0004,104 Fictional Avenue,Test Harbour,TH,SG,SYN0004,SME,MEDIUM,ACTIVE,2024-11-12
CUST_SYN_000005,INDIVIDUAL,Synthetic Customer 000005,1970-06-06,customer000005@example.invalid,+1-555-0005,105 Fictional Avenue,Example City,EX,US,SYN0005,CORPORATE,HIGH,ACTIVE,2024-11-11
CUST_SYN_000006,INDIVIDUAL,Synthetic Customer 000006,1971-07-07,customer000006@example.invalid,+1-555-0006,106 Fictional Avenue,Demo Borough,DM,GB,SYN0006,RETAIL,LOW,ACTIVE,2024-11-10
CUST_SYN_000007,INDIVIDUAL,Synthetic Customer 000007,1972-08-08,customer000007@example.invalid,+1-555-0007,107 Fictional Avenue,Sample Ville,SV,DE,SYN0007,SME,MEDIUM,ACTIVE,2024-11-09
CUST_SYN_000008,BUSINESS,Synthetic Customer 000008,,customer000008@example.invalid,+1-555-0008,108 Fictional Avenue,Test Harbour,TH,SG,SYN0008,CORPORATE,HIGH,ACTIVE,2024-11-08
CUST_SYN_000009,INDIVIDUAL,Synthetic Customer 000009,1974-10-10,customer000009@example.invalid,+1-555-0009,109 Fictional Avenue,Example City,EX,US,SYN0009,RETAIL,LOW,ACTIVE,2024-11-07
CUST_SYN_000010,INDIVIDUAL,Synthetic Customer 000010,1975-11-11,customer000010@example.invalid,+1-555-0010,110 Fictional Avenue,Demo Borough,DM,GB,SYN0010,SME,MEDIUM,ACTIVE,2024-11-06
CUST_SYN_000011,INDIVIDUAL,Synthetic Customer 000011,1976-12-12,customer000011@example.invalid,+1-555-0011,111 Fictional Avenue,Sample Ville,SV,DE,SYN0011,CORPORATE,HIGH,ACTIVE,2024-11-05
CUST_SYN_000012,BUSINESS,Synthetic Customer 000012,,customer000012@example.invalid,+1-555-0012,112 Fictional Avenue,Test Harbour,TH,SG,SYN0012,RETAIL,LOW,ACTIVE,2024-11-04
CUST_SYN_000013,INDIVIDUAL,Synthetic Customer 000013,1978-02-14,customer000013@example.invalid,+1-555-0013,113 Fictional Avenue,Example City,EX,US,SYN0013,SME,MEDIUM,ACTIVE,2024-11-03
CUST_SYN_000014,INDIVIDUAL,Synthetic Customer 000014,1979-03-15,customer000014@example.invalid,+1-555-0014,114 Fictional Avenue,Demo Borough,DM,GB,SYN0014,CORPORATE,HIGH,ACTIVE,2024-11-02
CUST_SYN_000015,INDIVIDUAL,Synthetic Customer 000015,1980-04-16,customer000015@example.invalid,+1-555-0015,115 Fictional Avenue,Sample Ville,SV,DE,SYN0015,RETAIL,LOW,ACTIVE,2024-11-01
CUST_SYN_000016,BUSINESS,Synthetic Customer 000016,,customer000016@example.invalid,+1-555-0016,116 Fictional Avenue,Test Harbour,TH,SG,SYN0016,SME,MEDIUM,ACTIVE,2024-10-31
CUST_SYN_000017,INDIVIDUAL,Synthetic Customer 000017,1982-06-18,customer000017@example.invalid,+1-555-0017,117 Fictional Avenue,Example City,EX,US,SYN0017,CORPORATE,HIGH,ACTIVE,2024-10-30
CUST_SYN_000018,INDIVIDUAL,Synthetic Customer 000018,1983-07-19,customer000018@example.invalid,+1-555-0018,118 Fictional Avenue,Demo Borough,DM,GB,SYN0018,RETAIL,LOW,ACTIVE,2024-10-29
CUST_SYN_000019,INDIVIDUAL,Synthetic Customer 000019,1984-08-20,customer000019@example.invalid,+1-555-0019,119 Fictional Avenue,Sample Ville,SV,DE,SYN0019,SME,MEDIUM,ACTIVE,2024-10-28
CUST_SYN_000020,BUSINESS,Synthetic Customer 000020,,customer000020@example.invalid,+1-555-0020,120 Fictional Avenue,Test Harbour,TH,SG,SYN0020,CORPORATE,HIGH,ACTIVE,2024-10-27
CUST_SYN_000021,INDIVIDUAL,Synthetic Customer 000021,1986-10-22,customer000021@example.invalid,+1-555-0021,121 Fictional Avenue,Example City,EX,US,SYN0021,RETAIL,LOW,ACTIVE,2024-10-26
CUST_SYN_000022,INDIVIDUAL,Synthetic Customer 000022,1987-11-23,customer000022@example.invalid,+1-555-0022,122 Fictional Avenue,Demo Borough,DM,GB,SYN0022,SME,MEDIUM,ACTIVE,2024-10-25
CUST_SYN_000023,INDIVIDUAL,Synthetic Customer 000023,1988-12-24,customer000023@example.invalid,+1-555-0023,123 Fictional Avenue,Sample Ville,SV,DE,SYN0023,CORPORATE,HIGH,ACTIVE,2024-10-24
CUST_SYN_000024,BUSINESS,Synthetic Customer 000024,,customer000024@example.invalid,+1-555-0024,124 Fictional Avenue,Test Harbour,TH,SG,SYN0024,RETAIL,LOW,ACTIVE,2024-10-23
CUST_SYN_000025,INDIVIDUAL,Synthetic Customer 000025,1990-02-26,customer000025@example.invalid,+1-555-0025,125 Fictional Avenue,Example City,EX,US,SYN0025,SME,MEDIUM,ACTIVE,2024-10-22
CUST_SYN_000026,INDIVIDUAL,Synthetic Customer 000026,1991-03-27,customer000026@example.invalid,+1-555-0026,126 Fictional Avenue,Demo Borough,DM,GB,SYN0026,CORPORATE,HIGH,ACTIVE,2024-10-21
CUST_SYN_000027,INDIVIDUAL,Synthetic Customer 000027,1992-04-01,customer000027@example.invalid,+1-555-0027,127 Fictional Avenue,Sample Ville,SV,DE,SYN0027,RETAIL,LOW,ACTIVE,2024-10-20
CUST_SYN_000028,BUSINESS,Synthetic Customer 000028,,customer000028@example.invalid,+1-555-0028,128 Fictional Avenue,Test Harbour,TH,SG,SYN0028,SME,MEDIUM,ACTIVE,2024-10-19
CUST_SYN_000029,INDIVIDUAL,Synthetic Customer 000029,1994-06-03,customer000029@example.invalid,+1-555-0029,129 Fictional Avenue,Example City,EX,US,SYN0029,CORPORATE,HIGH,ACTIVE,2024-10-18
CUST_SYN_000030,INDIVIDUAL,Synthetic Customer 000030,1995-07-04,customer000030@example.invalid,+1-555-0030,130 Fictional Avenue,Demo Borough,DM,GB,SYN0030,RETAIL,LOW,ACTIVE,2024-10-17
CUST_SYN_000031,INDIVIDUAL,Synthetic Customer 000031,1996-08-05,customer000031@example.invalid,+1-555-0031,131 Fictional Avenue,Sample Ville,SV,DE,SYN0031,SME,MEDIUM,ACTIVE,2024-10-16
CUST_SYN_000032,BUSINESS,Synthetic Customer 000032,,customer000032@example.invalid,+1-555-0032,132 Fictional Avenue,Test Harbour,TH,SG,SYN0032,CORPORATE,HIGH,ACTIVE,2024-10-15
CUST_SYN_000033,INDIVIDUAL,Synthetic Customer 000033,1998-10-07,customer000033@example.invalid,+1-555-0033,133 Fictional Avenue,Example City,EX,US,SYN0033,RETAIL,LOW,ACTIVE,2024-10-14
CUST_SYN_000034,INDIVIDUAL,Synthetic Customer 000034,1999-11-08,customer000034@example.invalid,+1-555-0034,134 Fictional Avenue,Demo Borough,DM,GB,SYN0034,SME,MEDIUM,ACTIVE,2024-10-13
CUST_SYN_000035,INDIVIDUAL,Synthetic Customer 000035,1965-12-09,customer000035@example.invalid,+1-555-0035,135 Fictional Avenue,Sample Ville,SV,DE,SYN0035,CORPORATE,HIGH,ACTIVE,2024-10-12
CUST_SYN_000036,BUSINESS,Synthetic Customer 000036,,customer000036@example.invalid,+1-555-0036,136 Fictional Avenue,Test Harbour,TH,SG,SYN0036,RETAIL,LOW,ACTIVE,2024-10-11
CUST_SYN_000037,INDIVIDUAL,Synthetic Customer 000037,1967-02-11,customer000037@example.invalid,+1-555-0037,137 Fictional Avenue,Example City,EX,US,SYN0037,SME,MEDIUM,ACTIVE,2024-10-10
CUST_SYN_000038,INDIVIDUAL,Synthetic Customer 000038,1968-03-12,customer000038@example.invalid,+1-555-0038,138 Fictional Avenue,Demo Borough,DM,GB,SYN0038,CORPORATE,HIGH,ACTIVE,2024-10-09
CUST_SYN_000039,INDIVIDUAL,Synthetic Customer 000039,1969-04-13,customer000039@example.invalid,+1-555-0039,139 Fictional Avenue,Sample Ville,SV,DE,SYN0039,RETAIL,LOW,ACTIVE,2024-10-08
CUST_SYN_000040,BUSINESS,Synthetic Customer 000040,,customer000040@example.invalid,+1-555-0040,140 Fictional Avenue,Test Harbour,TH,SG,SYN0040,SME,MEDIUM,ACTIVE,2024-10-07
CUST_SYN_000041,INDIVIDUAL,Synthetic Customer 000041,1971-06-15,customer000041@example.invalid,+1-555-0041,141 Fictional Avenue,Example City,EX,US,SYN0041,CORPORATE,HIGH,ACTIVE,2024-10-06
CUST_SYN_000042,INDIVIDUAL,Synthetic Customer 000042,1972-07-16,customer000042@example.invalid,+1-555-0042,142 Fictional Avenue,Demo Borough,DM,GB,SYN0042,RETAIL,LOW,ACTIVE,2024-10-05
CUST_SYN_000043,INDIVIDUAL,Synthetic Customer 000043,1973-08-17,customer000043@example.invalid,+1-555-0043,143 Fictional Avenue,Sample Ville,SV,DE,SYN0043,SME,MEDIUM,ACTIVE,2024-10-04
CUST_SYN_000044,BUSINESS,Synthetic Customer 000044,,customer000044@example.invalid,+1-555-0044,144 Fictional Avenue,Test Harbour,TH,SG,SYN0044,CORPORATE,HIGH,ACTIVE,2024-10-03
CUST_SYN_000045,INDIVIDUAL,Synthetic Customer 000045,1975-10-19,customer000045@example.invalid,+1-555-0045,145 Fictional Avenue,Example City,EX,US,SYN0045,RETAIL,LOW,ACTIVE,2024-10-02
CUST_SYN_000046,INDIVIDUAL,Synthetic Customer 000046,1976-11-20,customer000046@example.invalid,+1-555-0046,146 Fictional Avenue,Demo Borough,DM,GB,SYN0046,SME,MEDIUM,ACTIVE,2024-10-01
CUST_SYN_000047,INDIVIDUAL,Synthetic Customer 000047,1977-12-21,customer000047@example.invalid,+1-555-0047,147 Fictional Avenue,Sample Ville,SV,DE,SYN0047,CORPORATE,HIGH,ACTIVE,2024-09-30
CUST_SYN_000048,BUSINESS,Synthetic Customer 000048,,customer000048@example.invalid,+1-555-0048,148 Fictional Avenue,Test Harbour,TH,SG,SYN0048,RETAIL,LOW,ACTIVE,2024-09-29
CUST_SYN_000049,INDIVIDUAL,Synthetic Customer 000049,1979-02-23,customer000049@example.invalid,+1-555-0049,149 Fictional Avenue,Example City,EX,US,SYN0049,SME,MEDIUM,ACTIVE,2024-09-28
CUST_SYN_000050,INDIVIDUAL,Synthetic Customer 000050,1980-03-24,customer000050@example.invalid,+1-555-0050,150 Fictional Avenue,Demo Borough,DM,GB,SYN0050,CORPORATE,HIGH,ACTIVE,2024-09-27
CUST_SYN_000051,INDIVIDUAL,Synthetic Customer 000051,1981-04-25,customer000051@example.invalid,+1-555-0051,151 Fictional Avenue,Sample Ville,SV,DE,SYN0051,RETAIL,LOW,ACTIVE,2024-09-26
CUST_SYN_000052,BUSINESS,Synthetic Customer 000052,,customer000052@example.invalid,+1-555-0052,152 Fictional Avenue,Test Harbour,TH,SG,SYN0052,SME,MEDIUM,ACTIVE,2024-09-25
CUST_SYN_000053,INDIVIDUAL,Synthetic Customer 000053,1983-06-27,customer000053@example.invalid,+1-555-0053,153 Fictional Avenue,Example City,EX,US,SYN0053,CORPORATE,HIGH,ACTIVE,2024-09-24
CUST_SYN_000054,INDIVIDUAL,Synthetic Customer 000054,1984-07-01,customer000054@example.invalid,+1-555-0054,154 Fictional Avenue,Demo Borough,DM,GB,SYN0054,RETAIL,LOW,ACTIVE,2024-09-23
CUST_SYN_000055,INDIVIDUAL,Synthetic Customer 000055,1985-08-02,customer000055@example.invalid,+1-555-0055,155 Fictional Avenue,Sample Ville,SV,DE,SYN0055,SME,MEDIUM,ACTIVE,2024-09-22
CUST_SYN_000056,BUSINESS,Synthetic Customer 000056,,customer000056@example.invalid,+1-555-0056,156 Fictional Avenue,Test Harbour,TH,SG,SYN0056,CORPORATE,HIGH,ACTIVE,2024-09-21
CUST_SYN_000057,INDIVIDUAL,Synthetic Customer 000057,1987-10-04,customer000057@example.invalid,+1-555-0057,157 Fictional Avenue,Example City,EX,US,SYN0057,RETAIL,LOW,ACTIVE,2024-09-20
CUST_SYN_000058,INDIVIDUAL,Synthetic Customer 000058,1988-11-05,customer000058@example.invalid,+1-555-0058,158 Fictional Avenue,Demo Borough,DM,GB,SYN0058,SME,MEDIUM,ACTIVE,2024-09-19
CUST_SYN_000059,INDIVIDUAL,Synthetic Customer 000059,1989-12-06,customer000059@example.invalid,+1-555-0059,159 Fictional Avenue,Sample Ville,SV,DE,SYN0059,CORPORATE,HIGH,ACTIVE,2024-09-18
CUST_SYN_000060,BUSINESS,Synthetic Customer 000060,,customer000060@example.invalid,+1-555-0060,160 Fictional Avenue,Test Harbour,TH,SG,SYN0060,RETAIL,LOW,ACTIVE,2024-09-17
CUST_SYN_000061,INDIVIDUAL,Synthetic Customer 000061,1991-02-08,customer000061@example.invalid,+1-555-0061,161 Fictional Avenue,Example City,EX,US,SYN0061,SME,MEDIUM,ACTIVE,2024-09-16
CUST_SYN_000062,INDIVIDUAL,Synthetic Customer 000062,1992-03-09,customer000062@example.invalid,+1-555-0062,162 Fictional Avenue,Demo Borough,DM,GB,SYN0062,CORPORATE,HIGH,ACTIVE,2024-09-15
CUST_SYN_000063,INDIVIDUAL,Synthetic Customer 000063,1993-04-10,customer000063@example.invalid,+1-555-0063,163 Fictional Avenue,Sample Ville,SV,DE,SYN0063,RETAIL,LOW,ACTIVE,2024-09-14
CUST_SYN_000064,BUSINESS,Synthetic Customer 000064,,customer000064@example.invalid,+1-555-0064,164 Fictional Avenue,Test Harbour,TH,SG,SYN0064,SME,MEDIUM,ACTIVE,2024-09-13
CUST_SYN_000065,INDIVIDUAL,Synthetic Customer 000065,1995-06-12,customer000065@example.invalid,+1-555-0065,165 Fictional Avenue,Example City,EX,US,SYN0065,CORPORATE,HIGH,ACTIVE,2024-09-12
CUST_SYN_000066,INDIVIDUAL,Synthetic Customer 000066,1996-07-13,customer000066@example.invalid,+1-555-0066,166 Fictional Avenue,Demo Borough,DM,GB,SYN0066,RETAIL,LOW,ACTIVE,2024-09-11
CUST_SYN_000067,INDIVIDUAL,Synthetic Customer 000067,1997-08-14,customer000067@example.invalid,+1-555-0067,167 Fictional Avenue,Sample Ville,SV,DE,SYN0067,SME,MEDIUM,ACTIVE,2024-09-10
CUST_SYN_000068,BUSINESS,Synthetic Customer 000068,,customer000068@example.invalid,+1-555-0068,168 Fictional Avenue,Test Harbour,TH,SG,SYN0068,CORPORATE,HIGH,ACTIVE,2024-09-09
CUST_SYN_000069,INDIVIDUAL,Synthetic Customer 000069,1999-10-16,customer000069@example.invalid,+1-555-0069,169 Fictional Avenue,Example City,EX,US,SYN0069,RETAIL,LOW,ACTIVE,2024-09-08
CUST_SYN_000070,INDIVIDUAL,Synthetic Customer 000070,1965-11-17,customer000070@example.invalid,+1-555-0070,170 Fictional Avenue,Demo Borough,DM,GB,SYN0070,SME,MEDIUM,ACTIVE,2024-09-07
CUST_SYN_000071,INDIVIDUAL,Synthetic Customer 000071,1966-12-18,customer000071@example.invalid,+1-555-0071,171 Fictional Avenue,Sample Ville,SV,DE,SYN0071,CORPORATE,HIGH,ACTIVE,2024-09-06
CUST_SYN_000072,BUSINESS,Synthetic Customer 000072,,customer000072@example.invalid,+1-555-0072,172 Fictional Avenue,Test Harbour,TH,SG,SYN0072,RETAIL,LOW,ACTIVE,2024-09-05
CUST_SYN_000073,INDIVIDUAL,Synthetic Customer 000073,1968-02-20,customer000073@example.invalid,+1-555-0073,173 Fictional Avenue,Example City,EX,US,SYN0073,SME,MEDIUM,ACTIVE,2024-09-04
CUST_SYN_000074,INDIVIDUAL,Synthetic Customer 000074,1969-03-21,customer000074@example.invalid,+1-555-0074,174 Fictional Avenue,Demo Borough,DM,GB,SYN0074,CORPORATE,HIGH,ACTIVE,2024-09-03
CUST_SYN_000075,INDIVIDUAL,Synthetic Customer 000075,1970-04-22,customer000075@example.invalid,+1-555-0075,175 Fictional Avenue,Sample Ville,SV,DE,SYN0075,RETAIL,LOW,ACTIVE,2024-09-02
CUST_SYN_000076,BUSINESS,Synthetic Customer 000076,,customer000076@example.invalid,+1-555-0076,176 Fictional Avenue,Test Harbour,TH,SG,SYN0076,SME,MEDIUM,ACTIVE,2024-09-01
CUST_SYN_000077,INDIVIDUAL,Synthetic Customer 000077,1972-06-24,customer000077@example.invalid,+1-555-0077,177 Fictional Avenue,Example City,EX,US,SYN0077,CORPORATE,HIGH,ACTIVE,2024-08-31
CUST_SYN_000078,INDIVIDUAL,Synthetic Customer 000078,1973-07-25,customer000078@example.invalid,+1-555-0078,178 Fictional Avenue,Demo Borough,DM,GB,SYN0078,RETAIL,LOW,ACTIVE,2024-08-30
CUST_SYN_000079,INDIVIDUAL,Synthetic Customer 000079,1974-08-26,customer000079@example.invalid,+1-555-0079,179 Fictional Avenue,Sample Ville,SV,DE,SYN0079,SME,MEDIUM,ACTIVE,2024-08-29
CUST_SYN_000080,BUSINESS,Synthetic Customer 000080,,customer000080@example.invalid,+1-555-0080,180 Fictional Avenue,Test Harbour,TH,SG,SYN0080,CORPORATE,HIGH,ACTIVE,2024-08-28
CUST_SYN_000081,INDIVIDUAL,Synthetic Customer 000081,1976-10-01,customer000081@example.invalid,+1-555-0081,181 Fictional Avenue,Example City,EX,US,SYN0081,RETAIL,LOW,ACTIVE,2024-08-27
CUST_SYN_000082,INDIVIDUAL,Synthetic Customer 000082,1977-11-02,customer000082@example.invalid,+1-555-0082,182 Fictional Avenue,Demo Borough,DM,GB,SYN0082,SME,MEDIUM,ACTIVE,2024-08-26
CUST_SYN_000083,INDIVIDUAL,Synthetic Customer 000083,1978-12-03,customer000083@example.invalid,+1-555-0083,183 Fictional Avenue,Sample Ville,SV,DE,SYN0083,CORPORATE,HIGH,ACTIVE,2024-08-25
CUST_SYN_000084,BUSINESS,Synthetic Customer 000084,,customer000084@example.invalid,+1-555-0084,184 Fictional Avenue,Test Harbour,TH,SG,SYN0084,RETAIL,LOW,ACTIVE,2024-08-24
CUST_SYN_000085,INDIVIDUAL,Synthetic Customer 000085,1980-02-05,customer000085@example.invalid,+1-555-0085,185 Fictional Avenue,Example City,EX,US,SYN0085,SME,MEDIUM,ACTIVE,2024-08-23
CUST_SYN_000086,INDIVIDUAL,Synthetic Customer 000086,1981-03-06,customer000086@example.invalid,+1-555-0086,186 Fictional Avenue,Demo Borough,DM,GB,SYN0086,CORPORATE,HIGH,ACTIVE,2024-08-22
CUST_SYN_000087,INDIVIDUAL,Synthetic Customer 000087,1982-04-07,customer000087@example.invalid,+1-555-0087,187 Fictional Avenue,Sample Ville,SV,DE,SYN0087,RETAIL,LOW,ACTIVE,2024-08-21
CUST_SYN_000088,BUSINESS,Synthetic Customer 000088,,customer000088@example.invalid,+1-555-0088,188 Fictional Avenue,Test Harbour,TH,SG,SYN0088,SME,MEDIUM,ACTIVE,2024-08-20
CUST_SYN_000089,INDIVIDUAL,Synthetic Customer 000089,1984-06-09,customer000089@example.invalid,+1-555-0089,189 Fictional Avenue,Example City,EX,US,SYN0089,CORPORATE,HIGH,ACTIVE,2024-08-19
CUST_SYN_000090,INDIVIDUAL,Synthetic Customer 000090,1985-07-10,customer000090@example.invalid,+1-555-0090,190 Fictional Avenue,Demo Borough,DM,GB,SYN0090,RETAIL,LOW,ACTIVE,2024-08-18
CUST_SYN_000091,INDIVIDUAL,Synthetic Customer 000091,1986-08-11,customer000091@example.invalid,+1-555-0091,191 Fictional Avenue,Sample Ville,SV,DE,SYN0091,SME,MEDIUM,ACTIVE,2024-08-17
CUST_SYN_000092,BUSINESS,Synthetic Customer 000092,,customer000092@example.invalid,+1-555-0092,192 Fictional Avenue,Test Harbour,TH,SG,SYN0092,CORPORATE,HIGH,ACTIVE,2024-08-16
CUST_SYN_000093,INDIVIDUAL,Synthetic Customer 000093,1988-10-13,customer000093@example.invalid,+1-555-0093,193 Fictional Avenue,Example City,EX,US,SYN0093,RETAIL,LOW,ACTIVE,2024-08-15
CUST_SYN_000094,INDIVIDUAL,Synthetic Customer 000094,1989-11-14,customer000094@example.invalid,+1-555-0094,194 Fictional Avenue,Demo Borough,DM,GB,SYN0094,SME,MEDIUM,ACTIVE,2024-08-14
CUST_SYN_000095,INDIVIDUAL,Synthetic Customer 000095,1990-12-15,customer000095@example.invalid,+1-555-0095,195 Fictional Avenue,Sample Ville,SV,DE,SYN0095,CORPORATE,HIGH,ACTIVE,2024-08-13
CUST_SYN_000096,BUSINESS,Synthetic Customer 000096,,customer000096@example.invalid,+1-555-0096,196 Fictional Avenue,Test Harbour,TH,SG,SYN0096,RETAIL,LOW,ACTIVE,2024-08-12
CUST_SYN_000097,INDIVIDUAL,Synthetic Customer 000097,1992-02-17,customer000097@example.invalid,+1-555-0097,197 Fictional Avenue,Example City,EX,US,SYN0097,SME,MEDIUM,ACTIVE,2024-08-11
CUST_SYN_000098,INDIVIDUAL,Synthetic Customer 000098,1993-03-18,customer000098@example.invalid,+1-555-0098,198 Fictional Avenue,Demo Borough,DM,GB,SYN0098,CORPORATE,HIGH,ACTIVE,2024-08-10
CUST_SYN_000099,INDIVIDUAL,Synthetic Customer 000099,1994-04-19,customer000099@example.invalid,+1-555-0099,199 Fictional Avenue,Sample Ville,SV,DE,SYN0099,RETAIL,LOW,ACTIVE,2024-08-09
CUST_SYN_000100,BUSINESS,Synthetic Customer 000100,,customer000100@example.invalid,+1-555-0100,200 Fictional Avenue,Test Harbour,TH,SG,SYN0100,SME,MEDIUM,ACTIVE,2024-08-08
CUST_SYN_000101,INDIVIDUAL,Synthetic Customer 000101,1996-06-21,customer000101@example.invalid,+1-555-0101,201 Fictional Avenue,Example City,EX,US,SYN0101,CORPORATE,HIGH,ACTIVE,2024-08-07
CUST_SYN_000102,INDIVIDUAL,Synthetic Customer 000102,1997-07-22,customer000102@example.invalid,+1-555-0102,202 Fictional Avenue,Demo Borough,DM,GB,SYN0102,RETAIL,LOW,ACTIVE,2024-08-06
CUST_SYN_000103,INDIVIDUAL,Synthetic Customer 000103,1998-08-23,customer000103@example.invalid,+1-555-0103,203 Fictional Avenue,Sample Ville,SV,DE,SYN0103,SME,MEDIUM,ACTIVE,2024-08-05
CUST_SYN_000104,BUSINESS,Synthetic Customer 000104,,customer000104@example.invalid,+1-555-0104,204 Fictional Avenue,Test Harbour,TH,SG,SYN0104,CORPORATE,HIGH,ACTIVE,2024-08-04
CUST_SYN_000105,INDIVIDUAL,Synthetic Customer 000105,1965-10-25,customer000105@example.invalid,+1-555-0105,205 Fictional Avenue,Example City,EX,US,SYN0105,RETAIL,LOW,ACTIVE,2024-08-03
CUST_SYN_000106,INDIVIDUAL,Synthetic Customer 000106,1966-11-26,customer000106@example.invalid,+1-555-0106,206 Fictional Avenue,Demo Borough,DM,GB,SYN0106,SME,MEDIUM,ACTIVE,2024-08-02
CUST_SYN_000107,INDIVIDUAL,Synthetic Customer 000107,1967-12-27,customer000107@example.invalid,+1-555-0107,207 Fictional Avenue,Sample Ville,SV,DE,SYN0107,CORPORATE,HIGH,ACTIVE,2024-08-01
CUST_SYN_000108,BUSINESS,Synthetic Customer 000108,,customer000108@example.invalid,+1-555-0108,208 Fictional Avenue,Test Harbour,TH,SG,SYN0108,RETAIL,LOW,ACTIVE,2024-07-31
CUST_SYN_000109,INDIVIDUAL,Synthetic Customer 000109,1969-02-02,customer000109@example.invalid,+1-555-0109,209 Fictional Avenue,Example City,EX,US,SYN0109,SME,MEDIUM,ACTIVE,2024-07-30
CUST_SYN_000110,INDIVIDUAL,Synthetic Customer 000110,1970-03-03,customer000110@example.invalid,+1-555-0110,210 Fictional Avenue,Demo Borough,DM,GB,SYN0110,CORPORATE,HIGH,ACTIVE,2024-07-29
CUST_SYN_000111,INDIVIDUAL,Synthetic Customer 000111,1971-04-04,customer000111@example.invalid,+1-555-0111,211 Fictional Avenue,Sample Ville,SV,DE,SYN0111,RETAIL,LOW,ACTIVE,2024-07-28
CUST_SYN_000112,BUSINESS,Synthetic Customer 000112,,customer000112@example.invalid,+1-555-0112,212 Fictional Avenue,Test Harbour,TH,SG,SYN0112,SME,MEDIUM,ACTIVE,2024-07-27
CUST_SYN_000113,INDIVIDUAL,Synthetic Customer 000113,1973-06-06,customer000113@example.invalid,+1-555-0113,213 Fictional Avenue,Example City,EX,US,SYN0113,CORPORATE,HIGH,ACTIVE,2024-07-26
CUST_SYN_000114,INDIVIDUAL,Synthetic Customer 000114,1974-07-07,customer000114@example.invalid,+1-555-0114,214 Fictional Avenue,Demo Borough,DM,GB,SYN0114,RETAIL,LOW,ACTIVE,2024-07-25
CUST_SYN_000115,INDIVIDUAL,Synthetic Customer 000115,1975-08-08,customer000115@example.invalid,+1-555-0115,215 Fictional Avenue,Sample Ville,SV,DE,SYN0115,SME,MEDIUM,ACTIVE,2024-07-24
CUST_SYN_000116,BUSINESS,Synthetic Customer 000116,,customer000116@example.invalid,+1-555-0116,216 Fictional Avenue,Test Harbour,TH,SG,SYN0116,CORPORATE,HIGH,ACTIVE,2024-07-23
CUST_SYN_000117,INDIVIDUAL,Synthetic Customer 000117,1977-10-10,customer000117@example.invalid,+1-555-0117,217 Fictional Avenue,Example City,EX,US,SYN0117,RETAIL,LOW,ACTIVE,2024-07-22
CUST_SYN_000118,INDIVIDUAL,Synthetic Customer 000118,1978-11-11,customer000118@example.invalid,+1-555-0118,218 Fictional Avenue,Demo Borough,DM,GB,SYN0118,SME,MEDIUM,ACTIVE,2024-07-21
CUST_SYN_000119,INDIVIDUAL,Synthetic Customer 000119,1979-12-12,customer000119@example.invalid,+1-555-0119,219 Fictional Avenue,Sample Ville,SV,DE,SYN0119,CORPORATE,HIGH,ACTIVE,2024-07-20
CUST_SYN_000120,BUSINESS,Synthetic Customer 000120,,customer000120@example.invalid,+1-555-0120,220 Fictional Avenue,Test Harbour,TH,SG,SYN0120,RETAIL,LOW,ACTIVE,2024-07-19
CUST_SYN_000121,INDIVIDUAL,Synthetic Customer 000121,1981-02-14,customer000121@example.invalid,+1-555-0121,221 Fictional Avenue,Example City,EX,US,SYN0121,SME,MEDIUM,ACTIVE,2024-07-18
CUST_SYN_000122,INDIVIDUAL,Synthetic Customer 000122,1982-03-15,customer000122@example.invalid,+1-555-0122,222 Fictional Avenue,Demo Borough,DM,GB,SYN0122,CORPORATE,HIGH,ACTIVE,2024-07-17
CUST_SYN_000123,INDIVIDUAL,Synthetic Customer 000123,1983-04-16,customer000123@example.invalid,+1-555-0123,223 Fictional Avenue,Sample Ville,SV,DE,SYN0123,RETAIL,LOW,ACTIVE,2024-07-16
CUST_SYN_000124,BUSINESS,Synthetic Customer 000124,,customer000124@example.invalid,+1-555-0124,224 Fictional Avenue,Test Harbour,TH,SG,SYN0124,SME,MEDIUM,ACTIVE,2024-07-15
CUST_SYN_000125,INDIVIDUAL,Synthetic Customer 000125,1985-06-18,customer000125@example.invalid,+1-555-0125,225 Fictional Avenue,Example City,EX,US,SYN0125,CORPORATE,HIGH,ACTIVE,2024-07-14
CUST_SYN_000126,INDIVIDUAL,Synthetic Customer 000126,1986-07-19,customer000126@example.invalid,+1-555-0126,226 Fictional Avenue,Demo Borough,DM,GB,SYN0126,RETAIL,LOW,ACTIVE,2024-07-13
CUST_SYN_000127,INDIVIDUAL,Synthetic Customer 000127,1987-08-20,customer000127@example.invalid,+1-555-0127,227 Fictional Avenue,Sample Ville,SV,DE,SYN0127,SME,MEDIUM,ACTIVE,2024-07-12
CUST_SYN_000128,BUSINESS,Synthetic Customer 000128,,customer000128@example.invalid,+1-555-0128,228 Fictional Avenue,Test Harbour,TH,SG,SYN0128,CORPORATE,HIGH,ACTIVE,2024-07-11
CUST_SYN_000129,INDIVIDUAL,Synthetic Customer 000129,1989-10-22,customer000129@example.invalid,+1-555-0129,229 Fictional Avenue,Example City,EX,US,SYN0129,RETAIL,LOW,ACTIVE,2024-07-10
CUST_SYN_000130,INDIVIDUAL,Synthetic Customer 000130,1990-11-23,customer000130@example.invalid,+1-555-0130,230 Fictional Avenue,Demo Borough,DM,GB,SYN0130,SME,MEDIUM,ACTIVE,2024-07-09
CUST_SYN_000131,INDIVIDUAL,Synthetic Customer 000131,1991-12-24,customer000131@example.invalid,+1-555-0131,231 Fictional Avenue,Sample Ville,SV,DE,SYN0131,CORPORATE,HIGH,ACTIVE,2024-07-08
CUST_SYN_000132,BUSINESS,Synthetic Customer 000132,,customer000132@example.invalid,+1-555-0132,232 Fictional Avenue,Test Harbour,TH,SG,SYN0132,RETAIL,LOW,ACTIVE,2024-07-07
CUST_SYN_000133,INDIVIDUAL,Synthetic Customer 000133,1993-02-26,customer000133@example.invalid,+1-555-0133,233 Fictional Avenue,Example City,EX,US,SYN0133,SME,MEDIUM,ACTIVE,2024-07-06
CUST_SYN_000134,INDIVIDUAL,Synthetic Customer 000134,1994-03-27,customer000134@example.invalid,+1-555-0134,234 Fictional Avenue,Demo Borough,DM,GB,SYN0134,CORPORATE,HIGH,ACTIVE,2024-07-05
CUST_SYN_000135,INDIVIDUAL,Synthetic Customer 000135,1995-04-01,customer000135@example.invalid,+1-555-0135,235 Fictional Avenue,Sample Ville,SV,DE,SYN0135,RETAIL,LOW,ACTIVE,2024-07-04
CUST_SYN_000136,BUSINESS,Synthetic Customer 000136,,customer000136@example.invalid,+1-555-0136,236 Fictional Avenue,Test Harbour,TH,SG,SYN0136,SME,MEDIUM,ACTIVE,2024-07-03
CUST_SYN_000137,INDIVIDUAL,Synthetic Customer 000137,1997-06-03,customer000137@example.invalid,+1-555-0137,237 Fictional Avenue,Example City,EX,US,SYN0137,CORPORATE,HIGH,ACTIVE,2024-07-02
CUST_SYN_000138,INDIVIDUAL,Synthetic Customer 000138,1998-07-04,customer000138@example.invalid,+1-555-0138,238 Fictional Avenue,Demo Borough,DM,GB,SYN0138,RETAIL,LOW,ACTIVE,2024-07-01
CUST_SYN_000139,INDIVIDUAL,Synthetic Customer 000139,1999-08-05,customer000139@example.invalid,+1-555-0139,239 Fictional Avenue,Sample Ville,SV,DE,SYN0139,SME,MEDIUM,ACTIVE,2024-06-30
CUST_SYN_000140,BUSINESS,Synthetic Customer 000140,,customer000140@example.invalid,+1-555-0140,240 Fictional Avenue,Test Harbour,TH,SG,SYN0140,CORPORATE,HIGH,ACTIVE,2024-06-29
CUST_SYN_000141,INDIVIDUAL,Synthetic Customer 000141,1966-10-07,customer000141@example.invalid,+1-555-0141,241 Fictional Avenue,Example City,EX,US,SYN0141,RETAIL,LOW,ACTIVE,2024-06-28
CUST_SYN_000142,INDIVIDUAL,Synthetic Customer 000142,1967-11-08,customer000142@example.invalid,+1-555-0142,242 Fictional Avenue,Demo Borough,DM,GB,SYN0142,SME,MEDIUM,ACTIVE,2024-06-27
CUST_SYN_000143,INDIVIDUAL,Synthetic Customer 000143,1968-12-09,customer000143@example.invalid,+1-555-0143,243 Fictional Avenue,Sample Ville,SV,DE,SYN0143,CORPORATE,HIGH,ACTIVE,2024-06-26
CUST_SYN_000144,BUSINESS,Synthetic Customer 000144,,customer000144@example.invalid,+1-555-0144,244 Fictional Avenue,Test Harbour,TH,SG,SYN0144,RETAIL,LOW,ACTIVE,2024-06-25
CUST_SYN_000145,INDIVIDUAL,Synthetic Customer 000145,1970-02-11,customer000145@example.invalid,+1-555-0145,245 Fictional Avenue,Example City,EX,US,SYN0145,SME,MEDIUM,ACTIVE,2024-06-24
CUST_SYN_000146,INDIVIDUAL,Synthetic Customer 000146,1971-03-12,customer000146@example.invalid,+1-555-0146,246 Fictional Avenue,Demo Borough,DM,GB,SYN0146,CORPORATE,HIGH,ACTIVE,2024-06-23
CUST_SYN_000147,INDIVIDUAL,Synthetic Customer 000147,1972-04-13,customer000147@example.invalid,+1-555-0147,247 Fictional Avenue,Sample Ville,SV,DE,SYN0147,RETAIL,LOW,ACTIVE,2024-06-22
CUST_SYN_000148,BUSINESS,Synthetic Customer 000148,,customer000148@example.invalid,+1-555-0148,248 Fictional Avenue,Test Harbour,TH,SG,SYN0148,SME,MEDIUM,ACTIVE,2024-06-21
CUST_SYN_000149,INDIVIDUAL,Synthetic Customer 000149,1974-06-15,customer000149@example.invalid,+1-555-0149,249 Fictional Avenue,Example City,EX,US,SYN0149,CORPORATE,HIGH,ACTIVE,2024-06-20
CUST_SYN_000150,INDIVIDUAL,Synthetic Customer 000150,1975-07-16,customer000150@example.invalid,+1-555-0150,250 Fictional Avenue,Demo Borough,DM,GB,SYN0150,RETAIL,LOW,ACTIVE,2024-06-19
CUST_SYN_000151,INDIVIDUAL,Synthetic Customer 000151,1976-08-17,customer000151@example.invalid,+1-555-0151,251 Fictional Avenue,Sample Ville,SV,DE,SYN0151,SME,MEDIUM,ACTIVE,2024-06-18
CUST_SYN_000152,BUSINESS,Synthetic Customer 000152,,customer000152@example.invalid,+1-555-0152,252 Fictional Avenue,Test Harbour,TH,SG,SYN0152,CORPORATE,HIGH,ACTIVE,2024-06-17
CUST_SYN_000153,INDIVIDUAL,Synthetic Customer 000153,1978-10-19,customer000153@example.invalid,+1-555-0153,253 Fictional Avenue,Example City,EX,US,SYN0153,RETAIL,LOW,ACTIVE,2024-06-16
CUST_SYN_000154,INDIVIDUAL,Synthetic Customer 000154,1979-11-20,customer000154@example.invalid,+1-555-0154,254 Fictional Avenue,Demo Borough,DM,GB,SYN0154,SME,MEDIUM,ACTIVE,2024-06-15
CUST_SYN_000155,INDIVIDUAL,Synthetic Customer 000155,1980-12-21,customer000155@example.invalid,+1-555-0155,255 Fictional Avenue,Sample Ville,SV,DE,SYN0155,CORPORATE,HIGH,ACTIVE,2024-06-14
CUST_SYN_000156,BUSINESS,Synthetic Customer 000156,,customer000156@example.invalid,+1-555-0156,256 Fictional Avenue,Test Harbour,TH,SG,SYN0156,RETAIL,LOW,ACTIVE,2024-06-13
CUST_SYN_000157,INDIVIDUAL,Synthetic Customer 000157,1982-02-23,customer000157@example.invalid,+1-555-0157,257 Fictional Avenue,Example City,EX,US,SYN0157,SME,MEDIUM,ACTIVE,2024-06-12
CUST_SYN_000158,INDIVIDUAL,Synthetic Customer 000158,1983-03-24,customer000158@example.invalid,+1-555-0158,258 Fictional Avenue,Demo Borough,DM,GB,SYN0158,CORPORATE,HIGH,ACTIVE,2024-06-11
CUST_SYN_000159,INDIVIDUAL,Synthetic Customer 000159,1984-04-25,customer000159@example.invalid,+1-555-0159,259 Fictional Avenue,Sample Ville,SV,DE,SYN0159,RETAIL,LOW,ACTIVE,2024-06-10
CUST_SYN_000160,BUSINESS,Synthetic Customer 000160,,customer000160@example.invalid,+1-555-0160,260 Fictional Avenue,Test Harbour,TH,SG,SYN0160,SME,MEDIUM,ACTIVE,2024-06-09
CUST_SYN_000161,INDIVIDUAL,Synthetic Customer 000161,1986-06-27,customer000161@example.invalid,+1-555-0161,261 Fictional Avenue,Example City,EX,US,SYN0161,CORPORATE,HIGH,ACTIVE,2024-06-08
CUST_SYN_000162,INDIVIDUAL,Synthetic Customer 000162,1987-07-01,customer000162@example.invalid,+1-555-0162,262 Fictional Avenue,Demo Borough,DM,GB,SYN0162,RETAIL,LOW,ACTIVE,2024-06-07
CUST_SYN_000163,INDIVIDUAL,Synthetic Customer 000163,1988-08-02,customer000163@example.invalid,+1-555-0163,263 Fictional Avenue,Sample Ville,SV,DE,SYN0163,SME,MEDIUM,ACTIVE,2024-06-06
CUST_SYN_000164,BUSINESS,Synthetic Customer 000164,,customer000164@example.invalid,+1-555-0164,264 Fictional Avenue,Test Harbour,TH,SG,SYN0164,CORPORATE,HIGH,ACTIVE,2024-06-05
CUST_SYN_000165,INDIVIDUAL,Synthetic Customer 000165,1990-10-04,customer000165@example.invalid,+1-555-0165,265 Fictional Avenue,Example City,EX,US,SYN0165,RETAIL,LOW,ACTIVE,2024-06-04
CUST_SYN_000166,INDIVIDUAL,Synthetic Customer 000166,1991-11-05,customer000166@example.invalid,+1-555-0166,266 Fictional Avenue,Demo Borough,DM,GB,SYN0166,SME,MEDIUM,ACTIVE,2024-06-03
CUST_SYN_000167,INDIVIDUAL,Synthetic Customer 000167,1992-12-06,customer000167@example.invalid,+1-555-0167,267 Fictional Avenue,Sample Ville,SV,DE,SYN0167,CORPORATE,HIGH,ACTIVE,2024-06-02
CUST_SYN_000168,BUSINESS,Synthetic Customer 000168,,customer000168@example.invalid,+1-555-0168,268 Fictional Avenue,Test Harbour,TH,SG,SYN0168,RETAIL,LOW,ACTIVE,2024-06-01
CUST_SYN_000169,INDIVIDUAL,Synthetic Customer 000169,1994-02-08,customer000169@example.invalid,+1-555-0169,269 Fictional Avenue,Example City,EX,US,SYN0169,SME,MEDIUM,ACTIVE,2024-05-31
CUST_SYN_000170,INDIVIDUAL,Synthetic Customer 000170,1995-03-09,customer000170@example.invalid,+1-555-0170,270 Fictional Avenue,Demo Borough,DM,GB,SYN0170,CORPORATE,HIGH,ACTIVE,2024-05-30
CUST_SYN_000171,INDIVIDUAL,Synthetic Customer 000171,1996-04-10,customer000171@example.invalid,+1-555-0171,271 Fictional Avenue,Sample Ville,SV,DE,SYN0171,RETAIL,LOW,ACTIVE,2024-05-29
CUST_SYN_000172,BUSINESS,Synthetic Customer 000172,,customer000172@example.invalid,+1-555-0172,272 Fictional Avenue,Test Harbour,TH,SG,SYN0172,SME,MEDIUM,ACTIVE,2024-05-28
CUST_SYN_000173,INDIVIDUAL,Synthetic Customer 000173,1998-06-12,customer000173@example.invalid,+1-555-0173,273 Fictional Avenue,Example City,EX,US,SYN0173,CORPORATE,HIGH,ACTIVE,2024-05-27
CUST_SYN_000174,INDIVIDUAL,Synthetic Customer 000174,1999-07-13,customer000174@example.invalid,+1-555-0174,274 Fictional Avenue,Demo Borough,DM,GB,SYN0174,RETAIL,LOW,ACTIVE,2024-05-26
CUST_SYN_000175,INDIVIDUAL,Synthetic Customer 000175,1965-08-14,customer000175@example.invalid,+1-555-0175,275 Fictional Avenue,Sample Ville,SV,DE,SYN0175,SME,MEDIUM,ACTIVE,2024-05-25
CUST_SYN_000176,BUSINESS,Synthetic Customer 000176,,customer000176@example.invalid,+1-555-0176,276 Fictional Avenue,Test Harbour,TH,SG,SYN0176,CORPORATE,HIGH,ACTIVE,2024-05-24
CUST_SYN_000177,INDIVIDUAL,Synthetic Customer 000177,1967-10-16,customer000177@example.invalid,+1-555-0177,277 Fictional Avenue,Example City,EX,US,SYN0177,RETAIL,LOW,ACTIVE,2024-05-23
CUST_SYN_000178,INDIVIDUAL,Synthetic Customer 000178,1968-11-17,customer000178@example.invalid,+1-555-0178,278 Fictional Avenue,Demo Borough,DM,GB,SYN0178,SME,MEDIUM,ACTIVE,2024-05-22
CUST_SYN_000179,INDIVIDUAL,Synthetic Customer 000179,1969-12-18,customer000179@example.invalid,+1-555-0179,279 Fictional Avenue,Sample Ville,SV,DE,SYN0179,CORPORATE,HIGH,ACTIVE,2024-05-21
CUST_SYN_000180,BUSINESS,Synthetic Customer 000180,,customer000180@example.invalid,+1-555-0180,280 Fictional Avenue,Test Harbour,TH,SG,SYN0180,RETAIL,LOW,ACTIVE,2024-05-20
CUST_SYN_000181,INDIVIDUAL,Synthetic Customer 000181,1971-02-20,customer000181@example.invalid,+1-555-0181,281 Fictional Avenue,Example City,EX,US,SYN0181,SME,MEDIUM,ACTIVE,2024-05-19
CUST_SYN_000182,INDIVIDUAL,Synthetic Customer 000182,1972-03-21,customer000182@example.invalid,+1-555-0182,282 Fictional Avenue,Demo Borough,DM,GB,SYN0182,CORPORATE,HIGH,ACTIVE,2024-05-18
CUST_SYN_000183,INDIVIDUAL,Synthetic Customer 000183,1973-04-22,customer000183@example.invalid,+1-555-0183,283 Fictional Avenue,Sample Ville,SV,DE,SYN0183,RETAIL,LOW,ACTIVE,2024-05-17
CUST_SYN_000184,BUSINESS,Synthetic Customer 000184,,customer000184@example.invalid,+1-555-0184,284 Fictional Avenue,Test Harbour,TH,SG,SYN0184,SME,MEDIUM,ACTIVE,2024-05-16
CUST_SYN_000185,INDIVIDUAL,Synthetic Customer 000185,1975-06-24,customer000185@example.invalid,+1-555-0185,285 Fictional Avenue,Example City,EX,US,SYN0185,CORPORATE,HIGH,ACTIVE,2024-05-15
CUST_SYN_000186,INDIVIDUAL,Synthetic Customer 000186,1976-07-25,customer000186@example.invalid,+1-555-0186,286 Fictional Avenue,Demo Borough,DM,GB,SYN0186,RETAIL,LOW,ACTIVE,2024-05-14
CUST_SYN_000187,INDIVIDUAL,Synthetic Customer 000187,1977-08-26,customer000187@example.invalid,+1-555-0187,287 Fictional Avenue,Sample Ville,SV,DE,SYN0187,SME,MEDIUM,ACTIVE,2024-05-13
CUST_SYN_000188,BUSINESS,Synthetic Customer 000188,,customer000188@example.invalid,+1-555-0188,288 Fictional Avenue,Test Harbour,TH,SG,SYN0188,CORPORATE,HIGH,ACTIVE,2024-05-12
CUST_SYN_000189,INDIVIDUAL,Synthetic Customer 000189,1979-10-01,customer000189@example.invalid,+1-555-0189,289 Fictional Avenue,Example City,EX,US,SYN0189,RETAIL,LOW,ACTIVE,2024-05-11
CUST_SYN_000190,INDIVIDUAL,Synthetic Customer 000190,1980-11-02,customer000190@example.invalid,+1-555-0190,290 Fictional Avenue,Demo Borough,DM,GB,SYN0190,SME,MEDIUM,ACTIVE,2024-05-10
CUST_SYN_000191,INDIVIDUAL,Synthetic Customer 000191,1981-12-03,customer000191@example.invalid,+1-555-0191,291 Fictional Avenue,Sample Ville,SV,DE,SYN0191,CORPORATE,HIGH,ACTIVE,2024-05-09
CUST_SYN_000192,BUSINESS,Synthetic Customer 000192,,customer000192@example.invalid,+1-555-0192,292 Fictional Avenue,Test Harbour,TH,SG,SYN0192,RETAIL,LOW,ACTIVE,2024-05-08
CUST_SYN_000193,INDIVIDUAL,Synthetic Customer 000193,1983-02-05,customer000193@example.invalid,+1-555-0193,293 Fictional Avenue,Example City,EX,US,SYN0193,SME,MEDIUM,ACTIVE,2024-05-07
CUST_SYN_000194,INDIVIDUAL,Synthetic Customer 000194,1984-03-06,customer000194@example.invalid,+1-555-0194,294 Fictional Avenue,Demo Borough,DM,GB,SYN0194,CORPORATE,HIGH,ACTIVE,2024-05-06
CUST_SYN_000195,INDIVIDUAL,Synthetic Customer 000195,1985-04-07,customer000195@example.invalid,+1-555-0195,295 Fictional Avenue,Sample Ville,SV,DE,SYN0195,RETAIL,LOW,ACTIVE,2024-05-05
CUST_SYN_000196,BUSINESS,Synthetic Customer 000196,,customer000196@example.invalid,+1-555-0196,296 Fictional Avenue,Test Harbour,TH,SG,SYN0196,SME,MEDIUM,ACTIVE,2024-05-04
CUST_SYN_000197,INDIVIDUAL,Synthetic Customer 000197,1987-06-09,customer000197@example.invalid,+1-555-0197,297 Fictional Avenue,Example City,EX,US,SYN0197,CORPORATE,HIGH,ACTIVE,2024-05-03
CUST_SYN_000198,INDIVIDUAL,Synthetic Customer 000198,1988-07-10,customer000198@example.invalid,+1-555-0198,298 Fictional Avenue,Demo Borough,DM,GB,SYN0198,RETAIL,LOW,ACTIVE,2024-05-02
CUST_SYN_000199,INDIVIDUAL,Synthetic Customer 000199,1989-08-11,customer000199@example.invalid,+1-555-0199,299 Fictional Avenue,Sample Ville,SV,DE,SYN0199,SME,MEDIUM,ACTIVE,2024-05-01
CUST_SYN_000200,BUSINESS,Synthetic Customer 000200,,customer000200@example.invalid,+1-555-0200,300 Fictional Avenue,Test Harbour,TH,SG,SYN0200,CORPORATE,HIGH,ACTIVE,2024-04-30
CUST_SYN_000201,INDIVIDUAL,Synthetic Customer 000201,1991-10-13,customer000201@example.invalid,+1-555-0201,301 Fictional Avenue,Example City,EX,US,SYN0201,RETAIL,LOW,ACTIVE,2024-04-29
CUST_SYN_000202,INDIVIDUAL,Synthetic Customer 000202,1992-11-14,customer000202@example.invalid,+1-555-0202,302 Fictional Avenue,Demo Borough,DM,GB,SYN0202,SME,MEDIUM,ACTIVE,2024-04-28
CUST_SYN_000203,INDIVIDUAL,Synthetic Customer 000203,1993-12-15,customer000203@example.invalid,+1-555-0203,303 Fictional Avenue,Sample Ville,SV,DE,SYN0203,CORPORATE,HIGH,ACTIVE,2024-04-27
CUST_SYN_000204,BUSINESS,Synthetic Customer 000204,,customer000204@example.invalid,+1-555-0204,304 Fictional Avenue,Test Harbour,TH,SG,SYN0204,RETAIL,LOW,ACTIVE,2024-04-26
CUST_SYN_000205,INDIVIDUAL,Synthetic Customer 000205,1995-02-17,customer000205@example.invalid,+1-555-0205,305 Fictional Avenue,Example City,EX,US,SYN0205,SME,MEDIUM,ACTIVE,2024-04-25
CUST_SYN_000206,INDIVIDUAL,Synthetic Customer 000206,1996-03-18,customer000206@example.invalid,+1-555-0206,306 Fictional Avenue,Demo Borough,DM,GB,SYN0206,CORPORATE,HIGH,ACTIVE,2024-04-24
CUST_SYN_000207,INDIVIDUAL,Synthetic Customer 000207,1997-04-19,customer000207@example.invalid,+1-555-0207,307 Fictional Avenue,Sample Ville,SV,DE,SYN0207,RETAIL,LOW,ACTIVE,2024-04-23
CUST_SYN_000208,BUSINESS,Synthetic Customer 000208,,customer000208@example.invalid,+1-555-0208,308 Fictional Avenue,Test Harbour,TH,SG,SYN0208,SME,MEDIUM,ACTIVE,2024-04-22
CUST_SYN_000209,INDIVIDUAL,Synthetic Customer 000209,1999-06-21,customer000209@example.invalid,+1-555-0209,309 Fictional Avenue,Example City,EX,US,SYN0209,CORPORATE,HIGH,ACTIVE,2024-04-21
CUST_SYN_000210,INDIVIDUAL,Synthetic Customer 000210,1965-07-22,customer000210@example.invalid,+1-555-0210,310 Fictional Avenue,Demo Borough,DM,GB,SYN0210,RETAIL,LOW,ACTIVE,2024-04-20
CUST_SYN_000211,INDIVIDUAL,Synthetic Customer 000211,1966-08-23,customer000211@example.invalid,+1-555-0211,311 Fictional Avenue,Sample Ville,SV,DE,SYN0211,SME,MEDIUM,ACTIVE,2024-04-19
CUST_SYN_000212,BUSINESS,Synthetic Customer 000212,,customer000212@example.invalid,+1-555-0212,312 Fictional Avenue,Test Harbour,TH,SG,SYN0212,CORPORATE,HIGH,ACTIVE,2024-04-18
CUST_SYN_000213,INDIVIDUAL,Synthetic Customer 000213,1968-10-25,customer000213@example.invalid,+1-555-0213,313 Fictional Avenue,Example City,EX,US,SYN0213,RETAIL,LOW,ACTIVE,2024-04-17
CUST_SYN_000214,INDIVIDUAL,Synthetic Customer 000214,1969-11-26,customer000214@example.invalid,+1-555-0214,314 Fictional Avenue,Demo Borough,DM,GB,SYN0214,SME,MEDIUM,ACTIVE,2024-04-16
CUST_SYN_000215,INDIVIDUAL,Synthetic Customer 000215,1970-12-27,customer000215@example.invalid,+1-555-0215,315 Fictional Avenue,Sample Ville,SV,DE,SYN0215,CORPORATE,HIGH,ACTIVE,2024-04-15
CUST_SYN_000216,BUSINESS,Synthetic Customer 000216,,customer000216@example.invalid,+1-555-0216,316 Fictional Avenue,Test Harbour,TH,SG,SYN0216,RETAIL,LOW,ACTIVE,2024-04-14
CUST_SYN_000217,INDIVIDUAL,Synthetic Customer 000217,1972-02-02,customer000217@example.invalid,+1-555-0217,317 Fictional Avenue,Example City,EX,US,SYN0217,SME,MEDIUM,ACTIVE,2024-04-13
CUST_SYN_000218,INDIVIDUAL,Synthetic Customer 000218,1973-03-03,customer000218@example.invalid,+1-555-0218,318 Fictional Avenue,Demo Borough,DM,GB,SYN0218,CORPORATE,HIGH,ACTIVE,2024-04-12
CUST_SYN_000219,INDIVIDUAL,Synthetic Customer 000219,1974-04-04,customer000219@example.invalid,+1-555-0219,319 Fictional Avenue,Sample Ville,SV,DE,SYN0219,RETAIL,LOW,ACTIVE,2024-04-11
CUST_SYN_000220,BUSINESS,Synthetic Customer 000220,,customer000220@example.invalid,+1-555-0220,320 Fictional Avenue,Test Harbour,TH,SG,SYN0220,SME,MEDIUM,ACTIVE,2024-04-10
CUST_SYN_000221,INDIVIDUAL,Synthetic Customer 000221,1976-06-06,customer000221@example.invalid,+1-555-0221,321 Fictional Avenue,Example City,EX,US,SYN0221,CORPORATE,HIGH,ACTIVE,2024-04-09
CUST_SYN_000222,INDIVIDUAL,Synthetic Customer 000222,1977-07-07,customer000222@example.invalid,+1-555-0222,322 Fictional Avenue,Demo Borough,DM,GB,SYN0222,RETAIL,LOW,ACTIVE,2024-04-08
CUST_SYN_000223,INDIVIDUAL,Synthetic Customer 000223,1978-08-08,customer000223@example.invalid,+1-555-0223,323 Fictional Avenue,Sample Ville,SV,DE,SYN0223,SME,MEDIUM,ACTIVE,2024-04-07
CUST_SYN_000224,BUSINESS,Synthetic Customer 000224,,customer000224@example.invalid,+1-555-0224,324 Fictional Avenue,Test Harbour,TH,SG,SYN0224,CORPORATE,HIGH,ACTIVE,2024-04-06
CUST_SYN_000225,INDIVIDUAL,Synthetic Customer 000225,1980-10-10,customer000225@example.invalid,+1-555-0225,325 Fictional Avenue,Example City,EX,US,SYN0225,RETAIL,LOW,ACTIVE,2024-04-05
CUST_SYN_000226,INDIVIDUAL,Synthetic Customer 000226,1981-11-11,customer000226@example.invalid,+1-555-0226,326 Fictional Avenue,Demo Borough,DM,GB,SYN0226,SME,MEDIUM,ACTIVE,2024-04-04
CUST_SYN_000227,INDIVIDUAL,Synthetic Customer 000227,1982-12-12,customer000227@example.invalid,+1-555-0227,327 Fictional Avenue,Sample Ville,SV,DE,SYN0227,CORPORATE,HIGH,ACTIVE,2024-04-03
CUST_SYN_000228,BUSINESS,Synthetic Customer 000228,,customer000228@example.invalid,+1-555-0228,328 Fictional Avenue,Test Harbour,TH,SG,SYN0228,RETAIL,LOW,ACTIVE,2024-04-02
CUST_SYN_000229,INDIVIDUAL,Synthetic Customer 000229,1984-02-14,customer000229@example.invalid,+1-555-0229,329 Fictional Avenue,Example City,EX,US,SYN0229,SME,MEDIUM,ACTIVE,2024-04-01
CUST_SYN_000230,INDIVIDUAL,Synthetic Customer 000230,1985-03-15,customer000230@example.invalid,+1-555-0230,330 Fictional Avenue,Demo Borough,DM,GB,SYN0230,CORPORATE,HIGH,ACTIVE,2024-03-31
CUST_SYN_000231,INDIVIDUAL,Synthetic Customer 000231,1986-04-16,customer000231@example.invalid,+1-555-0231,331 Fictional Avenue,Sample Ville,SV,DE,SYN0231,RETAIL,LOW,ACTIVE,2024-03-30
CUST_SYN_000232,BUSINESS,Synthetic Customer 000232,,customer000232@example.invalid,+1-555-0232,332 Fictional Avenue,Test Harbour,TH,SG,SYN0232,SME,MEDIUM,ACTIVE,2024-03-29
CUST_SYN_000233,INDIVIDUAL,Synthetic Customer 000233,1988-06-18,customer000233@example.invalid,+1-555-0233,333 Fictional Avenue,Example City,EX,US,SYN0233,CORPORATE,HIGH,ACTIVE,2024-03-28
CUST_SYN_000234,INDIVIDUAL,Synthetic Customer 000234,1989-07-19,customer000234@example.invalid,+1-555-0234,334 Fictional Avenue,Demo Borough,DM,GB,SYN0234,RETAIL,LOW,ACTIVE,2024-03-27
CUST_SYN_000235,INDIVIDUAL,Synthetic Customer 000235,1990-08-20,customer000235@example.invalid,+1-555-0235,335 Fictional Avenue,Sample Ville,SV,DE,SYN0235,SME,MEDIUM,ACTIVE,2024-03-26
CUST_SYN_000236,BUSINESS,Synthetic Customer 000236,,customer000236@example.invalid,+1-555-0236,336 Fictional Avenue,Test Harbour,TH,SG,SYN0236,CORPORATE,HIGH,ACTIVE,2024-03-25
CUST_SYN_000237,INDIVIDUAL,Synthetic Customer 000237,1992-10-22,customer000237@example.invalid,+1-555-0237,337 Fictional Avenue,Example City,EX,US,SYN0237,RETAIL,LOW,ACTIVE,2024-03-24
CUST_SYN_000238,INDIVIDUAL,Synthetic Customer 000238,1993-11-23,customer000238@example.invalid,+1-555-0238,338 Fictional Avenue,Demo Borough,DM,GB,SYN0238,SME,MEDIUM,ACTIVE,2024-03-23
CUST_SYN_000239,INDIVIDUAL,Synthetic Customer 000239,1994-12-24,customer000239@example.invalid,+1-555-0239,339 Fictional Avenue,Sample Ville,SV,DE,SYN0239,CORPORATE,HIGH,ACTIVE,2024-03-22
CUST_SYN_000240,BUSINESS,Synthetic Customer 000240,,customer000240@example.invalid,+1-555-0240,340 Fictional Avenue,Test Harbour,TH,SG,SYN0240,RETAIL,LOW,ACTIVE,2024-03-21
CUST_SYN_000241,INDIVIDUAL,Synthetic Customer 000241,1996-02-26,customer000241@example.invalid,+1-555-0241,341 Fictional Avenue,Example City,EX,US,SYN0241,SME,MEDIUM,ACTIVE,2024-03-20
CUST_SYN_000242,INDIVIDUAL,Synthetic Customer 000242,1997-03-27,customer000242@example.invalid,+1-555-0242,342 Fictional Avenue,Demo Borough,DM,GB,SYN0242,CORPORATE,HIGH,ACTIVE,2024-03-19
CUST_SYN_000243,INDIVIDUAL,Synthetic Customer 000243,1998-04-01,customer000243@example.invalid,+1-555-0243,343 Fictional Avenue,Sample Ville,SV,DE,SYN0243,RETAIL,LOW,ACTIVE,2024-03-18
CUST_SYN_000244,BUSINESS,Synthetic Customer 000244,,customer000244@example.invalid,+1-555-0244,344 Fictional Avenue,Test Harbour,TH,SG,SYN0244,SME,MEDIUM,ACTIVE,2024-03-17
CUST_SYN_000245,INDIVIDUAL,Synthetic Customer 000245,1965-06-03,customer000245@example.invalid,+1-555-0245,345 Fictional Avenue,Example City,EX,US,SYN0245,CORPORATE,HIGH,ACTIVE,2024-03-16
CUST_SYN_000246,INDIVIDUAL,Synthetic Customer 000246,1966-07-04,customer000246@example.invalid,+1-555-0246,346 Fictional Avenue,Demo Borough,DM,GB,SYN0246,RETAIL,LOW,ACTIVE,2024-03-15
CUST_SYN_000247,INDIVIDUAL,Synthetic Customer 000247,1967-08-05,customer000247@example.invalid,+1-555-0247,347 Fictional Avenue,Sample Ville,SV,DE,SYN0247,SME,MEDIUM,ACTIVE,2024-03-14
CUST_SYN_000248,BUSINESS,Synthetic Customer 000248,,customer000248@example.invalid,+1-555-0248,348 Fictional Avenue,Test Harbour,TH,SG,SYN0248,CORPORATE,HIGH,ACTIVE,2024-03-13
CUST_SYN_000249,INDIVIDUAL,Synthetic Customer 000249,1969-10-07,customer000249@example.invalid,+1-555-0249,349 Fictional Avenue,Example City,EX,US,SYN0249,RETAIL,LOW,ACTIVE,2024-03-12
CUST_SYN_000250,INDIVIDUAL,Synthetic Customer 000250,1970-11-08,customer000250@example.invalid,+1-555-0250,350 Fictional Avenue,Demo Borough,DM,GB,SYN0250,SME,MEDIUM,ACTIVE,2024-03-11
CUST_SYN_000251,INDIVIDUAL,Synthetic Customer 000251,1971-12-09,customer000251@example.invalid,+1-555-0251,351 Fictional Avenue,Sample Ville,SV,DE,SYN0251,CORPORATE,HIGH,ACTIVE,2024-03-10
CUST_SYN_000252,BUSINESS,Synthetic Customer 000252,,customer000252@example.invalid,+1-555-0252,352 Fictional Avenue,Test Harbour,TH,SG,SYN0252,RETAIL,LOW,ACTIVE,2024-03-09
CUST_SYN_000253,INDIVIDUAL,Synthetic Customer 000253,1973-02-11,customer000253@example.invalid,+1-555-0253,353 Fictional Avenue,Example City,EX,US,SYN0253,SME,MEDIUM,ACTIVE,2024-03-08
CUST_SYN_000254,INDIVIDUAL,Synthetic Customer 000254,1974-03-12,customer000254@example.invalid,+1-555-0254,354 Fictional Avenue,Demo Borough,DM,GB,SYN0254,CORPORATE,HIGH,ACTIVE,2024-03-07
CUST_SYN_000255,INDIVIDUAL,Synthetic Customer 000255,1975-04-13,customer000255@example.invalid,+1-555-0255,355 Fictional Avenue,Sample Ville,SV,DE,SYN0255,RETAIL,LOW,ACTIVE,2024-03-06
CUST_SYN_000256,BUSINESS,Synthetic Customer 000256,,customer000256@example.invalid,+1-555-0256,356 Fictional Avenue,Test Harbour,TH,SG,SYN0256,SME,MEDIUM,ACTIVE,2024-03-05
CUST_SYN_000257,INDIVIDUAL,Synthetic Customer 000257,1977-06-15,customer000257@example.invalid,+1-555-0257,357 Fictional Avenue,Example City,EX,US,SYN0257,CORPORATE,HIGH,ACTIVE,2024-03-04
CUST_SYN_000258,INDIVIDUAL,Synthetic Customer 000258,1978-07-16,customer000258@example.invalid,+1-555-0258,358 Fictional Avenue,Demo Borough,DM,GB,SYN0258,RETAIL,LOW,ACTIVE,2024-03-03
CUST_SYN_000259,INDIVIDUAL,Synthetic Customer 000259,1979-08-17,customer000259@example.invalid,+1-555-0259,359 Fictional Avenue,Sample Ville,SV,DE,SYN0259,SME,MEDIUM,ACTIVE,2024-03-02
CUST_SYN_000260,BUSINESS,Synthetic Customer 000260,,customer000260@example.invalid,+1-555-0260,360 Fictional Avenue,Test Harbour,TH,SG,SYN0260,CORPORATE,HIGH,ACTIVE,2024-03-01
CUST_SYN_000261,INDIVIDUAL,Synthetic Customer 000261,1981-10-19,customer000261@example.invalid,+1-555-0261,361 Fictional Avenue,Example City,EX,US,SYN0261,RETAIL,LOW,ACTIVE,2024-02-29
CUST_SYN_000262,INDIVIDUAL,Synthetic Customer 000262,1982-11-20,customer000262@example.invalid,+1-555-0262,362 Fictional Avenue,Demo Borough,DM,GB,SYN0262,SME,MEDIUM,ACTIVE,2024-02-28
CUST_SYN_000263,INDIVIDUAL,Synthetic Customer 000263,1983-12-21,customer000263@example.invalid,+1-555-0263,363 Fictional Avenue,Sample Ville,SV,DE,SYN0263,CORPORATE,HIGH,ACTIVE,2024-02-27
CUST_SYN_000264,BUSINESS,Synthetic Customer 000264,,customer000264@example.invalid,+1-555-0264,364 Fictional Avenue,Test Harbour,TH,SG,SYN0264,RETAIL,LOW,ACTIVE,2024-02-26
CUST_SYN_000265,INDIVIDUAL,Synthetic Customer 000265,1985-02-23,customer000265@example.invalid,+1-555-0265,365 Fictional Avenue,Example City,EX,US,SYN0265,SME,MEDIUM,ACTIVE,2024-02-25
CUST_SYN_000266,INDIVIDUAL,Synthetic Customer 000266,1986-03-24,customer000266@example.invalid,+1-555-0266,366 Fictional Avenue,Demo Borough,DM,GB,SYN0266,CORPORATE,HIGH,ACTIVE,2024-02-24
CUST_SYN_000267,INDIVIDUAL,Synthetic Customer 000267,1987-04-25,customer000267@example.invalid,+1-555-0267,367 Fictional Avenue,Sample Ville,SV,DE,SYN0267,RETAIL,LOW,ACTIVE,2024-02-23
CUST_SYN_000268,BUSINESS,Synthetic Customer 000268,,customer000268@example.invalid,+1-555-0268,368 Fictional Avenue,Test Harbour,TH,SG,SYN0268,SME,MEDIUM,ACTIVE,2024-02-22
CUST_SYN_000269,INDIVIDUAL,Synthetic Customer 000269,1989-06-27,customer000269@example.invalid,+1-555-0269,369 Fictional Avenue,Example City,EX,US,SYN0269,CORPORATE,HIGH,ACTIVE,2024-02-21
CUST_SYN_000270,INDIVIDUAL,Synthetic Customer 000270,1990-07-01,customer000270@example.invalid,+1-555-0270,370 Fictional Avenue,Demo Borough,DM,GB,SYN0270,RETAIL,LOW,ACTIVE,2024-02-20
CUST_SYN_000271,INDIVIDUAL,Synthetic Customer 000271,1991-08-02,customer000271@example.invalid,+1-555-0271,371 Fictional Avenue,Sample Ville,SV,DE,SYN0271,SME,MEDIUM,ACTIVE,2024-02-19
CUST_SYN_000272,BUSINESS,Synthetic Customer 000272,,customer000272@example.invalid,+1-555-0272,372 Fictional Avenue,Test Harbour,TH,SG,SYN0272,CORPORATE,HIGH,ACTIVE,2024-02-18
CUST_SYN_000273,INDIVIDUAL,Synthetic Customer 000273,1993-10-04,customer000273@example.invalid,+1-555-0273,373 Fictional Avenue,Example City,EX,US,SYN0273,RETAIL,LOW,ACTIVE,2024-02-17
CUST_SYN_000274,INDIVIDUAL,Synthetic Customer 000274,1994-11-05,customer000274@example.invalid,+1-555-0274,374 Fictional Avenue,Demo Borough,DM,GB,SYN0274,SME,MEDIUM,ACTIVE,2024-02-16
CUST_SYN_000275,INDIVIDUAL,Synthetic Customer 000275,1995-12-06,customer000275@example.invalid,+1-555-0275,375 Fictional Avenue,Sample Ville,SV,DE,SYN0275,CORPORATE,HIGH,ACTIVE,2024-02-15
CUST_SYN_000276,BUSINESS,Synthetic Customer 000276,,customer000276@example.invalid,+1-555-0276,376 Fictional Avenue,Test Harbour,TH,SG,SYN0276,RETAIL,LOW,ACTIVE,2024-02-14
CUST_SYN_000277,INDIVIDUAL,Synthetic Customer 000277,1997-02-08,customer000277@example.invalid,+1-555-0277,377 Fictional Avenue,Example City,EX,US,SYN0277,SME,MEDIUM,ACTIVE,2024-02-13
CUST_SYN_000278,INDIVIDUAL,Synthetic Customer 000278,1998-03-09,customer000278@example.invalid,+1-555-0278,378 Fictional Avenue,Demo Borough,DM,GB,SYN0278,CORPORATE,HIGH,ACTIVE,2024-02-12
CUST_SYN_000279,INDIVIDUAL,Synthetic Customer 000279,1999-04-10,customer000279@example.invalid,+1-555-0279,379 Fictional Avenue,Sample Ville,SV,DE,SYN0279,RETAIL,LOW,ACTIVE,2024-02-11
CUST_SYN_000280,BUSINESS,Synthetic Customer 000280,,customer000280@example.invalid,+1-555-0280,380 Fictional Avenue,Test Harbour,TH,SG,SYN0280,SME,MEDIUM,ACTIVE,2024-02-10
CUST_SYN_000281,INDIVIDUAL,Synthetic Customer 000281,1966-06-12,customer000281@example.invalid,+1-555-0281,381 Fictional Avenue,Example City,EX,US,SYN0281,CORPORATE,HIGH,ACTIVE,2024-02-09
CUST_SYN_000282,INDIVIDUAL,Synthetic Customer 000282,1967-07-13,customer000282@example.invalid,+1-555-0282,382 Fictional Avenue,Demo Borough,DM,GB,SYN0282,RETAIL,LOW,ACTIVE,2024-02-08
CUST_SYN_000283,INDIVIDUAL,Synthetic Customer 000283,1968-08-14,customer000283@example.invalid,+1-555-0283,383 Fictional Avenue,Sample Ville,SV,DE,SYN0283,SME,MEDIUM,ACTIVE,2024-02-07
CUST_SYN_000284,BUSINESS,Synthetic Customer 000284,,customer000284@example.invalid,+1-555-0284,384 Fictional Avenue,Test Harbour,TH,SG,SYN0284,CORPORATE,HIGH,ACTIVE,2024-02-06
CUST_SYN_000285,INDIVIDUAL,Synthetic Customer 000285,1970-10-16,customer000285@example.invalid,+1-555-0285,385 Fictional Avenue,Example City,EX,US,SYN0285,RETAIL,LOW,ACTIVE,2024-02-05
CUST_SYN_000286,INDIVIDUAL,Synthetic Customer 000286,1971-11-17,customer000286@example.invalid,+1-555-0286,386 Fictional Avenue,Demo Borough,DM,GB,SYN0286,SME,MEDIUM,ACTIVE,2024-02-04
CUST_SYN_000287,INDIVIDUAL,Synthetic Customer 000287,1972-12-18,customer000287@example.invalid,+1-555-0287,387 Fictional Avenue,Sample Ville,SV,DE,SYN0287,CORPORATE,HIGH,ACTIVE,2024-02-03
CUST_SYN_000288,BUSINESS,Synthetic Customer 000288,,customer000288@example.invalid,+1-555-0288,388 Fictional Avenue,Test Harbour,TH,SG,SYN0288,RETAIL,LOW,ACTIVE,2024-02-02
CUST_SYN_000289,INDIVIDUAL,Synthetic Customer 000289,1974-02-20,customer000289@example.invalid,+1-555-0289,389 Fictional Avenue,Example City,EX,US,SYN0289,SME,MEDIUM,ACTIVE,2024-02-01
CUST_SYN_000290,INDIVIDUAL,Synthetic Customer 000290,1975-03-21,customer000290@example.invalid,+1-555-0290,390 Fictional Avenue,Demo Borough,DM,GB,SYN0290,CORPORATE,HIGH,ACTIVE,2024-01-31
CUST_SYN_000291,INDIVIDUAL,Synthetic Customer 000291,1976-04-22,customer000291@example.invalid,+1-555-0291,391 Fictional Avenue,Sample Ville,SV,DE,SYN0291,RETAIL,LOW,ACTIVE,2024-01-30
CUST_SYN_000292,BUSINESS,Synthetic Customer 000292,,customer000292@example.invalid,+1-555-0292,392 Fictional Avenue,Test Harbour,TH,SG,SYN0292,SME,MEDIUM,ACTIVE,2024-01-29
CUST_SYN_000293,INDIVIDUAL,Synthetic Customer 000293,1978-06-24,customer000293@example.invalid,+1-555-0293,393 Fictional Avenue,Example City,EX,US,SYN0293,CORPORATE,HIGH,ACTIVE,2024-01-28
CUST_SYN_000294,INDIVIDUAL,Synthetic Customer 000294,1979-07-25,customer000294@example.invalid,+1-555-0294,394 Fictional Avenue,Demo Borough,DM,GB,SYN0294,RETAIL,LOW,ACTIVE,2024-01-27
CUST_SYN_000295,INDIVIDUAL,Synthetic Customer 000295,1980-08-26,customer000295@example.invalid,+1-555-0295,395 Fictional Avenue,Sample Ville,SV,DE,SYN0295,SME,MEDIUM,ACTIVE,2024-01-26
CUST_SYN_000296,BUSINESS,Synthetic Customer 000296,,customer000296@example.invalid,+1-555-0296,396 Fictional Avenue,Test Harbour,TH,SG,SYN0296,CORPORATE,HIGH,ACTIVE,2024-01-25
CUST_SYN_000297,INDIVIDUAL,Synthetic Customer 000297,1982-10-01,customer000297@example.invalid,+1-555-0297,397 Fictional Avenue,Example City,EX,US,SYN0297,RETAIL,LOW,ACTIVE,2024-01-24
CUST_SYN_000298,INDIVIDUAL,Synthetic Customer 000298,1983-11-02,customer000298@example.invalid,+1-555-0298,398 Fictional Avenue,Demo Borough,DM,GB,SYN0298,SME,MEDIUM,ACTIVE,2024-01-23
CUST_SYN_000299,INDIVIDUAL,Synthetic Customer 000299,1984-12-03,customer000299@example.invalid,+1-555-0299,399 Fictional Avenue,Sample Ville,SV,DE,SYN0299,CORPORATE,HIGH,ACTIVE,2024-01-22
CUST_SYN_000300,BUSINESS,Synthetic Customer 000300,,customer000300@example.invalid,+1-555-0300,400 Fictional Avenue,Test Harbour,TH,SG,SYN0300,RETAIL,LOW,ACTIVE,2024-01-21
CUST_SYN_000301,INDIVIDUAL,Synthetic Customer 000301,1986-02-05,customer000301@example.invalid,+1-555-0301,401 Fictional Avenue,Example City,EX,US,SYN0301,SME,MEDIUM,ACTIVE,2024-01-20
CUST_SYN_000302,INDIVIDUAL,Synthetic Customer 000302,1987-03-06,customer000302@example.invalid,+1-555-0302,402 Fictional Avenue,Demo Borough,DM,GB,SYN0302,CORPORATE,HIGH,ACTIVE,2024-01-19
CUST_SYN_000303,INDIVIDUAL,Synthetic Customer 000303,1988-04-07,customer000303@example.invalid,+1-555-0303,403 Fictional Avenue,Sample Ville,SV,DE,SYN0303,RETAIL,LOW,ACTIVE,2024-01-18
CUST_SYN_000304,BUSINESS,Synthetic Customer 000304,,customer000304@example.invalid,+1-555-0304,404 Fictional Avenue,Test Harbour,TH,SG,SYN0304,SME,MEDIUM,ACTIVE,2024-01-17
CUST_SYN_000305,INDIVIDUAL,Synthetic Customer 000305,1990-06-09,customer000305@example.invalid,+1-555-0305,405 Fictional Avenue,Example City,EX,US,SYN0305,CORPORATE,HIGH,ACTIVE,2024-01-16
CUST_SYN_000306,INDIVIDUAL,Synthetic Customer 000306,1991-07-10,customer000306@example.invalid,+1-555-0306,406 Fictional Avenue,Demo Borough,DM,GB,SYN0306,RETAIL,LOW,ACTIVE,2024-01-15
CUST_SYN_000307,INDIVIDUAL,Synthetic Customer 000307,1992-08-11,customer000307@example.invalid,+1-555-0307,407 Fictional Avenue,Sample Ville,SV,DE,SYN0307,SME,MEDIUM,ACTIVE,2024-01-14
CUST_SYN_000308,BUSINESS,Synthetic Customer 000308,,customer000308@example.invalid,+1-555-0308,408 Fictional Avenue,Test Harbour,TH,SG,SYN0308,CORPORATE,HIGH,ACTIVE,2024-01-13
CUST_SYN_000309,INDIVIDUAL,Synthetic Customer 000309,1994-10-13,customer000309@example.invalid,+1-555-0309,409 Fictional Avenue,Example City,EX,US,SYN0309,RETAIL,LOW,ACTIVE,2024-01-12
CUST_SYN_000310,INDIVIDUAL,Synthetic Customer 000310,1995-11-14,customer000310@example.invalid,+1-555-0310,410 Fictional Avenue,Demo Borough,DM,GB,SYN0310,SME,MEDIUM,ACTIVE,2024-01-11
CUST_SYN_000311,INDIVIDUAL,Synthetic Customer 000311,1996-12-15,customer000311@example.invalid,+1-555-0311,411 Fictional Avenue,Sample Ville,SV,DE,SYN0311,CORPORATE,HIGH,ACTIVE,2024-01-10
CUST_SYN_000312,BUSINESS,Synthetic Customer 000312,,customer000312@example.invalid,+1-555-0312,412 Fictional Avenue,Test Harbour,TH,SG,SYN0312,RETAIL,LOW,ACTIVE,2024-01-09
CUST_SYN_000313,INDIVIDUAL,Synthetic Customer 000313,1998-02-17,customer000313@example.invalid,+1-555-0313,413 Fictional Avenue,Example City,EX,US,SYN0313,SME,MEDIUM,ACTIVE,2024-01-08
CUST_SYN_000314,INDIVIDUAL,Synthetic Customer 000314,1999-03-18,customer000314@example.invalid,+1-555-0314,414 Fictional Avenue,Demo Borough,DM,GB,SYN0314,CORPORATE,HIGH,ACTIVE,2024-01-07
CUST_SYN_000315,INDIVIDUAL,Synthetic Customer 000315,1965-04-19,customer000315@example.invalid,+1-555-0315,415 Fictional Avenue,Sample Ville,SV,DE,SYN0315,RETAIL,LOW,ACTIVE,2024-01-06
CUST_SYN_000316,BUSINESS,Synthetic Customer 000316,,customer000316@example.invalid,+1-555-0316,416 Fictional Avenue,Test Harbour,TH,SG,SYN0316,SME,MEDIUM,ACTIVE,2024-01-05
CUST_SYN_000317,INDIVIDUAL,Synthetic Customer 000317,1967-06-21,customer000317@example.invalid,+1-555-0317,417 Fictional Avenue,Example City,EX,US,SYN0317,CORPORATE,HIGH,ACTIVE,2024-01-04
CUST_SYN_000318,INDIVIDUAL,Synthetic Customer 000318,1968-07-22,customer000318@example.invalid,+1-555-0318,418 Fictional Avenue,Demo Borough,DM,GB,SYN0318,RETAIL,LOW,ACTIVE,2024-01-03
CUST_SYN_000319,INDIVIDUAL,Synthetic Customer 000319,1969-08-23,customer000319@example.invalid,+1-555-0319,419 Fictional Avenue,Sample Ville,SV,DE,SYN0319,SME,MEDIUM,ACTIVE,2024-01-02
CUST_SYN_000320,BUSINESS,Synthetic Customer 000320,,customer000320@example.invalid,+1-555-0320,420 Fictional Avenue,Test Harbour,TH,SG,SYN0320,CORPORATE,HIGH,ACTIVE,2024-01-01
CUST_SYN_000321,INDIVIDUAL,Synthetic Customer 000321,1971-10-25,customer000321@example.invalid,+1-555-0321,421 Fictional Avenue,Example City,EX,US,SYN0321,RETAIL,LOW,ACTIVE,2023-12-31
CUST_SYN_000322,INDIVIDUAL,Synthetic Customer 000322,1972-11-26,customer000322@example.invalid,+1-555-0322,422 Fictional Avenue,Demo Borough,DM,GB,SYN0322,SME,MEDIUM,ACTIVE,2023-12-30
CUST_SYN_000323,INDIVIDUAL,Synthetic Customer 000323,1973-12-27,customer000323@example.invalid,+1-555-0323,423 Fictional Avenue,Sample Ville,SV,DE,SYN0323,CORPORATE,HIGH,ACTIVE,2023-12-29
CUST_SYN_000324,BUSINESS,Synthetic Customer 000324,,customer000324@example.invalid,+1-555-0324,424 Fictional Avenue,Test Harbour,TH,SG,SYN0324,RETAIL,LOW,ACTIVE,2023-12-28
CUST_SYN_000325,INDIVIDUAL,Synthetic Customer 000325,1975-02-02,customer000325@example.invalid,+1-555-0325,425 Fictional Avenue,Example City,EX,US,SYN0325,SME,MEDIUM,ACTIVE,2023-12-27
CUST_SYN_000326,INDIVIDUAL,Synthetic Customer 000326,1976-03-03,customer000326@example.invalid,+1-555-0326,426 Fictional Avenue,Demo Borough,DM,GB,SYN0326,CORPORATE,HIGH,ACTIVE,2023-12-26
CUST_SYN_000327,INDIVIDUAL,Synthetic Customer 000327,1977-04-04,customer000327@example.invalid,+1-555-0327,427 Fictional Avenue,Sample Ville,SV,DE,SYN0327,RETAIL,LOW,ACTIVE,2023-12-25
CUST_SYN_000328,BUSINESS,Synthetic Customer 000328,,customer000328@example.invalid,+1-555-0328,428 Fictional Avenue,Test Harbour,TH,SG,SYN0328,SME,MEDIUM,ACTIVE,2023-12-24
CUST_SYN_000329,INDIVIDUAL,Synthetic Customer 000329,1979-06-06,customer000329@example.invalid,+1-555-0329,429 Fictional Avenue,Example City,EX,US,SYN0329,CORPORATE,HIGH,ACTIVE,2023-12-23
CUST_SYN_000330,INDIVIDUAL,Synthetic Customer 000330,1980-07-07,customer000330@example.invalid,+1-555-0330,430 Fictional Avenue,Demo Borough,DM,GB,SYN0330,RETAIL,LOW,ACTIVE,2023-12-22
CUST_SYN_000331,INDIVIDUAL,Synthetic Customer 000331,1981-08-08,customer000331@example.invalid,+1-555-0331,431 Fictional Avenue,Sample Ville,SV,DE,SYN0331,SME,MEDIUM,ACTIVE,2023-12-21
CUST_SYN_000332,BUSINESS,Synthetic Customer 000332,,customer000332@example.invalid,+1-555-0332,432 Fictional Avenue,Test Harbour,TH,SG,SYN0332,CORPORATE,HIGH,ACTIVE,2023-12-20
CUST_SYN_000333,INDIVIDUAL,Synthetic Customer 000333,1983-10-10,customer000333@example.invalid,+1-555-0333,433 Fictional Avenue,Example City,EX,US,SYN0333,RETAIL,LOW,ACTIVE,2023-12-19
CUST_SYN_000334,INDIVIDUAL,Synthetic Customer 000334,1984-11-11,customer000334@example.invalid,+1-555-0334,434 Fictional Avenue,Demo Borough,DM,GB,SYN0334,SME,MEDIUM,ACTIVE,2023-12-18
CUST_SYN_000335,INDIVIDUAL,Synthetic Customer 000335,1985-12-12,customer000335@example.invalid,+1-555-0335,435 Fictional Avenue,Sample Ville,SV,DE,SYN0335,CORPORATE,HIGH,ACTIVE,2023-12-17
CUST_SYN_000336,BUSINESS,Synthetic Customer 000336,,customer000336@example.invalid,+1-555-0336,436 Fictional Avenue,Test Harbour,TH,SG,SYN0336,RETAIL,LOW,ACTIVE,2023-12-16
CUST_SYN_000337,INDIVIDUAL,Synthetic Customer 000337,1987-02-14,customer000337@example.invalid,+1-555-0337,437 Fictional Avenue,Example City,EX,US,SYN0337,SME,MEDIUM,ACTIVE,2023-12-15
CUST_SYN_000338,INDIVIDUAL,Synthetic Customer 000338,1988-03-15,customer000338@example.invalid,+1-555-0338,438 Fictional Avenue,Demo Borough,DM,GB,SYN0338,CORPORATE,HIGH,ACTIVE,2023-12-14
CUST_SYN_000339,INDIVIDUAL,Synthetic Customer 000339,1989-04-16,customer000339@example.invalid,+1-555-0339,439 Fictional Avenue,Sample Ville,SV,DE,SYN0339,RETAIL,LOW,ACTIVE,2023-12-13
CUST_SYN_000340,BUSINESS,Synthetic Customer 000340,,customer000340@example.invalid,+1-555-0340,440 Fictional Avenue,Test Harbour,TH,SG,SYN0340,SME,MEDIUM,ACTIVE,2023-12-12
CUST_SYN_000341,INDIVIDUAL,Synthetic Customer 000341,1991-06-18,customer000341@example.invalid,+1-555-0341,441 Fictional Avenue,Example City,EX,US,SYN0341,CORPORATE,HIGH,ACTIVE,2023-12-11
CUST_SYN_000342,INDIVIDUAL,Synthetic Customer 000342,1992-07-19,customer000342@example.invalid,+1-555-0342,442 Fictional Avenue,Demo Borough,DM,GB,SYN0342,RETAIL,LOW,ACTIVE,2023-12-10
CUST_SYN_000343,INDIVIDUAL,Synthetic Customer 000343,1993-08-20,customer000343@example.invalid,+1-555-0343,443 Fictional Avenue,Sample Ville,SV,DE,SYN0343,SME,MEDIUM,ACTIVE,2023-12-09
CUST_SYN_000344,BUSINESS,Synthetic Customer 000344,,customer000344@example.invalid,+1-555-0344,444 Fictional Avenue,Test Harbour,TH,SG,SYN0344,CORPORATE,HIGH,ACTIVE,2023-12-08
CUST_SYN_000345,INDIVIDUAL,Synthetic Customer 000345,1995-10-22,customer000345@example.invalid,+1-555-0345,445 Fictional Avenue,Example City,EX,US,SYN0345,RETAIL,LOW,ACTIVE,2023-12-07
CUST_SYN_000346,INDIVIDUAL,Synthetic Customer 000346,1996-11-23,customer000346@example.invalid,+1-555-0346,446 Fictional Avenue,Demo Borough,DM,GB,SYN0346,SME,MEDIUM,ACTIVE,2023-12-06
CUST_SYN_000347,INDIVIDUAL,Synthetic Customer 000347,1997-12-24,customer000347@example.invalid,+1-555-0347,447 Fictional Avenue,Sample Ville,SV,DE,SYN0347,CORPORATE,HIGH,ACTIVE,2023-12-05
CUST_SYN_000348,BUSINESS,Synthetic Customer 000348,,customer000348@example.invalid,+1-555-0348,448 Fictional Avenue,Test Harbour,TH,SG,SYN0348,RETAIL,LOW,ACTIVE,2023-12-04
CUST_SYN_000349,INDIVIDUAL,Synthetic Customer 000349,1999-02-26,customer000349@example.invalid,+1-555-0349,449 Fictional Avenue,Example City,EX,US,SYN0349,SME,MEDIUM,ACTIVE,2023-12-03
CUST_SYN_000350,INDIVIDUAL,Synthetic Customer 000350,1965-03-27,customer000350@example.invalid,+1-555-0350,450 Fictional Avenue,Demo Borough,DM,GB,SYN0350,CORPORATE,HIGH,ACTIVE,2023-12-02
CUST_SYN_000351,INDIVIDUAL,Synthetic Customer 000351,1966-04-01,customer000351@example.invalid,+1-555-0351,451 Fictional Avenue,Sample Ville,SV,DE,SYN0351,RETAIL,LOW,ACTIVE,2023-12-01
CUST_SYN_000352,BUSINESS,Synthetic Customer 000352,,customer000352@example.invalid,+1-555-0352,452 Fictional Avenue,Test Harbour,TH,SG,SYN0352,SME,MEDIUM,ACTIVE,2023-11-30
CUST_SYN_000353,INDIVIDUAL,Synthetic Customer 000353,1968-06-03,customer000353@example.invalid,+1-555-0353,453 Fictional Avenue,Example City,EX,US,SYN0353,CORPORATE,HIGH,ACTIVE,2023-11-29
CUST_SYN_000354,INDIVIDUAL,Synthetic Customer 000354,1969-07-04,customer000354@example.invalid,+1-555-0354,454 Fictional Avenue,Demo Borough,DM,GB,SYN0354,RETAIL,LOW,ACTIVE,2023-11-28
CUST_SYN_000355,INDIVIDUAL,Synthetic Customer 000355,1970-08-05,customer000355@example.invalid,+1-555-0355,455 Fictional Avenue,Sample Ville,SV,DE,SYN0355,SME,MEDIUM,ACTIVE,2023-11-27
CUST_SYN_000356,BUSINESS,Synthetic Customer 000356,,customer000356@example.invalid,+1-555-0356,456 Fictional Avenue,Test Harbour,TH,SG,SYN0356,CORPORATE,HIGH,ACTIVE,2023-11-26
CUST_SYN_000357,INDIVIDUAL,Synthetic Customer 000357,1972-10-07,customer000357@example.invalid,+1-555-0357,457 Fictional Avenue,Example City,EX,US,SYN0357,RETAIL,LOW,ACTIVE,2023-11-25
CUST_SYN_000358,INDIVIDUAL,Synthetic Customer 000358,1973-11-08,customer000358@example.invalid,+1-555-0358,458 Fictional Avenue,Demo Borough,DM,GB,SYN0358,SME,MEDIUM,ACTIVE,2023-11-24
CUST_SYN_000359,INDIVIDUAL,Synthetic Customer 000359,1974-12-09,customer000359@example.invalid,+1-555-0359,459 Fictional Avenue,Sample Ville,SV,DE,SYN0359,CORPORATE,HIGH,ACTIVE,2023-11-23
CUST_SYN_000360,BUSINESS,Synthetic Customer 000360,,customer000360@example.invalid,+1-555-0360,460 Fictional Avenue,Test Harbour,TH,SG,SYN0360,RETAIL,LOW,ACTIVE,2023-11-22
CUST_SYN_000361,INDIVIDUAL,Synthetic Customer 000361,1976-02-11,customer000361@example.invalid,+1-555-0361,461 Fictional Avenue,Example City,EX,US,SYN0361,SME,MEDIUM,ACTIVE,2023-11-21
CUST_SYN_000362,INDIVIDUAL,Synthetic Customer 000362,1977-03-12,customer000362@example.invalid,+1-555-0362,462 Fictional Avenue,Demo Borough,DM,GB,SYN0362,CORPORATE,HIGH,ACTIVE,2023-11-20
CUST_SYN_000363,INDIVIDUAL,Synthetic Customer 000363,1978-04-13,customer000363@example.invalid,+1-555-0363,463 Fictional Avenue,Sample Ville,SV,DE,SYN0363,RETAIL,LOW,ACTIVE,2023-11-19
CUST_SYN_000364,BUSINESS,Synthetic Customer 000364,,customer000364@example.invalid,+1-555-0364,464 Fictional Avenue,Test Harbour,TH,SG,SYN0364,SME,MEDIUM,ACTIVE,2023-11-18
CUST_SYN_000365,INDIVIDUAL,Synthetic Customer 000365,1980-06-15,customer000365@example.invalid,+1-555-0365,465 Fictional Avenue,Example City,EX,US,SYN0365,CORPORATE,HIGH,ACTIVE,2023-11-17
CUST_SYN_000366,INDIVIDUAL,Synthetic Customer 000366,1981-07-16,customer000366@example.invalid,+1-555-0366,466 Fictional Avenue,Demo Borough,DM,GB,SYN0366,RETAIL,LOW,ACTIVE,2023-11-16
CUST_SYN_000367,INDIVIDUAL,Synthetic Customer 000367,1982-08-17,customer000367@example.invalid,+1-555-0367,467 Fictional Avenue,Sample Ville,SV,DE,SYN0367,SME,MEDIUM,ACTIVE,2023-11-15
CUST_SYN_000368,BUSINESS,Synthetic Customer 000368,,customer000368@example.invalid,+1-555-0368,468 Fictional Avenue,Test Harbour,TH,SG,SYN0368,CORPORATE,HIGH,ACTIVE,2023-11-14
CUST_SYN_000369,INDIVIDUAL,Synthetic Customer 000369,1984-10-19,customer000369@example.invalid,+1-555-0369,469 Fictional Avenue,Example City,EX,US,SYN0369,RETAIL,LOW,ACTIVE,2023-11-13
CUST_SYN_000370,INDIVIDUAL,Synthetic Customer 000370,1985-11-20,customer000370@example.invalid,+1-555-0370,470 Fictional Avenue,Demo Borough,DM,GB,SYN0370,SME,MEDIUM,ACTIVE,2023-11-12
CUST_SYN_000371,INDIVIDUAL,Synthetic Customer 000371,1986-12-21,customer000371@example.invalid,+1-555-0371,471 Fictional Avenue,Sample Ville,SV,DE,SYN0371,CORPORATE,HIGH,ACTIVE,2023-11-11
CUST_SYN_000372,BUSINESS,Synthetic Customer 000372,,customer000372@example.invalid,+1-555-0372,472 Fictional Avenue,Test Harbour,TH,SG,SYN0372,RETAIL,LOW,ACTIVE,2023-11-10
CUST_SYN_000373,INDIVIDUAL,Synthetic Customer 000373,1988-02-23,customer000373@example.invalid,+1-555-0373,473 Fictional Avenue,Example City,EX,US,SYN0373,SME,MEDIUM,ACTIVE,2023-11-09
CUST_SYN_000374,INDIVIDUAL,Synthetic Customer 000374,1989-03-24,customer000374@example.invalid,+1-555-0374,474 Fictional Avenue,Demo Borough,DM,GB,SYN0374,CORPORATE,HIGH,ACTIVE,2023-11-08
CUST_SYN_000375,INDIVIDUAL,Synthetic Customer 000375,1990-04-25,customer000375@example.invalid,+1-555-0375,475 Fictional Avenue,Sample Ville,SV,DE,SYN0375,RETAIL,LOW,ACTIVE,2023-11-07
CUST_SYN_000376,BUSINESS,Synthetic Customer 000376,,customer000376@example.invalid,+1-555-0376,476 Fictional Avenue,Test Harbour,TH,SG,SYN0376,SME,MEDIUM,ACTIVE,2023-11-06
CUST_SYN_000377,INDIVIDUAL,Synthetic Customer 000377,1992-06-27,customer000377@example.invalid,+1-555-0377,477 Fictional Avenue,Example City,EX,US,SYN0377,CORPORATE,HIGH,ACTIVE,2023-11-05
CUST_SYN_000378,INDIVIDUAL,Synthetic Customer 000378,1993-07-01,customer000378@example.invalid,+1-555-0378,478 Fictional Avenue,Demo Borough,DM,GB,SYN0378,RETAIL,LOW,ACTIVE,2023-11-04
CUST_SYN_000379,INDIVIDUAL,Synthetic Customer 000379,1994-08-02,customer000379@example.invalid,+1-555-0379,479 Fictional Avenue,Sample Ville,SV,DE,SYN0379,SME,MEDIUM,ACTIVE,2023-11-03
CUST_SYN_000380,BUSINESS,Synthetic Customer 000380,,customer000380@example.invalid,+1-555-0380,480 Fictional Avenue,Test Harbour,TH,SG,SYN0380,CORPORATE,HIGH,ACTIVE,2023-11-02
CUST_SYN_000381,INDIVIDUAL,Synthetic Customer 000381,1996-10-04,customer000381@example.invalid,+1-555-0381,481 Fictional Avenue,Example City,EX,US,SYN0381,RETAIL,LOW,ACTIVE,2023-11-01
CUST_SYN_000382,INDIVIDUAL,Synthetic Customer 000382,1997-11-05,customer000382@example.invalid,+1-555-0382,482 Fictional Avenue,Demo Borough,DM,GB,SYN0382,SME,MEDIUM,ACTIVE,2023-10-31
CUST_SYN_000383,INDIVIDUAL,Synthetic Customer 000383,1998-12-06,customer000383@example.invalid,+1-555-0383,483 Fictional Avenue,Sample Ville,SV,DE,SYN0383,CORPORATE,HIGH,ACTIVE,2023-10-30
CUST_SYN_000384,BUSINESS,Synthetic Customer 000384,,customer000384@example.invalid,+1-555-0384,484 Fictional Avenue,Test Harbour,TH,SG,SYN0384,RETAIL,LOW,ACTIVE,2023-10-29
CUST_SYN_000385,INDIVIDUAL,Synthetic Customer 000385,1965-02-08,customer000385@example.invalid,+1-555-0385,485 Fictional Avenue,Example City,EX,US,SYN0385,SME,MEDIUM,ACTIVE,2023-10-28
CUST_SYN_000386,INDIVIDUAL,Synthetic Customer 000386,1966-03-09,customer000386@example.invalid,+1-555-0386,486 Fictional Avenue,Demo Borough,DM,GB,SYN0386,CORPORATE,HIGH,ACTIVE,2023-10-27
CUST_SYN_000387,INDIVIDUAL,Synthetic Customer 000387,1967-04-10,customer000387@example.invalid,+1-555-0387,487 Fictional Avenue,Sample Ville,SV,DE,SYN0387,RETAIL,LOW,ACTIVE,2023-10-26
CUST_SYN_000388,BUSINESS,Synthetic Customer 000388,,customer000388@example.invalid,+1-555-0388,488 Fictional Avenue,Test Harbour,TH,SG,SYN0388,SME,MEDIUM,ACTIVE,2023-10-25
CUST_SYN_000389,INDIVIDUAL,Synthetic Customer 000389,1969-06-12,customer000389@example.invalid,+1-555-0389,489 Fictional Avenue,Example City,EX,US,SYN0389,CORPORATE,HIGH,ACTIVE,2023-10-24
CUST_SYN_000390,INDIVIDUAL,Synthetic Customer 000390,1970-07-13,customer000390@example.invalid,+1-555-0390,490 Fictional Avenue,Demo Borough,DM,GB,SYN0390,RETAIL,LOW,ACTIVE,2023-10-23
CUST_SYN_000391,INDIVIDUAL,Synthetic Customer 000391,1971-08-14,customer000391@example.invalid,+1-555-0391,491 Fictional Avenue,Sample Ville,SV,DE,SYN0391,SME,MEDIUM,ACTIVE,2023-10-22
CUST_SYN_000392,BUSINESS,Synthetic Customer 000392,,customer000392@example.invalid,+1-555-0392,492 Fictional Avenue,Test Harbour,TH,SG,SYN0392,CORPORATE,HIGH,ACTIVE,2023-10-21
CUST_SYN_000393,INDIVIDUAL,Synthetic Customer 000393,1973-10-16,customer000393@example.invalid,+1-555-0393,493 Fictional Avenue,Example City,EX,US,SYN0393,RETAIL,LOW,ACTIVE,2023-10-20
CUST_SYN_000394,INDIVIDUAL,Synthetic Customer 000394,1974-11-17,customer000394@example.invalid,+1-555-0394,494 Fictional Avenue,Demo Borough,DM,GB,SYN0394,SME,MEDIUM,ACTIVE,2023-10-19
CUST_SYN_000395,INDIVIDUAL,Synthetic Customer 000395,1975-12-18,customer000395@example.invalid,+1-555-0395,495 Fictional Avenue,Sample Ville,SV,DE,SYN0395,CORPORATE,HIGH,ACTIVE,2023-10-18
CUST_SYN_000396,BUSINESS,Synthetic Customer 000396,,customer000396@example.invalid,+1-555-0396,496 Fictional Avenue,Test Harbour,TH,SG,SYN0396,RETAIL,LOW,ACTIVE,2023-10-17
CUST_SYN_000397,INDIVIDUAL,Synthetic Customer 000397,1977-02-20,customer000397@example.invalid,+1-555-0397,497 Fictional Avenue,Example City,EX,US,SYN0397,SME,MEDIUM,ACTIVE,2023-10-16
CUST_SYN_000398,INDIVIDUAL,Synthetic Customer 000398,1978-03-21,customer000398@example.invalid,+1-555-0398,498 Fictional Avenue,Demo Borough,DM,GB,SYN0398,CORPORATE,HIGH,ACTIVE,2023-10-15
CUST_SYN_000399,INDIVIDUAL,Synthetic Customer 000399,1979-04-22,customer000399@example.invalid,+1-555-0399,499 Fictional Avenue,Sample Ville,SV,DE,SYN0399,RETAIL,LOW,ACTIVE,2023-10-14
CUST_SYN_000400,BUSINESS,Synthetic Customer 000400,,customer000400@example.invalid,+1-555-0400,500 Fictional Avenue,Test Harbour,TH,SG,SYN0400,SME,MEDIUM,ACTIVE,2023-10-13
CUST_SYN_000401,INDIVIDUAL,Synthetic Customer 000401,1981-06-24,customer000401@example.invalid,+1-555-0401,501 Fictional Avenue,Example City,EX,US,SYN0401,CORPORATE,HIGH,ACTIVE,2023-10-12
CUST_SYN_000402,INDIVIDUAL,Synthetic Customer 000402,1982-07-25,customer000402@example.invalid,+1-555-0402,502 Fictional Avenue,Demo Borough,DM,GB,SYN0402,RETAIL,LOW,ACTIVE,2023-10-11
CUST_SYN_000403,INDIVIDUAL,Synthetic Customer 000403,1983-08-26,customer000403@example.invalid,+1-555-0403,503 Fictional Avenue,Sample Ville,SV,DE,SYN0403,SME,MEDIUM,ACTIVE,2023-10-10
CUST_SYN_000404,BUSINESS,Synthetic Customer 000404,,customer000404@example.invalid,+1-555-0404,504 Fictional Avenue,Test Harbour,TH,SG,SYN0404,CORPORATE,HIGH,ACTIVE,2023-10-09
CUST_SYN_000405,INDIVIDUAL,Synthetic Customer 000405,1985-10-01,customer000405@example.invalid,+1-555-0405,505 Fictional Avenue,Example City,EX,US,SYN0405,RETAIL,LOW,ACTIVE,2023-10-08
CUST_SYN_000406,INDIVIDUAL,Synthetic Customer 000406,1986-11-02,customer000406@example.invalid,+1-555-0406,506 Fictional Avenue,Demo Borough,DM,GB,SYN0406,SME,MEDIUM,ACTIVE,2023-10-07
CUST_SYN_000407,INDIVIDUAL,Synthetic Customer 000407,1987-12-03,customer000407@example.invalid,+1-555-0407,507 Fictional Avenue,Sample Ville,SV,DE,SYN0407,CORPORATE,HIGH,ACTIVE,2023-10-06
CUST_SYN_000408,BUSINESS,Synthetic Customer 000408,,customer000408@example.invalid,+1-555-0408,508 Fictional Avenue,Test Harbour,TH,SG,SYN0408,RETAIL,LOW,ACTIVE,2023-10-05
CUST_SYN_000409,INDIVIDUAL,Synthetic Customer 000409,1989-02-05,customer000409@example.invalid,+1-555-0409,509 Fictional Avenue,Example City,EX,US,SYN0409,SME,MEDIUM,ACTIVE,2023-10-04
CUST_SYN_000410,INDIVIDUAL,Synthetic Customer 000410,1990-03-06,customer000410@example.invalid,+1-555-0410,510 Fictional Avenue,Demo Borough,DM,GB,SYN0410,CORPORATE,HIGH,ACTIVE,2023-10-03
CUST_SYN_000411,INDIVIDUAL,Synthetic Customer 000411,1991-04-07,customer000411@example.invalid,+1-555-0411,511 Fictional Avenue,Sample Ville,SV,DE,SYN0411,RETAIL,LOW,ACTIVE,2023-10-02
CUST_SYN_000412,BUSINESS,Synthetic Customer 000412,,customer000412@example.invalid,+1-555-0412,512 Fictional Avenue,Test Harbour,TH,SG,SYN0412,SME,MEDIUM,ACTIVE,2023-10-01
CUST_SYN_000413,INDIVIDUAL,Synthetic Customer 000413,1993-06-09,customer000413@example.invalid,+1-555-0413,513 Fictional Avenue,Example City,EX,US,SYN0413,CORPORATE,HIGH,ACTIVE,2023-09-30
CUST_SYN_000414,INDIVIDUAL,Synthetic Customer 000414,1994-07-10,customer000414@example.invalid,+1-555-0414,514 Fictional Avenue,Demo Borough,DM,GB,SYN0414,RETAIL,LOW,ACTIVE,2023-09-29
CUST_SYN_000415,INDIVIDUAL,Synthetic Customer 000415,1995-08-11,customer000415@example.invalid,+1-555-0415,515 Fictional Avenue,Sample Ville,SV,DE,SYN0415,SME,MEDIUM,ACTIVE,2023-09-28
CUST_SYN_000416,BUSINESS,Synthetic Customer 000416,,customer000416@example.invalid,+1-555-0416,516 Fictional Avenue,Test Harbour,TH,SG,SYN0416,CORPORATE,HIGH,ACTIVE,2023-09-27
CUST_SYN_000417,INDIVIDUAL,Synthetic Customer 000417,1997-10-13,customer000417@example.invalid,+1-555-0417,517 Fictional Avenue,Example City,EX,US,SYN0417,RETAIL,LOW,ACTIVE,2023-09-26
CUST_SYN_000418,INDIVIDUAL,Synthetic Customer 000418,1998-11-14,customer000418@example.invalid,+1-555-0418,518 Fictional Avenue,Demo Borough,DM,GB,SYN0418,SME,MEDIUM,ACTIVE,2023-09-25
CUST_SYN_000419,INDIVIDUAL,Synthetic Customer 000419,1999-12-15,customer000419@example.invalid,+1-555-0419,519 Fictional Avenue,Sample Ville,SV,DE,SYN0419,CORPORATE,HIGH,ACTIVE,2023-09-24
CUST_SYN_000420,BUSINESS,Synthetic Customer 000420,,customer000420@example.invalid,+1-555-0420,520 Fictional Avenue,Test Harbour,TH,SG,SYN0420,RETAIL,LOW,ACTIVE,2023-09-23
CUST_SYN_000421,INDIVIDUAL,Synthetic Customer 000421,1966-02-17,customer000421@example.invalid,+1-555-0421,521 Fictional Avenue,Example City,EX,US,SYN0421,SME,MEDIUM,ACTIVE,2023-09-22
CUST_SYN_000422,INDIVIDUAL,Synthetic Customer 000422,1967-03-18,customer000422@example.invalid,+1-555-0422,522 Fictional Avenue,Demo Borough,DM,GB,SYN0422,CORPORATE,HIGH,ACTIVE,2023-09-21
CUST_SYN_000423,INDIVIDUAL,Synthetic Customer 000423,1968-04-19,customer000423@example.invalid,+1-555-0423,523 Fictional Avenue,Sample Ville,SV,DE,SYN0423,RETAIL,LOW,ACTIVE,2023-09-20
CUST_SYN_000424,BUSINESS,Synthetic Customer 000424,,customer000424@example.invalid,+1-555-0424,524 Fictional Avenue,Test Harbour,TH,SG,SYN0424,SME,MEDIUM,ACTIVE,2023-09-19
CUST_SYN_000425,INDIVIDUAL,Synthetic Customer 000425,1970-06-21,customer000425@example.invalid,+1-555-0425,525 Fictional Avenue,Example City,EX,US,SYN0425,CORPORATE,HIGH,ACTIVE,2023-09-18
CUST_SYN_000426,INDIVIDUAL,Synthetic Customer 000426,1971-07-22,customer000426@example.invalid,+1-555-0426,526 Fictional Avenue,Demo Borough,DM,GB,SYN0426,RETAIL,LOW,ACTIVE,2023-09-17
CUST_SYN_000427,INDIVIDUAL,Synthetic Customer 000427,1972-08-23,customer000427@example.invalid,+1-555-0427,527 Fictional Avenue,Sample Ville,SV,DE,SYN0427,SME,MEDIUM,ACTIVE,2023-09-16
CUST_SYN_000428,BUSINESS,Synthetic Customer 000428,,customer000428@example.invalid,+1-555-0428,528 Fictional Avenue,Test Harbour,TH,SG,SYN0428,CORPORATE,HIGH,ACTIVE,2023-09-15
CUST_SYN_000429,INDIVIDUAL,Synthetic Customer 000429,1974-10-25,customer000429@example.invalid,+1-555-0429,529 Fictional Avenue,Example City,EX,US,SYN0429,RETAIL,LOW,ACTIVE,2023-09-14
CUST_SYN_000430,INDIVIDUAL,Synthetic Customer 000430,1975-11-26,customer000430@example.invalid,+1-555-0430,530 Fictional Avenue,Demo Borough,DM,GB,SYN0430,SME,MEDIUM,ACTIVE,2023-09-13
CUST_SYN_000431,INDIVIDUAL,Synthetic Customer 000431,1976-12-27,customer000431@example.invalid,+1-555-0431,531 Fictional Avenue,Sample Ville,SV,DE,SYN0431,CORPORATE,HIGH,ACTIVE,2023-09-12
CUST_SYN_000432,BUSINESS,Synthetic Customer 000432,,customer000432@example.invalid,+1-555-0432,532 Fictional Avenue,Test Harbour,TH,SG,SYN0432,RETAIL,LOW,ACTIVE,2023-09-11
CUST_SYN_000433,INDIVIDUAL,Synthetic Customer 000433,1978-02-02,customer000433@example.invalid,+1-555-0433,533 Fictional Avenue,Example City,EX,US,SYN0433,SME,MEDIUM,ACTIVE,2023-09-10
CUST_SYN_000434,INDIVIDUAL,Synthetic Customer 000434,1979-03-03,customer000434@example.invalid,+1-555-0434,534 Fictional Avenue,Demo Borough,DM,GB,SYN0434,CORPORATE,HIGH,ACTIVE,2023-09-09
CUST_SYN_000435,INDIVIDUAL,Synthetic Customer 000435,1980-04-04,customer000435@example.invalid,+1-555-0435,535 Fictional Avenue,Sample Ville,SV,DE,SYN0435,RETAIL,LOW,ACTIVE,2023-09-08
CUST_SYN_000436,BUSINESS,Synthetic Customer 000436,,customer000436@example.invalid,+1-555-0436,536 Fictional Avenue,Test Harbour,TH,SG,SYN0436,SME,MEDIUM,ACTIVE,2023-09-07
CUST_SYN_000437,INDIVIDUAL,Synthetic Customer 000437,1982-06-06,customer000437@example.invalid,+1-555-0437,537 Fictional Avenue,Example City,EX,US,SYN0437,CORPORATE,HIGH,ACTIVE,2023-09-06
CUST_SYN_000438,INDIVIDUAL,Synthetic Customer 000438,1983-07-07,customer000438@example.invalid,+1-555-0438,538 Fictional Avenue,Demo Borough,DM,GB,SYN0438,RETAIL,LOW,ACTIVE,2023-09-05
CUST_SYN_000439,INDIVIDUAL,Synthetic Customer 000439,1984-08-08,customer000439@example.invalid,+1-555-0439,539 Fictional Avenue,Sample Ville,SV,DE,SYN0439,SME,MEDIUM,ACTIVE,2023-09-04
CUST_SYN_000440,BUSINESS,Synthetic Customer 000440,,customer000440@example.invalid,+1-555-0440,540 Fictional Avenue,Test Harbour,TH,SG,SYN0440,CORPORATE,HIGH,ACTIVE,2023-09-03
CUST_SYN_000441,INDIVIDUAL,Synthetic Customer 000441,1986-10-10,customer000441@example.invalid,+1-555-0441,541 Fictional Avenue,Example City,EX,US,SYN0441,RETAIL,LOW,ACTIVE,2023-09-02
CUST_SYN_000442,INDIVIDUAL,Synthetic Customer 000442,1987-11-11,customer000442@example.invalid,+1-555-0442,542 Fictional Avenue,Demo Borough,DM,GB,SYN0442,SME,MEDIUM,ACTIVE,2023-09-01
CUST_SYN_000443,INDIVIDUAL,Synthetic Customer 000443,1988-12-12,customer000443@example.invalid,+1-555-0443,543 Fictional Avenue,Sample Ville,SV,DE,SYN0443,CORPORATE,HIGH,ACTIVE,2023-08-31
CUST_SYN_000444,BUSINESS,Synthetic Customer 000444,,customer000444@example.invalid,+1-555-0444,544 Fictional Avenue,Test Harbour,TH,SG,SYN0444,RETAIL,LOW,ACTIVE,2023-08-30
CUST_SYN_000445,INDIVIDUAL,Synthetic Customer 000445,1990-02-14,customer000445@example.invalid,+1-555-0445,545 Fictional Avenue,Example City,EX,US,SYN0445,SME,MEDIUM,ACTIVE,2023-08-29
CUST_SYN_000446,INDIVIDUAL,Synthetic Customer 000446,1991-03-15,customer000446@example.invalid,+1-555-0446,546 Fictional Avenue,Demo Borough,DM,GB,SYN0446,CORPORATE,HIGH,ACTIVE,2023-08-28
CUST_SYN_000447,INDIVIDUAL,Synthetic Customer 000447,1992-04-16,customer000447@example.invalid,+1-555-0447,547 Fictional Avenue,Sample Ville,SV,DE,SYN0447,RETAIL,LOW,ACTIVE,2023-08-27
CUST_SYN_000448,BUSINESS,Synthetic Customer 000448,,customer000448@example.invalid,+1-555-0448,548 Fictional Avenue,Test Harbour,TH,SG,SYN0448,SME,MEDIUM,ACTIVE,2023-08-26
CUST_SYN_000449,INDIVIDUAL,Synthetic Customer 000449,1994-06-18,customer000449@example.invalid,+1-555-0449,549 Fictional Avenue,Example City,EX,US,SYN0449,CORPORATE,HIGH,ACTIVE,2023-08-25
CUST_SYN_000450,INDIVIDUAL,Synthetic Customer 000450,1995-07-19,customer000450@example.invalid,+1-555-0450,550 Fictional Avenue,Demo Borough,DM,GB,SYN0450,RETAIL,LOW,ACTIVE,2023-08-24
CUST_SYN_000451,INDIVIDUAL,Synthetic Customer 000451,1996-08-20,customer000451@example.invalid,+1-555-0451,551 Fictional Avenue,Sample Ville,SV,DE,SYN0451,SME,MEDIUM,ACTIVE,2023-08-23
CUST_SYN_000452,BUSINESS,Synthetic Customer 000452,,customer000452@example.invalid,+1-555-0452,552 Fictional Avenue,Test Harbour,TH,SG,SYN0452,CORPORATE,HIGH,ACTIVE,2023-08-22
CUST_SYN_000453,INDIVIDUAL,Synthetic Customer 000453,1998-10-22,customer000453@example.invalid,+1-555-0453,553 Fictional Avenue,Example City,EX,US,SYN0453,RETAIL,LOW,ACTIVE,2023-08-21
CUST_SYN_000454,INDIVIDUAL,Synthetic Customer 000454,1999-11-23,customer000454@example.invalid,+1-555-0454,554 Fictional Avenue,Demo Borough,DM,GB,SYN0454,SME,MEDIUM,ACTIVE,2023-08-20
CUST_SYN_000455,INDIVIDUAL,Synthetic Customer 000455,1965-12-24,customer000455@example.invalid,+1-555-0455,555 Fictional Avenue,Sample Ville,SV,DE,SYN0455,CORPORATE,HIGH,ACTIVE,2023-08-19
CUST_SYN_000456,BUSINESS,Synthetic Customer 000456,,customer000456@example.invalid,+1-555-0456,556 Fictional Avenue,Test Harbour,TH,SG,SYN0456,RETAIL,LOW,ACTIVE,2023-08-18
CUST_SYN_000457,INDIVIDUAL,Synthetic Customer 000457,1967-02-26,customer000457@example.invalid,+1-555-0457,557 Fictional Avenue,Example City,EX,US,SYN0457,SME,MEDIUM,ACTIVE,2023-08-17
CUST_SYN_000458,INDIVIDUAL,Synthetic Customer 000458,1968-03-27,customer000458@example.invalid,+1-555-0458,558 Fictional Avenue,Demo Borough,DM,GB,SYN0458,CORPORATE,HIGH,ACTIVE,2023-08-16
CUST_SYN_000459,INDIVIDUAL,Synthetic Customer 000459,1969-04-01,customer000459@example.invalid,+1-555-0459,559 Fictional Avenue,Sample Ville,SV,DE,SYN0459,RETAIL,LOW,ACTIVE,2023-08-15
CUST_SYN_000460,BUSINESS,Synthetic Customer 000460,,customer000460@example.invalid,+1-555-0460,560 Fictional Avenue,Test Harbour,TH,SG,SYN0460,SME,MEDIUM,ACTIVE,2023-08-14
CUST_SYN_000461,INDIVIDUAL,Synthetic Customer 000461,1971-06-03,customer000461@example.invalid,+1-555-0461,561 Fictional Avenue,Example City,EX,US,SYN0461,CORPORATE,HIGH,ACTIVE,2023-08-13
CUST_SYN_000462,INDIVIDUAL,Synthetic Customer 000462,1972-07-04,customer000462@example.invalid,+1-555-0462,562 Fictional Avenue,Demo Borough,DM,GB,SYN0462,RETAIL,LOW,ACTIVE,2023-08-12
CUST_SYN_000463,INDIVIDUAL,Synthetic Customer 000463,1973-08-05,customer000463@example.invalid,+1-555-0463,563 Fictional Avenue,Sample Ville,SV,DE,SYN0463,SME,MEDIUM,ACTIVE,2023-08-11
CUST_SYN_000464,BUSINESS,Synthetic Customer 000464,,customer000464@example.invalid,+1-555-0464,564 Fictional Avenue,Test Harbour,TH,SG,SYN0464,CORPORATE,HIGH,ACTIVE,2023-08-10
CUST_SYN_000465,INDIVIDUAL,Synthetic Customer 000465,1975-10-07,customer000465@example.invalid,+1-555-0465,565 Fictional Avenue,Example City,EX,US,SYN0465,RETAIL,LOW,ACTIVE,2023-08-09
CUST_SYN_000466,INDIVIDUAL,Synthetic Customer 000466,1976-11-08,customer000466@example.invalid,+1-555-0466,566 Fictional Avenue,Demo Borough,DM,GB,SYN0466,SME,MEDIUM,ACTIVE,2023-08-08
CUST_SYN_000467,INDIVIDUAL,Synthetic Customer 000467,1977-12-09,customer000467@example.invalid,+1-555-0467,567 Fictional Avenue,Sample Ville,SV,DE,SYN0467,CORPORATE,HIGH,ACTIVE,2023-08-07
CUST_SYN_000468,BUSINESS,Synthetic Customer 000468,,customer000468@example.invalid,+1-555-0468,568 Fictional Avenue,Test Harbour,TH,SG,SYN0468,RETAIL,LOW,ACTIVE,2023-08-06
CUST_SYN_000469,INDIVIDUAL,Synthetic Customer 000469,1979-02-11,customer000469@example.invalid,+1-555-0469,569 Fictional Avenue,Example City,EX,US,SYN0469,SME,MEDIUM,ACTIVE,2023-08-05
CUST_SYN_000470,INDIVIDUAL,Synthetic Customer 000470,1980-03-12,customer000470@example.invalid,+1-555-0470,570 Fictional Avenue,Demo Borough,DM,GB,SYN0470,CORPORATE,HIGH,ACTIVE,2023-08-04
CUST_SYN_000471,INDIVIDUAL,Synthetic Customer 000471,1981-04-13,customer000471@example.invalid,+1-555-0471,571 Fictional Avenue,Sample Ville,SV,DE,SYN0471,RETAIL,LOW,ACTIVE,2023-08-03
CUST_SYN_000472,BUSINESS,Synthetic Customer 000472,,customer000472@example.invalid,+1-555-0472,572 Fictional Avenue,Test Harbour,TH,SG,SYN0472,SME,MEDIUM,ACTIVE,2023-08-02
CUST_SYN_000473,INDIVIDUAL,Synthetic Customer 000473,1983-06-15,customer000473@example.invalid,+1-555-0473,573 Fictional Avenue,Example City,EX,US,SYN0473,CORPORATE,HIGH,ACTIVE,2023-08-01
CUST_SYN_000474,INDIVIDUAL,Synthetic Customer 000474,1984-07-16,customer000474@example.invalid,+1-555-0474,574 Fictional Avenue,Demo Borough,DM,GB,SYN0474,RETAIL,LOW,ACTIVE,2023-07-31
CUST_SYN_000475,INDIVIDUAL,Synthetic Customer 000475,1985-08-17,customer000475@example.invalid,+1-555-0475,575 Fictional Avenue,Sample Ville,SV,DE,SYN0475,SME,MEDIUM,ACTIVE,2023-07-30
CUST_SYN_000476,BUSINESS,Synthetic Customer 000476,,customer000476@example.invalid,+1-555-0476,576 Fictional Avenue,Test Harbour,TH,SG,SYN0476,CORPORATE,HIGH,ACTIVE,2023-07-29
CUST_SYN_000477,INDIVIDUAL,Synthetic Customer 000477,1987-10-19,customer000477@example.invalid,+1-555-0477,577 Fictional Avenue,Example City,EX,US,SYN0477,RETAIL,LOW,ACTIVE,2023-07-28
CUST_SYN_000478,INDIVIDUAL,Synthetic Customer 000478,1988-11-20,customer000478@example.invalid,+1-555-0478,578 Fictional Avenue,Demo Borough,DM,GB,SYN0478,SME,MEDIUM,ACTIVE,2023-07-27
CUST_SYN_000479,INDIVIDUAL,Synthetic Customer 000479,1989-12-21,customer000479@example.invalid,+1-555-0479,579 Fictional Avenue,Sample Ville,SV,DE,SYN0479,CORPORATE,HIGH,ACTIVE,2023-07-26
CUST_SYN_000480,BUSINESS,Synthetic Customer 000480,,customer000480@example.invalid,+1-555-0480,580 Fictional Avenue,Test Harbour,TH,SG,SYN0480,RETAIL,LOW,ACTIVE,2023-07-25
CUST_SYN_000481,INDIVIDUAL,Synthetic Customer 000481,1991-02-23,customer000481@example.invalid,+1-555-0481,581 Fictional Avenue,Example City,EX,US,SYN0481,SME,MEDIUM,ACTIVE,2023-07-24
CUST_SYN_000482,INDIVIDUAL,Synthetic Customer 000482,1992-03-24,customer000482@example.invalid,+1-555-0482,582 Fictional Avenue,Demo Borough,DM,GB,SYN0482,CORPORATE,HIGH,ACTIVE,2023-07-23
CUST_SYN_000483,INDIVIDUAL,Synthetic Customer 000483,1993-04-25,customer000483@example.invalid,+1-555-0483,583 Fictional Avenue,Sample Ville,SV,DE,SYN0483,RETAIL,LOW,ACTIVE,2023-07-22
CUST_SYN_000484,BUSINESS,Synthetic Customer 000484,,customer000484@example.invalid,+1-555-0484,584 Fictional Avenue,Test Harbour,TH,SG,SYN0484,SME,MEDIUM,ACTIVE,2023-07-21
CUST_SYN_000485,INDIVIDUAL,Synthetic Customer 000485,1995-06-27,customer000485@example.invalid,+1-555-0485,585 Fictional Avenue,Example City,EX,US,SYN0485,CORPORATE,HIGH,ACTIVE,2023-07-20
CUST_SYN_000486,INDIVIDUAL,Synthetic Customer 000486,1996-07-01,customer000486@example.invalid,+1-555-0486,586 Fictional Avenue,Demo Borough,DM,GB,SYN0486,RETAIL,LOW,ACTIVE,2023-07-19
CUST_SYN_000487,INDIVIDUAL,Synthetic Customer 000487,1997-08-02,customer000487@example.invalid,+1-555-0487,587 Fictional Avenue,Sample Ville,SV,DE,SYN0487,SME,MEDIUM,ACTIVE,2023-07-18
CUST_SYN_000488,BUSINESS,Synthetic Customer 000488,,customer000488@example.invalid,+1-555-0488,588 Fictional Avenue,Test Harbour,TH,SG,SYN0488,CORPORATE,HIGH,ACTIVE,2023-07-17
CUST_SYN_000489,INDIVIDUAL,Synthetic Customer 000489,1999-10-04,customer000489@example.invalid,+1-555-0489,589 Fictional Avenue,Example City,EX,US,SYN0489,RETAIL,LOW,ACTIVE,2023-07-16
CUST_SYN_000490,INDIVIDUAL,Synthetic Customer 000490,1965-11-05,customer000490@example.invalid,+1-555-0490,590 Fictional Avenue,Demo Borough,DM,GB,SYN0490,SME,MEDIUM,ACTIVE,2023-07-15
CUST_SYN_000491,INDIVIDUAL,Synthetic Customer 000491,1966-12-06,customer000491@example.invalid,+1-555-0491,591 Fictional Avenue,Sample Ville,SV,DE,SYN0491,CORPORATE,HIGH,ACTIVE,2023-07-14
CUST_SYN_000492,BUSINESS,Synthetic Customer 000492,,customer000492@example.invalid,+1-555-0492,592 Fictional Avenue,Test Harbour,TH,SG,SYN0492,RETAIL,LOW,ACTIVE,2023-07-13
CUST_SYN_000493,INDIVIDUAL,Synthetic Customer 000493,1968-02-08,customer000493@example.invalid,+1-555-0493,593 Fictional Avenue,Example City,EX,US,SYN0493,SME,MEDIUM,ACTIVE,2023-07-12
CUST_SYN_000494,INDIVIDUAL,Synthetic Customer 000494,1969-03-09,customer000494@example.invalid,+1-555-0494,594 Fictional Avenue,Demo Borough,DM,GB,SYN0494,CORPORATE,HIGH,ACTIVE,2023-07-11
CUST_SYN_000495,INDIVIDUAL,Synthetic Customer 000495,1970-04-10,customer000495@example.invalid,+1-555-0495,595 Fictional Avenue,Sample Ville,SV,DE,SYN0495,RETAIL,LOW,ACTIVE,2023-07-10
CUST_SYN_000496,BUSINESS,Synthetic Customer 000496,,customer000496@example.invalid,+1-555-0496,596 Fictional Avenue,Test Harbour,TH,SG,SYN0496,SME,MEDIUM,ACTIVE,2023-07-09
CUST_SYN_000497,INDIVIDUAL,Synthetic Customer 000497,1972-06-12,customer000497@example.invalid,+1-555-0497,597 Fictional Avenue,Example City,EX,US,SYN0497,CORPORATE,HIGH,ACTIVE,2023-07-08
CUST_SYN_000498,INDIVIDUAL,Synthetic Customer 000498,1973-07-13,customer000498@example.invalid,+1-555-0498,598 Fictional Avenue,Demo Borough,DM,GB,SYN0498,RETAIL,LOW,ACTIVE,2023-07-07
CUST_SYN_000499,INDIVIDUAL,Synthetic Customer 000499,1974-08-14,customer000499@example.invalid,+1-555-0499,599 Fictional Avenue,Sample Ville,SV,DE,SYN0499,SME,MEDIUM,ACTIVE,2023-07-06
CUST_SYN_000500,BUSINESS,Synthetic Customer 000500,,customer000500@example.invalid,+1-555-0500,600 Fictional Avenue,Test Harbour,TH,SG,SYN0500,CORPORATE,HIGH,ACTIVE,2023-07-05
CUST_SYN_000501,INDIVIDUAL,Synthetic Customer 000501,1976-10-16,customer000501@example.invalid,+1-555-0501,601 Fictional Avenue,Example City,EX,US,SYN0501,RETAIL,LOW,ACTIVE,2023-07-04
CUST_SYN_000502,INDIVIDUAL,Synthetic Customer 000502,1977-11-17,customer000502@example.invalid,+1-555-0502,602 Fictional Avenue,Demo Borough,DM,GB,SYN0502,SME,MEDIUM,ACTIVE,2023-07-03
CUST_SYN_000503,INDIVIDUAL,Synthetic Customer 000503,1978-12-18,customer000503@example.invalid,+1-555-0503,603 Fictional Avenue,Sample Ville,SV,DE,SYN0503,CORPORATE,HIGH,ACTIVE,2023-07-02
CUST_SYN_000504,BUSINESS,Synthetic Customer 000504,,customer000504@example.invalid,+1-555-0504,604 Fictional Avenue,Test Harbour,TH,SG,SYN0504,RETAIL,LOW,ACTIVE,2023-07-01
CUST_SYN_000505,INDIVIDUAL,Synthetic Customer 000505,1980-02-20,customer000505@example.invalid,+1-555-0505,605 Fictional Avenue,Example City,EX,US,SYN0505,SME,MEDIUM,ACTIVE,2023-06-30
CUST_SYN_000506,INDIVIDUAL,Synthetic Customer 000506,1981-03-21,customer000506@example.invalid,+1-555-0506,606 Fictional Avenue,Demo Borough,DM,GB,SYN0506,CORPORATE,HIGH,ACTIVE,2023-06-29
CUST_SYN_000507,INDIVIDUAL,Synthetic Customer 000507,1982-04-22,customer000507@example.invalid,+1-555-0507,607 Fictional Avenue,Sample Ville,SV,DE,SYN0507,RETAIL,LOW,ACTIVE,2023-06-28
CUST_SYN_000508,BUSINESS,Synthetic Customer 000508,,customer000508@example.invalid,+1-555-0508,608 Fictional Avenue,Test Harbour,TH,SG,SYN0508,SME,MEDIUM,ACTIVE,2023-06-27
CUST_SYN_000509,INDIVIDUAL,Synthetic Customer 000509,1984-06-24,customer000509@example.invalid,+1-555-0509,609 Fictional Avenue,Example City,EX,US,SYN0509,CORPORATE,HIGH,ACTIVE,2023-06-26
CUST_SYN_000510,INDIVIDUAL,Synthetic Customer 000510,1985-07-25,customer000510@example.invalid,+1-555-0510,610 Fictional Avenue,Demo Borough,DM,GB,SYN0510,RETAIL,LOW,ACTIVE,2023-06-25
CUST_SYN_000511,INDIVIDUAL,Synthetic Customer 000511,1986-08-26,customer000511@example.invalid,+1-555-0511,611 Fictional Avenue,Sample Ville,SV,DE,SYN0511,SME,MEDIUM,ACTIVE,2023-06-24
CUST_SYN_000512,BUSINESS,Synthetic Customer 000512,,customer000512@example.invalid,+1-555-0512,612 Fictional Avenue,Test Harbour,TH,SG,SYN0512,CORPORATE,HIGH,ACTIVE,2023-06-23
CUST_SYN_000513,INDIVIDUAL,Synthetic Customer 000513,1988-10-01,customer000513@example.invalid,+1-555-0513,613 Fictional Avenue,Example City,EX,US,SYN0513,RETAIL,LOW,ACTIVE,2023-06-22
CUST_SYN_000514,INDIVIDUAL,Synthetic Customer 000514,1989-11-02,customer000514@example.invalid,+1-555-0514,614 Fictional Avenue,Demo Borough,DM,GB,SYN0514,SME,MEDIUM,ACTIVE,2023-06-21
CUST_SYN_000515,INDIVIDUAL,Synthetic Customer 000515,1990-12-03,customer000515@example.invalid,+1-555-0515,615 Fictional Avenue,Sample Ville,SV,DE,SYN0515,CORPORATE,HIGH,ACTIVE,2023-06-20
CUST_SYN_000516,BUSINESS,Synthetic Customer 000516,,customer000516@example.invalid,+1-555-0516,616 Fictional Avenue,Test Harbour,TH,SG,SYN0516,RETAIL,LOW,ACTIVE,2023-06-19
CUST_SYN_000517,INDIVIDUAL,Synthetic Customer 000517,1992-02-05,customer000517@example.invalid,+1-555-0517,617 Fictional Avenue,Example City,EX,US,SYN0517,SME,MEDIUM,ACTIVE,2023-06-18
CUST_SYN_000518,INDIVIDUAL,Synthetic Customer 000518,1993-03-06,customer000518@example.invalid,+1-555-0518,618 Fictional Avenue,Demo Borough,DM,GB,SYN0518,CORPORATE,HIGH,ACTIVE,2023-06-17
CUST_SYN_000519,INDIVIDUAL,Synthetic Customer 000519,1994-04-07,customer000519@example.invalid,+1-555-0519,619 Fictional Avenue,Sample Ville,SV,DE,SYN0519,RETAIL,LOW,ACTIVE,2023-06-16
CUST_SYN_000520,BUSINESS,Synthetic Customer 000520,,customer000520@example.invalid,+1-555-0520,620 Fictional Avenue,Test Harbour,TH,SG,SYN0520,SME,MEDIUM,ACTIVE,2023-06-15
CUST_SYN_000521,INDIVIDUAL,Synthetic Customer 000521,1996-06-09,customer000521@example.invalid,+1-555-0521,621 Fictional Avenue,Example City,EX,US,SYN0521,CORPORATE,HIGH,ACTIVE,2023-06-14
CUST_SYN_000522,INDIVIDUAL,Synthetic Customer 000522,1997-07-10,customer000522@example.invalid,+1-555-0522,622 Fictional Avenue,Demo Borough,DM,GB,SYN0522,RETAIL,LOW,ACTIVE,2023-06-13
CUST_SYN_000523,INDIVIDUAL,Synthetic Customer 000523,1998-08-11,customer000523@example.invalid,+1-555-0523,623 Fictional Avenue,Sample Ville,SV,DE,SYN0523,SME,MEDIUM,ACTIVE,2023-06-12
CUST_SYN_000524,BUSINESS,Synthetic Customer 000524,,customer000524@example.invalid,+1-555-0524,624 Fictional Avenue,Test Harbour,TH,SG,SYN0524,CORPORATE,HIGH,ACTIVE,2023-06-11
CUST_SYN_000525,INDIVIDUAL,Synthetic Customer 000525,1965-10-13,customer000525@example.invalid,+1-555-0525,625 Fictional Avenue,Example City,EX,US,SYN0525,RETAIL,LOW,ACTIVE,2023-06-10
CUST_SYN_000526,INDIVIDUAL,Synthetic Customer 000526,1966-11-14,customer000526@example.invalid,+1-555-0526,626 Fictional Avenue,Demo Borough,DM,GB,SYN0526,SME,MEDIUM,ACTIVE,2023-06-09
CUST_SYN_000527,INDIVIDUAL,Synthetic Customer 000527,1967-12-15,customer000527@example.invalid,+1-555-0527,627 Fictional Avenue,Sample Ville,SV,DE,SYN0527,CORPORATE,HIGH,ACTIVE,2023-06-08
CUST_SYN_000528,BUSINESS,Synthetic Customer 000528,,customer000528@example.invalid,+1-555-0528,628 Fictional Avenue,Test Harbour,TH,SG,SYN0528,RETAIL,LOW,ACTIVE,2023-06-07
CUST_SYN_000529,INDIVIDUAL,Synthetic Customer 000529,1969-02-17,customer000529@example.invalid,+1-555-0529,629 Fictional Avenue,Example City,EX,US,SYN0529,SME,MEDIUM,ACTIVE,2023-06-06
CUST_SYN_000530,INDIVIDUAL,Synthetic Customer 000530,1970-03-18,customer000530@example.invalid,+1-555-0530,630 Fictional Avenue,Demo Borough,DM,GB,SYN0530,CORPORATE,HIGH,ACTIVE,2023-06-05
CUST_SYN_000531,INDIVIDUAL,Synthetic Customer 000531,1971-04-19,customer000531@example.invalid,+1-555-0531,631 Fictional Avenue,Sample Ville,SV,DE,SYN0531,RETAIL,LOW,ACTIVE,2023-06-04
CUST_SYN_000532,BUSINESS,Synthetic Customer 000532,,customer000532@example.invalid,+1-555-0532,632 Fictional Avenue,Test Harbour,TH,SG,SYN0532,SME,MEDIUM,ACTIVE,2023-06-03
CUST_SYN_000533,INDIVIDUAL,Synthetic Customer 000533,1973-06-21,customer000533@example.invalid,+1-555-0533,633 Fictional Avenue,Example City,EX,US,SYN0533,CORPORATE,HIGH,ACTIVE,2023-06-02
CUST_SYN_000534,INDIVIDUAL,Synthetic Customer 000534,1974-07-22,customer000534@example.invalid,+1-555-0534,634 Fictional Avenue,Demo Borough,DM,GB,SYN0534,RETAIL,LOW,ACTIVE,2023-06-01
CUST_SYN_000535,INDIVIDUAL,Synthetic Customer 000535,1975-08-23,customer000535@example.invalid,+1-555-0535,635 Fictional Avenue,Sample Ville,SV,DE,SYN0535,SME,MEDIUM,ACTIVE,2023-05-31
CUST_SYN_000536,BUSINESS,Synthetic Customer 000536,,customer000536@example.invalid,+1-555-0536,636 Fictional Avenue,Test Harbour,TH,SG,SYN0536,CORPORATE,HIGH,ACTIVE,2023-05-30
CUST_SYN_000537,INDIVIDUAL,Synthetic Customer 000537,1977-10-25,customer000537@example.invalid,+1-555-0537,637 Fictional Avenue,Example City,EX,US,SYN0537,RETAIL,LOW,ACTIVE,2023-05-29
CUST_SYN_000538,INDIVIDUAL,Synthetic Customer 000538,1978-11-26,customer000538@example.invalid,+1-555-0538,638 Fictional Avenue,Demo Borough,DM,GB,SYN0538,SME,MEDIUM,ACTIVE,2023-05-28
CUST_SYN_000539,INDIVIDUAL,Synthetic Customer 000539,1979-12-27,customer000539@example.invalid,+1-555-0539,639 Fictional Avenue,Sample Ville,SV,DE,SYN0539,CORPORATE,HIGH,ACTIVE,2023-05-27
CUST_SYN_000540,BUSINESS,Synthetic Customer 000540,,customer000540@example.invalid,+1-555-0540,640 Fictional Avenue,Test Harbour,TH,SG,SYN0540,RETAIL,LOW,ACTIVE,2023-05-26
CUST_SYN_000541,INDIVIDUAL,Synthetic Customer 000541,1981-02-02,customer000541@example.invalid,+1-555-0541,641 Fictional Avenue,Example City,EX,US,SYN0541,SME,MEDIUM,ACTIVE,2023-05-25
CUST_SYN_000542,INDIVIDUAL,Synthetic Customer 000542,1982-03-03,customer000542@example.invalid,+1-555-0542,642 Fictional Avenue,Demo Borough,DM,GB,SYN0542,CORPORATE,HIGH,ACTIVE,2023-05-24
CUST_SYN_000543,INDIVIDUAL,Synthetic Customer 000543,1983-04-04,customer000543@example.invalid,+1-555-0543,643 Fictional Avenue,Sample Ville,SV,DE,SYN0543,RETAIL,LOW,ACTIVE,2023-05-23
CUST_SYN_000544,BUSINESS,Synthetic Customer 000544,,customer000544@example.invalid,+1-555-0544,644 Fictional Avenue,Test Harbour,TH,SG,SYN0544,SME,MEDIUM,ACTIVE,2023-05-22
CUST_SYN_000545,INDIVIDUAL,Synthetic Customer 000545,1985-06-06,customer000545@example.invalid,+1-555-0545,645 Fictional Avenue,Example City,EX,US,SYN0545,CORPORATE,HIGH,ACTIVE,2023-05-21
CUST_SYN_000546,INDIVIDUAL,Synthetic Customer 000546,1986-07-07,customer000546@example.invalid,+1-555-0546,646 Fictional Avenue,Demo Borough,DM,GB,SYN0546,RETAIL,LOW,ACTIVE,2023-05-20
CUST_SYN_000547,INDIVIDUAL,Synthetic Customer 000547,1987-08-08,customer000547@example.invalid,+1-555-0547,647 Fictional Avenue,Sample Ville,SV,DE,SYN0547,SME,MEDIUM,ACTIVE,2023-05-19
CUST_SYN_000548,BUSINESS,Synthetic Customer 000548,,customer000548@example.invalid,+1-555-0548,648 Fictional Avenue,Test Harbour,TH,SG,SYN0548,CORPORATE,HIGH,ACTIVE,2023-05-18
CUST_SYN_000549,INDIVIDUAL,Synthetic Customer 000549,1989-10-10,customer000549@example.invalid,+1-555-0549,649 Fictional Avenue,Example City,EX,US,SYN0549,RETAIL,LOW,ACTIVE,2023-05-17
CUST_SYN_000550,INDIVIDUAL,Synthetic Customer 000550,1990-11-11,customer000550@example.invalid,+1-555-0550,650 Fictional Avenue,Demo Borough,DM,GB,SYN0550,SME,MEDIUM,ACTIVE,2023-05-16
CUST_SYN_000551,INDIVIDUAL,Synthetic Customer 000551,1991-12-12,customer000551@example.invalid,+1-555-0551,651 Fictional Avenue,Sample Ville,SV,DE,SYN0551,CORPORATE,HIGH,ACTIVE,2023-05-15
CUST_SYN_000552,BUSINESS,Synthetic Customer 000552,,customer000552@example.invalid,+1-555-0552,652 Fictional Avenue,Test Harbour,TH,SG,SYN0552,RETAIL,LOW,ACTIVE,2023-05-14
CUST_SYN_000553,INDIVIDUAL,Synthetic Customer 000553,1993-02-14,customer000553@example.invalid,+1-555-0553,653 Fictional Avenue,Example City,EX,US,SYN0553,SME,MEDIUM,ACTIVE,2023-05-13
CUST_SYN_000554,INDIVIDUAL,Synthetic Customer 000554,1994-03-15,customer000554@example.invalid,+1-555-0554,654 Fictional Avenue,Demo Borough,DM,GB,SYN0554,CORPORATE,HIGH,ACTIVE,2023-05-12
CUST_SYN_000555,INDIVIDUAL,Synthetic Customer 000555,1995-04-16,customer000555@example.invalid,+1-555-0555,655 Fictional Avenue,Sample Ville,SV,DE,SYN0555,RETAIL,LOW,ACTIVE,2023-05-11
CUST_SYN_000556,BUSINESS,Synthetic Customer 000556,,customer000556@example.invalid,+1-555-0556,656 Fictional Avenue,Test Harbour,TH,SG,SYN0556,SME,MEDIUM,ACTIVE,2023-05-10
CUST_SYN_000557,INDIVIDUAL,Synthetic Customer 000557,1997-06-18,customer000557@example.invalid,+1-555-0557,657 Fictional Avenue,Example City,EX,US,SYN0557,CORPORATE,HIGH,ACTIVE,2023-05-09
CUST_SYN_000558,INDIVIDUAL,Synthetic Customer 000558,1998-07-19,customer000558@example.invalid,+1-555-0558,658 Fictional Avenue,Demo Borough,DM,GB,SYN0558,RETAIL,LOW,ACTIVE,2023-05-08
CUST_SYN_000559,INDIVIDUAL,Synthetic Customer 000559,1999-08-20,customer000559@example.invalid,+1-555-0559,659 Fictional Avenue,Sample Ville,SV,DE,SYN0559,SME,MEDIUM,ACTIVE,2023-05-07
CUST_SYN_000560,BUSINESS,Synthetic Customer 000560,,customer000560@example.invalid,+1-555-0560,660 Fictional Avenue,Test Harbour,TH,SG,SYN0560,CORPORATE,HIGH,ACTIVE,2023-05-06
CUST_SYN_000561,INDIVIDUAL,Synthetic Customer 000561,1966-10-22,customer000561@example.invalid,+1-555-0561,661 Fictional Avenue,Example City,EX,US,SYN0561,RETAIL,LOW,ACTIVE,2023-05-05
CUST_SYN_000562,INDIVIDUAL,Synthetic Customer 000562,1967-11-23,customer000562@example.invalid,+1-555-0562,662 Fictional Avenue,Demo Borough,DM,GB,SYN0562,SME,MEDIUM,ACTIVE,2023-05-04
CUST_SYN_000563,INDIVIDUAL,Synthetic Customer 000563,1968-12-24,customer000563@example.invalid,+1-555-0563,663 Fictional Avenue,Sample Ville,SV,DE,SYN0563,CORPORATE,HIGH,ACTIVE,2023-05-03
CUST_SYN_000564,BUSINESS,Synthetic Customer 000564,,customer000564@example.invalid,+1-555-0564,664 Fictional Avenue,Test Harbour,TH,SG,SYN0564,RETAIL,LOW,ACTIVE,2023-05-02
CUST_SYN_000565,INDIVIDUAL,Synthetic Customer 000565,1970-02-26,customer000565@example.invalid,+1-555-0565,665 Fictional Avenue,Example City,EX,US,SYN0565,SME,MEDIUM,ACTIVE,2023-05-01
CUST_SYN_000566,INDIVIDUAL,Synthetic Customer 000566,1971-03-27,customer000566@example.invalid,+1-555-0566,666 Fictional Avenue,Demo Borough,DM,GB,SYN0566,CORPORATE,HIGH,ACTIVE,2023-04-30
CUST_SYN_000567,INDIVIDUAL,Synthetic Customer 000567,1972-04-01,customer000567@example.invalid,+1-555-0567,667 Fictional Avenue,Sample Ville,SV,DE,SYN0567,RETAIL,LOW,ACTIVE,2023-04-29
CUST_SYN_000568,BUSINESS,Synthetic Customer 000568,,customer000568@example.invalid,+1-555-0568,668 Fictional Avenue,Test Harbour,TH,SG,SYN0568,SME,MEDIUM,ACTIVE,2023-04-28
CUST_SYN_000569,INDIVIDUAL,Synthetic Customer 000569,1974-06-03,customer000569@example.invalid,+1-555-0569,669 Fictional Avenue,Example City,EX,US,SYN0569,CORPORATE,HIGH,ACTIVE,2023-04-27
CUST_SYN_000570,INDIVIDUAL,Synthetic Customer 000570,1975-07-04,customer000570@example.invalid,+1-555-0570,670 Fictional Avenue,Demo Borough,DM,GB,SYN0570,RETAIL,LOW,ACTIVE,2023-04-26
CUST_SYN_000571,INDIVIDUAL,Synthetic Customer 000571,1976-08-05,customer000571@example.invalid,+1-555-0571,671 Fictional Avenue,Sample Ville,SV,DE,SYN0571,SME,MEDIUM,ACTIVE,2023-04-25
CUST_SYN_000572,BUSINESS,Synthetic Customer 000572,,customer000572@example.invalid,+1-555-0572,672 Fictional Avenue,Test Harbour,TH,SG,SYN0572,CORPORATE,HIGH,ACTIVE,2023-04-24
CUST_SYN_000573,INDIVIDUAL,Synthetic Customer 000573,1978-10-07,customer000573@example.invalid,+1-555-0573,673 Fictional Avenue,Example City,EX,US,SYN0573,RETAIL,LOW,ACTIVE,2023-04-23
CUST_SYN_000574,INDIVIDUAL,Synthetic Customer 000574,1979-11-08,customer000574@example.invalid,+1-555-0574,674 Fictional Avenue,Demo Borough,DM,GB,SYN0574,SME,MEDIUM,ACTIVE,2023-04-22
CUST_SYN_000575,INDIVIDUAL,Synthetic Customer 000575,1980-12-09,customer000575@example.invalid,+1-555-0575,675 Fictional Avenue,Sample Ville,SV,DE,SYN0575,CORPORATE,HIGH,ACTIVE,2023-04-21
CUST_SYN_000576,BUSINESS,Synthetic Customer 000576,,customer000576@example.invalid,+1-555-0576,676 Fictional Avenue,Test Harbour,TH,SG,SYN0576,RETAIL,LOW,ACTIVE,2023-04-20
CUST_SYN_000577,INDIVIDUAL,Synthetic Customer 000577,1982-02-11,customer000577@example.invalid,+1-555-0577,677 Fictional Avenue,Example City,EX,US,SYN0577,SME,MEDIUM,ACTIVE,2023-04-19
CUST_SYN_000578,INDIVIDUAL,Synthetic Customer 000578,1983-03-12,customer000578@example.invalid,+1-555-0578,678 Fictional Avenue,Demo Borough,DM,GB,SYN0578,CORPORATE,HIGH,ACTIVE,2023-04-18
CUST_SYN_000579,INDIVIDUAL,Synthetic Customer 000579,1984-04-13,customer000579@example.invalid,+1-555-0579,679 Fictional Avenue,Sample Ville,SV,DE,SYN0579,RETAIL,LOW,ACTIVE,2023-04-17
CUST_SYN_000580,BUSINESS,Synthetic Customer 000580,,customer000580@example.invalid,+1-555-0580,680 Fictional Avenue,Test Harbour,TH,SG,SYN0580,SME,MEDIUM,ACTIVE,2023-04-16
CUST_SYN_000581,INDIVIDUAL,Synthetic Customer 000581,1986-06-15,customer000581@example.invalid,+1-555-0581,681 Fictional Avenue,Example City,EX,US,SYN0581,CORPORATE,HIGH,ACTIVE,2023-04-15
CUST_SYN_000582,INDIVIDUAL,Synthetic Customer 000582,1987-07-16,customer000582@example.invalid,+1-555-0582,682 Fictional Avenue,Demo Borough,DM,GB,SYN0582,RETAIL,LOW,ACTIVE,2023-04-14
CUST_SYN_000583,INDIVIDUAL,Synthetic Customer 000583,1988-08-17,customer000583@example.invalid,+1-555-0583,683 Fictional Avenue,Sample Ville,SV,DE,SYN0583,SME,MEDIUM,ACTIVE,2023-04-13
CUST_SYN_000584,BUSINESS,Synthetic Customer 000584,,customer000584@example.invalid,+1-555-0584,684 Fictional Avenue,Test Harbour,TH,SG,SYN0584,CORPORATE,HIGH,ACTIVE,2023-04-12
CUST_SYN_000585,INDIVIDUAL,Synthetic Customer 000585,1990-10-19,customer000585@example.invalid,+1-555-0585,685 Fictional Avenue,Example City,EX,US,SYN0585,RETAIL,LOW,ACTIVE,2023-04-11
CUST_SYN_000586,INDIVIDUAL,Synthetic Customer 000586,1991-11-20,customer000586@example.invalid,+1-555-0586,686 Fictional Avenue,Demo Borough,DM,GB,SYN0586,SME,MEDIUM,ACTIVE,2023-04-10
CUST_SYN_000587,INDIVIDUAL,Synthetic Customer 000587,1992-12-21,customer000587@example.invalid,+1-555-0587,687 Fictional Avenue,Sample Ville,SV,DE,SYN0587,CORPORATE,HIGH,ACTIVE,2023-04-09
CUST_SYN_000588,BUSINESS,Synthetic Customer 000588,,customer000588@example.invalid,+1-555-0588,688 Fictional Avenue,Test Harbour,TH,SG,SYN0588,RETAIL,LOW,ACTIVE,2023-04-08
CUST_SYN_000589,INDIVIDUAL,Synthetic Customer 000589,1994-02-23,customer000589@example.invalid,+1-555-0589,689 Fictional Avenue,Example City,EX,US,SYN0589,SME,MEDIUM,ACTIVE,2023-04-07
CUST_SYN_000590,INDIVIDUAL,Synthetic Customer 000590,1995-03-24,customer000590@example.invalid,+1-555-0590,690 Fictional Avenue,Demo Borough,DM,GB,SYN0590,CORPORATE,HIGH,ACTIVE,2023-04-06
CUST_SYN_000591,INDIVIDUAL,Synthetic Customer 000591,1996-04-25,customer000591@example.invalid,+1-555-0591,691 Fictional Avenue,Sample Ville,SV,DE,SYN0591,RETAIL,LOW,ACTIVE,2023-04-05
CUST_SYN_000592,BUSINESS,Synthetic Customer 000592,,customer000592@example.invalid,+1-555-0592,692 Fictional Avenue,Test Harbour,TH,SG,SYN0592,SME,MEDIUM,ACTIVE,2023-04-04
CUST_SYN_000593,INDIVIDUAL,Synthetic Customer 000593,1998-06-27,customer000593@example.invalid,+1-555-0593,693 Fictional Avenue,Example City,EX,US,SYN0593,CORPORATE,HIGH,ACTIVE,2023-04-03
CUST_SYN_000594,INDIVIDUAL,Synthetic Customer 000594,1999-07-01,customer000594@example.invalid,+1-555-0594,694 Fictional Avenue,Demo Borough,DM,GB,SYN0594,RETAIL,LOW,ACTIVE,2023-04-02
CUST_SYN_000595,INDIVIDUAL,Synthetic Customer 000595,1965-08-02,customer000595@example.invalid,+1-555-0595,695 Fictional Avenue,Sample Ville,SV,DE,SYN0595,SME,MEDIUM,ACTIVE,2023-04-01
CUST_SYN_000596,BUSINESS,Synthetic Customer 000596,,customer000596@example.invalid,+1-555-0596,696 Fictional Avenue,Test Harbour,TH,SG,SYN0596,CORPORATE,HIGH,ACTIVE,2023-03-31
CUST_SYN_000597,INDIVIDUAL,Synthetic Customer 000597,1967-10-04,customer000597@example.invalid,+1-555-0597,697 Fictional Avenue,Example City,EX,US,SYN0597,RETAIL,LOW,ACTIVE,2023-03-30
CUST_SYN_000598,INDIVIDUAL,Synthetic Customer 000598,1968-11-05,customer000598@example.invalid,+1-555-0598,698 Fictional Avenue,Demo Borough,DM,GB,SYN0598,SME,MEDIUM,ACTIVE,2023-03-29
CUST_SYN_000599,INDIVIDUAL,Synthetic Customer 000599,1969-12-06,customer000599@example.invalid,+1-555-0599,699 Fictional Avenue,Sample Ville,SV,DE,SYN0599,CORPORATE,HIGH,ACTIVE,2023-03-28
CUST_SYN_000600,BUSINESS,Synthetic Customer 000600,,customer000600@example.invalid,+1-555-0600,700 Fictional Avenue,Test Harbour,TH,SG,SYN0600,RETAIL,LOW,ACTIVE,2023-03-27
CUST_SYN_000601,INDIVIDUAL,Synthetic Customer 000601,1971-02-08,customer000601@example.invalid,+1-555-0601,701 Fictional Avenue,Example City,EX,US,SYN0601,SME,MEDIUM,ACTIVE,2023-03-26
CUST_SYN_000602,INDIVIDUAL,Synthetic Customer 000602,1972-03-09,customer000602@example.invalid,+1-555-0602,702 Fictional Avenue,Demo Borough,DM,GB,SYN0602,CORPORATE,HIGH,ACTIVE,2023-03-25
CUST_SYN_000603,INDIVIDUAL,Synthetic Customer 000603,1973-04-10,customer000603@example.invalid,+1-555-0603,703 Fictional Avenue,Sample Ville,SV,DE,SYN0603,RETAIL,LOW,ACTIVE,2023-03-24
CUST_SYN_000604,BUSINESS,Synthetic Customer 000604,,customer000604@example.invalid,+1-555-0604,704 Fictional Avenue,Test Harbour,TH,SG,SYN0604,SME,MEDIUM,ACTIVE,2023-03-23
CUST_SYN_000605,INDIVIDUAL,Synthetic Customer 000605,1975-06-12,customer000605@example.invalid,+1-555-0605,705 Fictional Avenue,Example City,EX,US,SYN0605,CORPORATE,HIGH,ACTIVE,2023-03-22
CUST_SYN_000606,INDIVIDUAL,Synthetic Customer 000606,1976-07-13,customer000606@example.invalid,+1-555-0606,706 Fictional Avenue,Demo Borough,DM,GB,SYN0606,RETAIL,LOW,ACTIVE,2023-03-21
CUST_SYN_000607,INDIVIDUAL,Synthetic Customer 000607,1977-08-14,customer000607@example.invalid,+1-555-0607,707 Fictional Avenue,Sample Ville,SV,DE,SYN0607,SME,MEDIUM,ACTIVE,2023-03-20
CUST_SYN_000608,BUSINESS,Synthetic Customer 000608,,customer000608@example.invalid,+1-555-0608,708 Fictional Avenue,Test Harbour,TH,SG,SYN0608,CORPORATE,HIGH,ACTIVE,2023-03-19
CUST_SYN_000609,INDIVIDUAL,Synthetic Customer 000609,1979-10-16,customer000609@example.invalid,+1-555-0609,709 Fictional Avenue,Example City,EX,US,SYN0609,RETAIL,LOW,ACTIVE,2023-03-18
CUST_SYN_000610,INDIVIDUAL,Synthetic Customer 000610,1980-11-17,customer000610@example.invalid,+1-555-0610,710 Fictional Avenue,Demo Borough,DM,GB,SYN0610,SME,MEDIUM,ACTIVE,2023-03-17
CUST_SYN_000611,INDIVIDUAL,Synthetic Customer 000611,1981-12-18,customer000611@example.invalid,+1-555-0611,711 Fictional Avenue,Sample Ville,SV,DE,SYN0611,CORPORATE,HIGH,ACTIVE,2023-03-16
CUST_SYN_000612,BUSINESS,Synthetic Customer 000612,,customer000612@example.invalid,+1-555-0612,712 Fictional Avenue,Test Harbour,TH,SG,SYN0612,RETAIL,LOW,ACTIVE,2023-03-15
CUST_SYN_000613,INDIVIDUAL,Synthetic Customer 000613,1983-02-20,customer000613@example.invalid,+1-555-0613,713 Fictional Avenue,Example City,EX,US,SYN0613,SME,MEDIUM,ACTIVE,2023-03-14
CUST_SYN_000614,INDIVIDUAL,Synthetic Customer 000614,1984-03-21,customer000614@example.invalid,+1-555-0614,714 Fictional Avenue,Demo Borough,DM,GB,SYN0614,CORPORATE,HIGH,ACTIVE,2023-03-13
CUST_SYN_000615,INDIVIDUAL,Synthetic Customer 000615,1985-04-22,customer000615@example.invalid,+1-555-0615,715 Fictional Avenue,Sample Ville,SV,DE,SYN0615,RETAIL,LOW,ACTIVE,2023-03-12
CUST_SYN_000616,BUSINESS,Synthetic Customer 000616,,customer000616@example.invalid,+1-555-0616,716 Fictional Avenue,Test Harbour,TH,SG,SYN0616,SME,MEDIUM,ACTIVE,2023-03-11
CUST_SYN_000617,INDIVIDUAL,Synthetic Customer 000617,1987-06-24,customer000617@example.invalid,+1-555-0617,717 Fictional Avenue,Example City,EX,US,SYN0617,CORPORATE,HIGH,ACTIVE,2023-03-10
CUST_SYN_000618,INDIVIDUAL,Synthetic Customer 000618,1988-07-25,customer000618@example.invalid,+1-555-0618,718 Fictional Avenue,Demo Borough,DM,GB,SYN0618,RETAIL,LOW,ACTIVE,2023-03-09
CUST_SYN_000619,INDIVIDUAL,Synthetic Customer 000619,1989-08-26,customer000619@example.invalid,+1-555-0619,719 Fictional Avenue,Sample Ville,SV,DE,SYN0619,SME,MEDIUM,ACTIVE,2023-03-08
CUST_SYN_000620,BUSINESS,Synthetic Customer 000620,,customer000620@example.invalid,+1-555-0620,720 Fictional Avenue,Test Harbour,TH,SG,SYN0620,CORPORATE,HIGH,ACTIVE,2023-03-07
CUST_SYN_000621,INDIVIDUAL,Synthetic Customer 000621,1991-10-01,customer000621@example.invalid,+1-555-0621,721 Fictional Avenue,Example City,EX,US,SYN0621,RETAIL,LOW,ACTIVE,2023-03-06
CUST_SYN_000622,INDIVIDUAL,Synthetic Customer 000622,1992-11-02,customer000622@example.invalid,+1-555-0622,722 Fictional Avenue,Demo Borough,DM,GB,SYN0622,SME,MEDIUM,ACTIVE,2023-03-05
CUST_SYN_000623,INDIVIDUAL,Synthetic Customer 000623,1993-12-03,customer000623@example.invalid,+1-555-0623,723 Fictional Avenue,Sample Ville,SV,DE,SYN0623,CORPORATE,HIGH,ACTIVE,2023-03-04
CUST_SYN_000624,BUSINESS,Synthetic Customer 000624,,customer000624@example.invalid,+1-555-0624,724 Fictional Avenue,Test Harbour,TH,SG,SYN0624,RETAIL,LOW,ACTIVE,2023-03-03
CUST_SYN_000625,INDIVIDUAL,Synthetic Customer 000625,1995-02-05,customer000625@example.invalid,+1-555-0625,725 Fictional Avenue,Example City,EX,US,SYN0625,SME,MEDIUM,ACTIVE,2023-03-02
CUST_SYN_000626,INDIVIDUAL,Synthetic Customer 000626,1996-03-06,customer000626@example.invalid,+1-555-0626,726 Fictional Avenue,Demo Borough,DM,GB,SYN0626,CORPORATE,HIGH,ACTIVE,2023-03-01
CUST_SYN_000627,INDIVIDUAL,Synthetic Customer 000627,1997-04-07,customer000627@example.invalid,+1-555-0627,727 Fictional Avenue,Sample Ville,SV,DE,SYN0627,RETAIL,LOW,ACTIVE,2023-02-28
CUST_SYN_000628,BUSINESS,Synthetic Customer 000628,,customer000628@example.invalid,+1-555-0628,728 Fictional Avenue,Test Harbour,TH,SG,SYN0628,SME,MEDIUM,ACTIVE,2023-02-27
CUST_SYN_000629,INDIVIDUAL,Synthetic Customer 000629,1999-06-09,customer000629@example.invalid,+1-555-0629,729 Fictional Avenue,Example City,EX,US,SYN0629,CORPORATE,HIGH,ACTIVE,2023-02-26
CUST_SYN_000630,INDIVIDUAL,Synthetic Customer 000630,1965-07-10,customer000630@example.invalid,+1-555-0630,730 Fictional Avenue,Demo Borough,DM,GB,SYN0630,RETAIL,LOW,ACTIVE,2023-02-25
CUST_SYN_000631,INDIVIDUAL,Synthetic Customer 000631,1966-08-11,customer000631@example.invalid,+1-555-0631,731 Fictional Avenue,Sample Ville,SV,DE,SYN0631,SME,MEDIUM,ACTIVE,2023-02-24
CUST_SYN_000632,BUSINESS,Synthetic Customer 000632,,customer000632@example.invalid,+1-555-0632,732 Fictional Avenue,Test Harbour,TH,SG,SYN0632,CORPORATE,HIGH,ACTIVE,2023-02-23
CUST_SYN_000633,INDIVIDUAL,Synthetic Customer 000633,1968-10-13,customer000633@example.invalid,+1-555-0633,733 Fictional Avenue,Example City,EX,US,SYN0633,RETAIL,LOW,ACTIVE,2023-02-22
CUST_SYN_000634,INDIVIDUAL,Synthetic Customer 000634,1969-11-14,customer000634@example.invalid,+1-555-0634,734 Fictional Avenue,Demo Borough,DM,GB,SYN0634,SME,MEDIUM,ACTIVE,2023-02-21
CUST_SYN_000635,INDIVIDUAL,Synthetic Customer 000635,1970-12-15,customer000635@example.invalid,+1-555-0635,735 Fictional Avenue,Sample Ville,SV,DE,SYN0635,CORPORATE,HIGH,ACTIVE,2023-02-20
CUST_SYN_000636,BUSINESS,Synthetic Customer 000636,,customer000636@example.invalid,+1-555-0636,736 Fictional Avenue,Test Harbour,TH,SG,SYN0636,RETAIL,LOW,ACTIVE,2023-02-19
CUST_SYN_000637,INDIVIDUAL,Synthetic Customer 000637,1972-02-17,customer000637@example.invalid,+1-555-0637,737 Fictional Avenue,Example City,EX,US,SYN0637,SME,MEDIUM,ACTIVE,2023-02-18
CUST_SYN_000638,INDIVIDUAL,Synthetic Customer 000638,1973-03-18,customer000638@example.invalid,+1-555-0638,738 Fictional Avenue,Demo Borough,DM,GB,SYN0638,CORPORATE,HIGH,ACTIVE,2023-02-17
CUST_SYN_000639,INDIVIDUAL,Synthetic Customer 000639,1974-04-19,customer000639@example.invalid,+1-555-0639,739 Fictional Avenue,Sample Ville,SV,DE,SYN0639,RETAIL,LOW,ACTIVE,2023-02-16
CUST_SYN_000640,BUSINESS,Synthetic Customer 000640,,customer000640@example.invalid,+1-555-0640,740 Fictional Avenue,Test Harbour,TH,SG,SYN0640,SME,MEDIUM,ACTIVE,2023-02-15
CUST_SYN_000641,INDIVIDUAL,Synthetic Customer 000641,1976-06-21,customer000641@example.invalid,+1-555-0641,741 Fictional Avenue,Example City,EX,US,SYN0641,CORPORATE,HIGH,ACTIVE,2023-02-14
CUST_SYN_000642,INDIVIDUAL,Synthetic Customer 000642,1977-07-22,customer000642@example.invalid,+1-555-0642,742 Fictional Avenue,Demo Borough,DM,GB,SYN0642,RETAIL,LOW,ACTIVE,2023-02-13
CUST_SYN_000643,INDIVIDUAL,Synthetic Customer 000643,1978-08-23,customer000643@example.invalid,+1-555-0643,743 Fictional Avenue,Sample Ville,SV,DE,SYN0643,SME,MEDIUM,ACTIVE,2023-02-12
CUST_SYN_000644,BUSINESS,Synthetic Customer 000644,,customer000644@example.invalid,+1-555-0644,744 Fictional Avenue,Test Harbour,TH,SG,SYN0644,CORPORATE,HIGH,ACTIVE,2023-02-11
CUST_SYN_000645,INDIVIDUAL,Synthetic Customer 000645,1980-10-25,customer000645@example.invalid,+1-555-0645,745 Fictional Avenue,Example City,EX,US,SYN0645,RETAIL,LOW,ACTIVE,2023-02-10
CUST_SYN_000646,INDIVIDUAL,Synthetic Customer 000646,1981-11-26,customer000646@example.invalid,+1-555-0646,746 Fictional Avenue,Demo Borough,DM,GB,SYN0646,SME,MEDIUM,ACTIVE,2023-02-09
CUST_SYN_000647,INDIVIDUAL,Synthetic Customer 000647,1982-12-27,customer000647@example.invalid,+1-555-0647,747 Fictional Avenue,Sample Ville,SV,DE,SYN0647,CORPORATE,HIGH,ACTIVE,2023-02-08
CUST_SYN_000648,BUSINESS,Synthetic Customer 000648,,customer000648@example.invalid,+1-555-0648,748 Fictional Avenue,Test Harbour,TH,SG,SYN0648,RETAIL,LOW,ACTIVE,2023-02-07
CUST_SYN_000649,INDIVIDUAL,Synthetic Customer 000649,1984-02-02,customer000649@example.invalid,+1-555-0649,749 Fictional Avenue,Example City,EX,US,SYN0649,SME,MEDIUM,ACTIVE,2023-02-06
CUST_SYN_000650,INDIVIDUAL,Synthetic Customer 000650,1985-03-03,customer000650@example.invalid,+1-555-0650,750 Fictional Avenue,Demo Borough,DM,GB,SYN0650,CORPORATE,HIGH,ACTIVE,2023-02-05
CUST_SYN_000651,INDIVIDUAL,Synthetic Customer 000651,1986-04-04,customer000651@example.invalid,+1-555-0651,751 Fictional Avenue,Sample Ville,SV,DE,SYN0651,RETAIL,LOW,ACTIVE,2023-02-04
CUST_SYN_000652,BUSINESS,Synthetic Customer 000652,,customer000652@example.invalid,+1-555-0652,752 Fictional Avenue,Test Harbour,TH,SG,SYN0652,SME,MEDIUM,ACTIVE,2023-02-03
CUST_SYN_000653,INDIVIDUAL,Synthetic Customer 000653,1988-06-06,customer000653@example.invalid,+1-555-0653,753 Fictional Avenue,Example City,EX,US,SYN0653,CORPORATE,HIGH,ACTIVE,2023-02-02
CUST_SYN_000654,INDIVIDUAL,Synthetic Customer 000654,1989-07-07,customer000654@example.invalid,+1-555-0654,754 Fictional Avenue,Demo Borough,DM,GB,SYN0654,RETAIL,LOW,ACTIVE,2023-02-01
CUST_SYN_000655,INDIVIDUAL,Synthetic Customer 000655,1990-08-08,customer000655@example.invalid,+1-555-0655,755 Fictional Avenue,Sample Ville,SV,DE,SYN0655,SME,MEDIUM,ACTIVE,2023-01-31
CUST_SYN_000656,BUSINESS,Synthetic Customer 000656,,customer000656@example.invalid,+1-555-0656,756 Fictional Avenue,Test Harbour,TH,SG,SYN0656,CORPORATE,HIGH,ACTIVE,2023-01-30
CUST_SYN_000657,INDIVIDUAL,Synthetic Customer 000657,1992-10-10,customer000657@example.invalid,+1-555-0657,757 Fictional Avenue,Example City,EX,US,SYN0657,RETAIL,LOW,ACTIVE,2023-01-29
CUST_SYN_000658,INDIVIDUAL,Synthetic Customer 000658,1993-11-11,customer000658@example.invalid,+1-555-0658,758 Fictional Avenue,Demo Borough,DM,GB,SYN0658,SME,MEDIUM,ACTIVE,2023-01-28
CUST_SYN_000659,INDIVIDUAL,Synthetic Customer 000659,1994-12-12,customer000659@example.invalid,+1-555-0659,759 Fictional Avenue,Sample Ville,SV,DE,SYN0659,CORPORATE,HIGH,ACTIVE,2023-01-27
CUST_SYN_000660,BUSINESS,Synthetic Customer 000660,,customer000660@example.invalid,+1-555-0660,760 Fictional Avenue,Test Harbour,TH,SG,SYN0660,RETAIL,LOW,ACTIVE,2023-01-26
CUST_SYN_000661,INDIVIDUAL,Synthetic Customer 000661,1996-02-14,customer000661@example.invalid,+1-555-0661,761 Fictional Avenue,Example City,EX,US,SYN0661,SME,MEDIUM,ACTIVE,2023-01-25
CUST_SYN_000662,INDIVIDUAL,Synthetic Customer 000662,1997-03-15,customer000662@example.invalid,+1-555-0662,762 Fictional Avenue,Demo Borough,DM,GB,SYN0662,CORPORATE,HIGH,ACTIVE,2023-01-24
CUST_SYN_000663,INDIVIDUAL,Synthetic Customer 000663,1998-04-16,customer000663@example.invalid,+1-555-0663,763 Fictional Avenue,Sample Ville,SV,DE,SYN0663,RETAIL,LOW,ACTIVE,2023-01-23
CUST_SYN_000664,BUSINESS,Synthetic Customer 000664,,customer000664@example.invalid,+1-555-0664,764 Fictional Avenue,Test Harbour,TH,SG,SYN0664,SME,MEDIUM,ACTIVE,2023-01-22
CUST_SYN_000665,INDIVIDUAL,Synthetic Customer 000665,1965-06-18,customer000665@example.invalid,+1-555-0665,765 Fictional Avenue,Example City,EX,US,SYN0665,CORPORATE,HIGH,ACTIVE,2023-01-21
CUST_SYN_000666,INDIVIDUAL,Synthetic Customer 000666,1966-07-19,customer000666@example.invalid,+1-555-0666,766 Fictional Avenue,Demo Borough,DM,GB,SYN0666,RETAIL,LOW,ACTIVE,2023-01-20
CUST_SYN_000667,INDIVIDUAL,Synthetic Customer 000667,1967-08-20,customer000667@example.invalid,+1-555-0667,767 Fictional Avenue,Sample Ville,SV,DE,SYN0667,SME,MEDIUM,ACTIVE,2023-01-19
CUST_SYN_000668,BUSINESS,Synthetic Customer 000668,,customer000668@example.invalid,+1-555-0668,768 Fictional Avenue,Test Harbour,TH,SG,SYN0668,CORPORATE,HIGH,ACTIVE,2023-01-18
CUST_SYN_000669,INDIVIDUAL,Synthetic Customer 000669,1969-10-22,customer000669@example.invalid,+1-555-0669,769 Fictional Avenue,Example City,EX,US,SYN0669,RETAIL,LOW,ACTIVE,2023-01-17
CUST_SYN_000670,INDIVIDUAL,Synthetic Customer 000670,1970-11-23,customer000670@example.invalid,+1-555-0670,770 Fictional Avenue,Demo Borough,DM,GB,SYN0670,SME,MEDIUM,ACTIVE,2023-01-16
CUST_SYN_000671,INDIVIDUAL,Synthetic Customer 000671,1971-12-24,customer000671@example.invalid,+1-555-0671,771 Fictional Avenue,Sample Ville,SV,DE,SYN0671,CORPORATE,HIGH,ACTIVE,2023-01-15
CUST_SYN_000672,BUSINESS,Synthetic Customer 000672,,customer000672@example.invalid,+1-555-0672,772 Fictional Avenue,Test Harbour,TH,SG,SYN0672,RETAIL,LOW,ACTIVE,2023-01-14
CUST_SYN_000673,INDIVIDUAL,Synthetic Customer 000673,1973-02-26,customer000673@example.invalid,+1-555-0673,773 Fictional Avenue,Example City,EX,US,SYN0673,SME,MEDIUM,ACTIVE,2023-01-13
CUST_SYN_000674,INDIVIDUAL,Synthetic Customer 000674,1974-03-27,customer000674@example.invalid,+1-555-0674,774 Fictional Avenue,Demo Borough,DM,GB,SYN0674,CORPORATE,HIGH,ACTIVE,2023-01-12
CUST_SYN_000675,INDIVIDUAL,Synthetic Customer 000675,1975-04-01,customer000675@example.invalid,+1-555-0675,775 Fictional Avenue,Sample Ville,SV,DE,SYN0675,RETAIL,LOW,ACTIVE,2023-01-11
CUST_SYN_000676,BUSINESS,Synthetic Customer 000676,,customer000676@example.invalid,+1-555-0676,776 Fictional Avenue,Test Harbour,TH,SG,SYN0676,SME,MEDIUM,ACTIVE,2023-01-10
CUST_SYN_000677,INDIVIDUAL,Synthetic Customer 000677,1977-06-03,customer000677@example.invalid,+1-555-0677,777 Fictional Avenue,Example City,EX,US,SYN0677,CORPORATE,HIGH,ACTIVE,2023-01-09
CUST_SYN_000678,INDIVIDUAL,Synthetic Customer 000678,1978-07-04,customer000678@example.invalid,+1-555-0678,778 Fictional Avenue,Demo Borough,DM,GB,SYN0678,RETAIL,LOW,ACTIVE,2023-01-08
CUST_SYN_000679,INDIVIDUAL,Synthetic Customer 000679,1979-08-05,customer000679@example.invalid,+1-555-0679,779 Fictional Avenue,Sample Ville,SV,DE,SYN0679,SME,MEDIUM,ACTIVE,2023-01-07
CUST_SYN_000680,BUSINESS,Synthetic Customer 000680,,customer000680@example.invalid,+1-555-0680,780 Fictional Avenue,Test Harbour,TH,SG,SYN0680,CORPORATE,HIGH,ACTIVE,2023-01-06
CUST_SYN_000681,INDIVIDUAL,Synthetic Customer 000681,1981-10-07,customer000681@example.invalid,+1-555-0681,781 Fictional Avenue,Example City,EX,US,SYN0681,RETAIL,LOW,ACTIVE,2023-01-05
CUST_SYN_000682,INDIVIDUAL,Synthetic Customer 000682,1982-11-08,customer000682@example.invalid,+1-555-0682,782 Fictional Avenue,Demo Borough,DM,GB,SYN0682,SME,MEDIUM,ACTIVE,2023-01-04
CUST_SYN_000683,INDIVIDUAL,Synthetic Customer 000683,1983-12-09,customer000683@example.invalid,+1-555-0683,783 Fictional Avenue,Sample Ville,SV,DE,SYN0683,CORPORATE,HIGH,ACTIVE,2023-01-03
CUST_SYN_000684,BUSINESS,Synthetic Customer 000684,,customer000684@example.invalid,+1-555-0684,784 Fictional Avenue,Test Harbour,TH,SG,SYN0684,RETAIL,LOW,ACTIVE,2023-01-02
CUST_SYN_000685,INDIVIDUAL,Synthetic Customer 000685,1985-02-11,customer000685@example.invalid,+1-555-0685,785 Fictional Avenue,Example City,EX,US,SYN0685,SME,MEDIUM,ACTIVE,2023-01-01
CUST_SYN_000686,INDIVIDUAL,Synthetic Customer 000686,1986-03-12,customer000686@example.invalid,+1-555-0686,786 Fictional Avenue,Demo Borough,DM,GB,SYN0686,CORPORATE,HIGH,ACTIVE,2022-12-31
CUST_SYN_000687,INDIVIDUAL,Synthetic Customer 000687,1987-04-13,customer000687@example.invalid,+1-555-0687,787 Fictional Avenue,Sample Ville,SV,DE,SYN0687,RETAIL,LOW,ACTIVE,2022-12-30
CUST_SYN_000688,BUSINESS,Synthetic Customer 000688,,customer000688@example.invalid,+1-555-0688,788 Fictional Avenue,Test Harbour,TH,SG,SYN0688,SME,MEDIUM,ACTIVE,2022-12-29
CUST_SYN_000689,INDIVIDUAL,Synthetic Customer 000689,1989-06-15,customer000689@example.invalid,+1-555-0689,789 Fictional Avenue,Example City,EX,US,SYN0689,CORPORATE,HIGH,ACTIVE,2022-12-28
CUST_SYN_000690,INDIVIDUAL,Synthetic Customer 000690,1990-07-16,customer000690@example.invalid,+1-555-0690,790 Fictional Avenue,Demo Borough,DM,GB,SYN0690,RETAIL,LOW,ACTIVE,2022-12-27
CUST_SYN_000691,INDIVIDUAL,Synthetic Customer 000691,1991-08-17,customer000691@example.invalid,+1-555-0691,791 Fictional Avenue,Sample Ville,SV,DE,SYN0691,SME,MEDIUM,ACTIVE,2022-12-26
CUST_SYN_000692,BUSINESS,Synthetic Customer 000692,,customer000692@example.invalid,+1-555-0692,792 Fictional Avenue,Test Harbour,TH,SG,SYN0692,CORPORATE,HIGH,ACTIVE,2022-12-25
CUST_SYN_000693,INDIVIDUAL,Synthetic Customer 000693,1993-10-19,customer000693@example.invalid,+1-555-0693,793 Fictional Avenue,Example City,EX,US,SYN0693,RETAIL,LOW,ACTIVE,2022-12-24
CUST_SYN_000694,INDIVIDUAL,Synthetic Customer 000694,1994-11-20,customer000694@example.invalid,+1-555-0694,794 Fictional Avenue,Demo Borough,DM,GB,SYN0694,SME,MEDIUM,ACTIVE,2022-12-23
CUST_SYN_000695,INDIVIDUAL,Synthetic Customer 000695,1995-12-21,customer000695@example.invalid,+1-555-0695,795 Fictional Avenue,Sample Ville,SV,DE,SYN0695,CORPORATE,HIGH,ACTIVE,2022-12-22
CUST_SYN_000696,BUSINESS,Synthetic Customer 000696,,customer000696@example.invalid,+1-555-0696,796 Fictional Avenue,Test Harbour,TH,SG,SYN0696,RETAIL,LOW,ACTIVE,2022-12-21
CUST_SYN_000697,INDIVIDUAL,Synthetic Customer 000697,1997-02-23,customer000697@example.invalid,+1-555-0697,797 Fictional Avenue,Example City,EX,US,SYN0697,SME,MEDIUM,ACTIVE,2022-12-20
CUST_SYN_000698,INDIVIDUAL,Synthetic Customer 000698,1998-03-24,customer000698@example.invalid,+1-555-0698,798 Fictional Avenue,Demo Borough,DM,GB,SYN0698,CORPORATE,HIGH,ACTIVE,2022-12-19
CUST_SYN_000699,INDIVIDUAL,Synthetic Customer 000699,1999-04-25,customer000699@example.invalid,+1-555-0699,799 Fictional Avenue,Sample Ville,SV,DE,SYN0699,RETAIL,LOW,ACTIVE,2022-12-18
CUST_SYN_000700,BUSINESS,Synthetic Customer 000700,,customer000700@example.invalid,+1-555-0700,800 Fictional Avenue,Test Harbour,TH,SG,SYN0700,SME,MEDIUM,ACTIVE,2022-12-17
CUST_SYN_000701,INDIVIDUAL,Synthetic Customer 000701,1966-06-27,customer000701@example.invalid,+1-555-0701,801 Fictional Avenue,Example City,EX,US,SYN0701,CORPORATE,HIGH,ACTIVE,2022-12-16
CUST_SYN_000702,INDIVIDUAL,Synthetic Customer 000702,1967-07-01,customer000702@example.invalid,+1-555-0702,802 Fictional Avenue,Demo Borough,DM,GB,SYN0702,RETAIL,LOW,ACTIVE,2022-12-15
CUST_SYN_000703,INDIVIDUAL,Synthetic Customer 000703,1968-08-02,customer000703@example.invalid,+1-555-0703,803 Fictional Avenue,Sample Ville,SV,DE,SYN0703,SME,MEDIUM,ACTIVE,2022-12-14
CUST_SYN_000704,BUSINESS,Synthetic Customer 000704,,customer000704@example.invalid,+1-555-0704,804 Fictional Avenue,Test Harbour,TH,SG,SYN0704,CORPORATE,HIGH,ACTIVE,2022-12-13
CUST_SYN_000705,INDIVIDUAL,Synthetic Customer 000705,1970-10-04,customer000705@example.invalid,+1-555-0705,805 Fictional Avenue,Example City,EX,US,SYN0705,RETAIL,LOW,ACTIVE,2022-12-12
CUST_SYN_000706,INDIVIDUAL,Synthetic Customer 000706,1971-11-05,customer000706@example.invalid,+1-555-0706,806 Fictional Avenue,Demo Borough,DM,GB,SYN0706,SME,MEDIUM,ACTIVE,2022-12-11
CUST_SYN_000707,INDIVIDUAL,Synthetic Customer 000707,1972-12-06,customer000707@example.invalid,+1-555-0707,807 Fictional Avenue,Sample Ville,SV,DE,SYN0707,CORPORATE,HIGH,ACTIVE,2022-12-10
CUST_SYN_000708,BUSINESS,Synthetic Customer 000708,,customer000708@example.invalid,+1-555-0708,808 Fictional Avenue,Test Harbour,TH,SG,SYN0708,RETAIL,LOW,ACTIVE,2022-12-09
CUST_SYN_000709,INDIVIDUAL,Synthetic Customer 000709,1974-02-08,customer000709@example.invalid,+1-555-0709,809 Fictional Avenue,Example City,EX,US,SYN0709,SME,MEDIUM,ACTIVE,2022-12-08
CUST_SYN_000710,INDIVIDUAL,Synthetic Customer 000710,1975-03-09,customer000710@example.invalid,+1-555-0710,810 Fictional Avenue,Demo Borough,DM,GB,SYN0710,CORPORATE,HIGH,ACTIVE,2022-12-07
CUST_SYN_000711,INDIVIDUAL,Synthetic Customer 000711,1976-04-10,customer000711@example.invalid,+1-555-0711,811 Fictional Avenue,Sample Ville,SV,DE,SYN0711,RETAIL,LOW,ACTIVE,2022-12-06
CUST_SYN_000712,BUSINESS,Synthetic Customer 000712,,customer000712@example.invalid,+1-555-0712,812 Fictional Avenue,Test Harbour,TH,SG,SYN0712,SME,MEDIUM,ACTIVE,2022-12-05
CUST_SYN_000713,INDIVIDUAL,Synthetic Customer 000713,1978-06-12,customer000713@example.invalid,+1-555-0713,813 Fictional Avenue,Example City,EX,US,SYN0713,CORPORATE,HIGH,ACTIVE,2022-12-04
CUST_SYN_000714,INDIVIDUAL,Synthetic Customer 000714,1979-07-13,customer000714@example.invalid,+1-555-0714,814 Fictional Avenue,Demo Borough,DM,GB,SYN0714,RETAIL,LOW,ACTIVE,2022-12-03
CUST_SYN_000715,INDIVIDUAL,Synthetic Customer 000715,1980-08-14,customer000715@example.invalid,+1-555-0715,815 Fictional Avenue,Sample Ville,SV,DE,SYN0715,SME,MEDIUM,ACTIVE,2022-12-02
CUST_SYN_000716,BUSINESS,Synthetic Customer 000716,,customer000716@example.invalid,+1-555-0716,816 Fictional Avenue,Test Harbour,TH,SG,SYN0716,CORPORATE,HIGH,ACTIVE,2022-12-01
CUST_SYN_000717,INDIVIDUAL,Synthetic Customer 000717,1982-10-16,customer000717@example.invalid,+1-555-0717,817 Fictional Avenue,Example City,EX,US,SYN0717,RETAIL,LOW,ACTIVE,2022-11-30
CUST_SYN_000718,INDIVIDUAL,Synthetic Customer 000718,1983-11-17,customer000718@example.invalid,+1-555-0718,818 Fictional Avenue,Demo Borough,DM,GB,SYN0718,SME,MEDIUM,ACTIVE,2022-11-29
CUST_SYN_000719,INDIVIDUAL,Synthetic Customer 000719,1984-12-18,customer000719@example.invalid,+1-555-0719,819 Fictional Avenue,Sample Ville,SV,DE,SYN0719,CORPORATE,HIGH,ACTIVE,2022-11-28
CUST_SYN_000720,BUSINESS,Synthetic Customer 000720,,customer000720@example.invalid,+1-555-0720,820 Fictional Avenue,Test Harbour,TH,SG,SYN0720,RETAIL,LOW,ACTIVE,2022-11-27
CUST_SYN_000721,INDIVIDUAL,Synthetic Customer 000721,1986-02-20,customer000721@example.invalid,+1-555-0721,821 Fictional Avenue,Example City,EX,US,SYN0721,SME,MEDIUM,ACTIVE,2022-11-26
CUST_SYN_000722,INDIVIDUAL,Synthetic Customer 000722,1987-03-21,customer000722@example.invalid,+1-555-0722,822 Fictional Avenue,Demo Borough,DM,GB,SYN0722,CORPORATE,HIGH,ACTIVE,2022-11-25
CUST_SYN_000723,INDIVIDUAL,Synthetic Customer 000723,1988-04-22,customer000723@example.invalid,+1-555-0723,823 Fictional Avenue,Sample Ville,SV,DE,SYN0723,RETAIL,LOW,ACTIVE,2022-11-24
CUST_SYN_000724,BUSINESS,Synthetic Customer 000724,,customer000724@example.invalid,+1-555-0724,824 Fictional Avenue,Test Harbour,TH,SG,SYN0724,SME,MEDIUM,ACTIVE,2022-11-23
CUST_SYN_000725,INDIVIDUAL,Synthetic Customer 000725,1990-06-24,customer000725@example.invalid,+1-555-0725,825 Fictional Avenue,Example City,EX,US,SYN0725,CORPORATE,HIGH,ACTIVE,2022-11-22
CUST_SYN_000726,INDIVIDUAL,Synthetic Customer 000726,1991-07-25,customer000726@example.invalid,+1-555-0726,826 Fictional Avenue,Demo Borough,DM,GB,SYN0726,RETAIL,LOW,ACTIVE,2022-11-21
CUST_SYN_000727,INDIVIDUAL,Synthetic Customer 000727,1992-08-26,customer000727@example.invalid,+1-555-0727,827 Fictional Avenue,Sample Ville,SV,DE,SYN0727,SME,MEDIUM,ACTIVE,2022-11-20
CUST_SYN_000728,BUSINESS,Synthetic Customer 000728,,customer000728@example.invalid,+1-555-0728,828 Fictional Avenue,Test Harbour,TH,SG,SYN0728,CORPORATE,HIGH,ACTIVE,2022-11-19
CUST_SYN_000729,INDIVIDUAL,Synthetic Customer 000729,1994-10-01,customer000729@example.invalid,+1-555-0729,829 Fictional Avenue,Example City,EX,US,SYN0729,RETAIL,LOW,ACTIVE,2022-11-18
CUST_SYN_000730,INDIVIDUAL,Synthetic Customer 000730,1995-11-02,customer000730@example.invalid,+1-555-0730,830 Fictional Avenue,Demo Borough,DM,GB,SYN0730,SME,MEDIUM,ACTIVE,2022-11-17
CUST_SYN_000731,INDIVIDUAL,Synthetic Customer 000731,1996-12-03,customer000731@example.invalid,+1-555-0731,831 Fictional Avenue,Sample Ville,SV,DE,SYN0731,CORPORATE,HIGH,ACTIVE,2022-11-16
CUST_SYN_000732,BUSINESS,Synthetic Customer 000732,,customer000732@example.invalid,+1-555-0732,832 Fictional Avenue,Test Harbour,TH,SG,SYN0732,RETAIL,LOW,ACTIVE,2022-11-15
CUST_SYN_000733,INDIVIDUAL,Synthetic Customer 000733,1998-02-05,customer000733@example.invalid,+1-555-0733,833 Fictional Avenue,Example City,EX,US,SYN0733,SME,MEDIUM,ACTIVE,2022-11-14
CUST_SYN_000734,INDIVIDUAL,Synthetic Customer 000734,1999-03-06,customer000734@example.invalid,+1-555-0734,834 Fictional Avenue,Demo Borough,DM,GB,SYN0734,CORPORATE,HIGH,ACTIVE,2022-11-13
CUST_SYN_000735,INDIVIDUAL,Synthetic Customer 000735,1965-04-07,customer000735@example.invalid,+1-555-0735,835 Fictional Avenue,Sample Ville,SV,DE,SYN0735,RETAIL,LOW,ACTIVE,2022-11-12
CUST_SYN_000736,BUSINESS,Synthetic Customer 000736,,customer000736@example.invalid,+1-555-0736,836 Fictional Avenue,Test Harbour,TH,SG,SYN0736,SME,MEDIUM,ACTIVE,2022-11-11
CUST_SYN_000737,INDIVIDUAL,Synthetic Customer 000737,1967-06-09,customer000737@example.invalid,+1-555-0737,837 Fictional Avenue,Example City,EX,US,SYN0737,CORPORATE,HIGH,ACTIVE,2022-11-10
CUST_SYN_000738,INDIVIDUAL,Synthetic Customer 000738,1968-07-10,customer000738@example.invalid,+1-555-0738,838 Fictional Avenue,Demo Borough,DM,GB,SYN0738,RETAIL,LOW,ACTIVE,2022-11-09
CUST_SYN_000739,INDIVIDUAL,Synthetic Customer 000739,1969-08-11,customer000739@example.invalid,+1-555-0739,839 Fictional Avenue,Sample Ville,SV,DE,SYN0739,SME,MEDIUM,ACTIVE,2022-11-08
CUST_SYN_000740,BUSINESS,Synthetic Customer 000740,,customer000740@example.invalid,+1-555-0740,840 Fictional Avenue,Test Harbour,TH,SG,SYN0740,CORPORATE,HIGH,ACTIVE,2022-11-07
CUST_SYN_000741,INDIVIDUAL,Synthetic Customer 000741,1971-10-13,customer000741@example.invalid,+1-555-0741,841 Fictional Avenue,Example City,EX,US,SYN0741,RETAIL,LOW,ACTIVE,2022-11-06
CUST_SYN_000742,INDIVIDUAL,Synthetic Customer 000742,1972-11-14,customer000742@example.invalid,+1-555-0742,842 Fictional Avenue,Demo Borough,DM,GB,SYN0742,SME,MEDIUM,ACTIVE,2022-11-05
CUST_SYN_000743,INDIVIDUAL,Synthetic Customer 000743,1973-12-15,customer000743@example.invalid,+1-555-0743,843 Fictional Avenue,Sample Ville,SV,DE,SYN0743,CORPORATE,HIGH,ACTIVE,2022-11-04
CUST_SYN_000744,BUSINESS,Synthetic Customer 000744,,customer000744@example.invalid,+1-555-0744,844 Fictional Avenue,Test Harbour,TH,SG,SYN0744,RETAIL,LOW,ACTIVE,2022-11-03
CUST_SYN_000745,INDIVIDUAL,Synthetic Customer 000745,1975-02-17,customer000745@example.invalid,+1-555-0745,845 Fictional Avenue,Example City,EX,US,SYN0745,SME,MEDIUM,ACTIVE,2022-11-02
CUST_SYN_000746,INDIVIDUAL,Synthetic Customer 000746,1976-03-18,customer000746@example.invalid,+1-555-0746,846 Fictional Avenue,Demo Borough,DM,GB,SYN0746,CORPORATE,HIGH,ACTIVE,2022-11-01
CUST_SYN_000747,INDIVIDUAL,Synthetic Customer 000747,1977-04-19,customer000747@example.invalid,+1-555-0747,847 Fictional Avenue,Sample Ville,SV,DE,SYN0747,RETAIL,LOW,ACTIVE,2022-10-31
CUST_SYN_000748,BUSINESS,Synthetic Customer 000748,,customer000748@example.invalid,+1-555-0748,848 Fictional Avenue,Test Harbour,TH,SG,SYN0748,SME,MEDIUM,ACTIVE,2022-10-30
CUST_SYN_000749,INDIVIDUAL,Synthetic Customer 000749,1979-06-21,customer000749@example.invalid,+1-555-0749,849 Fictional Avenue,Example City,EX,US,SYN0749,CORPORATE,HIGH,ACTIVE,2022-10-29
CUST_SYN_000750,INDIVIDUAL,Synthetic Customer 000750,1980-07-22,customer000750@example.invalid,+1-555-0750,850 Fictional Avenue,Demo Borough,DM,GB,SYN0750,RETAIL,LOW,ACTIVE,2022-10-28
CUST_SYN_000751,INDIVIDUAL,Synthetic Customer 000751,1981-08-23,customer000751@example.invalid,+1-555-0751,851 Fictional Avenue,Sample Ville,SV,DE,SYN0751,SME,MEDIUM,ACTIVE,2022-10-27
CUST_SYN_000752,BUSINESS,Synthetic Customer 000752,,customer000752@example.invalid,+1-555-0752,852 Fictional Avenue,Test Harbour,TH,SG,SYN0752,CORPORATE,HIGH,ACTIVE,2022-10-26
CUST_SYN_000753,INDIVIDUAL,Synthetic Customer 000753,1983-10-25,customer000753@example.invalid,+1-555-0753,853 Fictional Avenue,Example City,EX,US,SYN0753,RETAIL,LOW,ACTIVE,2022-10-25
CUST_SYN_000754,INDIVIDUAL,Synthetic Customer 000754,1984-11-26,customer000754@example.invalid,+1-555-0754,854 Fictional Avenue,Demo Borough,DM,GB,SYN0754,SME,MEDIUM,ACTIVE,2022-10-24
CUST_SYN_000755,INDIVIDUAL,Synthetic Customer 000755,1985-12-27,customer000755@example.invalid,+1-555-0755,855 Fictional Avenue,Sample Ville,SV,DE,SYN0755,CORPORATE,HIGH,ACTIVE,2022-10-23
CUST_SYN_000756,BUSINESS,Synthetic Customer 000756,,customer000756@example.invalid,+1-555-0756,856 Fictional Avenue,Test Harbour,TH,SG,SYN0756,RETAIL,LOW,ACTIVE,2022-10-22
CUST_SYN_000757,INDIVIDUAL,Synthetic Customer 000757,1987-02-02,customer000757@example.invalid,+1-555-0757,857 Fictional Avenue,Example City,EX,US,SYN0757,SME,MEDIUM,ACTIVE,2022-10-21
CUST_SYN_000758,INDIVIDUAL,Synthetic Customer 000758,1988-03-03,customer000758@example.invalid,+1-555-0758,858 Fictional Avenue,Demo Borough,DM,GB,SYN0758,CORPORATE,HIGH,ACTIVE,2022-10-20
CUST_SYN_000759,INDIVIDUAL,Synthetic Customer 000759,1989-04-04,customer000759@example.invalid,+1-555-0759,859 Fictional Avenue,Sample Ville,SV,DE,SYN0759,RETAIL,LOW,ACTIVE,2022-10-19
CUST_SYN_000760,BUSINESS,Synthetic Customer 000760,,customer000760@example.invalid,+1-555-0760,860 Fictional Avenue,Test Harbour,TH,SG,SYN0760,SME,MEDIUM,ACTIVE,2022-10-18
CUST_SYN_000761,INDIVIDUAL,Synthetic Customer 000761,1991-06-06,customer000761@example.invalid,+1-555-0761,861 Fictional Avenue,Example City,EX,US,SYN0761,CORPORATE,HIGH,ACTIVE,2022-10-17
CUST_SYN_000762,INDIVIDUAL,Synthetic Customer 000762,1992-07-07,customer000762@example.invalid,+1-555-0762,862 Fictional Avenue,Demo Borough,DM,GB,SYN0762,RETAIL,LOW,ACTIVE,2022-10-16
CUST_SYN_000763,INDIVIDUAL,Synthetic Customer 000763,1993-08-08,customer000763@example.invalid,+1-555-0763,863 Fictional Avenue,Sample Ville,SV,DE,SYN0763,SME,MEDIUM,ACTIVE,2022-10-15
CUST_SYN_000764,BUSINESS,Synthetic Customer 000764,,customer000764@example.invalid,+1-555-0764,864 Fictional Avenue,Test Harbour,TH,SG,SYN0764,CORPORATE,HIGH,ACTIVE,2022-10-14
CUST_SYN_000765,INDIVIDUAL,Synthetic Customer 000765,1995-10-10,customer000765@example.invalid,+1-555-0765,865 Fictional Avenue,Example City,EX,US,SYN0765,RETAIL,LOW,ACTIVE,2022-10-13
CUST_SYN_000766,INDIVIDUAL,Synthetic Customer 000766,1996-11-11,customer000766@example.invalid,+1-555-0766,866 Fictional Avenue,Demo Borough,DM,GB,SYN0766,SME,MEDIUM,ACTIVE,2022-10-12
CUST_SYN_000767,INDIVIDUAL,Synthetic Customer 000767,1997-12-12,customer000767@example.invalid,+1-555-0767,867 Fictional Avenue,Sample Ville,SV,DE,SYN0767,CORPORATE,HIGH,ACTIVE,2022-10-11
CUST_SYN_000768,BUSINESS,Synthetic Customer 000768,,customer000768@example.invalid,+1-555-0768,868 Fictional Avenue,Test Harbour,TH,SG,SYN0768,RETAIL,LOW,ACTIVE,2022-10-10
CUST_SYN_000769,INDIVIDUAL,Synthetic Customer 000769,1999-02-14,customer000769@example.invalid,+1-555-0769,869 Fictional Avenue,Example City,EX,US,SYN0769,SME,MEDIUM,ACTIVE,2022-10-09
CUST_SYN_000770,INDIVIDUAL,Synthetic Customer 000770,1965-03-15,customer000770@example.invalid,+1-555-0770,870 Fictional Avenue,Demo Borough,DM,GB,SYN0770,CORPORATE,HIGH,ACTIVE,2022-10-08
CUST_SYN_000771,INDIVIDUAL,Synthetic Customer 000771,1966-04-16,customer000771@example.invalid,+1-555-0771,871 Fictional Avenue,Sample Ville,SV,DE,SYN0771,RETAIL,LOW,ACTIVE,2022-10-07
CUST_SYN_000772,BUSINESS,Synthetic Customer 000772,,customer000772@example.invalid,+1-555-0772,872 Fictional Avenue,Test Harbour,TH,SG,SYN0772,SME,MEDIUM,ACTIVE,2022-10-06
CUST_SYN_000773,INDIVIDUAL,Synthetic Customer 000773,1968-06-18,customer000773@example.invalid,+1-555-0773,873 Fictional Avenue,Example City,EX,US,SYN0773,CORPORATE,HIGH,ACTIVE,2022-10-05
CUST_SYN_000774,INDIVIDUAL,Synthetic Customer 000774,1969-07-19,customer000774@example.invalid,+1-555-0774,874 Fictional Avenue,Demo Borough,DM,GB,SYN0774,RETAIL,LOW,ACTIVE,2022-10-04
CUST_SYN_000775,INDIVIDUAL,Synthetic Customer 000775,1970-08-20,customer000775@example.invalid,+1-555-0775,875 Fictional Avenue,Sample Ville,SV,DE,SYN0775,SME,MEDIUM,ACTIVE,2022-10-03
CUST_SYN_000776,BUSINESS,Synthetic Customer 000776,,customer000776@example.invalid,+1-555-0776,876 Fictional Avenue,Test Harbour,TH,SG,SYN0776,CORPORATE,HIGH,ACTIVE,2022-10-02
CUST_SYN_000777,INDIVIDUAL,Synthetic Customer 000777,1972-10-22,customer000777@example.invalid,+1-555-0777,877 Fictional Avenue,Example City,EX,US,SYN0777,RETAIL,LOW,ACTIVE,2022-10-01
CUST_SYN_000778,INDIVIDUAL,Synthetic Customer 000778,1973-11-23,customer000778@example.invalid,+1-555-0778,878 Fictional Avenue,Demo Borough,DM,GB,SYN0778,SME,MEDIUM,ACTIVE,2022-09-30
CUST_SYN_000779,INDIVIDUAL,Synthetic Customer 000779,1974-12-24,customer000779@example.invalid,+1-555-0779,879 Fictional Avenue,Sample Ville,SV,DE,SYN0779,CORPORATE,HIGH,ACTIVE,2022-09-29
CUST_SYN_000780,BUSINESS,Synthetic Customer 000780,,customer000780@example.invalid,+1-555-0780,880 Fictional Avenue,Test Harbour,TH,SG,SYN0780,RETAIL,LOW,ACTIVE,2022-09-28
CUST_SYN_000781,INDIVIDUAL,Synthetic Customer 000781,1976-02-26,customer000781@example.invalid,+1-555-0781,881 Fictional Avenue,Example City,EX,US,SYN0781,SME,MEDIUM,ACTIVE,2022-09-27
CUST_SYN_000782,INDIVIDUAL,Synthetic Customer 000782,1977-03-27,customer000782@example.invalid,+1-555-0782,882 Fictional Avenue,Demo Borough,DM,GB,SYN0782,CORPORATE,HIGH,ACTIVE,2022-09-26
CUST_SYN_000783,INDIVIDUAL,Synthetic Customer 000783,1978-04-01,customer000783@example.invalid,+1-555-0783,883 Fictional Avenue,Sample Ville,SV,DE,SYN0783,RETAIL,LOW,ACTIVE,2022-09-25
CUST_SYN_000784,BUSINESS,Synthetic Customer 000784,,customer000784@example.invalid,+1-555-0784,884 Fictional Avenue,Test Harbour,TH,SG,SYN0784,SME,MEDIUM,ACTIVE,2022-09-24
CUST_SYN_000785,INDIVIDUAL,Synthetic Customer 000785,1980-06-03,customer000785@example.invalid,+1-555-0785,885 Fictional Avenue,Example City,EX,US,SYN0785,CORPORATE,HIGH,ACTIVE,2022-09-23
CUST_SYN_000786,INDIVIDUAL,Synthetic Customer 000786,1981-07-04,customer000786@example.invalid,+1-555-0786,886 Fictional Avenue,Demo Borough,DM,GB,SYN0786,RETAIL,LOW,ACTIVE,2022-09-22
CUST_SYN_000787,INDIVIDUAL,Synthetic Customer 000787,1982-08-05,customer000787@example.invalid,+1-555-0787,887 Fictional Avenue,Sample Ville,SV,DE,SYN0787,SME,MEDIUM,ACTIVE,2022-09-21
CUST_SYN_000788,BUSINESS,Synthetic Customer 000788,,customer000788@example.invalid,+1-555-0788,888 Fictional Avenue,Test Harbour,TH,SG,SYN0788,CORPORATE,HIGH,ACTIVE,2022-09-20
CUST_SYN_000789,INDIVIDUAL,Synthetic Customer 000789,1984-10-07,customer000789@example.invalid,+1-555-0789,889 Fictional Avenue,Example City,EX,US,SYN0789,RETAIL,LOW,ACTIVE,2022-09-19
CUST_SYN_000790,INDIVIDUAL,Synthetic Customer 000790,1985-11-08,customer000790@example.invalid,+1-555-0790,890 Fictional Avenue,Demo Borough,DM,GB,SYN0790,SME,MEDIUM,ACTIVE,2022-09-18
CUST_SYN_000791,INDIVIDUAL,Synthetic Customer 000791,1986-12-09,customer000791@example.invalid,+1-555-0791,891 Fictional Avenue,Sample Ville,SV,DE,SYN0791,CORPORATE,HIGH,ACTIVE,2022-09-17
CUST_SYN_000792,BUSINESS,Synthetic Customer 000792,,customer000792@example.invalid,+1-555-0792,892 Fictional Avenue,Test Harbour,TH,SG,SYN0792,RETAIL,LOW,ACTIVE,2022-09-16
CUST_SYN_000793,INDIVIDUAL,Synthetic Customer 000793,1988-02-11,customer000793@example.invalid,+1-555-0793,893 Fictional Avenue,Example City,EX,US,SYN0793,SME,MEDIUM,ACTIVE,2022-09-15
CUST_SYN_000794,INDIVIDUAL,Synthetic Customer 000794,1989-03-12,customer000794@example.invalid,+1-555-0794,894 Fictional Avenue,Demo Borough,DM,GB,SYN0794,CORPORATE,HIGH,ACTIVE,2022-09-14
CUST_SYN_000795,INDIVIDUAL,Synthetic Customer 000795,1990-04-13,customer000795@example.invalid,+1-555-0795,895 Fictional Avenue,Sample Ville,SV,DE,SYN0795,RETAIL,LOW,ACTIVE,2022-09-13
CUST_SYN_000796,BUSINESS,Synthetic Customer 000796,,customer000796@example.invalid,+1-555-0796,896 Fictional Avenue,Test Harbour,TH,SG,SYN0796,SME,MEDIUM,ACTIVE,2022-09-12
CUST_SYN_000797,INDIVIDUAL,Synthetic Customer 000797,1992-06-15,customer000797@example.invalid,+1-555-0797,897 Fictional Avenue,Example City,EX,US,SYN0797,CORPORATE,HIGH,ACTIVE,2022-09-11
CUST_SYN_000798,INDIVIDUAL,Synthetic Customer 000798,1993-07-16,customer000798@example.invalid,+1-555-0798,898 Fictional Avenue,Demo Borough,DM,GB,SYN0798,RETAIL,LOW,ACTIVE,2022-09-10
CUST_SYN_000799,INDIVIDUAL,Synthetic Customer 000799,1994-08-17,customer000799@example.invalid,+1-555-0799,899 Fictional Avenue,Sample Ville,SV,DE,SYN0799,SME,MEDIUM,ACTIVE,2022-09-09
CUST_SYN_000800,BUSINESS,Synthetic Customer 000800,,customer000800@example.invalid,+1-555-0800,900 Fictional Avenue,Test Harbour,TH,SG,SYN0800,CORPORATE,HIGH,ACTIVE,2022-09-08
CUST_SYN_000801,INDIVIDUAL,Synthetic Customer 000801,1996-10-19,customer000801@example.invalid,+1-555-0801,901 Fictional Avenue,Example City,EX,US,SYN0801,RETAIL,LOW,ACTIVE,2022-09-07
CUST_SYN_000802,INDIVIDUAL,Synthetic Customer 000802,1997-11-20,customer000802@example.invalid,+1-555-0802,902 Fictional Avenue,Demo Borough,DM,GB,SYN0802,SME,MEDIUM,ACTIVE,2022-09-06
CUST_SYN_000803,INDIVIDUAL,Synthetic Customer 000803,1998-12-21,customer000803@example.invalid,+1-555-0803,903 Fictional Avenue,Sample Ville,SV,DE,SYN0803,CORPORATE,HIGH,ACTIVE,2022-09-05
CUST_SYN_000804,BUSINESS,Synthetic Customer 000804,,customer000804@example.invalid,+1-555-0804,904 Fictional Avenue,Test Harbour,TH,SG,SYN0804,RETAIL,LOW,ACTIVE,2022-09-04
CUST_SYN_000805,INDIVIDUAL,Synthetic Customer 000805,1965-02-23,customer000805@example.invalid,+1-555-0805,905 Fictional Avenue,Example City,EX,US,SYN0805,SME,MEDIUM,ACTIVE,2022-09-03
CUST_SYN_000806,INDIVIDUAL,Synthetic Customer 000806,1966-03-24,customer000806@example.invalid,+1-555-0806,906 Fictional Avenue,Demo Borough,DM,GB,SYN0806,CORPORATE,HIGH,ACTIVE,2022-09-02
CUST_SYN_000807,INDIVIDUAL,Synthetic Customer 000807,1967-04-25,customer000807@example.invalid,+1-555-0807,907 Fictional Avenue,Sample Ville,SV,DE,SYN0807,RETAIL,LOW,ACTIVE,2022-09-01
CUST_SYN_000808,BUSINESS,Synthetic Customer 000808,,customer000808@example.invalid,+1-555-0808,908 Fictional Avenue,Test Harbour,TH,SG,SYN0808,SME,MEDIUM,ACTIVE,2022-08-31
CUST_SYN_000809,INDIVIDUAL,Synthetic Customer 000809,1969-06-27,customer000809@example.invalid,+1-555-0809,909 Fictional Avenue,Example City,EX,US,SYN0809,CORPORATE,HIGH,ACTIVE,2022-08-30
CUST_SYN_000810,INDIVIDUAL,Synthetic Customer 000810,1970-07-01,customer000810@example.invalid,+1-555-0810,910 Fictional Avenue,Demo Borough,DM,GB,SYN0810,RETAIL,LOW,ACTIVE,2022-08-29
CUST_SYN_000811,INDIVIDUAL,Synthetic Customer 000811,1971-08-02,customer000811@example.invalid,+1-555-0811,911 Fictional Avenue,Sample Ville,SV,DE,SYN0811,SME,MEDIUM,ACTIVE,2022-08-28
CUST_SYN_000812,BUSINESS,Synthetic Customer 000812,,customer000812@example.invalid,+1-555-0812,912 Fictional Avenue,Test Harbour,TH,SG,SYN0812,CORPORATE,HIGH,ACTIVE,2022-08-27
CUST_SYN_000813,INDIVIDUAL,Synthetic Customer 000813,1973-10-04,customer000813@example.invalid,+1-555-0813,913 Fictional Avenue,Example City,EX,US,SYN0813,RETAIL,LOW,ACTIVE,2022-08-26
CUST_SYN_000814,INDIVIDUAL,Synthetic Customer 000814,1974-11-05,customer000814@example.invalid,+1-555-0814,914 Fictional Avenue,Demo Borough,DM,GB,SYN0814,SME,MEDIUM,ACTIVE,2022-08-25
CUST_SYN_000815,INDIVIDUAL,Synthetic Customer 000815,1975-12-06,customer000815@example.invalid,+1-555-0815,915 Fictional Avenue,Sample Ville,SV,DE,SYN0815,CORPORATE,HIGH,ACTIVE,2022-08-24
CUST_SYN_000816,BUSINESS,Synthetic Customer 000816,,customer000816@example.invalid,+1-555-0816,916 Fictional Avenue,Test Harbour,TH,SG,SYN0816,RETAIL,LOW,ACTIVE,2022-08-23
CUST_SYN_000817,INDIVIDUAL,Synthetic Customer 000817,1977-02-08,customer000817@example.invalid,+1-555-0817,917 Fictional Avenue,Example City,EX,US,SYN0817,SME,MEDIUM,ACTIVE,2022-08-22
CUST_SYN_000818,INDIVIDUAL,Synthetic Customer 000818,1978-03-09,customer000818@example.invalid,+1-555-0818,918 Fictional Avenue,Demo Borough,DM,GB,SYN0818,CORPORATE,HIGH,ACTIVE,2022-08-21
CUST_SYN_000819,INDIVIDUAL,Synthetic Customer 000819,1979-04-10,customer000819@example.invalid,+1-555-0819,919 Fictional Avenue,Sample Ville,SV,DE,SYN0819,RETAIL,LOW,ACTIVE,2022-08-20
CUST_SYN_000820,BUSINESS,Synthetic Customer 000820,,customer000820@example.invalid,+1-555-0820,920 Fictional Avenue,Test Harbour,TH,SG,SYN0820,SME,MEDIUM,ACTIVE,2022-08-19
CUST_SYN_000821,INDIVIDUAL,Synthetic Customer 000821,1981-06-12,customer000821@example.invalid,+1-555-0821,921 Fictional Avenue,Example City,EX,US,SYN0821,CORPORATE,HIGH,ACTIVE,2022-08-18
CUST_SYN_000822,INDIVIDUAL,Synthetic Customer 000822,1982-07-13,customer000822@example.invalid,+1-555-0822,922 Fictional Avenue,Demo Borough,DM,GB,SYN0822,RETAIL,LOW,ACTIVE,2022-08-17
CUST_SYN_000823,INDIVIDUAL,Synthetic Customer 000823,1983-08-14,customer000823@example.invalid,+1-555-0823,923 Fictional Avenue,Sample Ville,SV,DE,SYN0823,SME,MEDIUM,ACTIVE,2022-08-16
CUST_SYN_000824,BUSINESS,Synthetic Customer 000824,,customer000824@example.invalid,+1-555-0824,924 Fictional Avenue,Test Harbour,TH,SG,SYN0824,CORPORATE,HIGH,ACTIVE,2022-08-15
CUST_SYN_000825,INDIVIDUAL,Synthetic Customer 000825,1985-10-16,customer000825@example.invalid,+1-555-0825,925 Fictional Avenue,Example City,EX,US,SYN0825,RETAIL,LOW,ACTIVE,2022-08-14
CUST_SYN_000826,INDIVIDUAL,Synthetic Customer 000826,1986-11-17,customer000826@example.invalid,+1-555-0826,926 Fictional Avenue,Demo Borough,DM,GB,SYN0826,SME,MEDIUM,ACTIVE,2022-08-13
CUST_SYN_000827,INDIVIDUAL,Synthetic Customer 000827,1987-12-18,customer000827@example.invalid,+1-555-0827,927 Fictional Avenue,Sample Ville,SV,DE,SYN0827,CORPORATE,HIGH,ACTIVE,2022-08-12
CUST_SYN_000828,BUSINESS,Synthetic Customer 000828,,customer000828@example.invalid,+1-555-0828,928 Fictional Avenue,Test Harbour,TH,SG,SYN0828,RETAIL,LOW,ACTIVE,2022-08-11
CUST_SYN_000829,INDIVIDUAL,Synthetic Customer 000829,1989-02-20,customer000829@example.invalid,+1-555-0829,929 Fictional Avenue,Example City,EX,US,SYN0829,SME,MEDIUM,ACTIVE,2022-08-10
CUST_SYN_000830,INDIVIDUAL,Synthetic Customer 000830,1990-03-21,customer000830@example.invalid,+1-555-0830,930 Fictional Avenue,Demo Borough,DM,GB,SYN0830,CORPORATE,HIGH,ACTIVE,2022-08-09
CUST_SYN_000831,INDIVIDUAL,Synthetic Customer 000831,1991-04-22,customer000831@example.invalid,+1-555-0831,931 Fictional Avenue,Sample Ville,SV,DE,SYN0831,RETAIL,LOW,ACTIVE,2022-08-08
CUST_SYN_000832,BUSINESS,Synthetic Customer 000832,,customer000832@example.invalid,+1-555-0832,932 Fictional Avenue,Test Harbour,TH,SG,SYN0832,SME,MEDIUM,ACTIVE,2022-08-07
CUST_SYN_000833,INDIVIDUAL,Synthetic Customer 000833,1993-06-24,customer000833@example.invalid,+1-555-0833,933 Fictional Avenue,Example City,EX,US,SYN0833,CORPORATE,HIGH,ACTIVE,2022-08-06
CUST_SYN_000834,INDIVIDUAL,Synthetic Customer 000834,1994-07-25,customer000834@example.invalid,+1-555-0834,934 Fictional Avenue,Demo Borough,DM,GB,SYN0834,RETAIL,LOW,ACTIVE,2022-08-05
CUST_SYN_000835,INDIVIDUAL,Synthetic Customer 000835,1995-08-26,customer000835@example.invalid,+1-555-0835,935 Fictional Avenue,Sample Ville,SV,DE,SYN0835,SME,MEDIUM,ACTIVE,2022-08-04
CUST_SYN_000836,BUSINESS,Synthetic Customer 000836,,customer000836@example.invalid,+1-555-0836,936 Fictional Avenue,Test Harbour,TH,SG,SYN0836,CORPORATE,HIGH,ACTIVE,2022-08-03
CUST_SYN_000837,INDIVIDUAL,Synthetic Customer 000837,1997-10-01,customer000837@example.invalid,+1-555-0837,937 Fictional Avenue,Example City,EX,US,SYN0837,RETAIL,LOW,ACTIVE,2022-08-02
CUST_SYN_000838,INDIVIDUAL,Synthetic Customer 000838,1998-11-02,customer000838@example.invalid,+1-555-0838,938 Fictional Avenue,Demo Borough,DM,GB,SYN0838,SME,MEDIUM,ACTIVE,2022-08-01
CUST_SYN_000839,INDIVIDUAL,Synthetic Customer 000839,1999-12-03,customer000839@example.invalid,+1-555-0839,939 Fictional Avenue,Sample Ville,SV,DE,SYN0839,CORPORATE,HIGH,ACTIVE,2022-07-31
CUST_SYN_000840,BUSINESS,Synthetic Customer 000840,,customer000840@example.invalid,+1-555-0840,940 Fictional Avenue,Test Harbour,TH,SG,SYN0840,RETAIL,LOW,ACTIVE,2022-07-30
CUST_SYN_000841,INDIVIDUAL,Synthetic Customer 000841,1966-02-05,customer000841@example.invalid,+1-555-0841,941 Fictional Avenue,Example City,EX,US,SYN0841,SME,MEDIUM,ACTIVE,2022-07-29
CUST_SYN_000842,INDIVIDUAL,Synthetic Customer 000842,1967-03-06,customer000842@example.invalid,+1-555-0842,942 Fictional Avenue,Demo Borough,DM,GB,SYN0842,CORPORATE,HIGH,ACTIVE,2022-07-28
CUST_SYN_000843,INDIVIDUAL,Synthetic Customer 000843,1968-04-07,customer000843@example.invalid,+1-555-0843,943 Fictional Avenue,Sample Ville,SV,DE,SYN0843,RETAIL,LOW,ACTIVE,2022-07-27
CUST_SYN_000844,BUSINESS,Synthetic Customer 000844,,customer000844@example.invalid,+1-555-0844,944 Fictional Avenue,Test Harbour,TH,SG,SYN0844,SME,MEDIUM,ACTIVE,2022-07-26
CUST_SYN_000845,INDIVIDUAL,Synthetic Customer 000845,1970-06-09,customer000845@example.invalid,+1-555-0845,945 Fictional Avenue,Example City,EX,US,SYN0845,CORPORATE,HIGH,ACTIVE,2022-07-25
CUST_SYN_000846,INDIVIDUAL,Synthetic Customer 000846,1971-07-10,customer000846@example.invalid,+1-555-0846,946 Fictional Avenue,Demo Borough,DM,GB,SYN0846,RETAIL,LOW,ACTIVE,2022-07-24
CUST_SYN_000847,INDIVIDUAL,Synthetic Customer 000847,1972-08-11,customer000847@example.invalid,+1-555-0847,947 Fictional Avenue,Sample Ville,SV,DE,SYN0847,SME,MEDIUM,ACTIVE,2022-07-23
CUST_SYN_000848,BUSINESS,Synthetic Customer 000848,,customer000848@example.invalid,+1-555-0848,948 Fictional Avenue,Test Harbour,TH,SG,SYN0848,CORPORATE,HIGH,ACTIVE,2022-07-22
CUST_SYN_000849,INDIVIDUAL,Synthetic Customer 000849,1974-10-13,customer000849@example.invalid,+1-555-0849,949 Fictional Avenue,Example City,EX,US,SYN0849,RETAIL,LOW,ACTIVE,2022-07-21
CUST_SYN_000850,INDIVIDUAL,Synthetic Customer 000850,1975-11-14,customer000850@example.invalid,+1-555-0850,950 Fictional Avenue,Demo Borough,DM,GB,SYN0850,SME,MEDIUM,ACTIVE,2022-07-20
CUST_SYN_000851,INDIVIDUAL,Synthetic Customer 000851,1976-12-15,customer000851@example.invalid,+1-555-0851,951 Fictional Avenue,Sample Ville,SV,DE,SYN0851,CORPORATE,HIGH,ACTIVE,2022-07-19
CUST_SYN_000852,BUSINESS,Synthetic Customer 000852,,customer000852@example.invalid,+1-555-0852,952 Fictional Avenue,Test Harbour,TH,SG,SYN0852,RETAIL,LOW,ACTIVE,2022-07-18
CUST_SYN_000853,INDIVIDUAL,Synthetic Customer 000853,1978-02-17,customer000853@example.invalid,+1-555-0853,953 Fictional Avenue,Example City,EX,US,SYN0853,SME,MEDIUM,ACTIVE,2022-07-17
CUST_SYN_000854,INDIVIDUAL,Synthetic Customer 000854,1979-03-18,customer000854@example.invalid,+1-555-0854,954 Fictional Avenue,Demo Borough,DM,GB,SYN0854,CORPORATE,HIGH,ACTIVE,2022-07-16
CUST_SYN_000855,INDIVIDUAL,Synthetic Customer 000855,1980-04-19,customer000855@example.invalid,+1-555-0855,955 Fictional Avenue,Sample Ville,SV,DE,SYN0855,RETAIL,LOW,ACTIVE,2022-07-15
CUST_SYN_000856,BUSINESS,Synthetic Customer 000856,,customer000856@example.invalid,+1-555-0856,956 Fictional Avenue,Test Harbour,TH,SG,SYN0856,SME,MEDIUM,ACTIVE,2022-07-14
CUST_SYN_000857,INDIVIDUAL,Synthetic Customer 000857,1982-06-21,customer000857@example.invalid,+1-555-0857,957 Fictional Avenue,Example City,EX,US,SYN0857,CORPORATE,HIGH,ACTIVE,2022-07-13
CUST_SYN_000858,INDIVIDUAL,Synthetic Customer 000858,1983-07-22,customer000858@example.invalid,+1-555-0858,958 Fictional Avenue,Demo Borough,DM,GB,SYN0858,RETAIL,LOW,ACTIVE,2022-07-12
CUST_SYN_000859,INDIVIDUAL,Synthetic Customer 000859,1984-08-23,customer000859@example.invalid,+1-555-0859,959 Fictional Avenue,Sample Ville,SV,DE,SYN0859,SME,MEDIUM,ACTIVE,2022-07-11
CUST_SYN_000860,BUSINESS,Synthetic Customer 000860,,customer000860@example.invalid,+1-555-0860,960 Fictional Avenue,Test Harbour,TH,SG,SYN0860,CORPORATE,HIGH,ACTIVE,2022-07-10
CUST_SYN_000861,INDIVIDUAL,Synthetic Customer 000861,1986-10-25,customer000861@example.invalid,+1-555-0861,961 Fictional Avenue,Example City,EX,US,SYN0861,RETAIL,LOW,ACTIVE,2022-07-09
CUST_SYN_000862,INDIVIDUAL,Synthetic Customer 000862,1987-11-26,customer000862@example.invalid,+1-555-0862,962 Fictional Avenue,Demo Borough,DM,GB,SYN0862,SME,MEDIUM,ACTIVE,2022-07-08
CUST_SYN_000863,INDIVIDUAL,Synthetic Customer 000863,1988-12-27,customer000863@example.invalid,+1-555-0863,963 Fictional Avenue,Sample Ville,SV,DE,SYN0863,CORPORATE,HIGH,ACTIVE,2022-07-07
CUST_SYN_000864,BUSINESS,Synthetic Customer 000864,,customer000864@example.invalid,+1-555-0864,964 Fictional Avenue,Test Harbour,TH,SG,SYN0864,RETAIL,LOW,ACTIVE,2022-07-06
CUST_SYN_000865,INDIVIDUAL,Synthetic Customer 000865,1990-02-02,customer000865@example.invalid,+1-555-0865,965 Fictional Avenue,Example City,EX,US,SYN0865,SME,MEDIUM,ACTIVE,2022-07-05
CUST_SYN_000866,INDIVIDUAL,Synthetic Customer 000866,1991-03-03,customer000866@example.invalid,+1-555-0866,966 Fictional Avenue,Demo Borough,DM,GB,SYN0866,CORPORATE,HIGH,ACTIVE,2022-07-04
CUST_SYN_000867,INDIVIDUAL,Synthetic Customer 000867,1992-04-04,customer000867@example.invalid,+1-555-0867,967 Fictional Avenue,Sample Ville,SV,DE,SYN0867,RETAIL,LOW,ACTIVE,2022-07-03
CUST_SYN_000868,BUSINESS,Synthetic Customer 000868,,customer000868@example.invalid,+1-555-0868,968 Fictional Avenue,Test Harbour,TH,SG,SYN0868,SME,MEDIUM,ACTIVE,2022-07-02
CUST_SYN_000869,INDIVIDUAL,Synthetic Customer 000869,1994-06-06,customer000869@example.invalid,+1-555-0869,969 Fictional Avenue,Example City,EX,US,SYN0869,CORPORATE,HIGH,ACTIVE,2022-07-01
CUST_SYN_000870,INDIVIDUAL,Synthetic Customer 000870,1995-07-07,customer000870@example.invalid,+1-555-0870,970 Fictional Avenue,Demo Borough,DM,GB,SYN0870,RETAIL,LOW,ACTIVE,2022-06-30
CUST_SYN_000871,INDIVIDUAL,Synthetic Customer 000871,1996-08-08,customer000871@example.invalid,+1-555-0871,971 Fictional Avenue,Sample Ville,SV,DE,SYN0871,SME,MEDIUM,ACTIVE,2022-06-29
CUST_SYN_000872,BUSINESS,Synthetic Customer 000872,,customer000872@example.invalid,+1-555-0872,972 Fictional Avenue,Test Harbour,TH,SG,SYN0872,CORPORATE,HIGH,ACTIVE,2022-06-28
CUST_SYN_000873,INDIVIDUAL,Synthetic Customer 000873,1998-10-10,customer000873@example.invalid,+1-555-0873,973 Fictional Avenue,Example City,EX,US,SYN0873,RETAIL,LOW,ACTIVE,2022-06-27
CUST_SYN_000874,INDIVIDUAL,Synthetic Customer 000874,1999-11-11,customer000874@example.invalid,+1-555-0874,974 Fictional Avenue,Demo Borough,DM,GB,SYN0874,SME,MEDIUM,ACTIVE,2022-06-26
CUST_SYN_000875,INDIVIDUAL,Synthetic Customer 000875,1965-12-12,customer000875@example.invalid,+1-555-0875,975 Fictional Avenue,Sample Ville,SV,DE,SYN0875,CORPORATE,HIGH,ACTIVE,2022-06-25
CUST_SYN_000876,BUSINESS,Synthetic Customer 000876,,customer000876@example.invalid,+1-555-0876,976 Fictional Avenue,Test Harbour,TH,SG,SYN0876,RETAIL,LOW,ACTIVE,2022-06-24
CUST_SYN_000877,INDIVIDUAL,Synthetic Customer 000877,1967-02-14,customer000877@example.invalid,+1-555-0877,977 Fictional Avenue,Example City,EX,US,SYN0877,SME,MEDIUM,ACTIVE,2022-06-23
CUST_SYN_000878,INDIVIDUAL,Synthetic Customer 000878,1968-03-15,customer000878@example.invalid,+1-555-0878,978 Fictional Avenue,Demo Borough,DM,GB,SYN0878,CORPORATE,HIGH,ACTIVE,2022-06-22
CUST_SYN_000879,INDIVIDUAL,Synthetic Customer 000879,1969-04-16,customer000879@example.invalid,+1-555-0879,979 Fictional Avenue,Sample Ville,SV,DE,SYN0879,RETAIL,LOW,ACTIVE,2022-06-21
CUST_SYN_000880,BUSINESS,Synthetic Customer 000880,,customer000880@example.invalid,+1-555-0880,980 Fictional Avenue,Test Harbour,TH,SG,SYN0880,SME,MEDIUM,ACTIVE,2022-06-20
CUST_SYN_000881,INDIVIDUAL,Synthetic Customer 000881,1971-06-18,customer000881@example.invalid,+1-555-0881,981 Fictional Avenue,Example City,EX,US,SYN0881,CORPORATE,HIGH,ACTIVE,2022-06-19
CUST_SYN_000882,INDIVIDUAL,Synthetic Customer 000882,1972-07-19,customer000882@example.invalid,+1-555-0882,982 Fictional Avenue,Demo Borough,DM,GB,SYN0882,RETAIL,LOW,ACTIVE,2022-06-18
CUST_SYN_000883,INDIVIDUAL,Synthetic Customer 000883,1973-08-20,customer000883@example.invalid,+1-555-0883,983 Fictional Avenue,Sample Ville,SV,DE,SYN0883,SME,MEDIUM,ACTIVE,2022-06-17
CUST_SYN_000884,BUSINESS,Synthetic Customer 000884,,customer000884@example.invalid,+1-555-0884,984 Fictional Avenue,Test Harbour,TH,SG,SYN0884,CORPORATE,HIGH,ACTIVE,2022-06-16
CUST_SYN_000885,INDIVIDUAL,Synthetic Customer 000885,1975-10-22,customer000885@example.invalid,+1-555-0885,985 Fictional Avenue,Example City,EX,US,SYN0885,RETAIL,LOW,ACTIVE,2022-06-15
CUST_SYN_000886,INDIVIDUAL,Synthetic Customer 000886,1976-11-23,customer000886@example.invalid,+1-555-0886,986 Fictional Avenue,Demo Borough,DM,GB,SYN0886,SME,MEDIUM,ACTIVE,2022-06-14
CUST_SYN_000887,INDIVIDUAL,Synthetic Customer 000887,1977-12-24,customer000887@example.invalid,+1-555-0887,987 Fictional Avenue,Sample Ville,SV,DE,SYN0887,CORPORATE,HIGH,ACTIVE,2022-06-13
CUST_SYN_000888,BUSINESS,Synthetic Customer 000888,,customer000888@example.invalid,+1-555-0888,988 Fictional Avenue,Test Harbour,TH,SG,SYN0888,RETAIL,LOW,ACTIVE,2022-06-12
CUST_SYN_000889,INDIVIDUAL,Synthetic Customer 000889,1979-02-26,customer000889@example.invalid,+1-555-0889,989 Fictional Avenue,Example City,EX,US,SYN0889,SME,MEDIUM,ACTIVE,2022-06-11
CUST_SYN_000890,INDIVIDUAL,Synthetic Customer 000890,1980-03-27,customer000890@example.invalid,+1-555-0890,990 Fictional Avenue,Demo Borough,DM,GB,SYN0890,CORPORATE,HIGH,ACTIVE,2022-06-10
CUST_SYN_000891,INDIVIDUAL,Synthetic Customer 000891,1981-04-01,customer000891@example.invalid,+1-555-0891,991 Fictional Avenue,Sample Ville,SV,DE,SYN0891,RETAIL,LOW,ACTIVE,2022-06-09
CUST_SYN_000892,BUSINESS,Synthetic Customer 000892,,customer000892@example.invalid,+1-555-0892,992 Fictional Avenue,Test Harbour,TH,SG,SYN0892,SME,MEDIUM,ACTIVE,2022-06-08
CUST_SYN_000893,INDIVIDUAL,Synthetic Customer 000893,1983-06-03,customer000893@example.invalid,+1-555-0893,993 Fictional Avenue,Example City,EX,US,SYN0893,CORPORATE,HIGH,ACTIVE,2022-06-07
CUST_SYN_000894,INDIVIDUAL,Synthetic Customer 000894,1984-07-04,customer000894@example.invalid,+1-555-0894,994 Fictional Avenue,Demo Borough,DM,GB,SYN0894,RETAIL,LOW,ACTIVE,2022-06-06
CUST_SYN_000895,INDIVIDUAL,Synthetic Customer 000895,1985-08-05,customer000895@example.invalid,+1-555-0895,995 Fictional Avenue,Sample Ville,SV,DE,SYN0895,SME,MEDIUM,ACTIVE,2022-06-05
CUST_SYN_000896,BUSINESS,Synthetic Customer 000896,,customer000896@example.invalid,+1-555-0896,996 Fictional Avenue,Test Harbour,TH,SG,SYN0896,CORPORATE,HIGH,ACTIVE,2022-06-04
CUST_SYN_000897,INDIVIDUAL,Synthetic Customer 000897,1987-10-07,customer000897@example.invalid,+1-555-0897,997 Fictional Avenue,Example City,EX,US,SYN0897,RETAIL,LOW,ACTIVE,2022-06-03
CUST_SYN_000898,INDIVIDUAL,Synthetic Customer 000898,1988-11-08,customer000898@example.invalid,+1-555-0898,998 Fictional Avenue,Demo Borough,DM,GB,SYN0898,SME,MEDIUM,ACTIVE,2022-06-02
CUST_SYN_000899,INDIVIDUAL,Synthetic Customer 000899,1989-12-09,customer000899@example.invalid,+1-555-0899,999 Fictional Avenue,Sample Ville,SV,DE,SYN0899,CORPORATE,HIGH,ACTIVE,2022-06-01
CUST_SYN_000900,BUSINESS,Synthetic Customer 000900,,customer000900@example.invalid,+1-555-0900,1000 Fictional Avenue,Test Harbour,TH,SG,SYN0900,RETAIL,LOW,ACTIVE,2022-05-31
CUST_SYN_000901,INDIVIDUAL,Synthetic Customer 000901,1991-02-11,customer000901@example.invalid,+1-555-0901,1001 Fictional Avenue,Example City,EX,US,SYN0901,SME,MEDIUM,ACTIVE,2022-05-30
CUST_SYN_000902,INDIVIDUAL,Synthetic Customer 000902,1992-03-12,customer000902@example.invalid,+1-555-0902,1002 Fictional Avenue,Demo Borough,DM,GB,SYN0902,CORPORATE,HIGH,ACTIVE,2022-05-29
CUST_SYN_000903,INDIVIDUAL,Synthetic Customer 000903,1993-04-13,customer000903@example.invalid,+1-555-0903,1003 Fictional Avenue,Sample Ville,SV,DE,SYN0903,RETAIL,LOW,ACTIVE,2022-05-28
CUST_SYN_000904,BUSINESS,Synthetic Customer 000904,,customer000904@example.invalid,+1-555-0904,1004 Fictional Avenue,Test Harbour,TH,SG,SYN0904,SME,MEDIUM,ACTIVE,2022-05-27
CUST_SYN_000905,INDIVIDUAL,Synthetic Customer 000905,1995-06-15,customer000905@example.invalid,+1-555-0905,1005 Fictional Avenue,Example City,EX,US,SYN0905,CORPORATE,HIGH,ACTIVE,2022-05-26
CUST_SYN_000906,INDIVIDUAL,Synthetic Customer 000906,1996-07-16,customer000906@example.invalid,+1-555-0906,1006 Fictional Avenue,Demo Borough,DM,GB,SYN0906,RETAIL,LOW,ACTIVE,2022-05-25
CUST_SYN_000907,INDIVIDUAL,Synthetic Customer 000907,1997-08-17,customer000907@example.invalid,+1-555-0907,1007 Fictional Avenue,Sample Ville,SV,DE,SYN0907,SME,MEDIUM,ACTIVE,2022-05-24
CUST_SYN_000908,BUSINESS,Synthetic Customer 000908,,customer000908@example.invalid,+1-555-0908,1008 Fictional Avenue,Test Harbour,TH,SG,SYN0908,CORPORATE,HIGH,ACTIVE,2022-05-23
CUST_SYN_000909,INDIVIDUAL,Synthetic Customer 000909,1999-10-19,customer000909@example.invalid,+1-555-0909,1009 Fictional Avenue,Example City,EX,US,SYN0909,RETAIL,LOW,ACTIVE,2022-05-22
CUST_SYN_000910,INDIVIDUAL,Synthetic Customer 000910,1965-11-20,customer000910@example.invalid,+1-555-0910,1010 Fictional Avenue,Demo Borough,DM,GB,SYN0910,SME,MEDIUM,ACTIVE,2022-05-21
CUST_SYN_000911,INDIVIDUAL,Synthetic Customer 000911,1966-12-21,customer000911@example.invalid,+1-555-0911,1011 Fictional Avenue,Sample Ville,SV,DE,SYN0911,CORPORATE,HIGH,ACTIVE,2022-05-20
CUST_SYN_000912,BUSINESS,Synthetic Customer 000912,,customer000912@example.invalid,+1-555-0912,1012 Fictional Avenue,Test Harbour,TH,SG,SYN0912,RETAIL,LOW,ACTIVE,2022-05-19
CUST_SYN_000913,INDIVIDUAL,Synthetic Customer 000913,1968-02-23,customer000913@example.invalid,+1-555-0913,1013 Fictional Avenue,Example City,EX,US,SYN0913,SME,MEDIUM,ACTIVE,2022-05-18
CUST_SYN_000914,INDIVIDUAL,Synthetic Customer 000914,1969-03-24,customer000914@example.invalid,+1-555-0914,1014 Fictional Avenue,Demo Borough,DM,GB,SYN0914,CORPORATE,HIGH,ACTIVE,2022-05-17
CUST_SYN_000915,INDIVIDUAL,Synthetic Customer 000915,1970-04-25,customer000915@example.invalid,+1-555-0915,1015 Fictional Avenue,Sample Ville,SV,DE,SYN0915,RETAIL,LOW,ACTIVE,2022-05-16
CUST_SYN_000916,BUSINESS,Synthetic Customer 000916,,customer000916@example.invalid,+1-555-0916,1016 Fictional Avenue,Test Harbour,TH,SG,SYN0916,SME,MEDIUM,ACTIVE,2022-05-15
CUST_SYN_000917,INDIVIDUAL,Synthetic Customer 000917,1972-06-27,customer000917@example.invalid,+1-555-0917,1017 Fictional Avenue,Example City,EX,US,SYN0917,CORPORATE,HIGH,ACTIVE,2022-05-14
CUST_SYN_000918,INDIVIDUAL,Synthetic Customer 000918,1973-07-01,customer000918@example.invalid,+1-555-0918,1018 Fictional Avenue,Demo Borough,DM,GB,SYN0918,RETAIL,LOW,ACTIVE,2022-05-13
CUST_SYN_000919,INDIVIDUAL,Synthetic Customer 000919,1974-08-02,customer000919@example.invalid,+1-555-0919,1019 Fictional Avenue,Sample Ville,SV,DE,SYN0919,SME,MEDIUM,ACTIVE,2022-05-12
CUST_SYN_000920,BUSINESS,Synthetic Customer 000920,,customer000920@example.invalid,+1-555-0920,1020 Fictional Avenue,Test Harbour,TH,SG,SYN0920,CORPORATE,HIGH,ACTIVE,2022-05-11
CUST_SYN_000921,INDIVIDUAL,Synthetic Customer 000921,1976-10-04,customer000921@example.invalid,+1-555-0921,1021 Fictional Avenue,Example City,EX,US,SYN0921,RETAIL,LOW,ACTIVE,2022-05-10
CUST_SYN_000922,INDIVIDUAL,Synthetic Customer 000922,1977-11-05,customer000922@example.invalid,+1-555-0922,1022 Fictional Avenue,Demo Borough,DM,GB,SYN0922,SME,MEDIUM,ACTIVE,2022-05-09
CUST_SYN_000923,INDIVIDUAL,Synthetic Customer 000923,1978-12-06,customer000923@example.invalid,+1-555-0923,1023 Fictional Avenue,Sample Ville,SV,DE,SYN0923,CORPORATE,HIGH,ACTIVE,2022-05-08
CUST_SYN_000924,BUSINESS,Synthetic Customer 000924,,customer000924@example.invalid,+1-555-0924,1024 Fictional Avenue,Test Harbour,TH,SG,SYN0924,RETAIL,LOW,ACTIVE,2022-05-07
CUST_SYN_000925,INDIVIDUAL,Synthetic Customer 000925,1980-02-08,customer000925@example.invalid,+1-555-0925,1025 Fictional Avenue,Example City,EX,US,SYN0925,SME,MEDIUM,ACTIVE,2022-05-06
CUST_SYN_000926,INDIVIDUAL,Synthetic Customer 000926,1981-03-09,customer000926@example.invalid,+1-555-0926,1026 Fictional Avenue,Demo Borough,DM,GB,SYN0926,CORPORATE,HIGH,ACTIVE,2022-05-05
CUST_SYN_000927,INDIVIDUAL,Synthetic Customer 000927,1982-04-10,customer000927@example.invalid,+1-555-0927,1027 Fictional Avenue,Sample Ville,SV,DE,SYN0927,RETAIL,LOW,ACTIVE,2022-05-04
CUST_SYN_000928,BUSINESS,Synthetic Customer 000928,,customer000928@example.invalid,+1-555-0928,1028 Fictional Avenue,Test Harbour,TH,SG,SYN0928,SME,MEDIUM,ACTIVE,2022-05-03
CUST_SYN_000929,INDIVIDUAL,Synthetic Customer 000929,1984-06-12,customer000929@example.invalid,+1-555-0929,1029 Fictional Avenue,Example City,EX,US,SYN0929,CORPORATE,HIGH,ACTIVE,2022-05-02
CUST_SYN_000930,INDIVIDUAL,Synthetic Customer 000930,1985-07-13,customer000930@example.invalid,+1-555-0930,1030 Fictional Avenue,Demo Borough,DM,GB,SYN0930,RETAIL,LOW,ACTIVE,2022-05-01
CUST_SYN_000931,INDIVIDUAL,Synthetic Customer 000931,1986-08-14,customer000931@example.invalid,+1-555-0931,1031 Fictional Avenue,Sample Ville,SV,DE,SYN0931,SME,MEDIUM,ACTIVE,2022-04-30
CUST_SYN_000932,BUSINESS,Synthetic Customer 000932,,customer000932@example.invalid,+1-555-0932,1032 Fictional Avenue,Test Harbour,TH,SG,SYN0932,CORPORATE,HIGH,ACTIVE,2022-04-29
CUST_SYN_000933,INDIVIDUAL,Synthetic Customer 000933,1988-10-16,customer000933@example.invalid,+1-555-0933,1033 Fictional Avenue,Example City,EX,US,SYN0933,RETAIL,LOW,ACTIVE,2022-04-28
CUST_SYN_000934,INDIVIDUAL,Synthetic Customer 000934,1989-11-17,customer000934@example.invalid,+1-555-0934,1034 Fictional Avenue,Demo Borough,DM,GB,SYN0934,SME,MEDIUM,ACTIVE,2022-04-27
CUST_SYN_000935,INDIVIDUAL,Synthetic Customer 000935,1990-12-18,customer000935@example.invalid,+1-555-0935,1035 Fictional Avenue,Sample Ville,SV,DE,SYN0935,CORPORATE,HIGH,ACTIVE,2022-04-26
CUST_SYN_000936,BUSINESS,Synthetic Customer 000936,,customer000936@example.invalid,+1-555-0936,1036 Fictional Avenue,Test Harbour,TH,SG,SYN0936,RETAIL,LOW,ACTIVE,2022-04-25
CUST_SYN_000937,INDIVIDUAL,Synthetic Customer 000937,1992-02-20,customer000937@example.invalid,+1-555-0937,1037 Fictional Avenue,Example City,EX,US,SYN0937,SME,MEDIUM,ACTIVE,2022-04-24
CUST_SYN_000938,INDIVIDUAL,Synthetic Customer 000938,1993-03-21,customer000938@example.invalid,+1-555-0938,1038 Fictional Avenue,Demo Borough,DM,GB,SYN0938,CORPORATE,HIGH,ACTIVE,2022-04-23
CUST_SYN_000939,INDIVIDUAL,Synthetic Customer 000939,1994-04-22,customer000939@example.invalid,+1-555-0939,1039 Fictional Avenue,Sample Ville,SV,DE,SYN0939,RETAIL,LOW,ACTIVE,2022-04-22
CUST_SYN_000940,BUSINESS,Synthetic Customer 000940,,customer000940@example.invalid,+1-555-0940,1040 Fictional Avenue,Test Harbour,TH,SG,SYN0940,SME,MEDIUM,ACTIVE,2022-04-21
CUST_SYN_000941,INDIVIDUAL,Synthetic Customer 000941,1996-06-24,customer000941@example.invalid,+1-555-0941,1041 Fictional Avenue,Example City,EX,US,SYN0941,CORPORATE,HIGH,ACTIVE,2022-04-20
CUST_SYN_000942,INDIVIDUAL,Synthetic Customer 000942,1997-07-25,customer000942@example.invalid,+1-555-0942,1042 Fictional Avenue,Demo Borough,DM,GB,SYN0942,RETAIL,LOW,ACTIVE,2022-04-19
CUST_SYN_000943,INDIVIDUAL,Synthetic Customer 000943,1998-08-26,customer000943@example.invalid,+1-555-0943,1043 Fictional Avenue,Sample Ville,SV,DE,SYN0943,SME,MEDIUM,ACTIVE,2022-04-18
CUST_SYN_000944,BUSINESS,Synthetic Customer 000944,,customer000944@example.invalid,+1-555-0944,1044 Fictional Avenue,Test Harbour,TH,SG,SYN0944,CORPORATE,HIGH,ACTIVE,2022-04-17
CUST_SYN_000945,INDIVIDUAL,Synthetic Customer 000945,1965-10-01,customer000945@example.invalid,+1-555-0945,1045 Fictional Avenue,Example City,EX,US,SYN0945,RETAIL,LOW,ACTIVE,2022-04-16
CUST_SYN_000946,INDIVIDUAL,Synthetic Customer 000946,1966-11-02,customer000946@example.invalid,+1-555-0946,1046 Fictional Avenue,Demo Borough,DM,GB,SYN0946,SME,MEDIUM,ACTIVE,2022-04-15
CUST_SYN_000947,INDIVIDUAL,Synthetic Customer 000947,1967-12-03,customer000947@example.invalid,+1-555-0947,1047 Fictional Avenue,Sample Ville,SV,DE,SYN0947,CORPORATE,HIGH,ACTIVE,2022-04-14
CUST_SYN_000948,BUSINESS,Synthetic Customer 000948,,customer000948@example.invalid,+1-555-0948,1048 Fictional Avenue,Test Harbour,TH,SG,SYN0948,RETAIL,LOW,ACTIVE,2022-04-13
CUST_SYN_000949,INDIVIDUAL,Synthetic Customer 000949,1969-02-05,customer000949@example.invalid,+1-555-0949,1049 Fictional Avenue,Example City,EX,US,SYN0949,SME,MEDIUM,ACTIVE,2022-04-12
CUST_SYN_000950,INDIVIDUAL,Synthetic Customer 000950,1970-03-06,customer000950@example.invalid,+1-555-0950,1050 Fictional Avenue,Demo Borough,DM,GB,SYN0950,CORPORATE,HIGH,ACTIVE,2022-04-11
CUST_SYN_000951,INDIVIDUAL,Synthetic Customer 000951,1971-04-07,customer000951@example.invalid,+1-555-0951,1051 Fictional Avenue,Sample Ville,SV,DE,SYN0951,RETAIL,LOW,ACTIVE,2022-04-10
CUST_SYN_000952,BUSINESS,Synthetic Customer 000952,,customer000952@example.invalid,+1-555-0952,1052 Fictional Avenue,Test Harbour,TH,SG,SYN0952,SME,MEDIUM,ACTIVE,2022-04-09
CUST_SYN_000953,INDIVIDUAL,Synthetic Customer 000953,1973-06-09,customer000953@example.invalid,+1-555-0953,1053 Fictional Avenue,Example City,EX,US,SYN0953,CORPORATE,HIGH,ACTIVE,2022-04-08
CUST_SYN_000954,INDIVIDUAL,Synthetic Customer 000954,1974-07-10,customer000954@example.invalid,+1-555-0954,1054 Fictional Avenue,Demo Borough,DM,GB,SYN0954,RETAIL,LOW,ACTIVE,2022-04-07
CUST_SYN_000955,INDIVIDUAL,Synthetic Customer 000955,1975-08-11,customer000955@example.invalid,+1-555-0955,1055 Fictional Avenue,Sample Ville,SV,DE,SYN0955,SME,MEDIUM,ACTIVE,2022-04-06
CUST_SYN_000956,BUSINESS,Synthetic Customer 000956,,customer000956@example.invalid,+1-555-0956,1056 Fictional Avenue,Test Harbour,TH,SG,SYN0956,CORPORATE,HIGH,ACTIVE,2022-04-05
CUST_SYN_000957,INDIVIDUAL,Synthetic Customer 000957,1977-10-13,customer000957@example.invalid,+1-555-0957,1057 Fictional Avenue,Example City,EX,US,SYN0957,RETAIL,LOW,ACTIVE,2022-04-04
CUST_SYN_000958,INDIVIDUAL,Synthetic Customer 000958,1978-11-14,customer000958@example.invalid,+1-555-0958,1058 Fictional Avenue,Demo Borough,DM,GB,SYN0958,SME,MEDIUM,ACTIVE,2022-04-03
CUST_SYN_000959,INDIVIDUAL,Synthetic Customer 000959,1979-12-15,customer000959@example.invalid,+1-555-0959,1059 Fictional Avenue,Sample Ville,SV,DE,SYN0959,CORPORATE,HIGH,ACTIVE,2022-04-02
CUST_SYN_000960,BUSINESS,Synthetic Customer 000960,,customer000960@example.invalid,+1-555-0960,1060 Fictional Avenue,Test Harbour,TH,SG,SYN0960,RETAIL,LOW,ACTIVE,2022-04-01
CUST_SYN_000961,INDIVIDUAL,Synthetic Customer 000961,1981-02-17,customer000961@example.invalid,+1-555-0961,1061 Fictional Avenue,Example City,EX,US,SYN0961,SME,MEDIUM,ACTIVE,2022-03-31
CUST_SYN_000962,INDIVIDUAL,Synthetic Customer 000962,1982-03-18,customer000962@example.invalid,+1-555-0962,1062 Fictional Avenue,Demo Borough,DM,GB,SYN0962,CORPORATE,HIGH,ACTIVE,2022-03-30
CUST_SYN_000963,INDIVIDUAL,Synthetic Customer 000963,1983-04-19,customer000963@example.invalid,+1-555-0963,1063 Fictional Avenue,Sample Ville,SV,DE,SYN0963,RETAIL,LOW,ACTIVE,2022-03-29
CUST_SYN_000964,BUSINESS,Synthetic Customer 000964,,customer000964@example.invalid,+1-555-0964,1064 Fictional Avenue,Test Harbour,TH,SG,SYN0964,SME,MEDIUM,ACTIVE,2022-03-28
CUST_SYN_000965,INDIVIDUAL,Synthetic Customer 000965,1985-06-21,customer000965@example.invalid,+1-555-0965,1065 Fictional Avenue,Example City,EX,US,SYN0965,CORPORATE,HIGH,ACTIVE,2022-03-27
CUST_SYN_000966,INDIVIDUAL,Synthetic Customer 000966,1986-07-22,customer000966@example.invalid,+1-555-0966,1066 Fictional Avenue,Demo Borough,DM,GB,SYN0966,RETAIL,LOW,ACTIVE,2022-03-26
CUST_SYN_000967,INDIVIDUAL,Synthetic Customer 000967,1987-08-23,customer000967@example.invalid,+1-555-0967,1067 Fictional Avenue,Sample Ville,SV,DE,SYN0967,SME,MEDIUM,ACTIVE,2022-03-25
CUST_SYN_000968,BUSINESS,Synthetic Customer 000968,,customer000968@example.invalid,+1-555-0968,1068 Fictional Avenue,Test Harbour,TH,SG,SYN0968,CORPORATE,HIGH,ACTIVE,2022-03-24
CUST_SYN_000969,INDIVIDUAL,Synthetic Customer 000969,1989-10-25,customer000969@example.invalid,+1-555-0969,1069 Fictional Avenue,Example City,EX,US,SYN0969,RETAIL,LOW,ACTIVE,2022-03-23
CUST_SYN_000970,INDIVIDUAL,Synthetic Customer 000970,1990-11-26,customer000970@example.invalid,+1-555-0970,1070 Fictional Avenue,Demo Borough,DM,GB,SYN0970,SME,MEDIUM,ACTIVE,2022-03-22
CUST_SYN_000971,INDIVIDUAL,Synthetic Customer 000971,1991-12-27,customer000971@example.invalid,+1-555-0971,1071 Fictional Avenue,Sample Ville,SV,DE,SYN0971,CORPORATE,HIGH,ACTIVE,2022-03-21
CUST_SYN_000972,BUSINESS,Synthetic Customer 000972,,customer000972@example.invalid,+1-555-0972,1072 Fictional Avenue,Test Harbour,TH,SG,SYN0972,RETAIL,LOW,ACTIVE,2022-03-20
CUST_SYN_000973,INDIVIDUAL,Synthetic Customer 000973,1993-02-02,customer000973@example.invalid,+1-555-0973,1073 Fictional Avenue,Example City,EX,US,SYN0973,SME,MEDIUM,ACTIVE,2022-03-19
CUST_SYN_000974,INDIVIDUAL,Synthetic Customer 000974,1994-03-03,customer000974@example.invalid,+1-555-0974,1074 Fictional Avenue,Demo Borough,DM,GB,SYN0974,CORPORATE,HIGH,ACTIVE,2022-03-18
CUST_SYN_000975,INDIVIDUAL,Synthetic Customer 000975,1995-04-04,customer000975@example.invalid,+1-555-0975,1075 Fictional Avenue,Sample Ville,SV,DE,SYN0975,RETAIL,LOW,ACTIVE,2022-03-17
CUST_SYN_000976,BUSINESS,Synthetic Customer 000976,,customer000976@example.invalid,+1-555-0976,1076 Fictional Avenue,Test Harbour,TH,SG,SYN0976,SME,MEDIUM,ACTIVE,2022-03-16
CUST_SYN_000977,INDIVIDUAL,Synthetic Customer 000977,1997-06-06,customer000977@example.invalid,+1-555-0977,1077 Fictional Avenue,Example City,EX,US,SYN0977,CORPORATE,HIGH,ACTIVE,2022-03-15
CUST_SYN_000978,INDIVIDUAL,Synthetic Customer 000978,1998-07-07,customer000978@example.invalid,+1-555-0978,1078 Fictional Avenue,Demo Borough,DM,GB,SYN0978,RETAIL,LOW,ACTIVE,2022-03-14
CUST_SYN_000979,INDIVIDUAL,Synthetic Customer 000979,1999-08-08,customer000979@example.invalid,+1-555-0979,1079 Fictional Avenue,Sample Ville,SV,DE,SYN0979,SME,MEDIUM,ACTIVE,2022-03-13
CUST_SYN_000980,BUSINESS,Synthetic Customer 000980,,customer000980@example.invalid,+1-555-0980,1080 Fictional Avenue,Test Harbour,TH,SG,SYN0980,CORPORATE,HIGH,ACTIVE,2022-03-12
CUST_SYN_000981,INDIVIDUAL,Synthetic Customer 000981,1966-10-10,customer000981@example.invalid,+1-555-0981,1081 Fictional Avenue,Example City,EX,US,SYN0981,RETAIL,LOW,ACTIVE,2022-03-11
CUST_SYN_000982,INDIVIDUAL,Synthetic Customer 000982,1967-11-11,customer000982@example.invalid,+1-555-0982,1082 Fictional Avenue,Demo Borough,DM,GB,SYN0982,SME,MEDIUM,ACTIVE,2022-03-10
CUST_SYN_000983,INDIVIDUAL,Synthetic Customer 000983,1968-12-12,customer000983@example.invalid,+1-555-0983,1083 Fictional Avenue,Sample Ville,SV,DE,SYN0983,CORPORATE,HIGH,ACTIVE,2022-03-09
CUST_SYN_000984,BUSINESS,Synthetic Customer 000984,,customer000984@example.invalid,+1-555-0984,1084 Fictional Avenue,Test Harbour,TH,SG,SYN0984,RETAIL,LOW,ACTIVE,2022-03-08
CUST_SYN_000985,INDIVIDUAL,Synthetic Customer 000985,1970-02-14,customer000985@example.invalid,+1-555-0985,1085 Fictional Avenue,Example City,EX,US,SYN0985,SME,MEDIUM,ACTIVE,2022-03-07
CUST_SYN_000986,INDIVIDUAL,Synthetic Customer 000986,1971-03-15,customer000986@example.invalid,+1-555-0986,1086 Fictional Avenue,Demo Borough,DM,GB,SYN0986,CORPORATE,HIGH,ACTIVE,2022-03-06
CUST_SYN_000987,INDIVIDUAL,Synthetic Customer 000987,1972-04-16,customer000987@example.invalid,+1-555-0987,1087 Fictional Avenue,Sample Ville,SV,DE,SYN0987,RETAIL,LOW,ACTIVE,2022-03-05
CUST_SYN_000988,BUSINESS,Synthetic Customer 000988,,customer000988@example.invalid,+1-555-0988,1088 Fictional Avenue,Test Harbour,TH,SG,SYN0988,SME,MEDIUM,ACTIVE,2022-03-04
CUST_SYN_000989,INDIVIDUAL,Synthetic Customer 000989,1974-06-18,customer000989@example.invalid,+1-555-0989,1089 Fictional Avenue,Example City,EX,US,SYN0989,CORPORATE,HIGH,ACTIVE,2022-03-03
CUST_SYN_000990,INDIVIDUAL,Synthetic Customer 000990,1975-07-19,customer000990@example.invalid,+1-555-0990,1090 Fictional Avenue,Demo Borough,DM,GB,SYN0990,RETAIL,LOW,ACTIVE,2022-03-02
CUST_SYN_000991,INDIVIDUAL,Synthetic Customer 000991,1976-08-20,customer000991@example.invalid,+1-555-0991,1091 Fictional Avenue,Sample Ville,SV,DE,SYN0991,SME,MEDIUM,ACTIVE,2022-03-01
CUST_SYN_000992,BUSINESS,Synthetic Customer 000992,,customer000992@example.invalid,+1-555-0992,1092 Fictional Avenue,Test Harbour,TH,SG,SYN0992,CORPORATE,HIGH,ACTIVE,2022-02-28
CUST_SYN_000993,INDIVIDUAL,Synthetic Customer 000993,1978-10-22,customer000993@example.invalid,+1-555-0993,1093 Fictional Avenue,Example City,EX,US,SYN0993,RETAIL,LOW,ACTIVE,2022-02-27
CUST_SYN_000994,INDIVIDUAL,Synthetic Customer 000994,1979-11-23,customer000994@example.invalid,+1-555-0994,1094 Fictional Avenue,Demo Borough,DM,GB,SYN0994,SME,MEDIUM,ACTIVE,2022-02-26
CUST_SYN_000995,INDIVIDUAL,Synthetic Customer 000995,1980-12-24,customer000995@example.invalid,+1-555-0995,1095 Fictional Avenue,Sample Ville,SV,DE,SYN0995,CORPORATE,HIGH,ACTIVE,2022-02-25
CUST_SYN_000996,BUSINESS,Synthetic Customer 000996,,customer000996@example.invalid,+1-555-0996,1096 Fictional Avenue,Test Harbour,TH,SG,SYN0996,RETAIL,LOW,ACTIVE,2022-02-24
CUST_SYN_000997,INDIVIDUAL,Synthetic Customer 000997,1982-02-26,customer000997@example.invalid,+1-555-0997,1097 Fictional Avenue,Example City,EX,US,SYN0997,SME,MEDIUM,ACTIVE,2022-02-23
CUST_SYN_000998,INDIVIDUAL,Synthetic Customer 000998,1983-03-27,customer000998@example.invalid,+1-555-0998,1098 Fictional Avenue,Demo Borough,DM,GB,SYN0998,CORPORATE,HIGH,ACTIVE,2022-02-22
CUST_SYN_000999,INDIVIDUAL,Synthetic Customer 000999,1984-04-01,customer000999@example.invalid,+1-555-0999,1099 Fictional Avenue,Sample Ville,SV,DE,SYN0999,RETAIL,LOW,ACTIVE,2022-02-21
CUST_SYN_001000,BUSINESS,Synthetic Customer 001000,,customer001000@example.invalid,+1-555-1000,1100 Fictional Avenue,Test Harbour,TH,SG,SYN1000,SME,MEDIUM,ACTIVE,2022-02-20
