exception_id,payment_id,customer_id,account_id,exception_timestamp,exception_date,exception_type,exception_reason_code,exception_reason_description,severity,exception_status,assigned_team,assigned_analyst_id,resolution_status,resolution_code,resolved_timestamp,sla_due_timestamp,high_value_flag,requires_manual_review
EXC_DEMO_001,PAY_DEMO_001,CUST_DEMO_001,ACCT_DEMO_001,2026-03-11T09:35:00,2026-03-11,SYSTEM,R007,Processing system unavailable,MEDIUM,RESOLVED,TEAM_SYN_002,USER_SYN_002_A02,RESOLVED,SYN_MANAGER_REVIEWED,2026-03-11T14:50:00,2026-03-11T13:35:00,TRUE,TRUE
EXC_SYN_0000002,PAY_SYN_0006975,CUST_SYN_000076,ACCT_SYN_000076,2025-12-18T14:26:00,2025-12-18,ROUTING,R003,Beneficiary routing information requires correction,MEDIUM,RESOLVED,TEAM_SYN_003,USER_SYN_003_A03,RESOLVED,SYN_RESOLVED,2025-12-18T17:26:00,2025-12-18T22:26:00,FALSE,TRUE
EXC_SYN_0000003,PAY_SYN_0024244,CUST_SYN_000029,ACCT_SYN_000029,2026-01-17T13:22:00,2026-01-17,CUTOFF,R004,Payment missed the processing cutoff,LOW,RESOLVED,TEAM_SYN_004,USER_SYN_004_A04,RESOLVED,SYN_RESOLVED,2026-01-17T14:22:00,2026-01-17T21:22:00,FALSE,FALSE
EXC_SYN_0000004,PAY_SYN_0013032,CUST_SYN_000685,ACCT_SYN_000685,2025-11-25T11:31:00,2025-11-25,SANCTIONS_SCREENING,R005,Synthetic screening review pending,HIGH,OPEN,TEAM_SYN_005,USER_SYN_005_A01,UNRESOLVED,,,2025-11-25T15:31:00,FALSE,TRUE
EXC_SYN_0000005,PAY_SYN_0003716,CUST_SYN_000993,ACCT_SYN_000993,2025-11-19T15:52:00,2025-11-19,DUPLICATE,R006,Potential duplicate payment instruction,HIGH,RESOLVED,TEAM_SYN_001,USER_SYN_001_A02,RESOLVED,SYN_RESOLVED,2025-11-19T18:52:00,2025-11-19T19:52:00,TRUE,TRUE
EXC_SYN_0000006,PAY_SYN_0024171,CUST_SYN_000328,ACCT_SYN_000328,2025-11-25T11:30:00,2025-11-25,SYSTEM,R007,Processing system unavailable,MEDIUM,RESOLVED,TEAM_SYN_002,USER_SYN_002_A03,RESOLVED,SYN_RESOLVED,2025-11-25T12:30:00,2025-11-25T19:30:00,FALSE,FALSE
EXC_SYN_0000007,PAY_SYN_0011473,CUST_SYN_000002,ACCT_SYN_000002,2026-01-20T13:17:00,2026-01-20,AUTHORIZATION,R008,Required payment authorization incomplete,HIGH,RESOLVED,TEAM_SYN_003,USER_SYN_003_A04,RESOLVED,SYN_RESOLVED,2026-01-20T17:54:00,2026-01-20T17:17:00,FALSE,TRUE
EXC_SYN_0000008,PAY_SYN_0002744,CUST_SYN_000029,ACCT_SYN_001029,2026-03-05T14:07:00,2026-03-05,BENEFICIARY,R009,Beneficiary details require review,MEDIUM,OPEN,TEAM_SYN_004,USER_SYN_004_A01,UNRESOLVED,,,2026-03-05T22:07:00,FALSE,TRUE
EXC_SYN_0000009,PAY_SYN_0011532,CUST_SYN_000685,ACCT_SYN_000685,2026-02-03T12:36:00,2026-02-03,CURRENCY,R010,Currency handling exception,MEDIUM,RESOLVED,TEAM_SYN_005,USER_SYN_005_A02,RESOLVED,SYN_RESOLVED,2026-02-03T13:36:00,2026-02-03T20:36:00,TRUE,TRUE
EXC_SYN_0000010,PAY_SYN_0010061,CUST_SYN_000258,ACCT_SYN_000258,2026-01-28T12:12:00,2026-01-28,SETTLEMENT,R011,Settlement confirmation delayed,LOW,RESOLVED,TEAM_SYN_001,USER_SYN_001_A03,RESOLVED,SYN_RESOLVED,2026-01-28T14:12:00,2026-01-28T20:12:00,FALSE,FALSE
EXC_SYN_0000011,PAY_SYN_0020118,CUST_SYN_000367,ACCT_SYN_000367,2026-02-04T18:44:00,2026-02-04,VALIDATION,R001,Payment instruction failed validation,MEDIUM,RESOLVED,TEAM_SYN_002,USER_SYN_002_A04,RESOLVED,SYN_RESOLVED,2026-02-04T21:44:00,2026-02-05T02:44:00,TRUE,TRUE
EXC_SYN_0000012,PAY_SYN_0013336,CUST_SYN_000433,ACCT_SYN_001433,2026-03-01T17:43:00,2026-03-01,LIQUIDITY,R002,Insufficient synthetic available funds,HIGH,OPEN,TEAM_SYN_003,USER_SYN_003_A01,UNRESOLVED,,,2026-03-01T21:43:00,FALSE,TRUE
EXC_SYN_0000013,PAY_SYN_0005698,CUST_SYN_000827,ACCT_SYN_000827,2025-12-01T19:50:00,2025-12-01,ROUTING,R003,Beneficiary routing information requires correction,MEDIUM,RESOLVED,TEAM_SYN_004,USER_SYN_004_A02,RESOLVED,SYN_RESOLVED,2025-12-01T21:50:00,2025-12-02T03:50:00,TRUE,TRUE
EXC_SYN_0000014,PAY_SYN_0003088,CUST_SYN_000257,ACCT_SYN_000257,2026-01-26T19:33:00,2026-01-26,CUTOFF,R004,Payment missed the processing cutoff,LOW,RESOLVED,TEAM_SYN_005,USER_SYN_005_A03,RESOLVED,SYN_RESOLVED,2026-01-27T04:17:00,2026-01-27T03:33:00,FALSE,FALSE
EXC_SYN_0000015,PAY_SYN_0007610,CUST_SYN_000071,ACCT_SYN_001071,2026-02-23T12:20:00,2026-02-23,SANCTIONS_SCREENING,R005,Synthetic screening review pending,HIGH,RESOLVED,TEAM_SYN_001,USER_SYN_001_A04,RESOLVED,SYN_RESOLVED,2026-02-23T13:20:00,2026-02-23T16:20:00,FALSE,TRUE
EXC_SYN_0000016,PAY_SYN_0005596,CUST_SYN_000053,ACCT_SYN_000053,2026-02-28T18:35:00,2026-02-28,DUPLICATE,R006,Potential duplicate payment instruction,HIGH,OPEN,TEAM_SYN_002,USER_SYN_002_A01,UNRESOLVED,,,2026-02-28T22:35:00,TRUE,TRUE
EXC_SYN_0000017,PAY_SYN_0007294,CUST_SYN_000379,ACCT_SYN_001379,2025-11-28T16:54:00,2025-11-28,SYSTEM,R007,Processing system unavailable,MEDIUM,RESOLVED,TEAM_SYN_003,USER_SYN_003_A02,RESOLVED,SYN_RESOLVED,2025-11-28T19:54:00,2025-11-29T00:54:00,FALSE,FALSE
EXC_SYN_0000018,PAY_SYN_0005900,CUST_SYN_000801,ACCT_SYN_000801,2026-01-26T12:29:00,2026-01-26,AUTHORIZATION,R008,Required payment authorization incomplete,HIGH,RESOLVED,TEAM_SYN_004,USER_SYN_004_A03,RESOLVED,SYN_RESOLVED,2026-01-26T13:29:00,2026-01-26T16:29:00,FALSE,TRUE
EXC_SYN_0000019,PAY_SYN_0019351,CUST_SYN_000488,ACCT_SYN_000488,2025-12-24T13:59:00,2025-12-24,BENEFICIARY,R009,Beneficiary details require review,MEDIUM,RESOLVED,TEAM_SYN_005,USER_SYN_005_A04,RESOLVED,SYN_RESOLVED,2025-12-24T15:59:00,2025-12-24T21:59:00,TRUE,TRUE
EXC_SYN_0000020,PAY_SYN_0018236,CUST_SYN_000233,ACCT_SYN_001233,2026-03-13T19:07:00,2026-03-13,CURRENCY,R010,Currency handling exception,MEDIUM,OPEN,TEAM_SYN_001,USER_SYN_001_A01,UNRESOLVED,,,2026-03-14T03:07:00,TRUE,TRUE
EXC_SYN_0000021,PAY_SYN_0014695,CUST_SYN_000716,ACCT_SYN_000716,2026-01-02T18:13:00,2026-01-02,SETTLEMENT,R011,Settlement confirmation delayed,LOW,RESOLVED,TEAM_SYN_002,USER_SYN_002_A02,RESOLVED,SYN_RESOLVED,2026-01-03T03:04:00,2026-01-03T02:13:00,FALSE,FALSE
EXC_SYN_0000022,PAY_SYN_0021827,CUST_SYN_000600,ACCT_SYN_000600,2026-02-20T20:30:00,2026-02-20,VALIDATION,R001,Payment instruction failed validation,MEDIUM,RESOLVED,TEAM_SYN_003,USER_SYN_003_A03,RESOLVED,SYN_RESOLVED,2026-02-20T22:30:00,2026-02-21T04:30:00,TRUE,TRUE
EXC_SYN_0000023,PAY_SYN_0010278,CUST_SYN_000787,ACCT_SYN_000787,2026-03-05T21:20:00,2026-03-05,LIQUIDITY,R002,Insufficient synthetic available funds,HIGH,RESOLVED,TEAM_SYN_004,USER_SYN_004_A04,RESOLVED,SYN_RESOLVED,2026-03-06T00:20:00,2026-03-06T01:20:00,FALSE,TRUE
EXC_SYN_0000024,PAY_SYN_0021930,CUST_SYN_000411,ACCT_SYN_001411,2025-11-28T13:57:00,2025-11-28,ROUTING,R003,Beneficiary routing information requires correction,MEDIUM,OPEN,TEAM_SYN_005,USER_SYN_005_A01,UNRESOLVED,,,2025-11-28T21:57:00,TRUE,TRUE
EXC_SYN_0000025,PAY_SYN_0001580,CUST_SYN_000461,ACCT_SYN_001461,2026-01-27T14:00:00,2026-01-27,CUTOFF,R004,Payment missed the processing cutoff,LOW,RESOLVED,TEAM_SYN_001,USER_SYN_001_A02,RESOLVED,SYN_RESOLVED,2026-01-27T16:00:00,2026-01-27T22:00:00,TRUE,FALSE
EXC_SYN_0000026,PAY_SYN_0018216,CUST_SYN_000493,ACCT_SYN_000493,2026-03-09T20:05:00,2026-03-09,SANCTIONS_SCREENING,R005,Synthetic screening review pending,HIGH,RESOLVED,TEAM_SYN_002,USER_SYN_002_A03,RESOLVED,SYN_RESOLVED,2026-03-09T23:05:00,2026-03-10T00:05:00,FALSE,TRUE
EXC_SYN_0000027,PAY_SYN_0020965,CUST_SYN_000206,ACCT_SYN_000206,2026-03-01T20:01:00,2026-03-01,DUPLICATE,R006,Potential duplicate payment instruction,HIGH,RESOLVED,TEAM_SYN_003,USER_SYN_003_A04,RESOLVED,SYN_RESOLVED,2026-03-01T21:01:00,2026-03-02T00:01:00,FALSE,TRUE
EXC_SYN_0000028,PAY_SYN_0020263,CUST_SYN_000232,ACCT_SYN_001232,2025-12-31T11:20:00,2025-12-31,SYSTEM,R007,Processing system unavailable,MEDIUM,OPEN,TEAM_SYN_004,USER_SYN_004_A01,UNRESOLVED,,,2025-12-31T19:20:00,FALSE,FALSE
EXC_SYN_0000029,PAY_SYN_0001428,CUST_SYN_000337,ACCT_SYN_000337,2026-01-19T17:08:00,2026-01-19,AUTHORIZATION,R008,Required payment authorization incomplete,HIGH,RESOLVED,TEAM_SYN_005,USER_SYN_005_A02,RESOLVED,SYN_RESOLVED,2026-01-19T20:08:00,2026-01-19T21:08:00,FALSE,TRUE
EXC_SYN_0000030,PAY_SYN_0002013,CUST_SYN_000982,ACCT_SYN_000982,2026-03-11T12:36:00,2026-03-11,LIQUIDITY,R002,Insufficient synthetic available funds,HIGH,RESOLVED,TEAM_SYN_001,USER_SYN_001_A03,RESOLVED,SYN_RESOLVED,2026-03-11T13:36:00,2026-03-11T16:36:00,TRUE,TRUE
EXC_SYN_0000031,PAY_SYN_0004525,CUST_SYN_000926,ACCT_SYN_000926,2026-01-01T14:53:00,2026-01-01,CURRENCY,R010,Currency handling exception,MEDIUM,RESOLVED,TEAM_SYN_002,USER_SYN_002_A04,RESOLVED,SYN_RESOLVED,2026-01-01T16:53:00,2026-01-01T22:53:00,FALSE,TRUE
EXC_SYN_0000032,PAY_SYN_0004416,CUST_SYN_000393,ACCT_SYN_001393,2025-11-29T15:23:00,2025-11-29,SETTLEMENT,R011,Settlement confirmation delayed,LOW,OPEN,TEAM_SYN_003,USER_SYN_003_A01,UNRESOLVED,,,2025-11-29T23:23:00,TRUE,FALSE
EXC_SYN_0000033,PAY_SYN_0002099,CUST_SYN_000164,ACCT_SYN_001164,2026-02-28T19:17:00,2026-02-28,VALIDATION,R001,Payment instruction failed validation,MEDIUM,RESOLVED,TEAM_SYN_004,USER_SYN_004_A02,RESOLVED,SYN_RESOLVED,2026-02-28T20:17:00,2026-03-01T03:17:00,FALSE,TRUE
EXC_SYN_0000034,PAY_SYN_0011747,CUST_SYN_000140,ACCT_SYN_001140,2026-01-20T17:06:00,2026-01-20,LIQUIDITY,R002,Insufficient synthetic available funds,HIGH,RESOLVED,TEAM_SYN_005,USER_SYN_005_A03,RESOLVED,SYN_RESOLVED,2026-01-20T19:06:00,2026-01-20T21:06:00,TRUE,TRUE
EXC_SYN_0000035,PAY_SYN_0002060,CUST_SYN_000221,ACCT_SYN_001221,2026-01-14T10:10:00,2026-01-14,ROUTING,R003,Beneficiary routing information requires correction,MEDIUM,RESOLVED,TEAM_SYN_001,USER_SYN_001_A04,RESOLVED,SYN_RESOLVED,2026-01-14T19:15:00,2026-01-14T18:10:00,TRUE,TRUE
EXC_SYN_0000036,PAY_SYN_0024045,CUST_SYN_000166,ACCT_SYN_000166,2026-01-22T15:18:00,2026-01-22,CUTOFF,R004,Payment missed the processing cutoff,LOW,OPEN,TEAM_SYN_002,USER_SYN_002_A01,UNRESOLVED,,,2026-01-22T23:18:00,FALSE,FALSE
EXC_SYN_0000037,PAY_SYN_0011874,CUST_SYN_000339,ACCT_SYN_001339,2026-03-13T14:34:00,2026-03-13,SANCTIONS_SCREENING,R005,Synthetic screening review pending,HIGH,RESOLVED,TEAM_SYN_003,USER_SYN_003_A02,RESOLVED,SYN_RESOLVED,2026-03-13T16:34:00,2026-03-13T18:34:00,FALSE,TRUE
EXC_SYN_0000038,PAY_SYN_0018817,CUST_SYN_000230,ACCT_SYN_000230,2025-12-10T17:48:00,2025-12-10,DUPLICATE,R006,Potential duplicate payment instruction,HIGH,RESOLVED,TEAM_SYN_004,USER_SYN_004_A03,RESOLVED,SYN_RESOLVED,2025-12-10T20:48:00,2025-12-10T21:48:00,TRUE,TRUE
EXC_SYN_0000039,PAY_SYN_0002925,CUST_SYN_000226,ACCT_SYN_000226,2026-03-03T15:57:00,2026-03-03,SYSTEM,R007,Processing system unavailable,MEDIUM,RESOLVED,TEAM_SYN_005,USER_SYN_005_A04,RESOLVED,SYN_RESOLVED,2026-03-03T16:57:00,2026-03-03T23:57:00,FALSE,FALSE
EXC_SYN_0000040,PAY_SYN_0007167,CUST_SYN_000180,ACCT_SYN_001180,2025-11-24T18:04:00,2025-11-24,AUTHORIZATION,R008,Required payment authorization incomplete,HIGH,OPEN,TEAM_SYN_001,USER_SYN_001_A01,UNRESOLVED,,,2025-11-24T22:04:00,FALSE,TRUE
EXC_SYN_0000041,PAY_SYN_0002729,CUST_SYN_000474,ACCT_SYN_000474,2025-11-28T20:31:00,2025-11-28,BENEFICIARY,R009,Beneficiary details require review,MEDIUM,RESOLVED,TEAM_SYN_002,USER_SYN_002_A02,RESOLVED,SYN_RESOLVED,2025-11-28T23:31:00,2025-11-29T04:31:00,TRUE,TRUE
EXC_SYN_0000042,PAY_SYN_0024040,CUST_SYN_000481,ACCT_SYN_001481,2026-03-14T12:01:00,2026-03-14,LIQUIDITY,R002,Insufficient synthetic available funds,HIGH,RESOLVED,TEAM_SYN_003,USER_SYN_003_A03,RESOLVED,SYN_RESOLVED,2026-03-14T17:13:00,2026-03-14T16:01:00,TRUE,TRUE
EXC_SYN_0000043,PAY_SYN_0024074,CUST_SYN_000239,ACCT_SYN_001239,2025-12-03T16:12:00,2025-12-03,SETTLEMENT,R011,Settlement confirmation delayed,LOW,RESOLVED,TEAM_SYN_004,USER_SYN_004_A04,RESOLVED,SYN_RESOLVED,2025-12-03T18:12:00,2025-12-04T00:12:00,FALSE,FALSE
EXC_SYN_0000044,PAY_SYN_0004157,CUST_SYN_000810,ACCT_SYN_000810,2025-12-10T19:46:00,2025-12-10,VALIDATION,R001,Payment instruction failed validation,MEDIUM,OPEN,TEAM_SYN_005,USER_SYN_005_A01,UNRESOLVED,,,2025-12-11T03:46:00,TRUE,TRUE
EXC_SYN_0000045,PAY_SYN_0023581,CUST_SYN_000998,ACCT_SYN_000998,2026-03-15T13:07:00,2026-03-15,SYSTEM,R007,Processing system unavailable,MEDIUM,RESOLVED,TEAM_SYN_001,USER_SYN_001_A02,RESOLVED,SYN_RESOLVED,2026-03-15T14:07:00,2026-03-15T21:07:00,TRUE,FALSE
EXC_SYN_0000046,PAY_SYN_0013774,CUST_SYN_000139,ACCT_SYN_001139,2026-01-09T17:11:00,2026-01-09,ROUTING,R003,Beneficiary routing information requires correction,MEDIUM,RESOLVED,TEAM_SYN_002,USER_SYN_002_A03,RESOLVED,SYN_RESOLVED,2026-01-09T19:11:00,2026-01-10T01:11:00,TRUE,TRUE
EXC_SYN_0000047,PAY_SYN_0011898,CUST_SYN_000727,ACCT_SYN_000727,2026-01-12T20:32:00,2026-01-12,CUTOFF,R004,Payment missed the processing cutoff,LOW,RESOLVED,TEAM_SYN_003,USER_SYN_003_A04,RESOLVED,SYN_RESOLVED,2026-01-12T23:32:00,2026-01-13T04:32:00,FALSE,FALSE
EXC_SYN_0000048,PAY_SYN_0013804,CUST_SYN_000749,ACCT_SYN_000749,2026-02-09T17:07:00,2026-02-09,SANCTIONS_SCREENING,R005,Synthetic screening review pending,HIGH,OPEN,TEAM_SYN_004,USER_SYN_004_A01,UNRESOLVED,,,2026-02-09T21:07:00,TRUE,TRUE
EXC_SYN_0000049,PAY_SYN_0023910,CUST_SYN_000171,ACCT_SYN_001171,2025-11-23T13:22:00,2025-11-23,DUPLICATE,R006,Potential duplicate payment instruction,HIGH,RESOLVED,TEAM_SYN_005,USER_SYN_005_A02,RESOLVED,SYN_RESOLVED,2025-11-23T18:41:00,2025-11-23T17:22:00,FALSE,TRUE
EXC_SYN_0000050,PAY_SYN_0018381,CUST_SYN_000598,ACCT_SYN_000598,2026-03-10T14:32:00,2026-03-10,SYSTEM,R007,Processing system unavailable,MEDIUM,RESOLVED,TEAM_SYN_001,USER_SYN_001_A03,RESOLVED,SYN_RESOLVED,2026-03-10T17:32:00,2026-03-10T22:32:00,TRUE,FALSE
EXC_SYN_0000051,PAY_SYN_0007408,CUST_SYN_000097,ACCT_SYN_001097,2026-03-10T21:34:00,2026-03-10,LIQUIDITY,R002,Insufficient synthetic available funds,HIGH,RESOLVED,TEAM_SYN_002,USER_SYN_002_A04,RESOLVED,SYN_RESOLVED,2026-03-10T22:34:00,2026-03-11T01:34:00,TRUE,TRUE
EXC_SYN_0000052,PAY_SYN_0004330,CUST_SYN_000211,ACCT_SYN_001211,2026-01-07T13:41:00,2026-01-07,BENEFICIARY,R009,Beneficiary details require review,MEDIUM,OPEN,TEAM_SYN_003,USER_SYN_003_A01,UNRESOLVED,,,2026-01-07T21:41:00,TRUE,TRUE
EXC_SYN_0000053,PAY_SYN_0014775,CUST_SYN_000676,ACCT_SYN_000676,2025-12-19T19:29:00,2025-12-19,CURRENCY,R010,Currency handling exception,MEDIUM,RESOLVED,TEAM_SYN_004,USER_SYN_004_A02,RESOLVED,SYN_RESOLVED,2025-12-19T22:29:00,2025-12-20T03:29:00,TRUE,TRUE
EXC_SYN_0000054,PAY_SYN_0007805,CUST_SYN_000786,ACCT_SYN_000786,2025-12-05T19:32:00,2025-12-05,SETTLEMENT,R011,Settlement confirmation delayed,LOW,RESOLVED,TEAM_SYN_005,USER_SYN_005_A03,RESOLVED,SYN_RESOLVED,2025-12-05T20:32:00,2025-12-06T03:32:00,FALSE,FALSE
EXC_SYN_0000055,PAY_SYN_0012455,CUST_SYN_000336,ACCT_SYN_000336,2026-03-14T19:15:00,2026-03-14,VALIDATION,R001,Payment instruction failed validation,MEDIUM,RESOLVED,TEAM_SYN_001,USER_SYN_001_A04,RESOLVED,SYN_RESOLVED,2026-03-14T21:15:00,2026-03-15T03:15:00,TRUE,TRUE
EXC_SYN_0000056,PAY_SYN_0006109,CUST_SYN_000034,ACCT_SYN_001034,2026-03-10T18:06:00,2026-03-10,LIQUIDITY,R002,Insufficient synthetic available funds,HIGH,OPEN,TEAM_SYN_002,USER_SYN_002_A01,UNRESOLVED,,,2026-03-10T22:06:00,FALSE,TRUE
EXC_SYN_0000057,PAY_SYN_0003917,CUST_SYN_000930,ACCT_SYN_000930,2026-01-16T16:35:00,2026-01-16,ROUTING,R003,Beneficiary routing information requires correction,MEDIUM,RESOLVED,TEAM_SYN_003,USER_SYN_003_A02,RESOLVED,SYN_RESOLVED,2026-01-16T17:35:00,2026-01-17T00:35:00,TRUE,TRUE
EXC_SYN_0000058,PAY_SYN_0012375,CUST_SYN_000376,ACCT_SYN_000376,2026-02-04T14:34:00,2026-02-04,CUTOFF,R004,Payment missed the processing cutoff,LOW,RESOLVED,TEAM_SYN_004,USER_SYN_004_A03,RESOLVED,SYN_RESOLVED,2026-02-04T16:34:00,2026-02-04T22:34:00,TRUE,FALSE
EXC_SYN_0000059,PAY_SYN_0000224,CUST_SYN_000789,ACCT_SYN_000789,2026-01-27T13:10:00,2026-01-27,SANCTIONS_SCREENING,R005,Synthetic screening review pending,HIGH,RESOLVED,TEAM_SYN_005,USER_SYN_005_A04,RESOLVED,SYN_RESOLVED,2026-01-27T16:10:00,2026-01-27T17:10:00,FALSE,TRUE
EXC_SYN_0000060,PAY_SYN_0010205,CUST_SYN_000086,ACCT_SYN_001086,2026-02-11T14:50:00,2026-02-11,DUPLICATE,R006,Potential duplicate payment instruction,HIGH,OPEN,TEAM_SYN_001,USER_SYN_001_A01,UNRESOLVED,,,2026-02-11T18:50:00,TRUE,TRUE
EXC_SYN_0000061,PAY_SYN_0013808,CUST_SYN_000897,ACCT_SYN_000897,2026-03-05T18:24:00,2026-03-05,SYSTEM,R007,Processing system unavailable,MEDIUM,RESOLVED,TEAM_SYN_002,USER_SYN_002_A02,RESOLVED,SYN_RESOLVED,2026-03-05T20:24:00,2026-03-06T02:24:00,FALSE,FALSE
EXC_SYN_0000062,PAY_SYN_0007358,CUST_SYN_000747,ACCT_SYN_000747,2025-11-16T18:07:00,2025-11-16,AUTHORIZATION,R008,Required payment authorization incomplete,HIGH,RESOLVED,TEAM_SYN_003,USER_SYN_003_A03,RESOLVED,SYN_RESOLVED,2025-11-16T21:07:00,2025-11-16T22:07:00,TRUE,TRUE
EXC_SYN_0000063,PAY_SYN_0005481,CUST_SYN_000298,ACCT_SYN_000298,2026-02-16T11:21:00,2026-02-16,BENEFICIARY,R009,Beneficiary details require review,MEDIUM,RESOLVED,TEAM_SYN_004,USER_SYN_004_A04,RESOLVED,SYN_RESOLVED,2026-02-16T20:54:00,2026-02-16T19:21:00,FALSE,TRUE
EXC_SYN_0000064,PAY_SYN_0017447,CUST_SYN_000540,ACCT_SYN_000540,2026-02-27T17:36:00,2026-02-27,CURRENCY,R010,Currency handling exception,MEDIUM,OPEN,TEAM_SYN_005,USER_SYN_005_A01,UNRESOLVED,,,2026-02-28T01:36:00,TRUE,TRUE
EXC_SYN_0000065,PAY_SYN_0003428,CUST_SYN_000837,ACCT_SYN_000837,2025-12-30T19:16:00,2025-12-30,SETTLEMENT,R011,Settlement confirmation delayed,LOW,RESOLVED,TEAM_SYN_001,USER_SYN_001_A02,RESOLVED,SYN_RESOLVED,2025-12-30T22:16:00,2025-12-31T03:16:00,FALSE,FALSE
EXC_SYN_0000066,PAY_SYN_0007541,CUST_SYN_000018,ACCT_SYN_000018,2025-12-28T12:20:00,2025-12-28,VALIDATION,R001,Payment instruction failed validation,MEDIUM,RESOLVED,TEAM_SYN_002,USER_SYN_002_A03,RESOLVED,SYN_RESOLVED,2025-12-28T13:20:00,2025-12-28T20:20:00,FALSE,TRUE
EXC_SYN_0000067,PAY_SYN_0020120,CUST_SYN_000441,ACCT_SYN_000441,2025-12-25T11:06:00,2025-12-25,LIQUIDITY,R002,Insufficient synthetic available funds,HIGH,RESOLVED,TEAM_SYN_003,USER_SYN_003_A04,RESOLVED,SYN_RESOLVED,2025-12-25T13:06:00,2025-12-25T15:06:00,TRUE,TRUE
EXC_SYN_0000068,PAY_SYN_0017630,CUST_SYN_000311,ACCT_SYN_001311,2026-02-19T11:49:00,2026-02-19,ROUTING,R003,Beneficiary routing information requires correction,MEDIUM,OPEN,TEAM_SYN_004,USER_SYN_004_A01,UNRESOLVED,,,2026-02-19T19:49:00,FALSE,TRUE
EXC_SYN_0000069,PAY_SYN_0024173,CUST_SYN_000402,ACCT_SYN_000402,2026-03-06T14:23:00,2026-03-06,CUTOFF,R004,Payment missed the processing cutoff,LOW,RESOLVED,TEAM_SYN_005,USER_SYN_005_A02,RESOLVED,SYN_RESOLVED,2026-03-06T15:23:00,2026-03-06T22:23:00,FALSE,FALSE
EXC_SYN_0000070,PAY_SYN_0012995,CUST_SYN_000816,ACCT_SYN_000816,2026-01-14T16:30:00,2026-01-14,SANCTIONS_SCREENING,R005,Synthetic screening review pending,HIGH,RESOLVED,TEAM_SYN_001,USER_SYN_001_A03,RESOLVED,SYN_RESOLVED,2026-01-14T22:10:00,2026-01-14T20:30:00,FALSE,TRUE
EXC_SYN_0000071,PAY_SYN_0018925,CUST_SYN_000226,ACCT_SYN_001226,2026-01-02T17:33:00,2026-01-02,DUPLICATE,R006,Potential duplicate payment instruction,HIGH,RESOLVED,TEAM_SYN_002,USER_SYN_002_A04,RESOLVED,SYN_RESOLVED,2026-01-02T20:33:00,2026-01-02T21:33:00,FALSE,TRUE
EXC_SYN_0000072,PAY_SYN_0011356,CUST_SYN_000173,ACCT_SYN_000173,2026-02-14T18:43:00,2026-02-14,SYSTEM,R007,Processing system unavailable,MEDIUM,OPEN,TEAM_SYN_003,USER_SYN_003_A01,UNRESOLVED,,,2026-02-15T02:43:00,FALSE,FALSE
EXC_SYN_0000073,PAY_SYN_0017043,CUST_SYN_000592,ACCT_SYN_000592,2025-11-29T15:25:00,2025-11-29,AUTHORIZATION,R008,Required payment authorization incomplete,HIGH,RESOLVED,TEAM_SYN_004,USER_SYN_004_A02,RESOLVED,SYN_RESOLVED,2025-11-29T17:25:00,2025-11-29T19:25:00,FALSE,TRUE
EXC_SYN_0000074,PAY_SYN_0006078,CUST_SYN_000387,ACCT_SYN_001387,2026-01-18T20:23:00,2026-01-18,BENEFICIARY,R009,Beneficiary details require review,MEDIUM,RESOLVED,TEAM_SYN_005,USER_SYN_005_A03,RESOLVED,SYN_RESOLVED,2026-01-18T23:23:00,2026-01-19T04:23:00,TRUE,TRUE
EXC_SYN_0000075,PAY_SYN_0009476,CUST_SYN_000113,ACCT_SYN_001113,2026-02-15T19:02:00,2026-02-15,CURRENCY,R010,Currency handling exception,MEDIUM,RESOLVED,TEAM_SYN_001,USER_SYN_001_A04,RESOLVED,SYN_RESOLVED,2026-02-15T20:02:00,2026-02-16T03:02:00,FALSE,TRUE
EXC_SYN_0000076,PAY_SYN_0018581,CUST_SYN_000498,ACCT_SYN_000498,2025-12-07T14:30:00,2025-12-07,SETTLEMENT,R011,Settlement confirmation delayed,LOW,OPEN,TEAM_SYN_002,USER_SYN_002_A01,UNRESOLVED,,,2025-12-07T22:30:00,FALSE,FALSE
EXC_SYN_0000077,PAY_SYN_0015870,CUST_SYN_000691,ACCT_SYN_000691,2025-11-21T13:26:00,2025-11-21,VALIDATION,R001,Payment instruction failed validation,MEDIUM,RESOLVED,TEAM_SYN_003,USER_SYN_003_A02,RESOLVED,SYN_RESOLVED,2025-11-21T23:13:00,2025-11-21T21:26:00,FALSE,TRUE
EXC_SYN_0000078,PAY_SYN_0008176,CUST_SYN_000013,ACCT_SYN_001013,2026-03-13T20:01:00,2026-03-13,LIQUIDITY,R002,Insufficient synthetic available funds,HIGH,RESOLVED,TEAM_SYN_004,USER_SYN_004_A03,RESOLVED,SYN_RESOLVED,2026-03-13T21:01:00,2026-03-14T00:01:00,TRUE,TRUE
EXC_SYN_0000079,PAY_SYN_0005922,CUST_SYN_000115,ACCT_SYN_000115,2026-01-14T16:16:00,2026-01-14,ROUTING,R003,Beneficiary routing information requires correction,MEDIUM,RESOLVED,TEAM_SYN_005,USER_SYN_005_A04,RESOLVED,SYN_RESOLVED,2026-01-14T18:16:00,2026-01-15T00:16:00,TRUE,TRUE
EXC_SYN_0000080,PAY_SYN_0006751,CUST_SYN_000788,ACCT_SYN_000788,2025-12-11T15:12:00,2025-12-11,CUTOFF,R004,Payment missed the processing cutoff,LOW,OPEN,TEAM_SYN_001,USER_SYN_001_A01,UNRESOLVED,,,2025-12-11T23:12:00,TRUE,FALSE
EXC_SYN_0000081,PAY_SYN_0015978,CUST_SYN_000187,ACCT_SYN_000187,2026-01-15T21:54:00,2026-01-15,SANCTIONS_SCREENING,R005,Synthetic screening review pending,HIGH,RESOLVED,TEAM_SYN_002,USER_SYN_002_A02,RESOLVED,SYN_RESOLVED,2026-01-15T22:54:00,2026-01-16T01:54:00,TRUE,TRUE
EXC_SYN_0000082,PAY_SYN_0010058,CUST_SYN_000147,ACCT_SYN_000147,2025-12-14T22:27:00,2025-12-14,DUPLICATE,R006,Potential duplicate payment instruction,HIGH,RESOLVED,TEAM_SYN_003,USER_SYN_003_A03,RESOLVED,SYN_RESOLVED,2025-12-15T00:27:00,2025-12-15T02:27:00,TRUE,TRUE
EXC_SYN_0000083,PAY_SYN_0015185,CUST_SYN_000846,ACCT_SYN_000846,2026-01-28T19:49:00,2026-01-28,SYSTEM,R007,Processing system unavailable,MEDIUM,RESOLVED,TEAM_SYN_004,USER_SYN_004_A04,RESOLVED,SYN_RESOLVED,2026-01-28T22:49:00,2026-01-29T03:49:00,FALSE,FALSE
EXC_SYN_0000084,PAY_SYN_0001840,CUST_SYN_000581,ACCT_SYN_000581,2026-01-23T09:07:00,2026-01-23,AUTHORIZATION,R008,Required payment authorization incomplete,HIGH,OPEN,TEAM_SYN_005,USER_SYN_005_A01,UNRESOLVED,,,2026-01-23T13:07:00,FALSE,TRUE
EXC_SYN_0000085,PAY_SYN_0009673,CUST_SYN_000902,ACCT_SYN_000902,2025-12-16T12:11:00,2025-12-16,BENEFICIARY,R009,Beneficiary details require review,MEDIUM,RESOLVED,TEAM_SYN_001,USER_SYN_001_A02,RESOLVED,SYN_RESOLVED,2025-12-16T14:11:00,2025-12-16T20:11:00,TRUE,TRUE
EXC_SYN_0000086,PAY_SYN_0000489,CUST_SYN_000094,ACCT_SYN_000094,2026-03-10T17:56:00,2026-03-10,CURRENCY,R010,Currency handling exception,MEDIUM,RESOLVED,TEAM_SYN_002,USER_SYN_002_A03,RESOLVED,SYN_RESOLVED,2026-03-10T20:56:00,2026-03-11T01:56:00,FALSE,TRUE
EXC_SYN_0000087,PAY_SYN_0017685,CUST_SYN_000346,ACCT_SYN_000346,2026-03-12T14:21:00,2026-03-12,LIQUIDITY,R002,Insufficient synthetic available funds,HIGH,RESOLVED,TEAM_SYN_003,USER_SYN_003_A04,RESOLVED,SYN_RESOLVED,2026-03-12T15:21:00,2026-03-12T18:21:00,TRUE,TRUE
EXC_SYN_0000088,PAY_SYN_0015369,CUST_SYN_000154,ACCT_SYN_000154,2025-12-16T18:22:00,2025-12-16,VALIDATION,R001,Payment instruction failed validation,MEDIUM,OPEN,TEAM_SYN_004,USER_SYN_004_A01,UNRESOLVED,,,2025-12-17T02:22:00,FALSE,TRUE
EXC_SYN_0000089,PAY_SYN_0008513,CUST_SYN_000482,ACCT_SYN_001482,2026-02-10T12:43:00,2026-02-10,LIQUIDITY,R002,Insufficient synthetic available funds,HIGH,RESOLVED,TEAM_SYN_005,USER_SYN_005_A02,RESOLVED,SYN_RESOLVED,2026-02-10T15:43:00,2026-02-10T16:43:00,TRUE,TRUE
EXC_SYN_0000090,PAY_SYN_0001302,CUST_SYN_000175,ACCT_SYN_000175,2025-12-27T12:39:00,2025-12-27,ROUTING,R003,Beneficiary routing information requires correction,MEDIUM,RESOLVED,TEAM_SYN_001,USER_SYN_001_A03,RESOLVED,SYN_RESOLVED,2025-12-27T13:39:00,2025-12-27T20:39:00,FALSE,TRUE
EXC_SYN_0000091,PAY_SYN_0023640,CUST_SYN_000181,ACCT_SYN_000181,2025-11-25T09:58:00,2025-11-25,CUTOFF,R004,Payment missed the processing cutoff,LOW,RESOLVED,TEAM_SYN_002,USER_SYN_002_A04,RESOLVED,SYN_RESOLVED,2025-11-25T19:59:00,2025-11-25T17:58:00,FALSE,FALSE
EXC_SYN_0000092,PAY_SYN_0006319,CUST_SYN_000304,ACCT_SYN_001304,2025-12-09T19:24:00,2025-12-09,SANCTIONS_SCREENING,R005,Synthetic screening review pending,HIGH,OPEN,TEAM_SYN_003,USER_SYN_003_A01,UNRESOLVED,,,2025-12-09T23:24:00,FALSE,TRUE
EXC_SYN_0000093,PAY_SYN_0013557,CUST_SYN_000610,ACCT_SYN_000610,2026-01-29T18:03:00,2026-01-29,DUPLICATE,R006,Potential duplicate payment instruction,HIGH,RESOLVED,TEAM_SYN_004,USER_SYN_004_A02,RESOLVED,SYN_RESOLVED,2026-01-29T19:03:00,2026-01-29T22:03:00,FALSE,TRUE
EXC_SYN_0000094,PAY_SYN_0012553,CUST_SYN_000962,ACCT_SYN_000962,2026-01-15T14:08:00,2026-01-15,SYSTEM,R007,Processing system unavailable,MEDIUM,RESOLVED,TEAM_SYN_005,USER_SYN_005_A03,RESOLVED,SYN_RESOLVED,2026-01-15T16:08:00,2026-01-15T22:08:00,TRUE,FALSE
EXC_SYN_0000095,PAY_SYN_0023045,CUST_SYN_000666,ACCT_SYN_000666,2025-12-20T16:25:00,2025-12-20,AUTHORIZATION,R008,Required payment authorization incomplete,HIGH,RESOLVED,TEAM_SYN_001,USER_SYN_001_A04,RESOLVED,SYN_RESOLVED,2025-12-20T19:25:00,2025-12-20T20:25:00,TRUE,TRUE
EXC_SYN_0000096,PAY_SYN_0018969,CUST_SYN_000354,ACCT_SYN_001354,2026-01-29T20:06:00,2026-01-29,BENEFICIARY,R009,Beneficiary details require review,MEDIUM,OPEN,TEAM_SYN_002,USER_SYN_002_A01,UNRESOLVED,,,2026-01-30T04:06:00,TRUE,TRUE
EXC_SYN_0000097,PAY_SYN_0008928,CUST_SYN_000337,ACCT_SYN_000337,2026-01-09T19:52:00,2026-01-09,CURRENCY,R010,Currency handling exception,MEDIUM,RESOLVED,TEAM_SYN_003,USER_SYN_003_A02,RESOLVED,SYN_RESOLVED,2026-01-09T21:52:00,2026-01-10T03:52:00,FALSE,TRUE
EXC_SYN_0000098,PAY_SYN_0023088,CUST_SYN_000757,ACCT_SYN_000757,2025-12-27T20:05:00,2025-12-27,SETTLEMENT,R011,Settlement confirmation delayed,LOW,RESOLVED,TEAM_SYN_004,USER_SYN_004_A03,RESOLVED,SYN_RESOLVED,2025-12-28T06:13:00,2025-12-28T04:05:00,TRUE,FALSE
EXC_SYN_0000099,PAY_SYN_0023270,CUST_SYN_000491,ACCT_SYN_001491,2026-03-09T12:32:00,2026-03-09,LIQUIDITY,R002,Insufficient synthetic available funds,HIGH,RESOLVED,TEAM_SYN_005,USER_SYN_005_A04,RESOLVED,SYN_RESOLVED,2026-03-09T13:32:00,2026-03-09T16:32:00,TRUE,TRUE
EXC_SYN_0000100,PAY_SYN_0011446,CUST_SYN_000503,ACCT_SYN_000503,2026-02-01T18:17:00,2026-02-01,LIQUIDITY,R002,Insufficient synthetic available funds,HIGH,OPEN,TEAM_SYN_001,USER_SYN_001_A01,UNRESOLVED,,,2026-02-01T22:17:00,TRUE,TRUE
EXC_SYN_0000101,PAY_SYN_0019372,CUST_SYN_000265,ACCT_SYN_001265,2026-02-08T14:12:00,2026-02-08,ROUTING,R003,Beneficiary routing information requires correction,MEDIUM,RESOLVED,TEAM_SYN_002,USER_SYN_002_A02,RESOLVED,SYN_RESOLVED,2026-02-08T17:12:00,2026-02-08T22:12:00,TRUE,TRUE
EXC_SYN_0000102,PAY_SYN_0006624,CUST_SYN_000589,ACCT_SYN_000589,2026-03-03T17:09:00,2026-03-03,CUTOFF,R004,Payment missed the processing cutoff,LOW,RESOLVED,TEAM_SYN_003,USER_SYN_003_A03,RESOLVED,SYN_RESOLVED,2026-03-03T18:09:00,2026-03-04T01:09:00,FALSE,FALSE
EXC_SYN_0000103,PAY_SYN_0020189,CUST_SYN_000494,ACCT_SYN_001494,2025-11-19T21:57:00,2025-11-19,SANCTIONS_SCREENING,R005,Synthetic screening review pending,HIGH,RESOLVED,TEAM_SYN_004,USER_SYN_004_A04,RESOLVED,SYN_RESOLVED,2025-11-19T23:57:00,2025-11-20T01:57:00,FALSE,TRUE
EXC_SYN_0000104,PAY_SYN_0006806,CUST_SYN_000323,ACCT_SYN_001323,2026-01-27T18:49:00,2026-01-27,DUPLICATE,R006,Potential duplicate payment instruction,HIGH,OPEN,TEAM_SYN_005,USER_SYN_005_A01,UNRESOLVED,,,2026-01-27T22:49:00,FALSE,TRUE
EXC_SYN_0000105,PAY_SYN_0015807,CUST_SYN_000360,ACCT_SYN_001360,2026-02-26T20:09:00,2026-02-26,SYSTEM,R007,Processing system unavailable,MEDIUM,RESOLVED,TEAM_SYN_001,USER_SYN_001_A02,RESOLVED,SYN_RESOLVED,2026-02-27T06:24:00,2026-02-27T04:09:00,TRUE,FALSE
EXC_SYN_0000106,PAY_SYN_0023681,CUST_SYN_000198,ACCT_SYN_000198,2026-02-09T15:00:00,2026-02-09,AUTHORIZATION,R008,Required payment authorization incomplete,HIGH,RESOLVED,TEAM_SYN_002,USER_SYN_002_A03,RESOLVED,SYN_RESOLVED,2026-02-09T17:00:00,2026-02-09T19:00:00,TRUE,TRUE
EXC_SYN_0000107,PAY_SYN_0004754,CUST_SYN_000399,ACCT_SYN_000399,2026-01-16T18:04:00,2026-01-16,BENEFICIARY,R009,Beneficiary details require review,MEDIUM,RESOLVED,TEAM_SYN_003,USER_SYN_003_A04,RESOLVED,SYN_RESOLVED,2026-01-16T21:04:00,2026-01-17T02:04:00,TRUE,TRUE
EXC_SYN_0000108,PAY_SYN_0023822,CUST_SYN_000915,ACCT_SYN_000915,2026-02-28T15:53:00,2026-02-28,CURRENCY,R010,Currency handling exception,MEDIUM,OPEN,TEAM_SYN_004,USER_SYN_004_A01,UNRESOLVED,,,2026-02-28T23:53:00,FALSE,TRUE
EXC_SYN_0000109,PAY_SYN_0023479,CUST_SYN_000224,ACCT_SYN_000224,2026-02-14T23:05:00,2026-02-14,SETTLEMENT,R011,Settlement confirmation delayed,LOW,RESOLVED,TEAM_SYN_005,USER_SYN_005_A02,RESOLVED,SYN_RESOLVED,2026-02-15T01:05:00,2026-02-15T07:05:00,TRUE,FALSE
EXC_SYN_0000110,PAY_SYN_0005677,CUST_SYN_000050,ACCT_SYN_000050,2025-11-28T21:24:00,2025-11-28,VALIDATION,R001,Payment instruction failed validation,MEDIUM,RESOLVED,TEAM_SYN_001,USER_SYN_001_A03,RESOLVED,SYN_RESOLVED,2025-11-29T00:24:00,2025-11-29T05:24:00,TRUE,TRUE
EXC_SYN_0000111,PAY_SYN_0002932,CUST_SYN_000485,ACCT_SYN_000485,2026-03-05T10:22:00,2026-03-05,LIQUIDITY,R002,Insufficient synthetic available funds,HIGH,RESOLVED,TEAM_SYN_002,USER_SYN_002_A04,RESOLVED,SYN_RESOLVED,2026-03-05T11:22:00,2026-03-05T14:22:00,FALSE,TRUE
EXC_SYN_0000112,PAY_SYN_0024888,CUST_SYN_000357,ACCT_SYN_001357,2026-03-02T17:07:00,2026-03-02,ROUTING,R003,Beneficiary routing information requires correction,MEDIUM,OPEN,TEAM_SYN_003,USER_SYN_003_A01,UNRESOLVED,,,2026-03-03T01:07:00,TRUE,TRUE
EXC_SYN_0000113,PAY_SYN_0020511,CUST_SYN_000408,ACCT_SYN_001408,2025-12-16T10:41:00,2025-12-16,CUTOFF,R004,Payment missed the processing cutoff,LOW,RESOLVED,TEAM_SYN_004,USER_SYN_004_A02,RESOLVED,SYN_RESOLVED,2025-12-16T13:41:00,2025-12-16T18:41:00,TRUE,FALSE
EXC_SYN_0000114,PAY_SYN_0021723,CUST_SYN_000252,ACCT_SYN_001252,2026-03-11T12:18:00,2026-03-11,LIQUIDITY,R002,Insufficient synthetic available funds,HIGH,RESOLVED,TEAM_SYN_005,USER_SYN_005_A03,RESOLVED,SYN_RESOLVED,2026-03-11T13:18:00,2026-03-11T16:18:00,TRUE,TRUE
EXC_SYN_0000115,PAY_SYN_0016520,CUST_SYN_000741,ACCT_SYN_000741,2025-12-19T09:30:00,2025-12-19,DUPLICATE,R006,Potential duplicate payment instruction,HIGH,RESOLVED,TEAM_SYN_001,USER_SYN_001_A04,RESOLVED,SYN_RESOLVED,2025-12-19T11:30:00,2025-12-19T13:30:00,FALSE,TRUE
EXC_SYN_0000116,PAY_SYN_0014409,CUST_SYN_000634,ACCT_SYN_000634,2026-01-08T18:26:00,2026-01-08,SYSTEM,R007,Processing system unavailable,MEDIUM,OPEN,TEAM_SYN_002,USER_SYN_002_A01,UNRESOLVED,,,2026-01-09T02:26:00,TRUE,FALSE
EXC_SYN_0000117,PAY_SYN_0021081,CUST_SYN_000498,ACCT_SYN_001498,2025-11-30T11:03:00,2025-11-30,AUTHORIZATION,R008,Required payment authorization incomplete,HIGH,RESOLVED,TEAM_SYN_003,USER_SYN_003_A02,RESOLVED,SYN_RESOLVED,2025-11-30T12:03:00,2025-11-30T15:03:00,FALSE,TRUE
EXC_SYN_0000118,PAY_SYN_0024972,CUST_SYN_000465,ACCT_SYN_001465,2025-12-13T12:13:00,2025-12-13,BENEFICIARY,R009,Beneficiary details require review,MEDIUM,RESOLVED,TEAM_SYN_004,USER_SYN_004_A03,RESOLVED,SYN_RESOLVED,2025-12-13T14:13:00,2025-12-13T20:13:00,TRUE,TRUE
EXC_SYN_0000119,PAY_SYN_0001367,CUST_SYN_000080,ACCT_SYN_001080,2026-02-02T17:31:00,2026-02-02,CURRENCY,R010,Currency handling exception,MEDIUM,RESOLVED,TEAM_SYN_005,USER_SYN_005_A04,RESOLVED,SYN_RESOLVED,2026-02-03T04:00:00,2026-02-03T01:31:00,FALSE,TRUE
EXC_SYN_0000120,PAY_SYN_0011595,CUST_SYN_000016,ACCT_SYN_000016,2026-01-12T16:00:00,2026-01-12,SETTLEMENT,R011,Settlement confirmation delayed,LOW,OPEN,TEAM_SYN_001,USER_SYN_001_A01,UNRESOLVED,,,2026-01-13T00:00:00,FALSE,FALSE
EXC_SYN_0000121,PAY_SYN_0018809,CUST_SYN_000434,ACCT_SYN_001434,2026-01-24T19:51:00,2026-01-24,VALIDATION,R001,Payment instruction failed validation,MEDIUM,RESOLVED,TEAM_SYN_002,USER_SYN_002_A02,RESOLVED,SYN_RESOLVED,2026-01-24T21:51:00,2026-01-25T03:51:00,TRUE,TRUE
EXC_SYN_0000122,PAY_SYN_0011793,CUST_SYN_000342,ACCT_SYN_001342,2026-01-18T14:32:00,2026-01-18,LIQUIDITY,R002,Insufficient synthetic available funds,HIGH,RESOLVED,TEAM_SYN_003,USER_SYN_003_A03,RESOLVED,SYN_RESOLVED,2026-01-18T17:32:00,2026-01-18T18:32:00,FALSE,TRUE
EXC_SYN_0000123,PAY_SYN_0014677,CUST_SYN_000050,ACCT_SYN_000050,2026-02-05T18:13:00,2026-02-05,ROUTING,R003,Beneficiary routing information requires correction,MEDIUM,RESOLVED,TEAM_SYN_004,USER_SYN_004_A04,RESOLVED,SYN_RESOLVED,2026-02-05T19:13:00,2026-02-06T02:13:00,FALSE,TRUE
EXC_SYN_0000124,PAY_SYN_0007049,CUST_SYN_000314,ACCT_SYN_001314,2025-12-25T20:30:00,2025-12-25,CUTOFF,R004,Payment missed the processing cutoff,LOW,OPEN,TEAM_SYN_005,USER_SYN_005_A01,UNRESOLVED,,,2025-12-26T04:30:00,FALSE,FALSE
EXC_SYN_0000125,PAY_SYN_0010164,CUST_SYN_000069,ACCT_SYN_001069,2026-02-10T16:08:00,2026-02-10,SANCTIONS_SCREENING,R005,Synthetic screening review pending,HIGH,RESOLVED,TEAM_SYN_001,USER_SYN_001_A02,RESOLVED,SYN_RESOLVED,2026-02-10T19:08:00,2026-02-10T20:08:00,TRUE,TRUE
EXC_SYN_0000126,PAY_SYN_0012510,CUST_SYN_000871,ACCT_SYN_000871,2026-03-13T12:03:00,2026-03-13,LIQUIDITY,R002,Insufficient synthetic available funds,HIGH,RESOLVED,TEAM_SYN_002,USER_SYN_002_A03,RESOLVED,SYN_RESOLVED,2026-03-13T18:39:00,2026-03-13T16:03:00,TRUE,TRUE
EXC_SYN_0000127,PAY_SYN_0005801,CUST_SYN_000138,ACCT_SYN_000138,2026-03-09T13:33:00,2026-03-09,SYSTEM,R007,Processing system unavailable,MEDIUM,RESOLVED,TEAM_SYN_003,USER_SYN_003_A04,RESOLVED,SYN_RESOLVED,2026-03-09T15:33:00,2026-03-09T21:33:00,TRUE,FALSE
EXC_SYN_0000128,PAY_SYN_0007865,CUST_SYN_000006,ACCT_SYN_000006,2025-12-29T17:34:00,2025-12-29,AUTHORIZATION,R008,Required payment authorization incomplete,HIGH,OPEN,TEAM_SYN_004,USER_SYN_004_A01,UNRESOLVED,,,2025-12-29T21:34:00,TRUE,TRUE
EXC_SYN_0000129,PAY_SYN_0005255,CUST_SYN_000936,ACCT_SYN_000936,2026-03-03T17:17:00,2026-03-03,BENEFICIARY,R009,Beneficiary details require review,MEDIUM,RESOLVED,TEAM_SYN_005,USER_SYN_005_A02,RESOLVED,SYN_RESOLVED,2026-03-03T18:17:00,2026-03-04T01:17:00,TRUE,TRUE
EXC_SYN_0000130,PAY_SYN_0015586,CUST_SYN_000683,ACCT_SYN_000683,2026-01-14T18:47:00,2026-01-14,CURRENCY,R010,Currency handling exception,MEDIUM,RESOLVED,TEAM_SYN_001,USER_SYN_001_A03,RESOLVED,SYN_RESOLVED,2026-01-14T20:47:00,2026-01-15T02:47:00,TRUE,TRUE
EXC_SYN_0000131,PAY_SYN_0004232,CUST_SYN_000585,ACCT_SYN_000585,2026-01-18T15:22:00,2026-01-18,SETTLEMENT,R011,Settlement confirmation delayed,LOW,RESOLVED,TEAM_SYN_002,USER_SYN_002_A04,RESOLVED,SYN_RESOLVED,2026-01-18T18:22:00,2026-01-18T23:22:00,TRUE,FALSE
EXC_SYN_0000132,PAY_SYN_0017017,CUST_SYN_000130,ACCT_SYN_001130,2026-03-08T20:10:00,2026-03-08,VALIDATION,R001,Payment instruction failed validation,MEDIUM,OPEN,TEAM_SYN_003,USER_SYN_003_A01,UNRESOLVED,,,2026-03-09T04:10:00,FALSE,TRUE
EXC_SYN_0000133,PAY_SYN_0017420,CUST_SYN_000041,ACCT_SYN_001041,2026-01-18T13:24:00,2026-01-18,LIQUIDITY,R002,Insufficient synthetic available funds,HIGH,RESOLVED,TEAM_SYN_004,USER_SYN_004_A02,RESOLVED,SYN_RESOLVED,2026-01-18T20:07:00,2026-01-18T17:24:00,FALSE,TRUE
EXC_SYN_0000134,PAY_SYN_0016076,CUST_SYN_000813,ACCT_SYN_000813,2025-12-24T19:49:00,2025-12-24,ROUTING,R003,Beneficiary routing information requires correction,MEDIUM,RESOLVED,TEAM_SYN_005,USER_SYN_005_A03,RESOLVED,SYN_RESOLVED,2025-12-24T22:49:00,2025-12-25T03:49:00,TRUE,TRUE
EXC_SYN_0000135,PAY_SYN_0002954,CUST_SYN_000299,ACCT_SYN_001299,2026-03-05T18:08:00,2026-03-05,CUTOFF,R004,Payment missed the processing cutoff,LOW,RESOLVED,TEAM_SYN_001,USER_SYN_001_A04,RESOLVED,SYN_RESOLVED,2026-03-05T19:08:00,2026-03-06T02:08:00,FALSE,FALSE
EXC_SYN_0000136,PAY_SYN_0020901,CUST_SYN_000838,ACCT_SYN_000838,2025-12-28T15:10:00,2025-12-28,SANCTIONS_SCREENING,R005,Synthetic screening review pending,HIGH,OPEN,TEAM_SYN_002,USER_SYN_002_A01,UNRESOLVED,,,2025-12-28T19:10:00,TRUE,TRUE
EXC_SYN_0000137,PAY_SYN_0022425,CUST_SYN_000226,ACCT_SYN_000226,2025-11-21T19:11:00,2025-11-21,DUPLICATE,R006,Potential duplicate payment instruction,HIGH,RESOLVED,TEAM_SYN_003,USER_SYN_003_A02,RESOLVED,SYN_RESOLVED,2025-11-21T22:11:00,2025-11-21T23:11:00,FALSE,TRUE
EXC_SYN_0000138,PAY_SYN_0003396,CUST_SYN_000153,ACCT_SYN_001153,2026-03-05T20:21:00,2026-03-05,SYSTEM,R007,Processing system unavailable,MEDIUM,RESOLVED,TEAM_SYN_004,USER_SYN_004_A03,RESOLVED,SYN_RESOLVED,2026-03-05T21:21:00,2026-03-06T04:21:00,TRUE,FALSE
EXC_SYN_0000139,PAY_SYN_0004582,CUST_SYN_000035,ACCT_SYN_000035,2026-01-10T10:56:00,2026-01-10,AUTHORIZATION,R008,Required payment authorization incomplete,HIGH,RESOLVED,TEAM_SYN_005,USER_SYN_005_A04,RESOLVED,SYN_RESOLVED,2026-01-10T12:56:00,2026-01-10T14:56:00,TRUE,TRUE
EXC_SYN_0000140,PAY_SYN_0012792,CUST_SYN_000805,ACCT_SYN_000805,2026-01-24T10:59:00,2026-01-24,BENEFICIARY,R009,Beneficiary details require review,MEDIUM,OPEN,TEAM_SYN_001,USER_SYN_001_A01,UNRESOLVED,,,2026-01-24T18:59:00,FALSE,TRUE
EXC_SYN_0000141,PAY_SYN_0024761,CUST_SYN_000158,ACCT_SYN_001158,2026-02-04T10:35:00,2026-02-04,CURRENCY,R010,Currency handling exception,MEDIUM,RESOLVED,TEAM_SYN_002,USER_SYN_002_A02,RESOLVED,SYN_RESOLVED,2026-02-04T11:35:00,2026-02-04T18:35:00,TRUE,TRUE
EXC_SYN_0000142,PAY_SYN_0006951,CUST_SYN_000688,ACCT_SYN_000688,2026-03-02T10:58:00,2026-03-02,SETTLEMENT,R011,Settlement confirmation delayed,LOW,RESOLVED,TEAM_SYN_003,USER_SYN_003_A03,RESOLVED,SYN_RESOLVED,2026-03-02T12:58:00,2026-03-02T18:58:00,FALSE,FALSE
EXC_SYN_0000143,PAY_SYN_0018189,CUST_SYN_000994,ACCT_SYN_000994,2026-01-02T18:17:00,2026-01-02,VALIDATION,R001,Payment instruction failed validation,MEDIUM,RESOLVED,TEAM_SYN_004,USER_SYN_004_A04,RESOLVED,SYN_RESOLVED,2026-01-02T21:17:00,2026-01-03T02:17:00,TRUE,TRUE
EXC_SYN_0000144,PAY_SYN_0007019,CUST_SYN_000204,ACCT_SYN_000204,2025-12-26T19:20:00,2025-12-26,LIQUIDITY,R002,Insufficient synthetic available funds,HIGH,OPEN,TEAM_SYN_005,USER_SYN_005_A01,UNRESOLVED,,,2025-12-26T23:20:00,TRUE,TRUE
EXC_SYN_0000145,PAY_SYN_0012164,CUST_SYN_000069,ACCT_SYN_000069,2026-01-14T13:48:00,2026-01-14,ROUTING,R003,Beneficiary routing information requires correction,MEDIUM,RESOLVED,TEAM_SYN_001,USER_SYN_001_A02,RESOLVED,SYN_RESOLVED,2026-01-14T15:48:00,2026-01-14T21:48:00,FALSE,TRUE
EXC_SYN_0000146,PAY_SYN_0020661,CUST_SYN_000958,ACCT_SYN_000958,2025-12-15T11:20:00,2025-12-15,CUTOFF,R004,Payment missed the processing cutoff,LOW,RESOLVED,TEAM_SYN_002,USER_SYN_002_A03,RESOLVED,SYN_RESOLVED,2025-12-15T14:20:00,2025-12-15T19:20:00,FALSE,FALSE
EXC_SYN_0000147,PAY_SYN_0001722,CUST_SYN_000715,ACCT_SYN_000715,2025-12-03T13:00:00,2025-12-03,SANCTIONS_SCREENING,R005,Synthetic screening review pending,HIGH,RESOLVED,TEAM_SYN_003,USER_SYN_003_A04,RESOLVED,SYN_RESOLVED,2025-12-03T19:57:00,2025-12-03T17:00:00,FALSE,TRUE
EXC_SYN_0000148,PAY_SYN_0019212,CUST_SYN_000345,ACCT_SYN_001345,2025-11-28T12:43:00,2025-11-28,DUPLICATE,R006,Potential duplicate payment instruction,HIGH,OPEN,TEAM_SYN_004,USER_SYN_004_A01,UNRESOLVED,,,2025-11-28T16:43:00,TRUE,TRUE
EXC_SYN_0000149,PAY_SYN_0018667,CUST_SYN_000680,ACCT_SYN_000680,2026-01-12T18:21:00,2026-01-12,SYSTEM,R007,Processing system unavailable,MEDIUM,RESOLVED,TEAM_SYN_005,USER_SYN_005_A02,RESOLVED,SYN_RESOLVED,2026-01-12T21:21:00,2026-01-13T02:21:00,TRUE,FALSE
EXC_SYN_0000150,PAY_SYN_0007519,CUST_SYN_000704,ACCT_SYN_000704,2026-02-06T19:58:00,2026-02-06,AUTHORIZATION,R008,Required payment authorization incomplete,HIGH,RESOLVED,TEAM_SYN_001,USER_SYN_001_A03,RESOLVED,SYN_RESOLVED,2026-02-06T20:58:00,2026-02-06T23:58:00,FALSE,TRUE
EXC_SYN_0000151,PAY_SYN_0011492,CUST_SYN_000705,ACCT_SYN_000705,2026-01-07T13:42:00,2026-01-07,BENEFICIARY,R009,Beneficiary details require review,MEDIUM,RESOLVED,TEAM_SYN_002,USER_SYN_002_A04,RESOLVED,SYN_RESOLVED,2026-01-07T15:42:00,2026-01-07T21:42:00,FALSE,TRUE
EXC_SYN_0000152,PAY_SYN_0001479,CUST_SYN_000724,ACCT_SYN_000724,2026-02-26T20:44:00,2026-02-26,CURRENCY,R010,Currency handling exception,MEDIUM,OPEN,TEAM_SYN_003,USER_SYN_003_A01,UNRESOLVED,,,2026-02-27T04:44:00,TRUE,TRUE
EXC_SYN_0000153,PAY_SYN_0011135,CUST_SYN_000996,ACCT_SYN_000996,2026-03-07T16:29:00,2026-03-07,SETTLEMENT,R011,Settlement confirmation delayed,LOW,RESOLVED,TEAM_SYN_004,USER_SYN_004_A02,RESOLVED,SYN_RESOLVED,2026-03-07T17:29:00,2026-03-08T00:29:00,FALSE,FALSE
EXC_SYN_0000154,PAY_SYN_0023533,CUST_SYN_000722,ACCT_SYN_000722,2025-12-21T15:08:00,2025-12-21,VALIDATION,R001,Payment instruction failed validation,MEDIUM,RESOLVED,TEAM_SYN_005,USER_SYN_005_A03,RESOLVED,SYN_RESOLVED,2025-12-22T02:12:00,2025-12-21T23:08:00,FALSE,TRUE
EXC_SYN_0000155,PAY_SYN_0000317,CUST_SYN_000230,ACCT_SYN_001230,2025-12-16T19:49:00,2025-12-16,LIQUIDITY,R002,Insufficient synthetic available funds,HIGH,RESOLVED,TEAM_SYN_001,USER_SYN_001_A04,RESOLVED,SYN_RESOLVED,2025-12-16T22:49:00,2025-12-16T23:49:00,TRUE,TRUE
EXC_SYN_0000156,PAY_SYN_0007987,CUST_SYN_000020,ACCT_SYN_000020,2026-03-10T19:52:00,2026-03-10,LIQUIDITY,R002,Insufficient synthetic available funds,HIGH,OPEN,TEAM_SYN_002,USER_SYN_002_A01,UNRESOLVED,,,2026-03-10T23:52:00,FALSE,TRUE
EXC_SYN_0000157,PAY_SYN_0008562,CUST_SYN_000295,ACCT_SYN_000295,2025-12-20T15:10:00,2025-12-20,CUTOFF,R004,Payment missed the processing cutoff,LOW,RESOLVED,TEAM_SYN_003,USER_SYN_003_A02,RESOLVED,SYN_RESOLVED,2025-12-20T17:10:00,2025-12-20T23:10:00,TRUE,FALSE
EXC_SYN_0000158,PAY_SYN_0020571,CUST_SYN_000628,ACCT_SYN_000628,2026-01-15T14:26:00,2026-01-15,SANCTIONS_SCREENING,R005,Synthetic screening review pending,HIGH,RESOLVED,TEAM_SYN_004,USER_SYN_004_A03,RESOLVED,SYN_RESOLVED,2026-01-15T17:26:00,2026-01-15T18:26:00,FALSE,TRUE
EXC_SYN_0000159,PAY_SYN_0022854,CUST_SYN_000099,ACCT_SYN_001099,2026-02-13T17:00:00,2026-02-13,DUPLICATE,R006,Potential duplicate payment instruction,HIGH,RESOLVED,TEAM_SYN_005,USER_SYN_005_A04,RESOLVED,SYN_RESOLVED,2026-02-13T18:00:00,2026-02-13T21:00:00,FALSE,TRUE
EXC_SYN_0000160,PAY_SYN_0022611,CUST_SYN_000108,ACCT_SYN_001108,2025-11-21T14:52:00,2025-11-21,SYSTEM,R007,Processing system unavailable,MEDIUM,OPEN,TEAM_SYN_001,USER_SYN_001_A01,UNRESOLVED,,,2025-11-21T22:52:00,FALSE,FALSE
EXC_SYN_0000161,PAY_SYN_0007217,CUST_SYN_000030,ACCT_SYN_000030,2026-01-20T21:07:00,2026-01-20,AUTHORIZATION,R008,Required payment authorization incomplete,HIGH,RESOLVED,TEAM_SYN_002,USER_SYN_002_A02,RESOLVED,SYN_RESOLVED,2026-01-21T04:18:00,2026-01-21T01:07:00,FALSE,TRUE
EXC_SYN_0000162,PAY_SYN_0006224,CUST_SYN_000789,ACCT_SYN_000789,2026-02-16T17:29:00,2026-02-16,BENEFICIARY,R009,Beneficiary details require review,MEDIUM,RESOLVED,TEAM_SYN_003,USER_SYN_003_A03,RESOLVED,SYN_RESOLVED,2026-02-16T18:29:00,2026-02-17T01:29:00,TRUE,TRUE
EXC_SYN_0000163,PAY_SYN_0020210,CUST_SYN_000771,ACCT_SYN_000771,2026-02-05T14:24:00,2026-02-05,CURRENCY,R010,Currency handling exception,MEDIUM,RESOLVED,TEAM_SYN_004,USER_SYN_004_A04,RESOLVED,SYN_RESOLVED,2026-02-05T16:24:00,2026-02-05T22:24:00,TRUE,TRUE
EXC_SYN_0000164,PAY_SYN_0013925,CUST_SYN_000726,ACCT_SYN_000726,2025-12-13T19:22:00,2025-12-13,SETTLEMENT,R011,Settlement confirmation delayed,LOW,OPEN,TEAM_SYN_005,USER_SYN_005_A01,UNRESOLVED,,,2025-12-14T03:22:00,TRUE,FALSE
EXC_SYN_0000165,PAY_SYN_0010983,CUST_SYN_000372,ACCT_SYN_001372,2025-11-23T17:21:00,2025-11-23,VALIDATION,R001,Payment instruction failed validation,MEDIUM,RESOLVED,TEAM_SYN_001,USER_SYN_001_A02,RESOLVED,SYN_RESOLVED,2025-11-23T18:21:00,2025-11-24T01:21:00,FALSE,TRUE
EXC_SYN_0000166,PAY_SYN_0017187,CUST_SYN_000420,ACCT_SYN_001420,2026-01-07T21:22:00,2026-01-07,LIQUIDITY,R002,Insufficient synthetic available funds,HIGH,RESOLVED,TEAM_SYN_002,USER_SYN_002_A03,RESOLVED,SYN_RESOLVED,2026-01-07T23:22:00,2026-01-08T01:22:00,FALSE,TRUE
EXC_SYN_0000167,PAY_SYN_0020969,CUST_SYN_000354,ACCT_SYN_000354,2025-12-29T17:49:00,2025-12-29,ROUTING,R003,Beneficiary routing information requires correction,MEDIUM,RESOLVED,TEAM_SYN_003,USER_SYN_003_A04,RESOLVED,SYN_RESOLVED,2025-12-29T20:49:00,2025-12-30T01:49:00,TRUE,TRUE
EXC_SYN_0000168,PAY_SYN_0022038,CUST_SYN_000907,ACCT_SYN_000907,2026-02-11T16:45:00,2026-02-11,CUTOFF,R004,Payment missed the processing cutoff,LOW,OPEN,TEAM_SYN_004,USER_SYN_004_A01,UNRESOLVED,,,2026-02-12T00:45:00,TRUE,FALSE
EXC_SYN_0000169,PAY_SYN_0008902,CUST_SYN_000875,ACCT_SYN_000875,2026-03-05T11:26:00,2026-03-05,SANCTIONS_SCREENING,R005,Synthetic screening review pending,HIGH,RESOLVED,TEAM_SYN_005,USER_SYN_005_A02,RESOLVED,SYN_RESOLVED,2026-03-05T13:26:00,2026-03-05T15:26:00,TRUE,TRUE
EXC_SYN_0000170,PAY_SYN_0014478,CUST_SYN_000187,ACCT_SYN_000187,2025-11-22T17:11:00,2025-11-22,DUPLICATE,R006,Potential duplicate payment instruction,HIGH,RESOLVED,TEAM_SYN_001,USER_SYN_001_A03,RESOLVED,SYN_RESOLVED,2025-11-22T20:11:00,2025-11-22T21:11:00,FALSE,TRUE
EXC_SYN_0000171,PAY_SYN_0018233,CUST_SYN_000122,ACCT_SYN_001122,2025-12-12T12:29:00,2025-12-12,SYSTEM,R007,Processing system unavailable,MEDIUM,RESOLVED,TEAM_SYN_002,USER_SYN_002_A04,RESOLVED,SYN_RESOLVED,2025-12-12T13:29:00,2025-12-12T20:29:00,TRUE,FALSE
EXC_SYN_0000172,PAY_SYN_0022976,CUST_SYN_000113,ACCT_SYN_001113,2026-03-15T16:03:00,2026-03-15,AUTHORIZATION,R008,Required payment authorization incomplete,HIGH,OPEN,TEAM_SYN_003,USER_SYN_003_A01,UNRESOLVED,,,2026-03-15T20:03:00,FALSE,TRUE
EXC_SYN_0000173,PAY_SYN_0001634,CUST_SYN_000459,ACCT_SYN_000459,2025-12-24T14:22:00,2025-12-24,BENEFICIARY,R009,Beneficiary details require review,MEDIUM,RESOLVED,TEAM_SYN_004,USER_SYN_004_A02,RESOLVED,SYN_RESOLVED,2025-12-24T17:22:00,2025-12-24T22:22:00,FALSE,TRUE
EXC_SYN_0000174,PAY_SYN_0016430,CUST_SYN_000411,ACCT_SYN_000411,2026-02-23T10:47:00,2026-02-23,CURRENCY,R010,Currency handling exception,MEDIUM,RESOLVED,TEAM_SYN_005,USER_SYN_005_A03,RESOLVED,SYN_RESOLVED,2026-02-23T11:47:00,2026-02-23T18:47:00,FALSE,TRUE
EXC_SYN_0000175,PAY_SYN_0023061,CUST_SYN_000258,ACCT_SYN_001258,2025-11-16T11:37:00,2025-11-16,SETTLEMENT,R011,Settlement confirmation delayed,LOW,RESOLVED,TEAM_SYN_001,USER_SYN_001_A04,RESOLVED,SYN_RESOLVED,2025-11-16T23:02:00,2025-11-16T19:37:00,FALSE,FALSE
EXC_SYN_0000176,PAY_SYN_0002455,CUST_SYN_000836,ACCT_SYN_000836,2026-03-10T15:48:00,2026-03-10,VALIDATION,R001,Payment instruction failed validation,MEDIUM,OPEN,TEAM_SYN_002,USER_SYN_002_A01,UNRESOLVED,,,2026-03-10T23:48:00,TRUE,TRUE
EXC_SYN_0000177,PAY_SYN_0004470,CUST_SYN_000391,ACCT_SYN_000391,2026-02-21T11:06:00,2026-02-21,LIQUIDITY,R002,Insufficient synthetic available funds,HIGH,RESOLVED,TEAM_SYN_003,USER_SYN_003_A02,RESOLVED,SYN_RESOLVED,2026-02-21T12:06:00,2026-02-21T15:06:00,TRUE,TRUE
EXC_SYN_0000178,PAY_SYN_0005743,CUST_SYN_000992,ACCT_SYN_000992,2026-02-16T13:50:00,2026-02-16,ROUTING,R003,Beneficiary routing information requires correction,MEDIUM,RESOLVED,TEAM_SYN_004,USER_SYN_004_A03,RESOLVED,SYN_RESOLVED,2026-02-16T15:50:00,2026-02-16T21:50:00,FALSE,TRUE
EXC_SYN_0000179,PAY_SYN_0007801,CUST_SYN_000638,ACCT_SYN_000638,2025-11-17T12:09:00,2025-11-17,CUTOFF,R004,Payment missed the processing cutoff,LOW,RESOLVED,TEAM_SYN_005,USER_SYN_005_A04,RESOLVED,SYN_RESOLVED,2025-11-17T15:09:00,2025-11-17T20:09:00,FALSE,FALSE
EXC_SYN_0000180,PAY_SYN_0007291,CUST_SYN_000268,ACCT_SYN_001268,2026-02-19T12:52:00,2026-02-19,SANCTIONS_SCREENING,R005,Synthetic screening review pending,HIGH,OPEN,TEAM_SYN_001,USER_SYN_001_A01,UNRESOLVED,,,2026-02-19T16:52:00,TRUE,TRUE
EXC_SYN_0000181,PAY_SYN_0016284,CUST_SYN_000009,ACCT_SYN_001009,2025-11-27T16:16:00,2025-11-27,DUPLICATE,R006,Potential duplicate payment instruction,HIGH,RESOLVED,TEAM_SYN_002,USER_SYN_002_A02,RESOLVED,SYN_RESOLVED,2025-11-27T18:16:00,2025-11-27T20:16:00,FALSE,TRUE
EXC_SYN_0000182,PAY_SYN_0017449,CUST_SYN_000614,ACCT_SYN_000614,2026-02-05T21:24:00,2026-02-05,SYSTEM,R007,Processing system unavailable,MEDIUM,RESOLVED,TEAM_SYN_003,USER_SYN_003_A03,RESOLVED,SYN_RESOLVED,2026-02-06T05:56:00,2026-02-06T05:24:00,TRUE,FALSE
EXC_SYN_0000183,PAY_SYN_0014544,CUST_SYN_000129,ACCT_SYN_001129,2026-02-25T16:42:00,2026-02-25,AUTHORIZATION,R008,Required payment authorization incomplete,HIGH,RESOLVED,TEAM_SYN_004,USER_SYN_004_A04,RESOLVED,SYN_RESOLVED,2026-02-25T17:42:00,2026-02-25T20:42:00,TRUE,TRUE
EXC_SYN_0000184,PAY_SYN_0024077,CUST_SYN_000350,ACCT_SYN_001350,2026-02-02T20:06:00,2026-02-02,BENEFICIARY,R009,Beneficiary details require review,MEDIUM,OPEN,TEAM_SYN_005,USER_SYN_005_A01,UNRESOLVED,,,2026-02-03T04:06:00,FALSE,TRUE
EXC_SYN_0000185,PAY_SYN_0015777,CUST_SYN_000250,ACCT_SYN_000250,2026-01-14T19:59:00,2026-01-14,CURRENCY,R010,Currency handling exception,MEDIUM,RESOLVED,TEAM_SYN_001,USER_SYN_001_A02,RESOLVED,SYN_RESOLVED,2026-01-14T22:59:00,2026-01-15T03:59:00,TRUE,TRUE
EXC_SYN_0000186,PAY_SYN_0013017,CUST_SYN_000130,ACCT_SYN_000130,2025-12-15T20:12:00,2025-12-15,SETTLEMENT,R011,Settlement confirmation delayed,LOW,RESOLVED,TEAM_SYN_002,USER_SYN_002_A03,RESOLVED,SYN_RESOLVED,2025-12-15T21:12:00,2025-12-16T04:12:00,FALSE,FALSE
EXC_SYN_0000187,PAY_SYN_0000368,CUST_SYN_000117,ACCT_SYN_000117,2026-03-04T21:42:00,2026-03-04,VALIDATION,R001,Payment instruction failed validation,MEDIUM,RESOLVED,TEAM_SYN_003,USER_SYN_003_A04,RESOLVED,SYN_RESOLVED,2026-03-04T23:42:00,2026-03-05T05:42:00,TRUE,TRUE
EXC_SYN_0000188,PAY_SYN_0002425,CUST_SYN_000226,ACCT_SYN_001226,2025-12-11T18:54:00,2025-12-11,LIQUIDITY,R002,Insufficient synthetic available funds,HIGH,OPEN,TEAM_SYN_004,USER_SYN_004_A01,UNRESOLVED,,,2025-12-11T22:54:00,FALSE,TRUE
EXC_SYN_0000189,PAY_SYN_0009354,CUST_SYN_000099,ACCT_SYN_001099,2026-01-01T17:30:00,2026-01-01,ROUTING,R003,Beneficiary routing information requires correction,MEDIUM,RESOLVED,TEAM_SYN_005,USER_SYN_005_A02,RESOLVED,SYN_RESOLVED,2026-01-02T02:09:00,2026-01-02T01:30:00,TRUE,TRUE
EXC_SYN_0000190,PAY_SYN_0002376,CUST_SYN_000913,ACCT_SYN_000913,2025-12-12T19:37:00,2025-12-12,CUTOFF,R004,Payment missed the processing cutoff,LOW,RESOLVED,TEAM_SYN_001,USER_SYN_001_A03,RESOLVED,SYN_RESOLVED,2025-12-12T21:37:00,2025-12-13T03:37:00,TRUE,FALSE
EXC_SYN_0000191,PAY_SYN_0005909,CUST_SYN_000134,ACCT_SYN_001134,2025-12-01T23:01:00,2025-12-01,SANCTIONS_SCREENING,R005,Synthetic screening review pending,HIGH,RESOLVED,TEAM_SYN_002,USER_SYN_002_A04,RESOLVED,SYN_RESOLVED,2025-12-02T02:01:00,2025-12-02T03:01:00,FALSE,TRUE
EXC_SYN_0000192,PAY_SYN_0016776,CUST_SYN_000213,ACCT_SYN_001213,2025-12-13T20:03:00,2025-12-13,DUPLICATE,R006,Potential duplicate payment instruction,HIGH,OPEN,TEAM_SYN_003,USER_SYN_003_A01,UNRESOLVED,,,2025-12-14T00:03:00,FALSE,TRUE
EXC_SYN_0000193,PAY_SYN_0005337,CUST_SYN_000970,ACCT_SYN_000970,2026-01-21T21:43:00,2026-01-21,SYSTEM,R007,Processing system unavailable,MEDIUM,RESOLVED,TEAM_SYN_004,USER_SYN_004_A02,RESOLVED,SYN_RESOLVED,2026-01-21T23:43:00,2026-01-22T05:43:00,FALSE,FALSE
EXC_SYN_0000194,PAY_SYN_0018481,CUST_SYN_000298,ACCT_SYN_001298,2026-01-21T09:24:00,2026-01-21,AUTHORIZATION,R008,Required payment authorization incomplete,HIGH,RESOLVED,TEAM_SYN_005,USER_SYN_005_A03,RESOLVED,SYN_RESOLVED,2026-01-21T12:24:00,2026-01-21T13:24:00,TRUE,TRUE
EXC_SYN_0000195,PAY_SYN_0016833,CUST_SYN_000322,ACCT_SYN_000322,2026-03-13T12:21:00,2026-03-13,LIQUIDITY,R002,Insufficient synthetic available funds,HIGH,RESOLVED,TEAM_SYN_001,USER_SYN_001_A04,RESOLVED,SYN_RESOLVED,2026-03-13T13:21:00,2026-03-13T16:21:00,TRUE,TRUE
EXC_SYN_0000196,PAY_SYN_0017643,CUST_SYN_000292,ACCT_SYN_000292,2026-01-08T12:04:00,2026-01-08,CURRENCY,R010,Currency handling exception,MEDIUM,OPEN,TEAM_SYN_002,USER_SYN_002_A01,UNRESOLVED,,,2026-01-08T20:04:00,TRUE,TRUE
EXC_SYN_0000197,PAY_SYN_0001943,CUST_SYN_000392,ACCT_SYN_001392,2026-01-25T12:37:00,2026-01-25,SETTLEMENT,R011,Settlement confirmation delayed,LOW,RESOLVED,TEAM_SYN_003,USER_SYN_003_A02,RESOLVED,SYN_RESOLVED,2026-01-25T15:37:00,2026-01-25T20:37:00,FALSE,FALSE
EXC_SYN_0000198,PAY_SYN_0013955,CUST_SYN_000336,ACCT_SYN_000336,2026-02-21T14:14:00,2026-02-21,VALIDATION,R001,Payment instruction failed validation,MEDIUM,RESOLVED,TEAM_SYN_004,USER_SYN_004_A03,RESOLVED,SYN_RESOLVED,2026-02-21T15:14:00,2026-02-21T22:14:00,FALSE,TRUE
EXC_SYN_0000199,PAY_SYN_0020338,CUST_SYN_000007,ACCT_SYN_001007,2026-02-24T18:08:00,2026-02-24,LIQUIDITY,R002,Insufficient synthetic available funds,HIGH,RESOLVED,TEAM_SYN_005,USER_SYN_005_A04,RESOLVED,SYN_RESOLVED,2026-02-24T20:08:00,2026-02-24T22:08:00,TRUE,TRUE
EXC_SYN_0000200,PAY_SYN_0013652,CUST_SYN_000125,ACCT_SYN_001125,2025-12-09T12:19:00,2025-12-09,ROUTING,R003,Beneficiary routing information requires correction,MEDIUM,OPEN,TEAM_SYN_001,USER_SYN_001_A01,UNRESOLVED,,,2025-12-09T20:19:00,TRUE,TRUE
EXC_SYN_0000201,PAY_SYN_0002282,CUST_SYN_000435,ACCT_SYN_000435,2026-02-17T12:02:00,2026-02-17,CUTOFF,R004,Payment missed the processing cutoff,LOW,RESOLVED,TEAM_SYN_002,USER_SYN_002_A02,RESOLVED,SYN_RESOLVED,2026-02-17T13:02:00,2026-02-17T20:02:00,TRUE,FALSE
EXC_SYN_0000202,PAY_SYN_0012446,CUST_SYN_000003,ACCT_SYN_000003,2026-01-02T16:03:00,2026-01-02,SANCTIONS_SCREENING,R005,Synthetic screening review pending,HIGH,RESOLVED,TEAM_SYN_003,USER_SYN_003_A03,RESOLVED,SYN_RESOLVED,2026-01-02T18:03:00,2026-01-02T20:03:00,FALSE,TRUE
EXC_SYN_0000203,PAY_SYN_0023854,CUST_SYN_000599,ACCT_SYN_000599,2026-01-08T15:12:00,2026-01-08,DUPLICATE,R006,Potential duplicate payment instruction,HIGH,RESOLVED,TEAM_SYN_004,USER_SYN_004_A04,RESOLVED,SYN_RESOLVED,2026-01-08T20:05:00,2026-01-08T19:12:00,TRUE,TRUE
EXC_SYN_0000204,PAY_SYN_0010972,CUST_SYN_000965,ACCT_SYN_000965,2026-02-20T12:31:00,2026-02-20,SYSTEM,R007,Processing system unavailable,MEDIUM,OPEN,TEAM_SYN_005,USER_SYN_005_A01,UNRESOLVED,,,2026-02-20T20:31:00,FALSE,FALSE
EXC_SYN_0000205,PAY_SYN_0002107,CUST_SYN_000460,ACCT_SYN_001460,2026-01-19T18:29:00,2026-01-19,AUTHORIZATION,R008,Required payment authorization incomplete,HIGH,RESOLVED,TEAM_SYN_001,USER_SYN_001_A02,RESOLVED,SYN_RESOLVED,2026-01-19T20:29:00,2026-01-19T22:29:00,TRUE,TRUE
EXC_SYN_0000206,PAY_SYN_0023509,CUST_SYN_000334,ACCT_SYN_001334,2025-12-23T20:36:00,2025-12-23,BENEFICIARY,R009,Beneficiary details require review,MEDIUM,RESOLVED,TEAM_SYN_002,USER_SYN_002_A03,RESOLVED,SYN_RESOLVED,2025-12-23T23:36:00,2025-12-24T04:36:00,TRUE,TRUE
EXC_SYN_0000207,PAY_SYN_0015299,CUST_SYN_000564,ACCT_SYN_000564,2025-11-18T20:59:00,2025-11-18,CURRENCY,R010,Currency handling exception,MEDIUM,RESOLVED,TEAM_SYN_003,USER_SYN_003_A04,RESOLVED,SYN_RESOLVED,2025-11-18T21:59:00,2025-11-19T04:59:00,TRUE,TRUE
EXC_SYN_0000208,PAY_SYN_0022826,CUST_SYN_000063,ACCT_SYN_000063,2026-03-13T17:21:00,2026-03-13,SETTLEMENT,R011,Settlement confirmation delayed,LOW,OPEN,TEAM_SYN_004,USER_SYN_004_A01,UNRESOLVED,,,2026-03-14T01:21:00,TRUE,FALSE
EXC_SYN_0000209,PAY_SYN_0010378,CUST_SYN_000487,ACCT_SYN_001487,2025-12-15T20:18:00,2025-12-15,VALIDATION,R001,Payment instruction failed validation,MEDIUM,RESOLVED,TEAM_SYN_005,USER_SYN_005_A02,RESOLVED,SYN_RESOLVED,2025-12-15T23:18:00,2025-12-16T04:18:00,TRUE,TRUE
EXC_SYN_0000210,PAY_SYN_0003665,CUST_SYN_000606,ACCT_SYN_000606,2025-11-30T17:20:00,2025-11-30,LIQUIDITY,R002,Insufficient synthetic available funds,HIGH,RESOLVED,TEAM_SYN_001,USER_SYN_001_A03,RESOLVED,SYN_RESOLVED,2025-11-30T22:20:00,2025-11-30T21:20:00,FALSE,TRUE
EXC_SYN_0000211,PAY_SYN_0000375,CUST_SYN_000376,ACCT_SYN_000376,2025-11-25T17:43:00,2025-11-25,ROUTING,R003,Beneficiary routing information requires correction,MEDIUM,RESOLVED,TEAM_SYN_002,USER_SYN_002_A04,RESOLVED,SYN_RESOLVED,2025-11-25T19:43:00,2025-11-26T01:43:00,FALSE,TRUE
EXC_SYN_0000212,PAY_SYN_0021244,CUST_SYN_000029,ACCT_SYN_000029,2025-12-09T16:39:00,2025-12-09,CUTOFF,R004,Payment missed the processing cutoff,LOW,OPEN,TEAM_SYN_003,USER_SYN_003_A01,UNRESOLVED,,,2025-12-10T00:39:00,FALSE,FALSE
EXC_SYN_0000213,PAY_SYN_0023489,CUST_SYN_000594,ACCT_SYN_000594,2025-12-10T21:47:00,2025-12-10,SANCTIONS_SCREENING,R005,Synthetic screening review pending,HIGH,RESOLVED,TEAM_SYN_004,USER_SYN_004_A02,RESOLVED,SYN_RESOLVED,2025-12-10T22:47:00,2025-12-11T01:47:00,FALSE,TRUE
EXC_SYN_0000214,PAY_SYN_0012738,CUST_SYN_000307,ACCT_SYN_000307,2026-03-06T20:43:00,2026-03-06,DUPLICATE,R006,Potential duplicate payment instruction,HIGH,RESOLVED,TEAM_SYN_005,USER_SYN_005_A03,RESOLVED,SYN_RESOLVED,2026-03-06T22:43:00,2026-03-07T00:43:00,FALSE,TRUE
EXC_SYN_0000215,PAY_SYN_0000055,CUST_SYN_000536,ACCT_SYN_000536,2025-12-25T18:15:00,2025-12-25,SYSTEM,R007,Processing system unavailable,MEDIUM,RESOLVED,TEAM_SYN_001,USER_SYN_001_A04,RESOLVED,SYN_RESOLVED,2025-12-25T21:15:00,2025-12-26T02:15:00,FALSE,FALSE
EXC_SYN_0000216,PAY_SYN_0022500,CUST_DEMO_001,ACCT_DEMO_001,2026-01-20T13:03:00,2026-01-20,AUTHORIZATION,R008,Required payment authorization incomplete,HIGH,OPEN,TEAM_SYN_002,USER_SYN_002_A01,UNRESOLVED,,,2026-01-20T17:03:00,TRUE,TRUE
EXC_SYN_0000217,PAY_SYN_0017503,CUST_SYN_000112,ACCT_SYN_001112,2026-01-07T16:17:00,2026-01-07,BENEFICIARY,R009,Beneficiary details require review,MEDIUM,RESOLVED,TEAM_SYN_003,USER_SYN_003_A02,RESOLVED,SYN_RESOLVED,2026-01-08T01:24:00,2026-01-08T00:17:00,TRUE,TRUE
EXC_SYN_0000218,PAY_SYN_0017720,CUST_SYN_000141,ACCT_SYN_000141,2025-12-06T13:49:00,2025-12-06,CURRENCY,R010,Currency handling exception,MEDIUM,RESOLVED,TEAM_SYN_004,USER_SYN_004_A03,RESOLVED,SYN_RESOLVED,2025-12-06T16:49:00,2025-12-06T21:49:00,FALSE,TRUE
EXC_SYN_0000219,PAY_SYN_0023650,CUST_SYN_000551,ACCT_SYN_000551,2026-02-12T13:52:00,2026-02-12,SETTLEMENT,R011,Settlement confirmation delayed,LOW,RESOLVED,TEAM_SYN_005,USER_SYN_005_A04,RESOLVED,SYN_RESOLVED,2026-02-12T14:52:00,2026-02-12T21:52:00,TRUE,FALSE
EXC_SYN_0000220,PAY_SYN_0017793,CUST_SYN_000342,ACCT_SYN_001342,2026-01-14T17:46:00,2026-01-14,VALIDATION,R001,Payment instruction failed validation,MEDIUM,OPEN,TEAM_SYN_001,USER_SYN_001_A01,UNRESOLVED,,,2026-01-15T01:46:00,FALSE,TRUE
EXC_SYN_0000221,PAY_SYN_0019877,CUST_SYN_000450,ACCT_SYN_000450,2025-12-27T22:07:00,2025-12-27,LIQUIDITY,R002,Insufficient synthetic available funds,HIGH,RESOLVED,TEAM_SYN_002,USER_SYN_002_A02,RESOLVED,SYN_RESOLVED,2025-12-28T01:07:00,2025-12-28T02:07:00,TRUE,TRUE
EXC_SYN_0000222,PAY_SYN_0012812,CUST_SYN_000045,ACCT_SYN_000045,2025-12-19T11:05:00,2025-12-19,ROUTING,R003,Beneficiary routing information requires correction,MEDIUM,RESOLVED,TEAM_SYN_003,USER_SYN_003_A03,RESOLVED,SYN_RESOLVED,2025-12-19T12:05:00,2025-12-19T19:05:00,FALSE,TRUE
EXC_SYN_0000223,PAY_SYN_0017633,CUST_SYN_000422,ACCT_SYN_001422,2026-01-12T11:45:00,2026-01-12,CUTOFF,R004,Payment missed the processing cutoff,LOW,RESOLVED,TEAM_SYN_004,USER_SYN_004_A04,RESOLVED,SYN_RESOLVED,2026-01-12T13:45:00,2026-01-12T19:45:00,TRUE,FALSE
EXC_SYN_0000224,PAY_SYN_0016207,CUST_SYN_000160,ACCT_SYN_001160,2026-02-03T16:36:00,2026-02-03,SANCTIONS_SCREENING,R005,Synthetic screening review pending,HIGH,OPEN,TEAM_SYN_005,USER_SYN_005_A01,UNRESOLVED,,,2026-02-03T20:36:00,FALSE,TRUE
EXC_SYN_0000225,PAY_SYN_0003553,CUST_SYN_000962,ACCT_SYN_000962,2026-03-13T12:31:00,2026-03-13,SYSTEM,R007,Processing system unavailable,MEDIUM,RESOLVED,TEAM_SYN_001,USER_SYN_001_A02,RESOLVED,SYN_RESOLVED,2026-03-13T13:31:00,2026-03-13T20:31:00,TRUE,FALSE
EXC_SYN_0000226,PAY_SYN_0013968,CUST_SYN_000817,ACCT_SYN_000817,2025-12-15T17:49:00,2025-12-15,SYSTEM,R007,Processing system unavailable,MEDIUM,RESOLVED,TEAM_SYN_002,USER_SYN_002_A03,RESOLVED,SYN_RESOLVED,2025-12-15T19:49:00,2025-12-16T01:49:00,TRUE,FALSE
EXC_SYN_0000227,PAY_SYN_0002348,CUST_SYN_000377,ACCT_SYN_001377,2026-03-10T18:22:00,2026-03-10,AUTHORIZATION,R008,Required payment authorization incomplete,HIGH,RESOLVED,TEAM_SYN_003,USER_SYN_003_A04,RESOLVED,SYN_RESOLVED,2026-03-10T21:22:00,2026-03-10T22:22:00,TRUE,TRUE
EXC_SYN_0000228,PAY_SYN_0002830,CUST_SYN_000211,ACCT_SYN_001211,2025-11-16T09:49:00,2025-11-16,BENEFICIARY,R009,Beneficiary details require review,MEDIUM,OPEN,TEAM_SYN_004,USER_SYN_004_A01,UNRESOLVED,,,2025-11-16T17:49:00,TRUE,TRUE
EXC_SYN_0000229,PAY_SYN_0021659,CUST_SYN_000384,ACCT_SYN_000384,2025-12-19T19:45:00,2025-12-19,CURRENCY,R010,Currency handling exception,MEDIUM,RESOLVED,TEAM_SYN_005,USER_SYN_005_A02,RESOLVED,SYN_RESOLVED,2025-12-19T21:45:00,2025-12-20T03:45:00,TRUE,TRUE
EXC_SYN_0000230,PAY_SYN_0006111,CUST_SYN_000108,ACCT_SYN_001108,2025-11-18T12:02:00,2025-11-18,SETTLEMENT,R011,Settlement confirmation delayed,LOW,RESOLVED,TEAM_SYN_001,USER_SYN_001_A03,RESOLVED,SYN_RESOLVED,2025-11-18T15:02:00,2025-11-18T20:02:00,FALSE,FALSE
EXC_SYN_0000231,PAY_SYN_0008691,CUST_SYN_000568,ACCT_SYN_000568,2025-12-02T12:15:00,2025-12-02,VALIDATION,R001,Payment instruction failed validation,MEDIUM,RESOLVED,TEAM_SYN_002,USER_SYN_002_A04,RESOLVED,SYN_RESOLVED,2025-12-02T21:36:00,2025-12-02T20:15:00,TRUE,TRUE
EXC_SYN_0000232,PAY_SYN_0003742,CUST_SYN_000455,ACCT_SYN_000455,2025-12-19T13:05:00,2025-12-19,LIQUIDITY,R002,Insufficient synthetic available funds,HIGH,OPEN,TEAM_SYN_003,USER_SYN_003_A01,UNRESOLVED,,,2025-12-19T17:05:00,FALSE,TRUE
EXC_SYN_0000233,PAY_SYN_0018754,CUST_SYN_000899,ACCT_SYN_000899,2026-01-06T15:42:00,2026-01-06,ROUTING,R003,Beneficiary routing information requires correction,MEDIUM,RESOLVED,TEAM_SYN_004,USER_SYN_004_A02,RESOLVED,SYN_RESOLVED,2026-01-06T18:42:00,2026-01-06T23:42:00,FALSE,TRUE
EXC_SYN_0000234,PAY_SYN_0007914,CUST_SYN_000319,ACCT_SYN_000319,2026-03-09T15:15:00,2026-03-09,LIQUIDITY,R002,Insufficient synthetic available funds,HIGH,RESOLVED,TEAM_SYN_005,USER_SYN_005_A03,RESOLVED,SYN_RESOLVED,2026-03-09T16:15:00,2026-03-09T19:15:00,TRUE,TRUE
EXC_SYN_0000235,PAY_SYN_0016427,CUST_SYN_000300,ACCT_SYN_000300,2025-12-18T18:39:00,2025-12-18,SANCTIONS_SCREENING,R005,Synthetic screening review pending,HIGH,RESOLVED,TEAM_SYN_001,USER_SYN_001_A04,RESOLVED,SYN_RESOLVED,2025-12-18T20:39:00,2025-12-18T22:39:00,FALSE,TRUE
EXC_SYN_0000236,PAY_SYN_0006153,CUST_SYN_000162,ACCT_SYN_001162,2026-03-10T15:14:00,2026-03-10,DUPLICATE,R006,Potential duplicate payment instruction,HIGH,OPEN,TEAM_SYN_002,USER_SYN_002_A01,UNRESOLVED,,,2026-03-10T19:14:00,FALSE,TRUE
EXC_SYN_0000237,PAY_SYN_0022044,CUST_SYN_000129,ACCT_SYN_001129,2026-03-09T16:24:00,2026-03-09,LIQUIDITY,R002,Insufficient synthetic available funds,HIGH,RESOLVED,TEAM_SYN_003,USER_SYN_003_A02,RESOLVED,SYN_RESOLVED,2026-03-09T17:24:00,2026-03-09T20:24:00,TRUE,TRUE
EXC_SYN_0000238,PAY_SYN_0003501,CUST_SYN_000538,ACCT_SYN_000538,2026-03-05T13:16:00,2026-03-05,AUTHORIZATION,R008,Required payment authorization incomplete,HIGH,RESOLVED,TEAM_SYN_004,USER_SYN_004_A03,RESOLVED,SYN_RESOLVED,2026-03-05T18:44:00,2026-03-05T17:16:00,TRUE,TRUE
EXC_SYN_0000239,PAY_SYN_0013904,CUST_SYN_000449,ACCT_SYN_001449,2026-03-09T16:10:00,2026-03-09,BENEFICIARY,R009,Beneficiary details require review,MEDIUM,RESOLVED,TEAM_SYN_005,USER_SYN_005_A04,RESOLVED,SYN_RESOLVED,2026-03-09T19:10:00,2026-03-10T00:10:00,FALSE,TRUE
EXC_SYN_0000240,PAY_SYN_0003685,CUST_SYN_000346,ACCT_SYN_001346,2025-11-20T18:10:00,2025-11-20,CURRENCY,R010,Currency handling exception,MEDIUM,OPEN,TEAM_SYN_001,USER_SYN_001_A01,UNRESOLVED,,,2025-11-21T02:10:00,TRUE,TRUE
EXC_SYN_0000241,PAY_SYN_0016254,CUST_SYN_000399,ACCT_SYN_001399,2026-01-02T16:46:00,2026-01-02,SETTLEMENT,R011,Settlement confirmation delayed,LOW,RESOLVED,TEAM_SYN_002,USER_SYN_002_A02,RESOLVED,SYN_RESOLVED,2026-01-02T18:46:00,2026-01-03T00:46:00,FALSE,FALSE
EXC_SYN_0000242,PAY_SYN_0016103,CUST_SYN_000312,ACCT_SYN_000312,2025-12-11T16:22:00,2025-12-11,VALIDATION,R001,Payment instruction failed validation,MEDIUM,RESOLVED,TEAM_SYN_003,USER_SYN_003_A03,RESOLVED,SYN_RESOLVED,2025-12-11T19:22:00,2025-12-12T00:22:00,FALSE,TRUE
EXC_SYN_0000243,PAY_SYN_0020559,CUST_SYN_000184,ACCT_SYN_000184,2025-12-15T22:27:00,2025-12-15,LIQUIDITY,R002,Insufficient synthetic available funds,HIGH,RESOLVED,TEAM_SYN_004,USER_SYN_004_A04,RESOLVED,SYN_RESOLVED,2025-12-15T23:27:00,2025-12-16T02:27:00,TRUE,TRUE
EXC_SYN_0000244,PAY_SYN_0019146,CUST_SYN_000403,ACCT_SYN_000403,2025-12-13T19:49:00,2025-12-13,ROUTING,R003,Beneficiary routing information requires correction,MEDIUM,OPEN,TEAM_SYN_005,USER_SYN_005_A01,UNRESOLVED,,,2025-12-14T03:49:00,FALSE,TRUE
EXC_SYN_0000245,PAY_SYN_0020388,CUST_SYN_000357,ACCT_SYN_001357,2026-01-08T21:56:00,2026-01-08,CUTOFF,R004,Payment missed the processing cutoff,LOW,RESOLVED,TEAM_SYN_001,USER_SYN_001_A02,RESOLVED,SYN_RESOLVED,2026-01-09T07:31:00,2026-01-09T05:56:00,TRUE,FALSE
EXC_SYN_0000246,PAY_SYN_0013906,CUST_SYN_000023,ACCT_SYN_000023,2025-12-17T19:55:00,2025-12-17,SANCTIONS_SCREENING,R005,Synthetic screening review pending,HIGH,RESOLVED,TEAM_SYN_002,USER_SYN_002_A03,RESOLVED,SYN_RESOLVED,2025-12-17T20:55:00,2025-12-17T23:55:00,FALSE,TRUE
EXC_SYN_0000247,PAY_SYN_0024811,CUST_SYN_000008,ACCT_SYN_000008,2026-01-09T15:23:00,2026-01-09,DUPLICATE,R006,Potential duplicate payment instruction,HIGH,RESOLVED,TEAM_SYN_003,USER_SYN_003_A04,RESOLVED,SYN_RESOLVED,2026-01-09T17:23:00,2026-01-09T19:23:00,FALSE,TRUE
EXC_SYN_0000248,PAY_SYN_0001205,CUST_SYN_000086,ACCT_SYN_001086,2026-01-28T19:34:00,2026-01-28,SYSTEM,R007,Processing system unavailable,MEDIUM,OPEN,TEAM_SYN_004,USER_SYN_004_A01,UNRESOLVED,,,2026-01-29T03:34:00,FALSE,FALSE
EXC_SYN_0000249,PAY_SYN_0020623,CUST_SYN_000052,ACCT_SYN_001052,2025-12-10T17:13:00,2025-12-10,AUTHORIZATION,R008,Required payment authorization incomplete,HIGH,RESOLVED,TEAM_SYN_005,USER_SYN_005_A02,RESOLVED,SYN_RESOLVED,2025-12-10T18:13:00,2025-12-10T21:13:00,TRUE,TRUE
EXC_SYN_0000250,PAY_SYN_0019525,CUST_SYN_000926,ACCT_SYN_000926,2026-01-21T14:20:00,2026-01-21,BENEFICIARY,R009,Beneficiary details require review,MEDIUM,RESOLVED,TEAM_SYN_001,USER_SYN_001_A03,RESOLVED,SYN_RESOLVED,2026-01-21T16:20:00,2026-01-21T22:20:00,FALSE,TRUE
EXC_SYN_0000251,PAY_SYN_0014504,CUST_SYN_000149,ACCT_SYN_001149,2025-12-25T12:46:00,2025-12-25,CURRENCY,R010,Currency handling exception,MEDIUM,RESOLVED,TEAM_SYN_002,USER_SYN_002_A04,RESOLVED,SYN_RESOLVED,2025-12-25T15:46:00,2025-12-25T20:46:00,FALSE,TRUE
EXC_SYN_0000252,PAY_SYN_0022699,CUST_SYN_000364,ACCT_SYN_001364,2026-01-14T18:04:00,2026-01-14,SETTLEMENT,R011,Settlement confirmation delayed,LOW,OPEN,TEAM_SYN_003,USER_SYN_003_A01,UNRESOLVED,,,2026-01-15T02:04:00,TRUE,FALSE
EXC_SYN_0000253,PAY_SYN_0023806,CUST_SYN_000323,ACCT_SYN_000323,2026-03-14T15:26:00,2026-03-14,VALIDATION,R001,Payment instruction failed validation,MEDIUM,RESOLVED,TEAM_SYN_004,USER_SYN_004_A02,RESOLVED,SYN_RESOLVED,2026-03-14T17:26:00,2026-03-14T23:26:00,FALSE,TRUE
EXC_SYN_0000254,PAY_SYN_0024357,CUST_SYN_000210,ACCT_SYN_001210,2026-03-12T16:56:00,2026-03-12,LIQUIDITY,R002,Insufficient synthetic available funds,HIGH,RESOLVED,TEAM_SYN_005,USER_SYN_005_A03,RESOLVED,SYN_RESOLVED,2026-03-12T19:56:00,2026-03-12T20:56:00,TRUE,TRUE
EXC_SYN_0000255,PAY_SYN_0020522,CUST_SYN_000315,ACCT_SYN_000315,2025-12-22T11:44:00,2025-12-22,ROUTING,R003,Beneficiary routing information requires correction,MEDIUM,RESOLVED,TEAM_SYN_001,USER_SYN_001_A04,RESOLVED,SYN_RESOLVED,2025-12-22T12:44:00,2025-12-22T19:44:00,TRUE,TRUE
EXC_SYN_0000256,PAY_SYN_0018608,CUST_SYN_000497,ACCT_SYN_001497,2026-03-13T18:39:00,2026-03-13,CUTOFF,R004,Payment missed the processing cutoff,LOW,OPEN,TEAM_SYN_002,USER_SYN_002_A01,UNRESOLVED,,,2026-03-14T02:39:00,TRUE,FALSE
EXC_SYN_0000257,PAY_SYN_0022314,CUST_SYN_000619,ACCT_SYN_000619,2026-02-24T14:14:00,2026-02-24,SANCTIONS_SCREENING,R005,Synthetic screening review pending,HIGH,RESOLVED,TEAM_SYN_003,USER_SYN_003_A02,RESOLVED,SYN_RESOLVED,2026-02-24T17:14:00,2026-02-24T18:14:00,TRUE,TRUE
EXC_SYN_0000258,PAY_SYN_0003021,CUST_SYN_000778,ACCT_SYN_000778,2026-01-21T11:36:00,2026-01-21,DUPLICATE,R006,Potential duplicate payment instruction,HIGH,RESOLVED,TEAM_SYN_004,USER_SYN_004_A03,RESOLVED,SYN_RESOLVED,2026-01-21T12:36:00,2026-01-21T15:36:00,FALSE,TRUE
EXC_SYN_0000259,PAY_SYN_0012982,CUST_SYN_000335,ACCT_SYN_000335,2025-11-17T12:56:00,2025-11-17,SYSTEM,R007,Processing system unavailable,MEDIUM,RESOLVED,TEAM_SYN_005,USER_SYN_005_A04,RESOLVED,SYN_RESOLVED,2025-11-17T22:45:00,2025-11-17T20:56:00,TRUE,FALSE
EXC_SYN_0000260,PAY_SYN_0014289,CUST_SYN_000694,ACCT_SYN_000694,2026-02-19T19:38:00,2026-02-19,AUTHORIZATION,R008,Required payment authorization incomplete,HIGH,OPEN,TEAM_SYN_001,USER_SYN_001_A01,UNRESOLVED,,,2026-02-19T23:38:00,TRUE,TRUE
EXC_SYN_0000261,PAY_SYN_0020474,CUST_SYN_000039,ACCT_SYN_000039,2026-03-14T15:26:00,2026-03-14,LIQUIDITY,R002,Insufficient synthetic available funds,HIGH,RESOLVED,TEAM_SYN_002,USER_SYN_002_A02,RESOLVED,SYN_RESOLVED,2026-03-14T16:26:00,2026-03-14T19:26:00,FALSE,TRUE
EXC_SYN_0000262,PAY_SYN_0002451,CUST_SYN_000688,ACCT_SYN_000688,2026-01-22T12:58:00,2026-01-22,CURRENCY,R010,Currency handling exception,MEDIUM,RESOLVED,TEAM_SYN_003,USER_SYN_003_A03,RESOLVED,SYN_RESOLVED,2026-01-22T14:58:00,2026-01-22T20:58:00,TRUE,TRUE
EXC_SYN_0000263,PAY_SYN_0020561,CUST_SYN_000258,ACCT_SYN_000258,2025-12-13T13:01:00,2025-12-13,SETTLEMENT,R011,Settlement confirmation delayed,LOW,RESOLVED,TEAM_SYN_004,USER_SYN_004_A04,RESOLVED,SYN_RESOLVED,2025-12-13T16:01:00,2025-12-13T21:01:00,TRUE,FALSE
EXC_SYN_0000264,PAY_SYN_0009650,CUST_SYN_000051,ACCT_SYN_000051,2026-01-04T12:17:00,2026-01-04,VALIDATION,R001,Payment instruction failed validation,MEDIUM,OPEN,TEAM_SYN_005,USER_SYN_005_A01,UNRESOLVED,,,2026-01-04T20:17:00,TRUE,TRUE
EXC_SYN_0000265,PAY_SYN_0014754,CUST_SYN_000399,ACCT_SYN_001399,2026-03-02T15:58:00,2026-03-02,LIQUIDITY,R002,Insufficient synthetic available funds,HIGH,RESOLVED,TEAM_SYN_001,USER_SYN_001_A02,RESOLVED,SYN_RESOLVED,2026-03-02T17:58:00,2026-03-02T19:58:00,FALSE,TRUE
EXC_SYN_0000266,PAY_SYN_0023796,CUST_SYN_000453,ACCT_SYN_001453,2026-01-25T18:05:00,2026-01-25,ROUTING,R003,Beneficiary routing information requires correction,MEDIUM,RESOLVED,TEAM_SYN_002,USER_SYN_002_A03,RESOLVED,SYN_RESOLVED,2026-01-26T04:01:00,2026-01-26T02:05:00,TRUE,TRUE
EXC_SYN_0000267,PAY_SYN_0012411,CUST_SYN_000208,ACCT_SYN_000208,2026-03-15T14:03:00,2026-03-15,LIQUIDITY,R002,Insufficient synthetic available funds,HIGH,RESOLVED,TEAM_SYN_003,USER_SYN_003_A04,RESOLVED,SYN_RESOLVED,2026-03-15T15:03:00,2026-03-15T18:03:00,FALSE,TRUE
EXC_SYN_0000268,PAY_SYN_0010210,CUST_SYN_000271,ACCT_SYN_001271,2026-03-12T12:29:00,2026-03-12,SANCTIONS_SCREENING,R005,Synthetic screening review pending,HIGH,OPEN,TEAM_SYN_004,USER_SYN_004_A01,UNRESOLVED,,,2026-03-12T16:29:00,TRUE,TRUE
EXC_SYN_0000269,PAY_SYN_0005265,CUST_SYN_000306,ACCT_SYN_001306,2026-03-10T17:47:00,2026-03-10,DUPLICATE,R006,Potential duplicate payment instruction,HIGH,RESOLVED,TEAM_SYN_005,USER_SYN_005_A02,RESOLVED,SYN_RESOLVED,2026-03-10T20:47:00,2026-03-10T21:47:00,TRUE,TRUE
EXC_SYN_0000270,PAY_SYN_0001190,CUST_SYN_000531,ACCT_SYN_000531,2025-12-13T13:35:00,2025-12-13,SYSTEM,R007,Processing system unavailable,MEDIUM,RESOLVED,TEAM_SYN_001,USER_SYN_001_A03,RESOLVED,SYN_RESOLVED,2025-12-13T14:35:00,2025-12-13T21:35:00,FALSE,FALSE
EXC_SYN_0000271,PAY_SYN_0021393,CUST_SYN_000042,ACCT_SYN_001042,2026-03-10T16:49:00,2026-03-10,AUTHORIZATION,R008,Required payment authorization incomplete,HIGH,RESOLVED,TEAM_SYN_002,USER_SYN_002_A04,RESOLVED,SYN_RESOLVED,2026-03-10T18:49:00,2026-03-10T20:49:00,TRUE,TRUE
EXC_SYN_0000272,PAY_SYN_0014057,CUST_SYN_000110,ACCT_SYN_001110,2025-12-27T21:10:00,2025-12-27,BENEFICIARY,R009,Beneficiary details require review,MEDIUM,OPEN,TEAM_SYN_003,USER_SYN_003_A01,UNRESOLVED,,,2025-12-28T05:10:00,FALSE,TRUE
EXC_SYN_0000273,PAY_SYN_0021912,CUST_SYN_000745,ACCT_SYN_000745,2026-01-25T15:48:00,2026-01-25,CURRENCY,R010,Currency handling exception,MEDIUM,RESOLVED,TEAM_SYN_004,USER_SYN_004_A02,RESOLVED,SYN_RESOLVED,2026-01-26T01:51:00,2026-01-25T23:48:00,TRUE,TRUE
EXC_SYN_0000274,PAY_SYN_0002221,CUST_SYN_000178,ACCT_SYN_001178,2026-01-06T14:44:00,2026-01-06,SETTLEMENT,R011,Settlement confirmation delayed,LOW,RESOLVED,TEAM_SYN_005,USER_SYN_005_A03,RESOLVED,SYN_RESOLVED,2026-01-06T16:44:00,2026-01-06T22:44:00,TRUE,FALSE
EXC_SYN_0000275,PAY_SYN_0013164,CUST_SYN_000069,ACCT_SYN_001069,2026-02-21T18:38:00,2026-02-21,VALIDATION,R001,Payment instruction failed validation,MEDIUM,RESOLVED,TEAM_SYN_001,USER_SYN_001_A04,RESOLVED,SYN_RESOLVED,2026-02-21T21:38:00,2026-02-22T02:38:00,FALSE,TRUE
EXC_SYN_0000276,PAY_SYN_0007341,CUST_SYN_000118,ACCT_SYN_000118,2025-12-02T15:30:00,2025-12-02,LIQUIDITY,R002,Insufficient synthetic available funds,HIGH,OPEN,TEAM_SYN_002,USER_SYN_002_A01,UNRESOLVED,,,2025-12-02T19:30:00,FALSE,TRUE
EXC_SYN_0000277,PAY_SYN_0016478,CUST_SYN_000687,ACCT_SYN_000687,2026-03-08T16:42:00,2026-03-08,ROUTING,R003,Beneficiary routing information requires correction,MEDIUM,RESOLVED,TEAM_SYN_003,USER_SYN_003_A02,RESOLVED,SYN_RESOLVED,2026-03-08T18:42:00,2026-03-09T00:42:00,FALSE,TRUE
EXC_SYN_0000278,PAY_SYN_0017276,CUST_SYN_000213,ACCT_SYN_000213,2026-01-18T15:01:00,2026-01-18,CUTOFF,R004,Payment missed the processing cutoff,LOW,RESOLVED,TEAM_SYN_004,USER_SYN_004_A03,RESOLVED,SYN_RESOLVED,2026-01-18T18:01:00,2026-01-18T23:01:00,FALSE,FALSE
EXC_SYN_0000279,PAY_SYN_0022379,CUST_SYN_000024,ACCT_SYN_000024,2026-02-09T18:35:00,2026-02-09,SANCTIONS_SCREENING,R005,Synthetic screening review pending,HIGH,RESOLVED,TEAM_SYN_005,USER_SYN_005_A04,RESOLVED,SYN_RESOLVED,2026-02-09T19:35:00,2026-02-09T22:35:00,TRUE,TRUE
EXC_SYN_0000280,PAY_SYN_0020320,CUST_SYN_000341,ACCT_SYN_000341,2025-12-26T09:35:00,2025-12-26,DUPLICATE,R006,Potential duplicate payment instruction,HIGH,OPEN,TEAM_SYN_001,USER_SYN_001_A01,UNRESOLVED,,,2025-12-26T13:35:00,TRUE,TRUE
EXC_SYN_0000281,PAY_SYN_0000430,CUST_SYN_000911,ACCT_SYN_000911,2025-12-08T09:18:00,2025-12-08,SYSTEM,R007,Processing system unavailable,MEDIUM,RESOLVED,TEAM_SYN_002,USER_SYN_002_A02,RESOLVED,SYN_RESOLVED,2025-12-08T12:18:00,2025-12-08T17:18:00,TRUE,FALSE
EXC_SYN_0000282,PAY_SYN_0004650,CUST_SYN_000051,ACCT_SYN_001051,2025-12-04T09:51:00,2025-12-04,AUTHORIZATION,R008,Required payment authorization incomplete,HIGH,RESOLVED,TEAM_SYN_003,USER_SYN_003_A03,RESOLVED,SYN_RESOLVED,2025-12-04T10:51:00,2025-12-04T13:51:00,TRUE,TRUE
EXC_SYN_0000283,PAY_SYN_0008520,CUST_SYN_000241,ACCT_SYN_000241,2025-12-20T09:34:00,2025-12-20,BENEFICIARY,R009,Beneficiary details require review,MEDIUM,RESOLVED,TEAM_SYN_004,USER_SYN_004_A04,RESOLVED,SYN_RESOLVED,2025-12-20T11:34:00,2025-12-20T17:34:00,TRUE,TRUE
EXC_SYN_0000284,PAY_SYN_0016328,CUST_SYN_000137,ACCT_SYN_001137,2026-02-17T18:43:00,2026-02-17,CURRENCY,R010,Currency handling exception,MEDIUM,OPEN,TEAM_SYN_005,USER_SYN_005_A01,UNRESOLVED,,,2026-02-18T02:43:00,FALSE,TRUE
EXC_SYN_0000285,PAY_SYN_0023671,CUST_SYN_000328,ACCT_SYN_001328,2026-03-01T11:37:00,2026-03-01,SETTLEMENT,R011,Settlement confirmation delayed,LOW,RESOLVED,TEAM_SYN_001,USER_SYN_001_A02,RESOLVED,SYN_RESOLVED,2026-03-01T12:37:00,2026-03-01T19:37:00,FALSE,FALSE
EXC_SYN_0000286,PAY_SYN_0016285,CUST_SYN_000046,ACCT_SYN_001046,2025-11-28T16:08:00,2025-11-28,VALIDATION,R001,Payment instruction failed validation,MEDIUM,RESOLVED,TEAM_SYN_002,USER_SYN_002_A03,RESOLVED,SYN_RESOLVED,2025-11-28T18:08:00,2025-11-29T00:08:00,TRUE,TRUE
EXC_SYN_0000287,PAY_SYN_0023899,CUST_SYN_000764,ACCT_SYN_000764,2026-02-18T19:39:00,2026-02-18,LIQUIDITY,R002,Insufficient synthetic available funds,HIGH,RESOLVED,TEAM_SYN_003,USER_SYN_003_A04,RESOLVED,SYN_RESOLVED,2026-02-19T01:56:00,2026-02-18T23:39:00,FALSE,TRUE
EXC_SYN_0000288,PAY_SYN_0004619,CUST_SYN_000404,ACCT_SYN_001404,2026-01-30T20:32:00,2026-01-30,ROUTING,R003,Beneficiary routing information requires correction,MEDIUM,OPEN,TEAM_SYN_004,USER_SYN_004_A01,UNRESOLVED,,,2026-01-31T04:32:00,FALSE,TRUE
EXC_SYN_0000289,PAY_SYN_0013334,CUST_SYN_000359,ACCT_SYN_001359,2026-02-18T15:30:00,2026-02-18,CUTOFF,R004,Payment missed the processing cutoff,LOW,RESOLVED,TEAM_SYN_005,USER_SYN_005_A02,RESOLVED,SYN_RESOLVED,2026-02-18T17:30:00,2026-02-18T23:30:00,TRUE,FALSE
EXC_SYN_0000290,PAY_SYN_0023925,CUST_SYN_000226,ACCT_SYN_000226,2026-01-02T16:20:00,2026-01-02,SANCTIONS_SCREENING,R005,Synthetic screening review pending,HIGH,RESOLVED,TEAM_SYN_001,USER_SYN_001_A03,RESOLVED,SYN_RESOLVED,2026-01-02T19:20:00,2026-01-02T20:20:00,TRUE,TRUE
EXC_SYN_0000291,PAY_SYN_0018903,CUST_SYN_000412,ACCT_SYN_000412,2026-02-14T14:39:00,2026-02-14,DUPLICATE,R006,Potential duplicate payment instruction,HIGH,RESOLVED,TEAM_SYN_002,USER_SYN_002_A04,RESOLVED,SYN_RESOLVED,2026-02-14T15:39:00,2026-02-14T18:39:00,TRUE,TRUE
EXC_SYN_0000292,PAY_SYN_0023860,CUST_SYN_000821,ACCT_SYN_000821,2026-02-04T12:11:00,2026-02-04,SYSTEM,R007,Processing system unavailable,MEDIUM,OPEN,TEAM_SYN_003,USER_SYN_003_A01,UNRESOLVED,,,2026-02-04T20:11:00,FALSE,FALSE
EXC_SYN_0000293,PAY_SYN_0018385,CUST_SYN_000746,ACCT_SYN_000746,2026-02-12T17:39:00,2026-02-12,AUTHORIZATION,R008,Required payment authorization incomplete,HIGH,RESOLVED,TEAM_SYN_004,USER_SYN_004_A02,RESOLVED,SYN_RESOLVED,2026-02-12T20:39:00,2026-02-12T21:39:00,TRUE,TRUE
EXC_SYN_0000294,PAY_SYN_0017789,CUST_SYN_000194,ACCT_SYN_001194,2026-01-02T21:20:00,2026-01-02,BENEFICIARY,R009,Beneficiary details require review,MEDIUM,RESOLVED,TEAM_SYN_005,USER_SYN_005_A03,RESOLVED,SYN_RESOLVED,2026-01-03T07:44:00,2026-01-03T05:20:00,TRUE,TRUE
EXC_SYN_0000295,PAY_SYN_0010913,CUST_SYN_000282,ACCT_SYN_000282,2026-01-25T15:21:00,2026-01-25,CURRENCY,R010,Currency handling exception,MEDIUM,RESOLVED,TEAM_SYN_001,USER_SYN_001_A04,RESOLVED,SYN_RESOLVED,2026-01-25T17:21:00,2026-01-25T23:21:00,FALSE,TRUE
EXC_SYN_0000296,PAY_SYN_0003242,CUST_SYN_000455,ACCT_SYN_001455,2025-12-11T14:37:00,2025-12-11,SETTLEMENT,R011,Settlement confirmation delayed,LOW,OPEN,TEAM_SYN_002,USER_SYN_002_A01,UNRESOLVED,,,2025-12-11T22:37:00,TRUE,FALSE
EXC_SYN_0000297,PAY_SYN_0005580,CUST_SYN_000961,ACCT_SYN_000961,2025-12-17T12:36:00,2025-12-17,VALIDATION,R001,Payment instruction failed validation,MEDIUM,RESOLVED,TEAM_SYN_003,USER_SYN_003_A02,RESOLVED,SYN_RESOLVED,2025-12-17T13:36:00,2025-12-17T20:36:00,FALSE,TRUE
EXC_SYN_0000298,PAY_SYN_0012708,CUST_SYN_000697,ACCT_SYN_000697,2026-02-23T21:25:00,2026-02-23,LIQUIDITY,R002,Insufficient synthetic available funds,HIGH,RESOLVED,TEAM_SYN_004,USER_SYN_004_A03,RESOLVED,SYN_RESOLVED,2026-02-23T23:25:00,2026-02-24T01:25:00,FALSE,TRUE
EXC_SYN_0000299,PAY_SYN_0017025,CUST_SYN_000426,ACCT_SYN_001426,2025-12-27T18:17:00,2025-12-27,ROUTING,R003,Beneficiary routing information requires correction,MEDIUM,RESOLVED,TEAM_SYN_005,USER_SYN_005_A04,RESOLVED,SYN_RESOLVED,2025-12-27T21:17:00,2025-12-28T02:17:00,TRUE,TRUE
EXC_SYN_0000300,PAY_SYN_0024448,CUST_SYN_000077,ACCT_SYN_000077,2026-02-07T21:31:00,2026-02-07,CUTOFF,R004,Payment missed the processing cutoff,LOW,OPEN,TEAM_SYN_001,USER_SYN_001_A01,UNRESOLVED,,,2026-02-08T05:31:00,TRUE,FALSE
EXC_SYN_0000301,PAY_SYN_0002836,CUST_SYN_000433,ACCT_SYN_001433,2026-02-16T20:20:00,2026-02-16,SANCTIONS_SCREENING,R005,Synthetic screening review pending,HIGH,RESOLVED,TEAM_SYN_002,USER_SYN_002_A02,RESOLVED,SYN_RESOLVED,2026-02-17T02:51:00,2026-02-17T00:20:00,FALSE,TRUE
EXC_SYN_0000302,PAY_SYN_0016144,CUST_SYN_000329,ACCT_SYN_000329,2026-03-07T18:09:00,2026-03-07,DUPLICATE,R006,Potential duplicate payment instruction,HIGH,RESOLVED,TEAM_SYN_003,USER_SYN_003_A03,RESOLVED,SYN_RESOLVED,2026-03-07T21:09:00,2026-03-07T22:09:00,TRUE,TRUE
EXC_SYN_0000303,PAY_SYN_0000697,CUST_SYN_000290,ACCT_SYN_000290,2026-03-13T21:13:00,2026-03-13,LIQUIDITY,R002,Insufficient synthetic available funds,HIGH,RESOLVED,TEAM_SYN_004,USER_SYN_004_A04,RESOLVED,SYN_RESOLVED,2026-03-13T22:13:00,2026-03-14T01:13:00,FALSE,TRUE
EXC_SYN_0000304,PAY_SYN_0017985,CUST_SYN_000946,ACCT_SYN_000946,2026-01-05T19:22:00,2026-01-05,AUTHORIZATION,R008,Required payment authorization incomplete,HIGH,OPEN,TEAM_SYN_005,USER_SYN_005_A01,UNRESOLVED,,,2026-01-05T23:22:00,TRUE,TRUE
EXC_SYN_0000305,PAY_SYN_0020429,CUST_SYN_000374,ACCT_SYN_001374,2025-11-24T17:43:00,2025-11-24,BENEFICIARY,R009,Beneficiary details require review,MEDIUM,RESOLVED,TEAM_SYN_001,USER_SYN_001_A02,RESOLVED,SYN_RESOLVED,2025-11-24T20:43:00,2025-11-25T01:43:00,FALSE,TRUE
EXC_SYN_0000306,PAY_SYN_0006724,CUST_SYN_000289,ACCT_SYN_001289,2025-11-24T13:01:00,2025-11-24,CURRENCY,R010,Currency handling exception,MEDIUM,RESOLVED,TEAM_SYN_002,USER_SYN_002_A03,RESOLVED,SYN_RESOLVED,2025-11-24T14:01:00,2025-11-24T21:01:00,FALSE,TRUE
EXC_SYN_0000307,PAY_SYN_0003120,CUST_SYN_000441,ACCT_SYN_001441,2025-12-16T08:46:00,2025-12-16,SETTLEMENT,R011,Settlement confirmation delayed,LOW,RESOLVED,TEAM_SYN_003,USER_SYN_003_A04,RESOLVED,SYN_RESOLVED,2025-12-16T10:46:00,2025-12-16T16:46:00,FALSE,FALSE
EXC_SYN_0000308,PAY_SYN_0008525,CUST_SYN_000426,ACCT_SYN_000426,2026-03-10T14:34:00,2026-03-10,VALIDATION,R001,Payment instruction failed validation,MEDIUM,OPEN,TEAM_SYN_004,USER_SYN_004_A01,UNRESOLVED,,,2026-03-10T22:34:00,FALSE,TRUE
EXC_SYN_0000309,PAY_SYN_0023039,CUST_SYN_000444,ACCT_SYN_000444,2026-03-02T19:05:00,2026-03-02,LIQUIDITY,R002,Insufficient synthetic available funds,HIGH,RESOLVED,TEAM_SYN_005,USER_SYN_005_A02,RESOLVED,SYN_RESOLVED,2026-03-02T20:05:00,2026-03-02T23:05:00,TRUE,TRUE
EXC_SYN_0000310,PAY_SYN_0003711,CUST_SYN_000808,ACCT_SYN_000808,2026-01-26T11:22:00,2026-01-26,ROUTING,R003,Beneficiary routing information requires correction,MEDIUM,RESOLVED,TEAM_SYN_001,USER_SYN_001_A03,RESOLVED,SYN_RESOLVED,2026-01-26T13:22:00,2026-01-26T19:22:00,TRUE,TRUE
EXC_SYN_0000311,PAY_SYN_0017459,CUST_SYN_000984,ACCT_SYN_000984,2026-02-12T19:31:00,2026-02-12,CUTOFF,R004,Payment missed the processing cutoff,LOW,RESOLVED,TEAM_SYN_002,USER_SYN_002_A04,RESOLVED,SYN_RESOLVED,2026-02-12T22:31:00,2026-02-13T03:31:00,TRUE,FALSE
EXC_SYN_0000312,PAY_SYN_0010280,CUST_SYN_000861,ACCT_SYN_000861,2026-03-04T10:11:00,2026-03-04,SANCTIONS_SCREENING,R005,Synthetic screening review pending,HIGH,OPEN,TEAM_SYN_003,USER_SYN_003_A01,UNRESOLVED,,,2026-03-04T14:11:00,TRUE,TRUE
EXC_SYN_0000313,PAY_SYN_0011761,CUST_SYN_000158,ACCT_SYN_000158,2026-03-05T11:11:00,2026-03-05,DUPLICATE,R006,Potential duplicate payment instruction,HIGH,RESOLVED,TEAM_SYN_004,USER_SYN_004_A02,RESOLVED,SYN_RESOLVED,2026-03-05T13:11:00,2026-03-05T15:11:00,FALSE,TRUE
EXC_SYN_0000314,PAY_SYN_0018639,CUST_SYN_000144,ACCT_SYN_001144,2025-11-27T19:50:00,2025-11-27,SYSTEM,R007,Processing system unavailable,MEDIUM,RESOLVED,TEAM_SYN_005,USER_SYN_005_A03,RESOLVED,SYN_RESOLVED,2025-11-27T22:50:00,2025-11-28T03:50:00,FALSE,FALSE
EXC_SYN_0000315,PAY_SYN_0018942,CUST_SYN_000355,ACCT_SYN_000355,2025-11-25T13:24:00,2025-11-25,AUTHORIZATION,R008,Required payment authorization incomplete,HIGH,RESOLVED,TEAM_SYN_001,USER_SYN_001_A04,RESOLVED,SYN_RESOLVED,2025-11-25T20:09:00,2025-11-25T17:24:00,FALSE,TRUE
EXC_SYN_0000316,PAY_SYN_0011112,CUST_SYN_000145,ACCT_SYN_000145,2026-03-09T13:07:00,2026-03-09,BENEFICIARY,R009,Beneficiary details require review,MEDIUM,OPEN,TEAM_SYN_002,USER_SYN_002_A01,UNRESOLVED,,,2026-03-09T21:07:00,FALSE,TRUE
EXC_SYN_0000317,PAY_SYN_0005341,CUST_SYN_000118,ACCT_SYN_001118,2026-01-30T12:03:00,2026-01-30,CURRENCY,R010,Currency handling exception,MEDIUM,RESOLVED,TEAM_SYN_003,USER_SYN_003_A02,RESOLVED,SYN_RESOLVED,2026-01-30T15:03:00,2026-01-30T20:03:00,TRUE,TRUE
EXC_SYN_0000318,PAY_SYN_0017402,CUST_SYN_000375,ACCT_SYN_000375,2025-11-26T13:23:00,2025-11-26,SETTLEMENT,R011,Settlement confirmation delayed,LOW,RESOLVED,TEAM_SYN_004,USER_SYN_004_A03,RESOLVED,SYN_RESOLVED,2025-11-26T14:23:00,2025-11-26T21:23:00,TRUE,FALSE
EXC_SYN_0000319,PAY_SYN_0002003,CUST_SYN_000612,ACCT_SYN_000612,2025-12-20T15:03:00,2025-12-20,VALIDATION,R001,Payment instruction failed validation,MEDIUM,RESOLVED,TEAM_SYN_005,USER_SYN_005_A04,RESOLVED,SYN_RESOLVED,2025-12-20T17:03:00,2025-12-20T23:03:00,TRUE,TRUE
EXC_SYN_0000320,PAY_SYN_0013913,CUST_SYN_000282,ACCT_SYN_000282,2026-01-29T14:46:00,2026-01-29,LIQUIDITY,R002,Insufficient synthetic available funds,HIGH,OPEN,TEAM_SYN_001,USER_SYN_001_A01,UNRESOLVED,,,2026-01-29T18:46:00,TRUE,TRUE
EXC_SYN_0000321,PAY_SYN_0009964,CUST_SYN_000169,ACCT_SYN_001169,2026-01-06T16:16:00,2026-01-06,ROUTING,R003,Beneficiary routing information requires correction,MEDIUM,RESOLVED,TEAM_SYN_002,USER_SYN_002_A02,RESOLVED,SYN_RESOLVED,2026-01-06T17:16:00,2026-01-07T00:16:00,FALSE,TRUE
EXC_SYN_0000322,PAY_SYN_0015480,CUST_SYN_000261,ACCT_SYN_001261,2026-02-07T12:01:00,2026-02-07,CUTOFF,R004,Payment missed the processing cutoff,LOW,RESOLVED,TEAM_SYN_003,USER_SYN_003_A03,RESOLVED,SYN_RESOLVED,2026-02-07T22:53:00,2026-02-07T20:01:00,TRUE,FALSE
EXC_SYN_0000323,PAY_SYN_0016669,CUST_SYN_000254,ACCT_SYN_000254,2025-11-23T21:57:00,2025-11-23,SANCTIONS_SCREENING,R005,Synthetic screening review pending,HIGH,RESOLVED,TEAM_SYN_004,USER_SYN_004_A04,RESOLVED,SYN_RESOLVED,2025-11-24T00:57:00,2025-11-24T01:57:00,FALSE,TRUE
EXC_SYN_0000324,PAY_SYN_0022768,CUST_SYN_000917,ACCT_SYN_000917,2025-12-02T20:43:00,2025-12-02,DUPLICATE,R006,Potential duplicate payment instruction,HIGH,OPEN,TEAM_SYN_005,USER_SYN_005_A01,UNRESOLVED,,,2025-12-03T00:43:00,FALSE,TRUE
EXC_SYN_0000325,PAY_SYN_0013278,CUST_SYN_000787,ACCT_SYN_000787,2026-01-26T20:46:00,2026-01-26,SYSTEM,R007,Processing system unavailable,MEDIUM,RESOLVED,TEAM_SYN_001,USER_SYN_001_A02,RESOLVED,SYN_RESOLVED,2026-01-26T22:46:00,2026-01-27T04:46:00,TRUE,FALSE
EXC_SYN_0000326,PAY_SYN_0016896,CUST_SYN_000153,ACCT_SYN_001153,2026-03-03T19:05:00,2026-03-03,AUTHORIZATION,R008,Required payment authorization incomplete,HIGH,RESOLVED,TEAM_SYN_002,USER_SYN_002_A03,RESOLVED,SYN_RESOLVED,2026-03-03T22:05:00,2026-03-03T23:05:00,TRUE,TRUE
EXC_SYN_0000327,PAY_SYN_0019266,CUST_SYN_000343,ACCT_SYN_000343,2026-01-21T19:48:00,2026-01-21,BENEFICIARY,R009,Beneficiary details require review,MEDIUM,RESOLVED,TEAM_SYN_003,USER_SYN_003_A04,RESOLVED,SYN_RESOLVED,2026-01-21T20:48:00,2026-01-22T03:48:00,FALSE,TRUE
EXC_SYN_0000328,PAY_SYN_0002950,CUST_SYN_000151,ACCT_SYN_001151,2026-02-25T13:29:00,2026-02-25,CURRENCY,R010,Currency handling exception,MEDIUM,OPEN,TEAM_SYN_004,USER_SYN_004_A01,UNRESOLVED,,,2026-02-25T21:29:00,FALSE,TRUE
EXC_SYN_0000329,PAY_SYN_0010677,CUST_SYN_000550,ACCT_SYN_000550,2025-12-26T21:11:00,2025-12-26,SETTLEMENT,R011,Settlement confirmation delayed,LOW,RESOLVED,TEAM_SYN_005,USER_SYN_005_A02,RESOLVED,SYN_RESOLVED,2025-12-27T08:10:00,2025-12-27T05:11:00,FALSE,FALSE
EXC_SYN_0000330,PAY_SYN_0003643,CUST_SYN_000292,ACCT_SYN_001292,2026-02-24T16:46:00,2026-02-24,VALIDATION,R001,Payment instruction failed validation,MEDIUM,RESOLVED,TEAM_SYN_001,USER_SYN_001_A03,RESOLVED,SYN_RESOLVED,2026-02-24T17:46:00,2026-02-25T00:46:00,TRUE,TRUE
EXC_SYN_0000331,PAY_SYN_0006508,CUST_SYN_000797,ACCT_SYN_000797,2025-12-14T22:14:00,2025-12-14,LIQUIDITY,R002,Insufficient synthetic available funds,HIGH,RESOLVED,TEAM_SYN_002,USER_SYN_002_A04,RESOLVED,SYN_RESOLVED,2025-12-15T00:14:00,2025-12-15T02:14:00,FALSE,TRUE
EXC_SYN_0000332,PAY_SYN_0017082,CUST_SYN_000535,ACCT_SYN_000535,2025-12-12T17:05:00,2025-12-12,ROUTING,R003,Beneficiary routing information requires correction,MEDIUM,OPEN,TEAM_SYN_003,USER_SYN_003_A01,UNRESOLVED,,,2025-12-13T01:05:00,FALSE,TRUE
EXC_SYN_0000333,PAY_SYN_0015672,CUST_SYN_000865,ACCT_SYN_000865,2025-12-31T10:48:00,2025-12-31,CUTOFF,R004,Payment missed the processing cutoff,LOW,RESOLVED,TEAM_SYN_004,USER_SYN_004_A02,RESOLVED,SYN_RESOLVED,2025-12-31T11:48:00,2025-12-31T18:48:00,TRUE,FALSE
EXC_SYN_0000334,PAY_SYN_0021950,CUST_SYN_000651,ACCT_SYN_000651,2025-12-21T09:27:00,2025-12-21,SANCTIONS_SCREENING,R005,Synthetic screening review pending,HIGH,RESOLVED,TEAM_SYN_005,USER_SYN_005_A03,RESOLVED,SYN_RESOLVED,2025-12-21T11:27:00,2025-12-21T13:27:00,TRUE,TRUE
EXC_SYN_0000335,PAY_SYN_0010295,CUST_SYN_000416,ACCT_SYN_001416,2026-01-17T13:55:00,2026-01-17,DUPLICATE,R006,Potential duplicate payment instruction,HIGH,RESOLVED,TEAM_SYN_001,USER_SYN_001_A04,RESOLVED,SYN_RESOLVED,2026-01-17T16:55:00,2026-01-17T17:55:00,TRUE,TRUE
EXC_SYN_0000336,PAY_SYN_0023643,CUST_SYN_000292,ACCT_SYN_000292,2026-03-13T12:24:00,2026-03-13,LIQUIDITY,R002,Insufficient synthetic available funds,HIGH,OPEN,TEAM_SYN_002,USER_SYN_002_A01,UNRESOLVED,,,2026-03-13T16:24:00,TRUE,TRUE
EXC_SYN_0000337,PAY_SYN_0016466,CUST_SYN_000243,ACCT_SYN_000243,2026-03-11T15:18:00,2026-03-11,AUTHORIZATION,R008,Required payment authorization incomplete,HIGH,RESOLVED,TEAM_SYN_003,USER_SYN_003_A02,RESOLVED,SYN_RESOLVED,2026-03-11T17:18:00,2026-03-11T19:18:00,TRUE,TRUE
EXC_SYN_0000338,PAY_SYN_0020690,CUST_SYN_000531,ACCT_SYN_000531,2026-02-19T10:19:00,2026-02-19,BENEFICIARY,R009,Beneficiary details require review,MEDIUM,RESOLVED,TEAM_SYN_004,USER_SYN_004_A03,RESOLVED,SYN_RESOLVED,2026-02-19T13:19:00,2026-02-19T18:19:00,TRUE,TRUE
EXC_SYN_0000339,PAY_SYN_0010236,CUST_SYN_000733,ACCT_SYN_000733,2026-03-03T15:54:00,2026-03-03,CURRENCY,R010,Currency handling exception,MEDIUM,RESOLVED,TEAM_SYN_005,USER_SYN_005_A04,RESOLVED,SYN_RESOLVED,2026-03-03T16:54:00,2026-03-03T23:54:00,TRUE,TRUE
EXC_SYN_0000340,PAY_SYN_0023788,CUST_SYN_000157,ACCT_SYN_001157,2026-02-27T18:11:00,2026-02-27,SETTLEMENT,R011,Settlement confirmation delayed,LOW,OPEN,TEAM_SYN_001,USER_SYN_001_A01,UNRESOLVED,,,2026-02-28T02:11:00,FALSE,FALSE
EXC_SYN_0000341,PAY_SYN_0020469,CUST_SYN_000354,ACCT_SYN_001354,2025-12-21T19:11:00,2025-12-21,VALIDATION,R001,Payment instruction failed validation,MEDIUM,RESOLVED,TEAM_SYN_002,USER_SYN_002_A02,RESOLVED,SYN_RESOLVED,2025-12-21T22:11:00,2025-12-22T03:11:00,FALSE,TRUE
EXC_SYN_0000342,PAY_SYN_0000339,CUST_SYN_000544,ACCT_SYN_000544,2026-02-26T19:54:00,2026-02-26,LIQUIDITY,R002,Insufficient synthetic available funds,HIGH,RESOLVED,TEAM_SYN_003,USER_SYN_003_A03,RESOLVED,SYN_RESOLVED,2026-02-26T20:54:00,2026-02-26T23:54:00,TRUE,TRUE
EXC_SYN_0000343,PAY_SYN_0023444,CUST_SYN_000429,ACCT_SYN_000429,2025-12-19T14:42:00,2025-12-19,ROUTING,R003,Beneficiary routing information requires correction,MEDIUM,RESOLVED,TEAM_SYN_004,USER_SYN_004_A04,RESOLVED,SYN_RESOLVED,2025-12-20T01:55:00,2025-12-19T22:42:00,TRUE,TRUE
EXC_SYN_0000344,PAY_SYN_0018968,CUST_SYN_000317,ACCT_SYN_001317,2025-12-03T19:43:00,2025-12-03,CUTOFF,R004,Payment missed the processing cutoff,LOW,OPEN,TEAM_SYN_005,USER_SYN_005_A01,UNRESOLVED,,,2025-12-04T03:43:00,TRUE,FALSE
EXC_SYN_0000345,PAY_SYN_0008162,CUST_SYN_000495,ACCT_SYN_000495,2025-12-31T13:14:00,2025-12-31,SANCTIONS_SCREENING,R005,Synthetic screening review pending,HIGH,RESOLVED,TEAM_SYN_001,USER_SYN_001_A02,RESOLVED,SYN_RESOLVED,2025-12-31T14:14:00,2025-12-31T17:14:00,TRUE,TRUE
EXC_SYN_0000346,PAY_SYN_0001577,CUST_SYN_000350,ACCT_SYN_001350,2026-01-28T19:12:00,2026-01-28,DUPLICATE,R006,Potential duplicate payment instruction,HIGH,RESOLVED,TEAM_SYN_002,USER_SYN_002_A03,RESOLVED,SYN_RESOLVED,2026-01-28T21:12:00,2026-01-28T23:12:00,TRUE,TRUE
EXC_SYN_0000347,PAY_SYN_0001801,CUST_SYN_000638,ACCT_SYN_000638,2025-12-04T12:33:00,2025-12-04,SYSTEM,R007,Processing system unavailable,MEDIUM,RESOLVED,TEAM_SYN_003,USER_SYN_003_A04,RESOLVED,SYN_RESOLVED,2025-12-04T15:33:00,2025-12-04T20:33:00,FALSE,FALSE
EXC_SYN_0000348,PAY_SYN_0014238,CUST_SYN_000307,ACCT_SYN_000307,2026-02-16T19:45:00,2026-02-16,AUTHORIZATION,R008,Required payment authorization incomplete,HIGH,OPEN,TEAM_SYN_004,USER_SYN_004_A01,UNRESOLVED,,,2026-02-16T23:45:00,FALSE,TRUE
EXC_SYN_0000349,PAY_SYN_0020330,CUST_SYN_000711,ACCT_SYN_000711,2025-11-22T12:42:00,2025-11-22,BENEFICIARY,R009,Beneficiary details require review,MEDIUM,RESOLVED,TEAM_SYN_005,USER_SYN_005_A02,RESOLVED,SYN_RESOLVED,2025-11-22T14:42:00,2025-11-22T20:42:00,FALSE,TRUE
EXC_SYN_0000350,PAY_SYN_0005857,CUST_SYN_000710,ACCT_SYN_000710,2026-02-02T19:24:00,2026-02-02,CURRENCY,R010,Currency handling exception,MEDIUM,RESOLVED,TEAM_SYN_001,USER_SYN_001_A03,RESOLVED,SYN_RESOLVED,2026-02-03T06:44:00,2026-02-03T03:24:00,TRUE,TRUE
EXC_SYN_0000351,PAY_SYN_0005233,CUST_SYN_000122,ACCT_SYN_000122,2026-02-22T15:49:00,2026-02-22,SETTLEMENT,R011,Settlement confirmation delayed,LOW,RESOLVED,TEAM_SYN_002,USER_SYN_002_A04,RESOLVED,SYN_RESOLVED,2026-02-22T16:49:00,2026-02-22T23:49:00,FALSE,FALSE
EXC_SYN_0000352,PAY_SYN_0004735,CUST_SYN_000196,ACCT_SYN_001196,2026-01-16T17:56:00,2026-01-16,VALIDATION,R001,Payment instruction failed validation,MEDIUM,OPEN,TEAM_SYN_003,USER_SYN_003_A01,UNRESOLVED,,,2026-01-17T01:56:00,TRUE,TRUE
EXC_SYN_0000353,PAY_SYN_0009219,CUST_SYN_000604,ACCT_SYN_000604,2025-12-11T22:17:00,2025-12-11,LIQUIDITY,R002,Insufficient synthetic available funds,HIGH,RESOLVED,TEAM_SYN_004,USER_SYN_004_A02,RESOLVED,SYN_RESOLVED,2025-12-12T01:17:00,2025-12-12T02:17:00,TRUE,TRUE
EXC_SYN_0000354,PAY_SYN_0017443,CUST_SYN_000392,ACCT_SYN_000392,2025-12-18T15:58:00,2025-12-18,ROUTING,R003,Beneficiary routing information requires correction,MEDIUM,RESOLVED,TEAM_SYN_005,USER_SYN_005_A03,RESOLVED,SYN_RESOLVED,2025-12-18T16:58:00,2025-12-18T23:58:00,FALSE,TRUE
EXC_SYN_0000355,PAY_SYN_0015114,CUST_SYN_000219,ACCT_SYN_001219,2025-12-29T17:28:00,2025-12-29,CUTOFF,R004,Payment missed the processing cutoff,LOW,RESOLVED,TEAM_SYN_001,USER_SYN_001_A04,RESOLVED,SYN_RESOLVED,2025-12-29T19:28:00,2025-12-30T01:28:00,TRUE,FALSE
EXC_SYN_0000356,PAY_SYN_0022190,CUST_SYN_000531,ACCT_SYN_000531,2025-12-07T14:13:00,2025-12-07,SANCTIONS_SCREENING,R005,Synthetic screening review pending,HIGH,OPEN,TEAM_SYN_002,USER_SYN_002_A01,UNRESOLVED,,,2025-12-07T18:13:00,FALSE,TRUE
EXC_SYN_0000357,PAY_SYN_0009641,CUST_SYN_000218,ACCT_SYN_001218,2026-01-08T15:23:00,2026-01-08,DUPLICATE,R006,Potential duplicate payment instruction,HIGH,RESOLVED,TEAM_SYN_003,USER_SYN_003_A02,RESOLVED,SYN_RESOLVED,2026-01-08T22:50:00,2026-01-08T19:23:00,TRUE,TRUE
EXC_SYN_0000358,PAY_SYN_0014524,CUST_SYN_000389,ACCT_SYN_000389,2026-01-31T18:17:00,2026-01-31,SYSTEM,R007,Processing system unavailable,MEDIUM,RESOLVED,TEAM_SYN_004,USER_SYN_004_A03,RESOLVED,SYN_RESOLVED,2026-01-31T20:17:00,2026-02-01T02:17:00,FALSE,FALSE
EXC_SYN_0000359,PAY_SYN_0008828,CUST_SYN_000137,ACCT_SYN_001137,2026-02-23T22:58:00,2026-02-23,AUTHORIZATION,R008,Required payment authorization incomplete,HIGH,RESOLVED,TEAM_SYN_005,USER_SYN_005_A04,RESOLVED,SYN_RESOLVED,2026-02-24T01:58:00,2026-02-24T02:58:00,FALSE,TRUE
EXC_SYN_0000360,PAY_SYN_0022973,CUST_SYN_000002,ACCT_SYN_001002,2025-12-18T11:26:00,2025-12-18,BENEFICIARY,R009,Beneficiary details require review,MEDIUM,OPEN,TEAM_SYN_001,USER_SYN_001_A01,UNRESOLVED,,,2025-12-18T19:26:00,TRUE,TRUE
EXC_SYN_0000361,PAY_SYN_0013616,CUST_SYN_000293,ACCT_SYN_001293,2026-02-17T15:00:00,2026-02-17,CURRENCY,R010,Currency handling exception,MEDIUM,RESOLVED,TEAM_SYN_002,USER_SYN_002_A02,RESOLVED,SYN_RESOLVED,2026-02-17T17:00:00,2026-02-17T23:00:00,TRUE,TRUE
EXC_SYN_0000362,PAY_SYN_0014711,CUST_SYN_000308,ACCT_SYN_001308,2026-03-13T09:58:00,2026-03-13,SETTLEMENT,R011,Settlement confirmation delayed,LOW,RESOLVED,TEAM_SYN_003,USER_SYN_003_A03,RESOLVED,SYN_RESOLVED,2026-03-13T12:58:00,2026-03-13T17:58:00,FALSE,FALSE
EXC_SYN_0000363,PAY_SYN_0020961,CUST_SYN_000058,ACCT_SYN_000058,2026-01-23T10:21:00,2026-01-23,VALIDATION,R001,Payment instruction failed validation,MEDIUM,RESOLVED,TEAM_SYN_004,USER_SYN_004_A04,RESOLVED,SYN_RESOLVED,2026-01-23T11:21:00,2026-01-23T18:21:00,TRUE,TRUE
EXC_SYN_0000364,PAY_SYN_0014422,CUST_SYN_000115,ACCT_SYN_001115,2026-02-08T11:41:00,2026-02-08,LIQUIDITY,R002,Insufficient synthetic available funds,HIGH,OPEN,TEAM_SYN_005,USER_SYN_005_A01,UNRESOLVED,,,2026-02-08T15:41:00,FALSE,TRUE
EXC_SYN_0000365,PAY_SYN_0004513,CUST_SYN_000482,ACCT_SYN_000482,2026-03-13T12:51:00,2026-03-13,ROUTING,R003,Beneficiary routing information requires correction,MEDIUM,RESOLVED,TEAM_SYN_001,USER_SYN_001_A02,RESOLVED,SYN_RESOLVED,2026-03-13T15:51:00,2026-03-13T20:51:00,FALSE,TRUE
EXC_SYN_0000366,PAY_SYN_0004933,CUST_SYN_000022,ACCT_SYN_001022,2026-03-02T13:04:00,2026-03-02,CUTOFF,R004,Payment missed the processing cutoff,LOW,RESOLVED,TEAM_SYN_002,USER_SYN_002_A03,RESOLVED,SYN_RESOLVED,2026-03-02T14:04:00,2026-03-02T21:04:00,FALSE,FALSE
EXC_SYN_0000367,PAY_SYN_0003910,CUST_SYN_000671,ACCT_SYN_000671,2025-12-08T09:56:00,2025-12-08,SANCTIONS_SCREENING,R005,Synthetic screening review pending,HIGH,RESOLVED,TEAM_SYN_003,USER_SYN_003_A04,RESOLVED,SYN_RESOLVED,2025-12-08T11:56:00,2025-12-08T13:56:00,FALSE,TRUE
EXC_SYN_0000368,PAY_SYN_0005164,CUST_SYN_000569,ACCT_SYN_000569,2025-12-30T14:27:00,2025-12-30,DUPLICATE,R006,Potential duplicate payment instruction,HIGH,OPEN,TEAM_SYN_004,USER_SYN_004_A01,UNRESOLVED,,,2025-12-30T18:27:00,FALSE,TRUE
EXC_SYN_0000369,PAY_SYN_0012509,CUST_SYN_000834,ACCT_SYN_000834,2026-03-10T19:35:00,2026-03-10,LIQUIDITY,R002,Insufficient synthetic available funds,HIGH,RESOLVED,TEAM_SYN_005,USER_SYN_005_A02,RESOLVED,SYN_RESOLVED,2026-03-10T20:35:00,2026-03-10T23:35:00,TRUE,TRUE
EXC_SYN_0000370,PAY_SYN_0006847,CUST_SYN_000340,ACCT_SYN_001340,2026-02-06T18:14:00,2026-02-06,AUTHORIZATION,R008,Required payment authorization incomplete,HIGH,RESOLVED,TEAM_SYN_001,USER_SYN_001_A03,RESOLVED,SYN_RESOLVED,2026-02-06T20:14:00,2026-02-06T22:14:00,FALSE,TRUE
EXC_SYN_0000371,PAY_SYN_0022747,CUST_SYN_000140,ACCT_SYN_000140,2026-02-07T18:27:00,2026-02-07,BENEFICIARY,R009,Beneficiary details require review,MEDIUM,RESOLVED,TEAM_SYN_002,USER_SYN_002_A04,RESOLVED,SYN_RESOLVED,2026-02-08T03:08:00,2026-02-08T02:27:00,TRUE,TRUE
EXC_SYN_0000372,PAY_SYN_0004664,CUST_SYN_000069,ACCT_SYN_000069,2026-02-15T14:59:00,2026-02-15,CURRENCY,R010,Currency handling exception,MEDIUM,OPEN,TEAM_SYN_003,USER_SYN_003_A01,UNRESOLVED,,,2026-02-15T22:59:00,TRUE,TRUE
EXC_SYN_0000373,PAY_SYN_0005010,CUST_SYN_000871,ACCT_SYN_000871,2025-11-20T11:34:00,2025-11-20,SETTLEMENT,R011,Settlement confirmation delayed,LOW,RESOLVED,TEAM_SYN_004,USER_SYN_004_A02,RESOLVED,SYN_RESOLVED,2025-11-20T13:34:00,2025-11-20T19:34:00,TRUE,FALSE
EXC_SYN_0000374,PAY_SYN_0023172,CUST_SYN_000865,ACCT_SYN_000865,2025-11-20T13:41:00,2025-11-20,VALIDATION,R001,Payment instruction failed validation,MEDIUM,RESOLVED,TEAM_SYN_005,USER_SYN_005_A03,RESOLVED,SYN_RESOLVED,2025-11-20T16:41:00,2025-11-20T21:41:00,TRUE,TRUE
EXC_SYN_0000375,PAY_SYN_0012320,CUST_SYN_000341,ACCT_SYN_001341,2026-03-07T11:50:00,2026-03-07,LIQUIDITY,R002,Insufficient synthetic available funds,HIGH,RESOLVED,TEAM_SYN_001,USER_SYN_001_A04,RESOLVED,SYN_RESOLVED,2026-03-07T12:50:00,2026-03-07T15:50:00,FALSE,TRUE
EXC_SYN_0000376,PAY_SYN_0000832,CUST_SYN_000785,ACCT_SYN_000785,2026-03-15T13:47:00,2026-03-15,ROUTING,R003,Beneficiary routing information requires correction,MEDIUM,OPEN,TEAM_SYN_002,USER_SYN_002_A01,UNRESOLVED,,,2026-03-15T21:47:00,TRUE,TRUE
EXC_SYN_0000377,PAY_SYN_0011413,CUST_SYN_000782,ACCT_SYN_000782,2025-11-17T15:27:00,2025-11-17,CUTOFF,R004,Payment missed the processing cutoff,LOW,RESOLVED,TEAM_SYN_003,USER_SYN_003_A02,RESOLVED,SYN_RESOLVED,2025-11-17T18:27:00,2025-11-17T23:27:00,TRUE,FALSE
EXC_SYN_0000378,PAY_SYN_0012721,CUST_SYN_000178,ACCT_SYN_001178,2025-11-22T13:16:00,2025-11-22,SANCTIONS_SCREENING,R005,Synthetic screening review pending,HIGH,RESOLVED,TEAM_SYN_004,USER_SYN_004_A03,RESOLVED,SYN_RESOLVED,2025-11-22T18:04:00,2025-11-22T17:16:00,FALSE,TRUE
EXC_SYN_0000379,PAY_SYN_0013546,CUST_SYN_000203,ACCT_SYN_000203,2025-12-17T18:44:00,2025-12-17,DUPLICATE,R006,Potential duplicate payment instruction,HIGH,RESOLVED,TEAM_SYN_005,USER_SYN_005_A04,RESOLVED,SYN_RESOLVED,2025-12-17T20:44:00,2025-12-17T22:44:00,TRUE,TRUE
EXC_SYN_0000380,PAY_SYN_0017753,CUST_SYN_000362,ACCT_SYN_001362,2026-01-14T15:46:00,2026-01-14,SYSTEM,R007,Processing system unavailable,MEDIUM,OPEN,TEAM_SYN_001,USER_SYN_001_A01,UNRESOLVED,,,2026-01-14T23:46:00,TRUE,FALSE
EXC_SYN_0000381,PAY_SYN_0024394,CUST_SYN_000079,ACCT_SYN_001079,2026-02-23T17:46:00,2026-02-23,AUTHORIZATION,R008,Required payment authorization incomplete,HIGH,RESOLVED,TEAM_SYN_002,USER_SYN_002_A02,RESOLVED,SYN_RESOLVED,2026-02-23T18:46:00,2026-02-23T21:46:00,FALSE,TRUE
EXC_SYN_0000382,PAY_SYN_0001975,CUST_SYN_000076,ACCT_SYN_001076,2026-02-18T18:26:00,2026-02-18,BENEFICIARY,R009,Beneficiary details require review,MEDIUM,RESOLVED,TEAM_SYN_003,USER_SYN_003_A03,RESOLVED,SYN_RESOLVED,2026-02-18T20:26:00,2026-02-19T02:26:00,TRUE,TRUE
EXC_SYN_0000383,PAY_SYN_0018941,CUST_SYN_000318,ACCT_SYN_000318,2026-01-25T15:01:00,2026-01-25,CURRENCY,R010,Currency handling exception,MEDIUM,RESOLVED,TEAM_SYN_004,USER_SYN_004_A04,RESOLVED,SYN_RESOLVED,2026-01-25T18:01:00,2026-01-25T23:01:00,TRUE,TRUE
EXC_SYN_0000384,PAY_SYN_0013375,CUST_SYN_000376,ACCT_SYN_001376,2025-11-28T18:52:00,2025-11-28,SETTLEMENT,R011,Settlement confirmation delayed,LOW,OPEN,TEAM_SYN_005,USER_SYN_005_A01,UNRESOLVED,,,2025-11-29T02:52:00,TRUE,FALSE
EXC_SYN_0000385,PAY_SYN_0024034,CUST_SYN_000259,ACCT_SYN_001259,2025-12-26T18:38:00,2025-12-26,VALIDATION,R001,Payment instruction failed validation,MEDIUM,RESOLVED,TEAM_SYN_001,USER_SYN_001_A02,RESOLVED,SYN_RESOLVED,2025-12-27T03:33:00,2025-12-27T02:38:00,TRUE,TRUE
EXC_SYN_0000386,PAY_SYN_0008988,CUST_SYN_000057,ACCT_SYN_001057,2025-11-16T22:29:00,2025-11-16,LIQUIDITY,R002,Insufficient synthetic available funds,HIGH,RESOLVED,TEAM_SYN_002,USER_SYN_002_A03,RESOLVED,SYN_RESOLVED,2025-11-17T01:29:00,2025-11-17T02:29:00,TRUE,TRUE
EXC_SYN_0000387,PAY_SYN_0024210,CUST_SYN_000271,ACCT_SYN_000271,2026-01-29T14:36:00,2026-01-29,ROUTING,R003,Beneficiary routing information requires correction,MEDIUM,RESOLVED,TEAM_SYN_003,USER_SYN_003_A04,RESOLVED,SYN_RESOLVED,2026-01-29T15:36:00,2026-01-29T22:36:00,TRUE,TRUE
EXC_SYN_0000388,PAY_SYN_0003265,CUST_SYN_000806,ACCT_SYN_000806,2026-02-02T14:14:00,2026-02-02,CUTOFF,R004,Payment missed the processing cutoff,LOW,OPEN,TEAM_SYN_004,USER_SYN_004_A01,UNRESOLVED,,,2026-02-02T22:14:00,TRUE,FALSE
EXC_SYN_0000389,PAY_SYN_0001685,CUST_SYN_000846,ACCT_SYN_000846,2026-01-11T14:07:00,2026-01-11,SANCTIONS_SCREENING,R005,Synthetic screening review pending,HIGH,RESOLVED,TEAM_SYN_005,USER_SYN_005_A02,RESOLVED,SYN_RESOLVED,2026-01-11T17:07:00,2026-01-11T18:07:00,TRUE,TRUE
EXC_SYN_0000390,PAY_SYN_0010431,CUST_SYN_000448,ACCT_SYN_000448,2026-01-31T10:42:00,2026-01-31,DUPLICATE,R006,Potential duplicate payment instruction,HIGH,RESOLVED,TEAM_SYN_001,USER_SYN_001_A03,RESOLVED,SYN_RESOLVED,2026-01-31T11:42:00,2026-01-31T14:42:00,TRUE,TRUE
EXC_SYN_0000391,PAY_SYN_0006055,CUST_SYN_000536,ACCT_SYN_000536,2026-01-15T14:23:00,2026-01-15,SYSTEM,R007,Processing system unavailable,MEDIUM,RESOLVED,TEAM_SYN_002,USER_SYN_002_A04,RESOLVED,SYN_RESOLVED,2026-01-15T16:23:00,2026-01-15T22:23:00,TRUE,FALSE
EXC_SYN_0000392,PAY_SYN_0006515,CUST_SYN_000056,ACCT_SYN_001056,2025-12-29T14:16:00,2025-12-29,AUTHORIZATION,R008,Required payment authorization incomplete,HIGH,OPEN,TEAM_SYN_003,USER_SYN_003_A01,UNRESOLVED,,,2025-12-29T18:16:00,FALSE,TRUE
EXC_SYN_0000393,PAY_SYN_0001929,CUST_SYN_000874,ACCT_SYN_000874,2025-12-28T18:27:00,2025-12-28,BENEFICIARY,R009,Beneficiary details require review,MEDIUM,RESOLVED,TEAM_SYN_004,USER_SYN_004_A02,RESOLVED,SYN_RESOLVED,2025-12-28T19:27:00,2025-12-29T02:27:00,FALSE,TRUE
EXC_SYN_0000394,PAY_SYN_0010300,CUST_SYN_000101,ACCT_SYN_000101,2025-12-29T10:17:00,2025-12-29,CURRENCY,R010,Currency handling exception,MEDIUM,RESOLVED,TEAM_SYN_005,USER_SYN_005_A03,RESOLVED,SYN_RESOLVED,2025-12-29T12:17:00,2025-12-29T18:17:00,TRUE,TRUE
EXC_SYN_0000395,PAY_SYN_0018871,CUST_SYN_000728,ACCT_SYN_000728,2026-01-18T11:27:00,2026-01-18,SETTLEMENT,R011,Settlement confirmation delayed,LOW,RESOLVED,TEAM_SYN_001,USER_SYN_001_A04,RESOLVED,SYN_RESOLVED,2026-01-18T14:27:00,2026-01-18T19:27:00,FALSE,FALSE
EXC_SYN_0000396,PAY_SYN_0023947,CUST_SYN_000040,ACCT_SYN_001040,2026-03-10T17:52:00,2026-03-10,LIQUIDITY,R002,Insufficient synthetic available funds,HIGH,OPEN,TEAM_SYN_002,USER_SYN_002_A01,UNRESOLVED,,,2026-03-10T21:52:00,FALSE,TRUE
EXC_SYN_0000397,PAY_SYN_0002875,CUST_SYN_000376,ACCT_SYN_001376,2026-01-04T15:41:00,2026-01-04,LIQUIDITY,R002,Insufficient synthetic available funds,HIGH,RESOLVED,TEAM_SYN_003,USER_SYN_003_A02,RESOLVED,SYN_RESOLVED,2026-01-04T17:41:00,2026-01-04T19:41:00,FALSE,TRUE
EXC_SYN_0000398,PAY_SYN_0018093,CUST_SYN_000442,ACCT_SYN_000442,2026-02-07T14:20:00,2026-02-07,ROUTING,R003,Beneficiary routing information requires correction,MEDIUM,RESOLVED,TEAM_SYN_004,USER_SYN_004_A03,RESOLVED,SYN_RESOLVED,2026-02-07T17:20:00,2026-02-07T22:20:00,TRUE,TRUE
EXC_SYN_0000399,PAY_SYN_0010750,CUST_SYN_000251,ACCT_SYN_000251,2025-11-25T10:52:00,2025-11-25,CUTOFF,R004,Payment missed the processing cutoff,LOW,RESOLVED,TEAM_SYN_005,USER_SYN_005_A04,RESOLVED,SYN_RESOLVED,2025-11-25T20:01:00,2025-11-25T18:52:00,FALSE,FALSE
EXC_SYN_0000400,PAY_SYN_0004878,CUST_SYN_000487,ACCT_SYN_000487,2026-02-19T19:01:00,2026-02-19,SANCTIONS_SCREENING,R005,Synthetic screening review pending,HIGH,OPEN,TEAM_SYN_001,USER_SYN_001_A01,UNRESOLVED,,,2026-02-19T23:01:00,FALSE,TRUE
EXC_SYN_0000401,PAY_SYN_0022344,CUST_SYN_000229,ACCT_SYN_000229,2026-01-02T15:56:00,2026-01-02,DUPLICATE,R006,Potential duplicate payment instruction,HIGH,RESOLVED,TEAM_SYN_002,USER_SYN_002_A02,RESOLVED,SYN_RESOLVED,2026-01-02T18:56:00,2026-01-02T19:56:00,FALSE,TRUE
EXC_SYN_0000402,PAY_SYN_0014565,CUST_SYN_000406,ACCT_SYN_000406,2026-01-20T16:36:00,2026-01-20,SYSTEM,R007,Processing system unavailable,MEDIUM,RESOLVED,TEAM_SYN_003,USER_SYN_003_A03,RESOLVED,SYN_RESOLVED,2026-01-20T17:36:00,2026-01-21T00:36:00,TRUE,FALSE
EXC_SYN_0000403,PAY_SYN_0011981,CUST_SYN_000798,ACCT_SYN_000798,2026-02-21T13:21:00,2026-02-21,AUTHORIZATION,R008,Required payment authorization incomplete,HIGH,RESOLVED,TEAM_SYN_004,USER_SYN_004_A04,RESOLVED,SYN_RESOLVED,2026-02-21T15:21:00,2026-02-21T17:21:00,FALSE,TRUE
EXC_SYN_0000404,PAY_SYN_0002971,CUST_SYN_000428,ACCT_SYN_000428,2025-12-03T13:24:00,2025-12-03,BENEFICIARY,R009,Beneficiary details require review,MEDIUM,OPEN,TEAM_SYN_005,USER_SYN_005_A01,UNRESOLVED,,,2025-12-03T21:24:00,TRUE,TRUE
EXC_SYN_0000405,PAY_SYN_0003479,CUST_SYN_000224,ACCT_SYN_001224,2026-01-25T21:53:00,2026-01-25,CURRENCY,R010,Currency handling exception,MEDIUM,RESOLVED,TEAM_SYN_001,USER_SYN_001_A02,RESOLVED,SYN_RESOLVED,2026-01-25T22:53:00,2026-01-26T05:53:00,FALSE,TRUE
EXC_SYN_0000406,PAY_SYN_0011635,CUST_SYN_000496,ACCT_SYN_001496,2026-03-05T17:38:00,2026-03-05,SETTLEMENT,R011,Settlement confirmation delayed,LOW,RESOLVED,TEAM_SYN_002,USER_SYN_002_A03,RESOLVED,SYN_RESOLVED,2026-03-06T02:54:00,2026-03-06T01:38:00,FALSE,FALSE
EXC_SYN_0000407,PAY_SYN_0000026,CUST_SYN_000963,ACCT_SYN_000963,2025-12-23T18:28:00,2025-12-23,VALIDATION,R001,Payment instruction failed validation,MEDIUM,RESOLVED,TEAM_SYN_003,USER_SYN_003_A04,RESOLVED,SYN_RESOLVED,2025-12-23T21:28:00,2025-12-24T02:28:00,TRUE,TRUE
EXC_SYN_0000408,PAY_SYN_0015415,CUST_SYN_000356,ACCT_SYN_000356,2026-01-24T18:04:00,2026-01-24,LIQUIDITY,R002,Insufficient synthetic available funds,HIGH,OPEN,TEAM_SYN_004,USER_SYN_004_A01,UNRESOLVED,,,2026-01-24T22:04:00,FALSE,TRUE
EXC_SYN_0000409,PAY_SYN_0023906,CUST_SYN_000023,ACCT_SYN_001023,2026-02-21T18:54:00,2026-02-21,ROUTING,R003,Beneficiary routing information requires correction,MEDIUM,RESOLVED,TEAM_SYN_005,USER_SYN_005_A02,RESOLVED,SYN_RESOLVED,2026-02-21T20:54:00,2026-02-22T02:54:00,TRUE,TRUE
EXC_SYN_0000410,PAY_SYN_0009380,CUST_SYN_000561,ACCT_SYN_000561,2026-01-03T13:25:00,2026-01-03,CUTOFF,R004,Payment missed the processing cutoff,LOW,RESOLVED,TEAM_SYN_001,USER_SYN_001_A03,RESOLVED,SYN_RESOLVED,2026-01-03T16:25:00,2026-01-03T21:25:00,FALSE,FALSE
EXC_SYN_0000411,PAY_SYN_0010305,CUST_SYN_000286,ACCT_SYN_000286,2026-01-01T18:33:00,2026-01-01,SANCTIONS_SCREENING,R005,Synthetic screening review pending,HIGH,RESOLVED,TEAM_SYN_002,USER_SYN_002_A04,RESOLVED,SYN_RESOLVED,2026-01-01T19:33:00,2026-01-01T22:33:00,TRUE,TRUE
EXC_SYN_0000412,PAY_SYN_0012909,CUST_SYN_000634,ACCT_SYN_000634,2025-11-24T22:34:00,2025-11-24,DUPLICATE,R006,Potential duplicate payment instruction,HIGH,OPEN,TEAM_SYN_003,USER_SYN_003_A01,UNRESOLVED,,,2025-11-25T02:34:00,FALSE,TRUE
EXC_SYN_0000413,PAY_SYN_0005915,CUST_SYN_000356,ACCT_SYN_001356,2026-03-03T18:49:00,2026-03-03,SYSTEM,R007,Processing system unavailable,MEDIUM,RESOLVED,TEAM_SYN_004,USER_SYN_004_A02,RESOLVED,SYN_RESOLVED,2026-03-04T04:12:00,2026-03-04T02:49:00,FALSE,FALSE
EXC_SYN_0000414,PAY_SYN_0000849,CUST_SYN_000414,ACCT_SYN_001414,2026-03-02T23:00:00,2026-03-02,AUTHORIZATION,R008,Required payment authorization incomplete,HIGH,RESOLVED,TEAM_SYN_005,USER_SYN_005_A03,RESOLVED,SYN_RESOLVED,2026-03-03T00:00:00,2026-03-03T03:00:00,TRUE,TRUE
EXC_SYN_0000415,PAY_SYN_0016516,CUST_SYN_000593,ACCT_SYN_000593,2025-12-15T21:02:00,2025-12-15,BENEFICIARY,R009,Beneficiary details require review,MEDIUM,RESOLVED,TEAM_SYN_001,USER_SYN_001_A04,RESOLVED,SYN_RESOLVED,2025-12-15T23:02:00,2025-12-16T05:02:00,FALSE,TRUE
EXC_SYN_0000416,PAY_SYN_0009948,CUST_SYN_000577,ACCT_SYN_000577,2026-02-19T16:59:00,2026-02-19,CURRENCY,R010,Currency handling exception,MEDIUM,OPEN,TEAM_SYN_002,USER_SYN_002_A01,UNRESOLVED,,,2026-02-20T00:59:00,TRUE,TRUE
EXC_SYN_0000417,PAY_SYN_0009265,CUST_SYN_000806,ACCT_SYN_000806,2026-01-21T14:31:00,2026-01-21,SETTLEMENT,R011,Settlement confirmation delayed,LOW,RESOLVED,TEAM_SYN_003,USER_SYN_003_A02,RESOLVED,SYN_RESOLVED,2026-01-21T15:31:00,2026-01-21T22:31:00,TRUE,FALSE
EXC_SYN_0000418,PAY_SYN_0014913,CUST_SYN_000282,ACCT_SYN_001282,2026-01-19T12:40:00,2026-01-19,VALIDATION,R001,Payment instruction failed validation,MEDIUM,RESOLVED,TEAM_SYN_004,USER_SYN_004_A03,RESOLVED,SYN_RESOLVED,2026-01-19T14:40:00,2026-01-19T20:40:00,FALSE,TRUE
EXC_SYN_0000419,PAY_SYN_0004459,CUST_SYN_000484,ACCT_SYN_001484,2025-12-03T18:15:00,2025-12-03,LIQUIDITY,R002,Insufficient synthetic available funds,HIGH,RESOLVED,TEAM_SYN_005,USER_SYN_005_A04,RESOLVED,SYN_RESOLVED,2025-12-03T21:15:00,2025-12-03T22:15:00,FALSE,TRUE
EXC_SYN_0000420,PAY_SYN_0015427,CUST_SYN_000800,ACCT_SYN_000800,2026-03-12T17:04:00,2026-03-12,LIQUIDITY,R002,Insufficient synthetic available funds,HIGH,OPEN,TEAM_SYN_001,USER_SYN_001_A01,UNRESOLVED,,,2026-03-12T21:04:00,TRUE,TRUE
EXC_SYN_0000421,PAY_SYN_0022499,CUST_SYN_000464,ACCT_SYN_001464,2026-03-13T19:21:00,2026-03-13,CUTOFF,R004,Payment missed the processing cutoff,LOW,RESOLVED,TEAM_SYN_002,USER_SYN_002_A02,RESOLVED,SYN_RESOLVED,2026-03-13T21:21:00,2026-03-14T03:21:00,TRUE,FALSE
EXC_SYN_0000422,PAY_SYN_0003357,CUST_SYN_000210,ACCT_SYN_001210,2026-02-10T17:20:00,2026-02-10,SANCTIONS_SCREENING,R005,Synthetic screening review pending,HIGH,RESOLVED,TEAM_SYN_003,USER_SYN_003_A03,RESOLVED,SYN_RESOLVED,2026-02-10T20:20:00,2026-02-10T21:20:00,FALSE,TRUE
EXC_SYN_0000423,PAY_SYN_0015245,CUST_SYN_000066,ACCT_SYN_000066,2026-02-12T15:29:00,2026-02-12,DUPLICATE,R006,Potential duplicate payment instruction,HIGH,RESOLVED,TEAM_SYN_004,USER_SYN_004_A04,RESOLVED,SYN_RESOLVED,2026-02-12T16:29:00,2026-02-12T19:29:00,TRUE,TRUE
EXC_SYN_0000424,PAY_SYN_0003575,CUST_SYN_000276,ACCT_SYN_000276,2026-03-06T15:12:00,2026-03-06,SYSTEM,R007,Processing system unavailable,MEDIUM,OPEN,TEAM_SYN_005,USER_SYN_005_A01,UNRESOLVED,,,2026-03-06T23:12:00,TRUE,FALSE
EXC_SYN_0000425,PAY_SYN_0000904,CUST_SYN_000449,ACCT_SYN_000449,2025-12-24T14:48:00,2025-12-24,AUTHORIZATION,R008,Required payment authorization incomplete,HIGH,RESOLVED,TEAM_SYN_001,USER_SYN_001_A02,RESOLVED,SYN_RESOLVED,2025-12-24T17:48:00,2025-12-24T18:48:00,TRUE,TRUE
EXC_SYN_0000426,PAY_SYN_0016716,CUST_SYN_000493,ACCT_SYN_000493,2026-02-14T16:45:00,2026-02-14,BENEFICIARY,R009,Beneficiary details require review,MEDIUM,RESOLVED,TEAM_SYN_002,USER_SYN_002_A03,RESOLVED,SYN_RESOLVED,2026-02-14T17:45:00,2026-02-15T00:45:00,TRUE,TRUE
EXC_SYN_0000427,PAY_SYN_0016935,CUST_SYN_000096,ACCT_SYN_001096,2025-11-22T16:31:00,2025-11-22,CURRENCY,R010,Currency handling exception,MEDIUM,RESOLVED,TEAM_SYN_003,USER_SYN_003_A04,RESOLVED,SYN_RESOLVED,2025-11-23T02:08:00,2025-11-23T00:31:00,FALSE,TRUE
EXC_SYN_0000428,PAY_SYN_0023302,CUST_SYN_000175,ACCT_SYN_001175,2026-01-02T13:33:00,2026-01-02,SETTLEMENT,R011,Settlement confirmation delayed,LOW,OPEN,TEAM_SYN_004,USER_SYN_004_A01,UNRESOLVED,,,2026-01-02T21:33:00,TRUE,FALSE
EXC_SYN_0000429,PAY_SYN_0012980,CUST_SYN_000261,ACCT_SYN_000261,2025-12-30T11:32:00,2025-12-30,VALIDATION,R001,Payment instruction failed validation,MEDIUM,RESOLVED,TEAM_SYN_005,USER_SYN_005_A02,RESOLVED,SYN_RESOLVED,2025-12-30T12:32:00,2025-12-30T19:32:00,TRUE,TRUE
EXC_SYN_0000430,PAY_SYN_0021079,CUST_SYN_000424,ACCT_SYN_001424,2026-02-11T20:38:00,2026-02-11,LIQUIDITY,R002,Insufficient synthetic available funds,HIGH,RESOLVED,TEAM_SYN_001,USER_SYN_001_A03,RESOLVED,SYN_RESOLVED,2026-02-11T22:38:00,2026-02-12T00:38:00,FALSE,TRUE
EXC_SYN_0000431,PAY_SYN_0000973,CUST_SYN_000002,ACCT_SYN_000002,2026-03-15T15:09:00,2026-03-15,SYSTEM,R007,Processing system unavailable,MEDIUM,RESOLVED,TEAM_SYN_002,USER_SYN_002_A04,RESOLVED,SYN_RESOLVED,2026-03-15T18:09:00,2026-03-15T23:09:00,TRUE,FALSE
EXC_SYN_0000432,PAY_SYN_0022870,CUST_SYN_000191,ACCT_SYN_000191,2026-02-18T12:01:00,2026-02-18,CUTOFF,R004,Payment missed the processing cutoff,LOW,OPEN,TEAM_SYN_003,USER_SYN_003_A01,UNRESOLVED,,,2026-02-18T20:01:00,FALSE,FALSE
EXC_SYN_0000433,PAY_SYN_0011936,CUST_SYN_000633,ACCT_SYN_000633,2026-02-14T18:36:00,2026-02-14,SANCTIONS_SCREENING,R005,Synthetic screening review pending,HIGH,RESOLVED,TEAM_SYN_004,USER_SYN_004_A02,RESOLVED,SYN_RESOLVED,2026-02-14T20:36:00,2026-02-14T22:36:00,TRUE,TRUE
EXC_SYN_0000434,PAY_SYN_0021818,CUST_SYN_000267,ACCT_SYN_000267,2026-01-07T20:43:00,2026-01-07,DUPLICATE,R006,Potential duplicate payment instruction,HIGH,RESOLVED,TEAM_SYN_005,USER_SYN_005_A03,RESOLVED,SYN_RESOLVED,2026-01-08T02:27:00,2026-01-08T00:43:00,FALSE,TRUE
EXC_SYN_0000435,PAY_SYN_0000405,CUST_SYN_000486,ACCT_SYN_001486,2026-01-10T17:45:00,2026-01-10,SYSTEM,R007,Processing system unavailable,MEDIUM,RESOLVED,TEAM_SYN_001,USER_SYN_001_A04,RESOLVED,SYN_RESOLVED,2026-01-10T18:45:00,2026-01-11T01:45:00,TRUE,FALSE
EXC_SYN_0000436,PAY_SYN_0008910,CUST_SYN_000171,ACCT_SYN_001171,2025-11-22T13:13:00,2025-11-22,AUTHORIZATION,R008,Required payment authorization incomplete,HIGH,OPEN,TEAM_SYN_002,USER_SYN_002_A01,UNRESOLVED,,,2025-11-22T17:13:00,TRUE,TRUE
EXC_SYN_0000437,PAY_SYN_0024532,CUST_SYN_000185,ACCT_SYN_000185,2026-01-25T15:00:00,2026-01-25,BENEFICIARY,R009,Beneficiary details require review,MEDIUM,RESOLVED,TEAM_SYN_003,USER_SYN_003_A02,RESOLVED,SYN_RESOLVED,2026-01-25T18:00:00,2026-01-25T23:00:00,TRUE,TRUE
EXC_SYN_0000438,PAY_SYN_0022421,CUST_SYN_000078,ACCT_SYN_000078,2026-03-14T14:56:00,2026-03-14,LIQUIDITY,R002,Insufficient synthetic available funds,HIGH,RESOLVED,TEAM_SYN_004,USER_SYN_004_A03,RESOLVED,SYN_RESOLVED,2026-03-14T15:56:00,2026-03-14T18:56:00,TRUE,TRUE
EXC_SYN_0000439,PAY_SYN_0001053,CUST_SYN_000462,ACCT_SYN_001462,2025-12-21T17:13:00,2025-12-21,SETTLEMENT,R011,Settlement confirmation delayed,LOW,RESOLVED,TEAM_SYN_005,USER_SYN_005_A04,RESOLVED,SYN_RESOLVED,2025-12-21T19:13:00,2025-12-22T01:13:00,FALSE,FALSE
EXC_SYN_0000440,PAY_SYN_0016869,CUST_SYN_000154,ACCT_SYN_000154,2026-02-12T22:38:00,2026-02-12,VALIDATION,R001,Payment instruction failed validation,MEDIUM,OPEN,TEAM_SYN_001,USER_SYN_001_A01,UNRESOLVED,,,2026-02-13T06:38:00,FALSE,TRUE
EXC_SYN_0000441,PAY_SYN_0022937,CUST_SYN_000170,ACCT_SYN_001170,2025-12-22T21:47:00,2025-12-22,LIQUIDITY,R002,Insufficient synthetic available funds,HIGH,RESOLVED,TEAM_SYN_002,USER_SYN_002_A02,RESOLVED,SYN_RESOLVED,2025-12-23T03:38:00,2025-12-23T01:47:00,FALSE,TRUE
EXC_SYN_0000442,PAY_SYN_0022820,CUST_SYN_000341,ACCT_SYN_001341,2025-11-28T14:21:00,2025-11-28,ROUTING,R003,Beneficiary routing information requires correction,MEDIUM,RESOLVED,TEAM_SYN_003,USER_SYN_003_A03,RESOLVED,SYN_RESOLVED,2025-11-28T16:21:00,2025-11-28T22:21:00,TRUE,TRUE
EXC_SYN_0000443,PAY_SYN_0010197,CUST_SYN_000790,ACCT_SYN_000790,2025-12-17T21:53:00,2025-12-17,CUTOFF,R004,Payment missed the processing cutoff,LOW,RESOLVED,TEAM_SYN_004,USER_SYN_004_A04,RESOLVED,SYN_RESOLVED,2025-12-18T00:53:00,2025-12-18T05:53:00,TRUE,FALSE
EXC_SYN_0000444,PAY_SYN_0003172,CUST_SYN_000365,ACCT_SYN_000365,2025-12-07T10:31:00,2025-12-07,SANCTIONS_SCREENING,R005,Synthetic screening review pending,HIGH,OPEN,TEAM_SYN_005,USER_SYN_005_A01,UNRESOLVED,,,2025-12-07T14:31:00,TRUE,TRUE
EXC_SYN_0000445,PAY_SYN_0002312,CUST_SYN_000045,ACCT_SYN_000045,2025-12-01T11:24:00,2025-12-01,DUPLICATE,R006,Potential duplicate payment instruction,HIGH,RESOLVED,TEAM_SYN_001,USER_SYN_001_A02,RESOLVED,SYN_RESOLVED,2025-12-01T13:24:00,2025-12-01T15:24:00,TRUE,TRUE
EXC_SYN_0000446,PAY_SYN_0013610,CUST_SYN_000071,ACCT_SYN_001071,2026-02-05T09:43:00,2026-02-05,SYSTEM,R007,Processing system unavailable,MEDIUM,RESOLVED,TEAM_SYN_002,USER_SYN_002_A03,RESOLVED,SYN_RESOLVED,2026-02-05T12:43:00,2026-02-05T17:43:00,TRUE,FALSE
EXC_SYN_0000447,PAY_SYN_0003677,CUST_SYN_000050,ACCT_SYN_001050,2026-01-28T17:05:00,2026-01-28,AUTHORIZATION,R008,Required payment authorization incomplete,HIGH,RESOLVED,TEAM_SYN_003,USER_SYN_003_A04,RESOLVED,SYN_RESOLVED,2026-01-28T18:05:00,2026-01-28T21:05:00,FALSE,TRUE
EXC_SYN_0000448,PAY_SYN_0010005,CUST_SYN_000186,ACCT_SYN_001186,2025-12-03T14:34:00,2025-12-03,BENEFICIARY,R009,Beneficiary details require review,MEDIUM,OPEN,TEAM_SYN_004,USER_SYN_004_A01,UNRESOLVED,,,2025-12-03T22:34:00,TRUE,TRUE
EXC_SYN_0000449,PAY_SYN_0015861,CUST_SYN_000358,ACCT_SYN_000358,2026-01-08T10:59:00,2026-01-08,CURRENCY,R010,Currency handling exception,MEDIUM,RESOLVED,TEAM_SYN_005,USER_SYN_005_A02,RESOLVED,SYN_RESOLVED,2026-01-08T13:59:00,2026-01-08T18:59:00,FALSE,TRUE
EXC_SYN_0000450,PAY_SYN_0023596,CUST_SYN_000053,ACCT_SYN_000053,2025-12-01T16:37:00,2025-12-01,SETTLEMENT,R011,Settlement confirmation delayed,LOW,RESOLVED,TEAM_SYN_001,USER_SYN_001_A03,RESOLVED,SYN_RESOLVED,2025-12-01T17:37:00,2025-12-02T00:37:00,FALSE,FALSE
EXC_SYN_0000451,PAY_SYN_0010842,CUST_SYN_000655,ACCT_SYN_000655,2025-11-23T12:52:00,2025-11-23,VALIDATION,R001,Payment instruction failed validation,MEDIUM,RESOLVED,TEAM_SYN_002,USER_SYN_002_A04,RESOLVED,SYN_RESOLVED,2025-11-23T14:52:00,2025-11-23T20:52:00,TRUE,TRUE
EXC_SYN_0000452,PAY_SYN_0012605,CUST_SYN_000386,ACCT_SYN_001386,2026-03-15T15:46:00,2026-03-15,LIQUIDITY,R002,Insufficient synthetic available funds,HIGH,OPEN,TEAM_SYN_003,USER_SYN_003_A01,UNRESOLVED,,,2026-03-15T19:46:00,FALSE,TRUE
EXC_SYN_0000453,PAY_SYN_0017646,CUST_SYN_000403,ACCT_SYN_000403,2026-02-03T17:06:00,2026-02-03,ROUTING,R003,Beneficiary routing information requires correction,MEDIUM,RESOLVED,TEAM_SYN_004,USER_SYN_004_A02,RESOLVED,SYN_RESOLVED,2026-02-03T18:06:00,2026-02-04T01:06:00,TRUE,TRUE
EXC_SYN_0000454,PAY_SYN_0007766,CUST_SYN_000843,ACCT_SYN_000843,2026-03-15T16:39:00,2026-03-15,CUTOFF,R004,Payment missed the processing cutoff,LOW,RESOLVED,TEAM_SYN_005,USER_SYN_005_A03,RESOLVED,SYN_RESOLVED,2026-03-15T18:39:00,2026-03-16T00:39:00,FALSE,FALSE
EXC_SYN_0000455,PAY_SYN_0021386,CUST_SYN_000783,ACCT_SYN_000783,2025-11-27T16:52:00,2025-11-27,SANCTIONS_SCREENING,R005,Synthetic screening review pending,HIGH,RESOLVED,TEAM_SYN_001,USER_SYN_001_A04,RESOLVED,SYN_RESOLVED,2025-11-27T22:57:00,2025-11-27T20:52:00,TRUE,TRUE
EXC_SYN_0000456,PAY_SYN_0016839,CUST_SYN_000544,ACCT_SYN_000544,2026-03-04T20:36:00,2026-03-04,DUPLICATE,R006,Potential duplicate payment instruction,HIGH,OPEN,TEAM_SYN_002,USER_SYN_002_A01,UNRESOLVED,,,2026-03-05T00:36:00,FALSE,TRUE
EXC_SYN_0000457,PAY_SYN_0006277,CUST_SYN_000250,ACCT_SYN_001250,2025-12-26T18:35:00,2025-12-26,SYSTEM,R007,Processing system unavailable,MEDIUM,RESOLVED,TEAM_SYN_003,USER_SYN_003_A02,RESOLVED,SYN_RESOLVED,2025-12-26T20:35:00,2025-12-27T02:35:00,FALSE,FALSE
EXC_SYN_0000458,PAY_SYN_0018851,CUST_SYN_000488,ACCT_SYN_001488,2026-02-26T12:46:00,2026-02-26,AUTHORIZATION,R008,Required payment authorization incomplete,HIGH,RESOLVED,TEAM_SYN_004,USER_SYN_004_A03,RESOLVED,SYN_RESOLVED,2026-02-26T15:46:00,2026-02-26T16:46:00,TRUE,TRUE
EXC_SYN_0000459,PAY_SYN_0017372,CUST_SYN_000765,ACCT_SYN_000765,2026-01-15T14:26:00,2026-01-15,BENEFICIARY,R009,Beneficiary details require review,MEDIUM,RESOLVED,TEAM_SYN_005,USER_SYN_005_A04,RESOLVED,SYN_RESOLVED,2026-01-15T15:26:00,2026-01-15T22:26:00,FALSE,TRUE
EXC_SYN_0000460,PAY_SYN_0021043,CUST_SYN_000092,ACCT_SYN_000092,2025-12-17T14:56:00,2025-12-17,CURRENCY,R010,Currency handling exception,MEDIUM,OPEN,TEAM_SYN_001,USER_SYN_001_A01,UNRESOLVED,,,2025-12-17T22:56:00,TRUE,TRUE
EXC_SYN_0000461,PAY_SYN_0019472,CUST_SYN_000465,ACCT_SYN_000465,2025-12-21T14:52:00,2025-12-21,SETTLEMENT,R011,Settlement confirmation delayed,LOW,RESOLVED,TEAM_SYN_002,USER_SYN_002_A02,RESOLVED,SYN_RESOLVED,2025-12-21T17:52:00,2025-12-21T22:52:00,FALSE,FALSE
EXC_SYN_0000462,PAY_SYN_0002329,CUST_SYN_000674,ACCT_SYN_000674,2026-03-01T22:04:00,2026-03-01,VALIDATION,R001,Payment instruction failed validation,MEDIUM,RESOLVED,TEAM_SYN_003,USER_SYN_003_A03,RESOLVED,SYN_RESOLVED,2026-03-02T08:16:00,2026-03-02T06:04:00,TRUE,TRUE
EXC_SYN_0000463,PAY_SYN_0013998,CUST_SYN_000427,ACCT_SYN_000427,2026-03-15T20:40:00,2026-03-15,LIQUIDITY,R002,Insufficient synthetic available funds,HIGH,RESOLVED,TEAM_SYN_004,USER_SYN_004_A04,RESOLVED,SYN_RESOLVED,2026-03-15T22:40:00,2026-03-16T00:40:00,FALSE,TRUE
EXC_SYN_0000464,PAY_SYN_0004990,CUST_SYN_000131,ACCT_SYN_000131,2026-01-17T12:57:00,2026-01-17,ROUTING,R003,Beneficiary routing information requires correction,MEDIUM,OPEN,TEAM_SYN_005,USER_SYN_005_A01,UNRESOLVED,,,2026-01-17T20:57:00,FALSE,TRUE
EXC_SYN_0000465,PAY_SYN_0022393,CUST_SYN_000542,ACCT_SYN_000542,2026-03-12T16:31:00,2026-03-12,SYSTEM,R007,Processing system unavailable,MEDIUM,RESOLVED,TEAM_SYN_001,USER_SYN_001_A02,RESOLVED,SYN_RESOLVED,2026-03-12T17:31:00,2026-03-13T00:31:00,TRUE,FALSE
EXC_SYN_0000466,PAY_SYN_0024842,CUST_SYN_000155,ACCT_SYN_001155,2026-02-14T15:27:00,2026-02-14,SANCTIONS_SCREENING,R005,Synthetic screening review pending,HIGH,RESOLVED,TEAM_SYN_002,USER_SYN_002_A03,RESOLVED,SYN_RESOLVED,2026-02-14T17:27:00,2026-02-14T19:27:00,TRUE,TRUE
EXC_SYN_0000467,PAY_SYN_0021932,CUST_SYN_000485,ACCT_SYN_001485,2025-12-24T16:10:00,2025-12-24,DUPLICATE,R006,Potential duplicate payment instruction,HIGH,RESOLVED,TEAM_SYN_003,USER_SYN_003_A04,RESOLVED,SYN_RESOLVED,2025-12-24T19:10:00,2025-12-24T20:10:00,FALSE,TRUE
EXC_SYN_0000468,PAY_SYN_0020218,CUST_SYN_000067,ACCT_SYN_001067,2026-03-14T22:25:00,2026-03-14,LIQUIDITY,R002,Insufficient synthetic available funds,HIGH,OPEN,TEAM_SYN_004,USER_SYN_004_A01,UNRESOLVED,,,2026-03-15T02:25:00,TRUE,TRUE
EXC_SYN_0000469,PAY_SYN_0020489,CUST_SYN_000594,ACCT_SYN_000594,2026-02-09T23:15:00,2026-02-09,AUTHORIZATION,R008,Required payment authorization incomplete,HIGH,RESOLVED,TEAM_SYN_005,USER_SYN_005_A02,RESOLVED,SYN_RESOLVED,2026-02-10T05:34:00,2026-02-10T03:15:00,TRUE,TRUE
EXC_SYN_0000470,PAY_SYN_0007964,CUST_SYN_000669,ACCT_SYN_000669,2025-12-18T18:13:00,2025-12-18,BENEFICIARY,R009,Beneficiary details require review,MEDIUM,RESOLVED,TEAM_SYN_001,USER_SYN_001_A03,RESOLVED,SYN_RESOLVED,2025-12-18T21:13:00,2025-12-19T02:13:00,TRUE,TRUE
EXC_SYN_0000471,PAY_SYN_0021145,CUST_SYN_000866,ACCT_SYN_000866,2026-01-26T14:13:00,2026-01-26,CURRENCY,R010,Currency handling exception,MEDIUM,RESOLVED,TEAM_SYN_002,USER_SYN_002_A04,RESOLVED,SYN_RESOLVED,2026-01-26T15:13:00,2026-01-26T22:13:00,TRUE,TRUE
EXC_SYN_0000472,PAY_SYN_0014241,CUST_SYN_000418,ACCT_SYN_000418,2025-12-27T09:58:00,2025-12-27,SETTLEMENT,R011,Settlement confirmation delayed,LOW,OPEN,TEAM_SYN_003,USER_SYN_003_A01,UNRESOLVED,,,2025-12-27T17:58:00,FALSE,FALSE
EXC_SYN_0000473,PAY_SYN_0006480,CUST_SYN_000261,ACCT_SYN_001261,2026-01-01T08:44:00,2026-01-01,VALIDATION,R001,Payment instruction failed validation,MEDIUM,RESOLVED,TEAM_SYN_004,USER_SYN_004_A02,RESOLVED,SYN_RESOLVED,2026-01-01T11:44:00,2026-01-01T16:44:00,FALSE,TRUE
EXC_SYN_0000474,PAY_SYN_0014037,CUST_SYN_000370,ACCT_SYN_000370,2026-01-20T16:36:00,2026-01-20,LIQUIDITY,R002,Insufficient synthetic available funds,HIGH,RESOLVED,TEAM_SYN_005,USER_SYN_005_A03,RESOLVED,SYN_RESOLVED,2026-01-20T17:36:00,2026-01-20T20:36:00,TRUE,TRUE
EXC_SYN_0000475,PAY_SYN_0020724,CUST_SYN_000289,ACCT_SYN_000289,2026-03-07T13:58:00,2026-03-07,ROUTING,R003,Beneficiary routing information requires correction,MEDIUM,RESOLVED,TEAM_SYN_001,USER_SYN_001_A04,RESOLVED,SYN_RESOLVED,2026-03-07T15:58:00,2026-03-07T21:58:00,FALSE,TRUE
EXC_SYN_0000476,PAY_SYN_0008313,CUST_SYN_000082,ACCT_SYN_000082,2025-12-31T13:14:00,2025-12-31,CUTOFF,R004,Payment missed the processing cutoff,LOW,OPEN,TEAM_SYN_002,USER_SYN_002_A01,UNRESOLVED,,,2025-12-31T21:14:00,FALSE,FALSE
EXC_SYN_0000477,PAY_SYN_0010936,CUST_SYN_000133,ACCT_SYN_001133,2025-12-07T16:28:00,2025-12-07,SANCTIONS_SCREENING,R005,Synthetic screening review pending,HIGH,RESOLVED,TEAM_SYN_003,USER_SYN_003_A02,RESOLVED,SYN_RESOLVED,2025-12-07T17:28:00,2025-12-07T20:28:00,TRUE,TRUE
EXC_SYN_0000478,PAY_SYN_0009897,CUST_SYN_000190,ACCT_SYN_000190,2026-03-12T17:28:00,2026-03-12,DUPLICATE,R006,Potential duplicate payment instruction,HIGH,RESOLVED,TEAM_SYN_004,USER_SYN_004_A03,RESOLVED,SYN_RESOLVED,2026-03-12T19:28:00,2026-03-12T21:28:00,TRUE,TRUE
EXC_SYN_0000479,PAY_SYN_0004733,CUST_SYN_000122,ACCT_SYN_001122,2025-11-22T13:13:00,2025-11-22,SYSTEM,R007,Processing system unavailable,MEDIUM,RESOLVED,TEAM_SYN_005,USER_SYN_005_A04,RESOLVED,SYN_RESOLVED,2025-11-22T16:13:00,2025-11-22T21:13:00,FALSE,FALSE
EXC_SYN_0000480,PAY_SYN_0018138,CUST_SYN_000607,ACCT_SYN_000607,2026-01-10T18:21:00,2026-01-10,AUTHORIZATION,R008,Required payment authorization incomplete,HIGH,OPEN,TEAM_SYN_001,USER_SYN_001_A01,UNRESOLVED,,,2026-01-10T22:21:00,FALSE,TRUE
EXC_SYN_0000481,PAY_SYN_0023347,CUST_SYN_000340,ACCT_SYN_001340,2026-01-25T18:17:00,2026-01-25,BENEFICIARY,R009,Beneficiary details require review,MEDIUM,RESOLVED,TEAM_SYN_002,USER_SYN_002_A02,RESOLVED,SYN_RESOLVED,2026-01-25T20:17:00,2026-01-26T02:17:00,FALSE,TRUE
EXC_SYN_0000482,PAY_SYN_0017733,CUST_SYN_000622,ACCT_SYN_000622,2026-03-11T14:32:00,2026-03-11,CURRENCY,R010,Currency handling exception,MEDIUM,RESOLVED,TEAM_SYN_003,USER_SYN_003_A03,RESOLVED,SYN_RESOLVED,2026-03-11T17:32:00,2026-03-11T22:32:00,TRUE,TRUE
EXC_SYN_0000483,PAY_SYN_0021164,CUST_SYN_000069,ACCT_SYN_000069,2026-02-03T15:02:00,2026-02-03,SETTLEMENT,R011,Settlement confirmation delayed,LOW,RESOLVED,TEAM_SYN_004,USER_SYN_004_A04,RESOLVED,SYN_RESOLVED,2026-02-04T01:35:00,2026-02-03T23:02:00,TRUE,FALSE
EXC_SYN_0000484,PAY_SYN_0022924,CUST_SYN_000689,ACCT_SYN_000689,2026-01-13T15:35:00,2026-01-13,VALIDATION,R001,Payment instruction failed validation,MEDIUM,OPEN,TEAM_SYN_005,USER_SYN_005_A01,UNRESOLVED,,,2026-01-13T23:35:00,FALSE,TRUE
EXC_SYN_0000485,PAY_SYN_0021670,CUST_SYN_000791,ACCT_SYN_000791,2025-12-22T11:30:00,2025-12-22,LIQUIDITY,R002,Insufficient synthetic available funds,HIGH,RESOLVED,TEAM_SYN_001,USER_SYN_001_A02,RESOLVED,SYN_RESOLVED,2025-12-22T14:30:00,2025-12-22T15:30:00,TRUE,TRUE
EXC_SYN_0000486,PAY_SYN_0009121,CUST_SYN_000478,ACCT_SYN_001478,2025-12-28T12:40:00,2025-12-28,ROUTING,R003,Beneficiary routing information requires correction,MEDIUM,RESOLVED,TEAM_SYN_002,USER_SYN_002_A03,RESOLVED,SYN_RESOLVED,2025-12-28T13:40:00,2025-12-28T20:40:00,FALSE,TRUE
EXC_SYN_0000487,PAY_SYN_0016069,CUST_SYN_000554,ACCT_SYN_000554,2026-02-01T21:29:00,2026-02-01,CUTOFF,R004,Payment missed the processing cutoff,LOW,RESOLVED,TEAM_SYN_003,USER_SYN_003_A04,RESOLVED,SYN_RESOLVED,2026-02-01T23:29:00,2026-02-02T05:29:00,FALSE,FALSE
EXC_SYN_0000488,PAY_SYN_0022479,CUST_SYN_000724,ACCT_SYN_000724,2026-02-19T21:32:00,2026-02-19,SANCTIONS_SCREENING,R005,Synthetic screening review pending,HIGH,OPEN,TEAM_SYN_004,USER_SYN_004_A01,UNRESOLVED,,,2026-02-20T01:32:00,FALSE,TRUE
EXC_SYN_0000489,PAY_SYN_0000590,CUST_SYN_000831,ACCT_SYN_000831,2025-11-20T13:02:00,2025-11-20,DUPLICATE,R006,Potential duplicate payment instruction,HIGH,RESOLVED,TEAM_SYN_005,USER_SYN_005_A02,RESOLVED,SYN_RESOLVED,2025-11-20T14:02:00,2025-11-20T17:02:00,FALSE,TRUE
EXC_SYN_0000490,PAY_SYN_0020710,CUST_SYN_000271,ACCT_SYN_001271,2026-02-17T12:35:00,2026-02-17,SYSTEM,R007,Processing system unavailable,MEDIUM,RESOLVED,TEAM_SYN_001,USER_SYN_001_A03,RESOLVED,SYN_RESOLVED,2026-02-17T23:15:00,2026-02-17T20:35:00,FALSE,FALSE
EXC_SYN_0000491,PAY_SYN_0016494,CUST_SYN_000279,ACCT_SYN_001279,2026-01-14T16:56:00,2026-01-14,AUTHORIZATION,R008,Required payment authorization incomplete,HIGH,RESOLVED,TEAM_SYN_002,USER_SYN_002_A04,RESOLVED,SYN_RESOLVED,2026-01-14T19:56:00,2026-01-14T20:56:00,FALSE,TRUE
EXC_SYN_0000492,PAY_SYN_0022556,CUST_SYN_000573,ACCT_SYN_000573,2026-03-10T19:23:00,2026-03-10,LIQUIDITY,R002,Insufficient synthetic available funds,HIGH,OPEN,TEAM_SYN_003,USER_SYN_003_A01,UNRESOLVED,,,2026-03-10T23:23:00,FALSE,TRUE
EXC_SYN_0000493,PAY_SYN_0023268,CUST_SYN_000417,ACCT_SYN_001417,2026-01-03T21:40:00,2026-01-03,CURRENCY,R010,Currency handling exception,MEDIUM,RESOLVED,TEAM_SYN_004,USER_SYN_004_A02,RESOLVED,SYN_RESOLVED,2026-01-03T23:40:00,2026-01-04T05:40:00,FALSE,TRUE
EXC_SYN_0000494,PAY_SYN_0009230,CUST_SYN_000011,ACCT_SYN_001011,2025-11-19T14:07:00,2025-11-19,SETTLEMENT,R011,Settlement confirmation delayed,LOW,RESOLVED,TEAM_SYN_005,USER_SYN_005_A03,RESOLVED,SYN_RESOLVED,2025-11-19T17:07:00,2025-11-19T22:07:00,TRUE,FALSE
EXC_SYN_0000495,PAY_SYN_0020401,CUST_SYN_000338,ACCT_SYN_000338,2026-02-10T14:37:00,2026-02-10,VALIDATION,R001,Payment instruction failed validation,MEDIUM,RESOLVED,TEAM_SYN_001,USER_SYN_001_A04,RESOLVED,SYN_RESOLVED,2026-02-10T15:37:00,2026-02-10T22:37:00,TRUE,TRUE
EXC_SYN_0000496,PAY_SYN_0007484,CUST_SYN_000909,ACCT_SYN_000909,2026-02-08T17:51:00,2026-02-08,LIQUIDITY,R002,Insufficient synthetic available funds,HIGH,OPEN,TEAM_SYN_002,USER_SYN_002_A01,UNRESOLVED,,,2026-02-08T21:51:00,FALSE,TRUE
EXC_SYN_0000497,PAY_SYN_0019368,CUST_SYN_000117,ACCT_SYN_001117,2026-02-13T22:32:00,2026-02-13,ROUTING,R003,Beneficiary routing information requires correction,MEDIUM,RESOLVED,TEAM_SYN_003,USER_SYN_003_A02,RESOLVED,SYN_RESOLVED,2026-02-14T09:19:00,2026-02-14T06:32:00,TRUE,TRUE
EXC_SYN_0000498,PAY_SYN_0000048,CUST_SYN_000277,ACCT_SYN_000277,2025-11-16T22:45:00,2025-11-16,CUTOFF,R004,Payment missed the processing cutoff,LOW,RESOLVED,TEAM_SYN_004,USER_SYN_004_A03,RESOLVED,SYN_RESOLVED,2025-11-16T23:45:00,2025-11-17T06:45:00,TRUE,FALSE
EXC_SYN_0000499,PAY_SYN_0001921,CUST_SYN_000578,ACCT_SYN_000578,2026-02-14T09:29:00,2026-02-14,SANCTIONS_SCREENING,R005,Synthetic screening review pending,HIGH,RESOLVED,TEAM_SYN_005,USER_SYN_005_A04,RESOLVED,SYN_RESOLVED,2026-02-14T11:29:00,2026-02-14T13:29:00,TRUE,TRUE
EXC_SYN_0000500,PAY_SYN_0004636,CUST_SYN_000533,ACCT_SYN_000533,2025-11-30T15:27:00,2025-11-30,DUPLICATE,R006,Potential duplicate payment instruction,HIGH,OPEN,TEAM_SYN_001,USER_SYN_001_A01,UNRESOLVED,,,2025-11-30T19:27:00,TRUE,TRUE
EXC_SYN_0000501,PAY_SYN_0004211,CUST_SYN_000308,ACCT_SYN_001308,2025-11-30T10:05:00,2025-11-30,SYSTEM,R007,Processing system unavailable,MEDIUM,RESOLVED,TEAM_SYN_002,USER_SYN_002_A02,RESOLVED,SYN_RESOLVED,2025-11-30T11:05:00,2025-11-30T18:05:00,TRUE,FALSE
EXC_SYN_0000502,PAY_SYN_0016806,CUST_SYN_000823,ACCT_SYN_000823,2025-12-18T15:43:00,2025-12-18,AUTHORIZATION,R008,Required payment authorization incomplete,HIGH,RESOLVED,TEAM_SYN_003,USER_SYN_003_A03,RESOLVED,SYN_RESOLVED,2025-12-18T17:43:00,2025-12-18T19:43:00,FALSE,TRUE
EXC_SYN_0000503,PAY_SYN_0017018,CUST_SYN_000167,ACCT_SYN_001167,2025-12-10T17:40:00,2025-12-10,BENEFICIARY,R009,Beneficiary details require review,MEDIUM,RESOLVED,TEAM_SYN_004,USER_SYN_004_A04,RESOLVED,SYN_RESOLVED,2025-12-10T20:40:00,2025-12-11T01:40:00,FALSE,TRUE
EXC_SYN_0000504,PAY_SYN_0019145,CUST_SYN_000366,ACCT_SYN_000366,2026-01-29T15:02:00,2026-01-29,CURRENCY,R010,Currency handling exception,MEDIUM,OPEN,TEAM_SYN_005,USER_SYN_005_A01,UNRESOLVED,,,2026-01-29T23:02:00,FALSE,TRUE
EXC_SYN_0000505,PAY_SYN_0023668,CUST_SYN_000217,ACCT_SYN_001217,2025-12-06T17:56:00,2025-12-06,SETTLEMENT,R011,Settlement confirmation delayed,LOW,RESOLVED,TEAM_SYN_001,USER_SYN_001_A02,RESOLVED,SYN_RESOLVED,2025-12-06T19:56:00,2025-12-07T01:56:00,TRUE,FALSE
EXC_SYN_0000506,PAY_SYN_0021454,CUST_SYN_000299,ACCT_SYN_000299,2026-01-25T14:51:00,2026-01-25,VALIDATION,R001,Payment instruction failed validation,MEDIUM,RESOLVED,TEAM_SYN_002,USER_SYN_002_A03,RESOLVED,SYN_RESOLVED,2026-01-25T17:51:00,2026-01-25T22:51:00,TRUE,TRUE
EXC_SYN_0000507,PAY_SYN_0006465,CUST_SYN_000706,ACCT_SYN_000706,2026-01-19T15:21:00,2026-01-19,LIQUIDITY,R002,Insufficient synthetic available funds,HIGH,RESOLVED,TEAM_SYN_003,USER_SYN_003_A04,RESOLVED,SYN_RESOLVED,2026-01-19T16:21:00,2026-01-19T19:21:00,TRUE,TRUE
EXC_SYN_0000508,PAY_SYN_0022987,CUST_SYN_000020,ACCT_SYN_000020,2025-12-23T18:08:00,2025-12-23,ROUTING,R003,Beneficiary routing information requires correction,MEDIUM,OPEN,TEAM_SYN_004,USER_SYN_004_A01,UNRESOLVED,,,2025-12-24T02:08:00,FALSE,TRUE
EXC_SYN_0000509,PAY_SYN_0002310,CUST_SYN_000471,ACCT_SYN_001471,2026-02-28T11:02:00,2026-02-28,CUTOFF,R004,Payment missed the processing cutoff,LOW,RESOLVED,TEAM_SYN_005,USER_SYN_005_A02,RESOLVED,SYN_RESOLVED,2026-02-28T14:02:00,2026-02-28T19:02:00,FALSE,FALSE
EXC_SYN_0000510,PAY_SYN_0003421,CUST_SYN_000578,ACCT_SYN_000578,2025-11-18T11:52:00,2025-11-18,SANCTIONS_SCREENING,R005,Synthetic screening review pending,HIGH,RESOLVED,TEAM_SYN_001,USER_SYN_001_A03,RESOLVED,SYN_RESOLVED,2025-11-18T12:52:00,2025-11-18T15:52:00,FALSE,TRUE
EXC_SYN_0000511,PAY_SYN_0004215,CUST_SYN_000456,ACCT_SYN_001456,2026-02-22T16:43:00,2026-02-22,DUPLICATE,R006,Potential duplicate payment instruction,HIGH,RESOLVED,TEAM_SYN_002,USER_SYN_002_A04,RESOLVED,SYN_RESOLVED,2026-02-22T23:44:00,2026-02-22T20:43:00,TRUE,TRUE
EXC_SYN_0000512,PAY_SYN_0019318,CUST_SYN_000767,ACCT_SYN_000767,2025-12-18T19:57:00,2025-12-18,SYSTEM,R007,Processing system unavailable,MEDIUM,OPEN,TEAM_SYN_003,USER_SYN_003_A01,UNRESOLVED,,,2025-12-19T03:57:00,TRUE,FALSE
EXC_SYN_0000513,PAY_SYN_0005759,CUST_SYN_000084,ACCT_SYN_000084,2026-01-15T21:17:00,2026-01-15,AUTHORIZATION,R008,Required payment authorization incomplete,HIGH,RESOLVED,TEAM_SYN_004,USER_SYN_004_A02,RESOLVED,SYN_RESOLVED,2026-01-15T22:17:00,2026-01-16T01:17:00,FALSE,TRUE
EXC_SYN_0000514,PAY_SYN_0024931,CUST_SYN_000448,ACCT_SYN_001448,2025-11-25T13:14:00,2025-11-25,BENEFICIARY,R009,Beneficiary details require review,MEDIUM,RESOLVED,TEAM_SYN_005,USER_SYN_005_A03,RESOLVED,SYN_RESOLVED,2025-11-25T15:14:00,2025-11-25T21:14:00,TRUE,TRUE
EXC_SYN_0000515,PAY_SYN_0019793,CUST_SYN_000342,ACCT_SYN_000342,2026-02-15T15:01:00,2026-02-15,CURRENCY,R010,Currency handling exception,MEDIUM,RESOLVED,TEAM_SYN_001,USER_SYN_001_A04,RESOLVED,SYN_RESOLVED,2026-02-15T18:01:00,2026-02-15T23:01:00,TRUE,TRUE
EXC_SYN_0000516,PAY_SYN_0004522,CUST_SYN_000815,ACCT_SYN_000815,2025-12-28T14:37:00,2025-12-28,SETTLEMENT,R011,Settlement confirmation delayed,LOW,OPEN,TEAM_SYN_002,USER_SYN_002_A01,UNRESOLVED,,,2025-12-28T22:37:00,TRUE,FALSE
EXC_SYN_0000517,PAY_SYN_0014129,CUST_SYN_000774,ACCT_SYN_000774,2025-12-14T21:39:00,2025-12-14,VALIDATION,R001,Payment instruction failed validation,MEDIUM,RESOLVED,TEAM_SYN_003,USER_SYN_003_A02,RESOLVED,SYN_RESOLVED,2025-12-14T23:39:00,2025-12-15T05:39:00,FALSE,TRUE
EXC_SYN_0000518,PAY_SYN_0000218,CUST_SYN_000567,ACCT_SYN_000567,2026-03-05T20:55:00,2026-03-05,LIQUIDITY,R002,Insufficient synthetic available funds,HIGH,RESOLVED,TEAM_SYN_004,USER_SYN_004_A03,RESOLVED,SYN_RESOLVED,2026-03-06T04:03:00,2026-03-06T00:55:00,TRUE,TRUE
EXC_SYN_0000519,PAY_SYN_0007984,CUST_SYN_000409,ACCT_SYN_001409,2026-01-07T17:10:00,2026-01-07,ROUTING,R003,Beneficiary routing information requires correction,MEDIUM,RESOLVED,TEAM_SYN_005,USER_SYN_005_A04,RESOLVED,SYN_RESOLVED,2026-01-07T18:10:00,2026-01-08T01:10:00,TRUE,TRUE
EXC_SYN_0000520,PAY_SYN_0010040,CUST_SYN_000981,ACCT_SYN_000981,2025-12-03T13:15:00,2025-12-03,CUTOFF,R004,Payment missed the processing cutoff,LOW,OPEN,TEAM_SYN_001,USER_SYN_001_A01,UNRESOLVED,,,2025-12-03T21:15:00,FALSE,FALSE
EXC_SYN_0000521,PAY_SYN_0006604,CUST_SYN_000349,ACCT_SYN_001349,2026-01-21T17:36:00,2026-01-21,SANCTIONS_SCREENING,R005,Synthetic screening review pending,HIGH,RESOLVED,TEAM_SYN_002,USER_SYN_002_A02,RESOLVED,SYN_RESOLVED,2026-01-21T20:36:00,2026-01-21T21:36:00,TRUE,TRUE
EXC_SYN_0000522,PAY_SYN_0014687,CUST_SYN_000420,ACCT_SYN_000420,2026-02-18T20:50:00,2026-02-18,DUPLICATE,R006,Potential duplicate payment instruction,HIGH,RESOLVED,TEAM_SYN_003,USER_SYN_003_A03,RESOLVED,SYN_RESOLVED,2026-02-18T21:50:00,2026-02-19T00:50:00,FALSE,TRUE
EXC_SYN_0000523,PAY_SYN_0001305,CUST_SYN_000286,ACCT_SYN_000286,2025-11-30T18:49:00,2025-11-30,SYSTEM,R007,Processing system unavailable,MEDIUM,RESOLVED,TEAM_SYN_004,USER_SYN_004_A04,RESOLVED,SYN_RESOLVED,2025-11-30T20:49:00,2025-12-01T02:49:00,TRUE,FALSE
EXC_SYN_0000524,PAY_SYN_0009406,CUST_SYN_000023,ACCT_SYN_000023,2026-03-11T20:09:00,2026-03-11,AUTHORIZATION,R008,Required payment authorization incomplete,HIGH,OPEN,TEAM_SYN_005,USER_SYN_005_A01,UNRESOLVED,,,2026-03-12T00:09:00,TRUE,TRUE
EXC_SYN_0000525,PAY_SYN_0023160,CUST_SYN_000421,ACCT_SYN_000421,2026-01-14T14:00:00,2026-01-14,BENEFICIARY,R009,Beneficiary details require review,MEDIUM,RESOLVED,TEAM_SYN_001,USER_SYN_001_A02,RESOLVED,SYN_RESOLVED,2026-01-15T01:15:00,2026-01-14T22:00:00,FALSE,TRUE
EXC_SYN_0000526,PAY_SYN_0021579,CUST_SYN_000424,ACCT_SYN_000424,2025-11-30T23:46:00,2025-11-30,CURRENCY,R010,Currency handling exception,MEDIUM,RESOLVED,TEAM_SYN_002,USER_SYN_002_A03,RESOLVED,SYN_RESOLVED,2025-12-01T01:46:00,2025-12-01T07:46:00,TRUE,TRUE
EXC_SYN_0000527,PAY_SYN_0011960,CUST_SYN_000021,ACCT_SYN_000021,2026-01-19T08:46:00,2026-01-19,SETTLEMENT,R011,Settlement confirmation delayed,LOW,RESOLVED,TEAM_SYN_003,USER_SYN_003_A04,RESOLVED,SYN_RESOLVED,2026-01-19T11:46:00,2026-01-19T16:46:00,FALSE,FALSE
EXC_SYN_0000528,PAY_SYN_0013138,CUST_SYN_000107,ACCT_SYN_000107,2026-01-28T17:25:00,2026-01-28,VALIDATION,R001,Payment instruction failed validation,MEDIUM,OPEN,TEAM_SYN_004,USER_SYN_004_A01,UNRESOLVED,,,2026-01-29T01:25:00,FALSE,TRUE
EXC_SYN_0000529,PAY_SYN_0019083,CUST_SYN_000072,ACCT_SYN_001072,2026-02-02T12:13:00,2026-02-02,LIQUIDITY,R002,Insufficient synthetic available funds,HIGH,RESOLVED,TEAM_SYN_005,USER_SYN_005_A02,RESOLVED,SYN_RESOLVED,2026-02-02T14:13:00,2026-02-02T16:13:00,TRUE,TRUE
EXC_SYN_0000530,PAY_SYN_0017712,CUST_SYN_000345,ACCT_SYN_001345,2025-12-20T11:29:00,2025-12-20,ROUTING,R003,Beneficiary routing information requires correction,MEDIUM,RESOLVED,TEAM_SYN_001,USER_SYN_001_A03,RESOLVED,SYN_RESOLVED,2025-12-20T14:29:00,2025-12-20T19:29:00,FALSE,TRUE
EXC_SYN_0000531,PAY_SYN_0013765,CUST_SYN_000806,ACCT_SYN_000806,2025-11-21T15:13:00,2025-11-21,CUTOFF,R004,Payment missed the processing cutoff,LOW,RESOLVED,TEAM_SYN_002,USER_SYN_002_A04,RESOLVED,SYN_RESOLVED,2025-11-21T16:13:00,2025-11-21T23:13:00,TRUE,FALSE
EXC_SYN_0000532,PAY_SYN_0012489,CUST_SYN_000094,ACCT_SYN_000094,2026-02-14T18:34:00,2026-02-14,SANCTIONS_SCREENING,R005,Synthetic screening review pending,HIGH,OPEN,TEAM_SYN_003,USER_SYN_003_A01,UNRESOLVED,,,2026-02-14T22:34:00,TRUE,TRUE
EXC_SYN_0000533,PAY_SYN_0007931,CUST_SYN_000948,ACCT_SYN_000948,2026-01-20T11:01:00,2026-01-20,DUPLICATE,R006,Potential duplicate payment instruction,HIGH,RESOLVED,TEAM_SYN_004,USER_SYN_004_A02,RESOLVED,SYN_RESOLVED,2026-01-20T14:01:00,2026-01-20T15:01:00,FALSE,TRUE
EXC_SYN_0000534,PAY_SYN_0009307,CUST_SYN_000860,ACCT_SYN_000860,2026-02-02T17:46:00,2026-02-02,SYSTEM,R007,Processing system unavailable,MEDIUM,RESOLVED,TEAM_SYN_005,USER_SYN_005_A03,RESOLVED,SYN_RESOLVED,2026-02-02T18:46:00,2026-02-03T01:46:00,FALSE,FALSE
EXC_SYN_0000535,PAY_SYN_0010112,CUST_SYN_000645,ACCT_SYN_000645,2026-03-02T12:54:00,2026-03-02,AUTHORIZATION,R008,Required payment authorization incomplete,HIGH,RESOLVED,TEAM_SYN_001,USER_SYN_001_A04,RESOLVED,SYN_RESOLVED,2026-03-02T14:54:00,2026-03-02T16:54:00,TRUE,TRUE
EXC_SYN_0000536,PAY_SYN_0009501,CUST_SYN_000538,ACCT_SYN_000538,2026-03-10T11:50:00,2026-03-10,BENEFICIARY,R009,Beneficiary details require review,MEDIUM,OPEN,TEAM_SYN_002,USER_SYN_002_A01,UNRESOLVED,,,2026-03-10T19:50:00,TRUE,TRUE
EXC_SYN_0000537,PAY_SYN_0001618,CUST_SYN_000367,ACCT_SYN_001367,2025-12-18T19:22:00,2025-12-18,CURRENCY,R010,Currency handling exception,MEDIUM,RESOLVED,TEAM_SYN_003,USER_SYN_003_A02,RESOLVED,SYN_RESOLVED,2025-12-18T20:22:00,2025-12-19T03:22:00,TRUE,TRUE
EXC_SYN_0000538,PAY_SYN_0015062,CUST_SYN_000795,ACCT_SYN_000795,2026-03-08T13:03:00,2026-03-08,SETTLEMENT,R011,Settlement confirmation delayed,LOW,RESOLVED,TEAM_SYN_004,USER_SYN_004_A03,RESOLVED,SYN_RESOLVED,2026-03-08T15:03:00,2026-03-08T21:03:00,FALSE,FALSE
EXC_SYN_0000539,PAY_SYN_0024556,CUST_SYN_000073,ACCT_SYN_001073,2026-02-09T17:54:00,2026-02-09,VALIDATION,R001,Payment instruction failed validation,MEDIUM,RESOLVED,TEAM_SYN_005,USER_SYN_005_A04,RESOLVED,SYN_RESOLVED,2026-02-10T05:23:00,2026-02-10T01:54:00,TRUE,TRUE
EXC_SYN_0000540,PAY_SYN_0018509,CUST_SYN_000834,ACCT_SYN_000834,2025-12-06T20:38:00,2025-12-06,LIQUIDITY,R002,Insufficient synthetic available funds,HIGH,OPEN,TEAM_SYN_001,USER_SYN_001_A01,UNRESOLVED,,,2025-12-07T00:38:00,FALSE,TRUE
EXC_SYN_0000541,PAY_SYN_0019670,CUST_SYN_000291,ACCT_SYN_000291,2026-01-31T12:18:00,2026-01-31,ROUTING,R003,Beneficiary routing information requires correction,MEDIUM,RESOLVED,TEAM_SYN_002,USER_SYN_002_A02,RESOLVED,SYN_RESOLVED,2026-01-31T14:18:00,2026-01-31T20:18:00,FALSE,TRUE
EXC_SYN_0000542,PAY_SYN_0010130,CUST_SYN_000311,ACCT_SYN_001311,2026-01-20T12:31:00,2026-01-20,CUTOFF,R004,Payment missed the processing cutoff,LOW,RESOLVED,TEAM_SYN_003,USER_SYN_003_A03,RESOLVED,SYN_RESOLVED,2026-01-20T15:31:00,2026-01-20T20:31:00,TRUE,FALSE
EXC_SYN_0000543,PAY_SYN_0007459,CUST_SYN_000484,ACCT_SYN_001484,2026-01-11T21:07:00,2026-01-11,SANCTIONS_SCREENING,R005,Synthetic screening review pending,HIGH,RESOLVED,TEAM_SYN_004,USER_SYN_004_A04,RESOLVED,SYN_RESOLVED,2026-01-11T22:07:00,2026-01-12T01:07:00,TRUE,TRUE
EXC_SYN_0000544,PAY_SYN_0023137,CUST_SYN_000070,ACCT_SYN_001070,2026-02-07T19:26:00,2026-02-07,DUPLICATE,R006,Potential duplicate payment instruction,HIGH,OPEN,TEAM_SYN_005,USER_SYN_005_A01,UNRESOLVED,,,2026-02-07T23:26:00,TRUE,TRUE
EXC_SYN_0000545,PAY_SYN_0002731,CUST_SYN_000548,ACCT_SYN_000548,2025-12-01T13:57:00,2025-12-01,SYSTEM,R007,Processing system unavailable,MEDIUM,RESOLVED,TEAM_SYN_001,USER_SYN_001_A02,RESOLVED,SYN_RESOLVED,2025-12-01T16:57:00,2025-12-01T21:57:00,TRUE,FALSE
EXC_SYN_0000546,PAY_SYN_0021446,CUST_SYN_000003,ACCT_SYN_000003,2026-03-07T18:35:00,2026-03-07,AUTHORIZATION,R008,Required payment authorization incomplete,HIGH,RESOLVED,TEAM_SYN_002,USER_SYN_002_A03,RESOLVED,SYN_RESOLVED,2026-03-07T23:11:00,2026-03-07T22:35:00,FALSE,TRUE
EXC_SYN_0000547,PAY_SYN_0010361,CUST_SYN_000858,ACCT_SYN_000858,2026-02-26T14:33:00,2026-02-26,BENEFICIARY,R009,Beneficiary details require review,MEDIUM,RESOLVED,TEAM_SYN_003,USER_SYN_003_A04,RESOLVED,SYN_RESOLVED,2026-02-26T16:33:00,2026-02-26T22:33:00,FALSE,TRUE
EXC_SYN_0000548,PAY_SYN_0022055,CUST_SYN_000036,ACCT_SYN_000036,2026-03-12T18:04:00,2026-03-12,CURRENCY,R010,Currency handling exception,MEDIUM,OPEN,TEAM_SYN_004,USER_SYN_004_A01,UNRESOLVED,,,2026-03-13T02:04:00,TRUE,TRUE
EXC_SYN_0000549,PAY_SYN_0003436,CUST_SYN_000133,ACCT_SYN_001133,2026-03-02T20:04:00,2026-03-02,SETTLEMENT,R011,Settlement confirmation delayed,LOW,RESOLVED,TEAM_SYN_005,USER_SYN_005_A02,RESOLVED,SYN_RESOLVED,2026-03-02T21:04:00,2026-03-03T04:04:00,TRUE,FALSE
EXC_SYN_0000550,PAY_SYN_0006377,CUST_SYN_000450,ACCT_SYN_000450,2026-01-02T21:24:00,2026-01-02,VALIDATION,R001,Payment instruction failed validation,MEDIUM,RESOLVED,TEAM_SYN_001,USER_SYN_001_A03,RESOLVED,SYN_RESOLVED,2026-01-02T23:24:00,2026-01-03T05:24:00,FALSE,TRUE
EXC_SYN_0000551,PAY_SYN_0020616,CUST_SYN_000793,ACCT_SYN_000793,2026-01-08T19:50:00,2026-01-08,LIQUIDITY,R002,Insufficient synthetic available funds,HIGH,RESOLVED,TEAM_SYN_002,USER_SYN_002_A04,RESOLVED,SYN_RESOLVED,2026-01-08T22:50:00,2026-01-08T23:50:00,FALSE,TRUE
EXC_SYN_0000552,PAY_SYN_0023864,CUST_SYN_000969,ACCT_SYN_000969,2026-01-26T17:59:00,2026-01-26,ROUTING,R003,Beneficiary routing information requires correction,MEDIUM,OPEN,TEAM_SYN_003,USER_SYN_003_A01,UNRESOLVED,,,2026-01-27T01:59:00,TRUE,TRUE
EXC_SYN_0000553,PAY_SYN_0007934,CUST_SYN_000059,ACCT_SYN_001059,2025-11-20T18:42:00,2025-11-20,CUTOFF,R004,Payment missed the processing cutoff,LOW,RESOLVED,TEAM_SYN_004,USER_SYN_004_A02,RESOLVED,SYN_RESOLVED,2025-11-21T03:25:00,2025-11-21T02:42:00,TRUE,FALSE
EXC_SYN_0000554,PAY_SYN_0007279,CUST_SYN_000824,ACCT_SYN_000824,2026-01-03T17:30:00,2026-01-03,SANCTIONS_SCREENING,R005,Synthetic screening review pending,HIGH,RESOLVED,TEAM_SYN_005,USER_SYN_005_A03,RESOLVED,SYN_RESOLVED,2026-01-03T20:30:00,2026-01-03T21:30:00,TRUE,TRUE
EXC_SYN_0000555,PAY_SYN_0016792,CUST_SYN_000305,ACCT_SYN_000305,2025-12-10T10:34:00,2025-12-10,DUPLICATE,R006,Potential duplicate payment instruction,HIGH,RESOLVED,TEAM_SYN_001,USER_SYN_001_A04,RESOLVED,SYN_RESOLVED,2025-12-10T11:34:00,2025-12-10T14:34:00,FALSE,TRUE
EXC_SYN_0000556,PAY_SYN_0000759,CUST_SYN_000084,ACCT_SYN_001084,2026-02-05T18:16:00,2026-02-05,SYSTEM,R007,Processing system unavailable,MEDIUM,OPEN,TEAM_SYN_002,USER_SYN_002_A01,UNRESOLVED,,,2026-02-06T02:16:00,FALSE,FALSE
EXC_SYN_0000557,PAY_SYN_0006662,CUST_SYN_000495,ACCT_SYN_000495,2026-02-18T11:10:00,2026-02-18,AUTHORIZATION,R008,Required payment authorization incomplete,HIGH,RESOLVED,TEAM_SYN_003,USER_SYN_003_A02,RESOLVED,SYN_RESOLVED,2026-02-18T14:10:00,2026-02-18T15:10:00,FALSE,TRUE
EXC_SYN_0000558,PAY_SYN_0010661,CUST_SYN_000458,ACCT_SYN_001458,2026-03-03T10:56:00,2026-03-03,BENEFICIARY,R009,Beneficiary details require review,MEDIUM,RESOLVED,TEAM_SYN_004,USER_SYN_004_A03,RESOLVED,SYN_RESOLVED,2026-03-03T11:56:00,2026-03-03T18:56:00,FALSE,TRUE
EXC_SYN_0000559,PAY_SYN_0007674,CUST_SYN_000439,ACCT_SYN_000439,2026-02-12T13:40:00,2026-02-12,CURRENCY,R010,Currency handling exception,MEDIUM,RESOLVED,TEAM_SYN_005,USER_SYN_005_A04,RESOLVED,SYN_RESOLVED,2026-02-12T15:40:00,2026-02-12T21:40:00,TRUE,TRUE
EXC_SYN_0000560,PAY_SYN_0003196,CUST_SYN_000253,ACCT_SYN_001253,2026-02-06T16:27:00,2026-02-06,SETTLEMENT,R011,Settlement confirmation delayed,LOW,OPEN,TEAM_SYN_001,USER_SYN_001_A01,UNRESOLVED,,,2026-02-07T00:27:00,FALSE,FALSE
EXC_SYN_0000561,PAY_SYN_0020999,CUST_SYN_000464,ACCT_SYN_001464,2026-01-29T19:41:00,2026-01-29,VALIDATION,R001,Payment instruction failed validation,MEDIUM,RESOLVED,TEAM_SYN_002,USER_SYN_002_A02,RESOLVED,SYN_RESOLVED,2026-01-29T20:41:00,2026-01-30T03:41:00,TRUE,TRUE
EXC_SYN_0000562,PAY_SYN_0012591,CUST_SYN_000868,ACCT_SYN_000868,2025-12-01T11:58:00,2025-12-01,LIQUIDITY,R002,Insufficient synthetic available funds,HIGH,RESOLVED,TEAM_SYN_003,USER_SYN_003_A03,RESOLVED,SYN_RESOLVED,2025-12-01T13:58:00,2025-12-01T15:58:00,FALSE,TRUE
EXC_SYN_0000563,PAY_SYN_0017967,CUST_SYN_000280,ACCT_SYN_000280,2026-01-28T17:23:00,2026-01-28,ROUTING,R003,Beneficiary routing information requires correction,MEDIUM,RESOLVED,TEAM_SYN_004,USER_SYN_004_A04,RESOLVED,SYN_RESOLVED,2026-01-28T20:23:00,2026-01-29T01:23:00,FALSE,TRUE
EXC_SYN_0000564,PAY_SYN_0012825,CUST_SYN_000526,ACCT_SYN_000526,2026-01-11T15:42:00,2026-01-11,CUTOFF,R004,Payment missed the processing cutoff,LOW,OPEN,TEAM_SYN_005,USER_SYN_005_A01,UNRESOLVED,,,2026-01-11T23:42:00,TRUE,FALSE
EXC_SYN_0000565,PAY_SYN_0012527,CUST_SYN_000500,ACCT_SYN_001500,2026-02-16T18:09:00,2026-02-16,SANCTIONS_SCREENING,R005,Synthetic screening review pending,HIGH,RESOLVED,TEAM_SYN_001,USER_SYN_001_A02,RESOLVED,SYN_RESOLVED,2026-02-16T20:09:00,2026-02-16T22:09:00,FALSE,TRUE
EXC_SYN_0000566,PAY_SYN_0007833,CUST_SYN_000322,ACCT_SYN_000322,2026-01-18T14:44:00,2026-01-18,DUPLICATE,R006,Potential duplicate payment instruction,HIGH,RESOLVED,TEAM_SYN_002,USER_SYN_002_A03,RESOLVED,SYN_RESOLVED,2026-01-18T17:44:00,2026-01-18T18:44:00,FALSE,TRUE
EXC_SYN_0000567,PAY_SYN_0005457,CUST_SYN_000910,ACCT_SYN_000910,2026-01-03T18:45:00,2026-01-03,SYSTEM,R007,Processing system unavailable,MEDIUM,RESOLVED,TEAM_SYN_003,USER_SYN_003_A04,RESOLVED,SYN_RESOLVED,2026-01-04T03:42:00,2026-01-04T02:45:00,FALSE,FALSE
EXC_SYN_0000568,PAY_SYN_0012324,CUST_SYN_000489,ACCT_SYN_001489,2026-02-01T16:07:00,2026-02-01,AUTHORIZATION,R008,Required payment authorization incomplete,HIGH,OPEN,TEAM_SYN_004,USER_SYN_004_A01,UNRESOLVED,,,2026-02-01T20:07:00,FALSE,TRUE
EXC_SYN_0000569,PAY_SYN_0022742,CUST_SYN_000455,ACCT_SYN_001455,2026-02-26T13:46:00,2026-02-26,BENEFICIARY,R009,Beneficiary details require review,MEDIUM,RESOLVED,TEAM_SYN_005,USER_SYN_005_A02,RESOLVED,SYN_RESOLVED,2026-02-26T16:46:00,2026-02-26T21:46:00,TRUE,TRUE
EXC_SYN_0000570,PAY_SYN_0021904,CUST_SYN_000449,ACCT_SYN_000449,2026-01-04T16:13:00,2026-01-04,CURRENCY,R010,Currency handling exception,MEDIUM,RESOLVED,TEAM_SYN_001,USER_SYN_001_A03,RESOLVED,SYN_RESOLVED,2026-01-04T17:13:00,2026-01-05T00:13:00,TRUE,TRUE
EXC_SYN_0000571,PAY_SYN_0002730,CUST_SYN_000511,ACCT_SYN_000511,2026-01-28T12:28:00,2026-01-28,SETTLEMENT,R011,Settlement confirmation delayed,LOW,RESOLVED,TEAM_SYN_002,USER_SYN_002_A04,RESOLVED,SYN_RESOLVED,2026-01-28T14:28:00,2026-01-28T20:28:00,FALSE,FALSE
EXC_SYN_0000572,PAY_SYN_0022149,CUST_SYN_000514,ACCT_SYN_000514,2025-11-30T21:14:00,2025-11-30,VALIDATION,R001,Payment instruction failed validation,MEDIUM,OPEN,TEAM_SYN_003,USER_SYN_003_A01,UNRESOLVED,,,2025-12-01T05:14:00,TRUE,TRUE
EXC_SYN_0000573,PAY_SYN_0009038,CUST_SYN_000407,ACCT_SYN_001407,2026-01-12T20:50:00,2026-01-12,LIQUIDITY,R002,Insufficient synthetic available funds,HIGH,RESOLVED,TEAM_SYN_004,USER_SYN_004_A02,RESOLVED,SYN_RESOLVED,2026-01-12T21:50:00,2026-01-13T00:50:00,TRUE,TRUE
EXC_SYN_0000574,PAY_SYN_0002074,CUST_SYN_000239,ACCT_SYN_000239,2026-02-10T17:35:00,2026-02-10,ROUTING,R003,Beneficiary routing information requires correction,MEDIUM,RESOLVED,TEAM_SYN_005,USER_SYN_005_A03,RESOLVED,SYN_RESOLVED,2026-02-11T02:39:00,2026-02-11T01:35:00,TRUE,TRUE
EXC_SYN_0000575,PAY_SYN_0016994,CUST_SYN_000279,ACCT_SYN_000279,2026-01-06T17:28:00,2026-01-06,CUTOFF,R004,Payment missed the processing cutoff,LOW,RESOLVED,TEAM_SYN_001,USER_SYN_001_A04,RESOLVED,SYN_RESOLVED,2026-01-06T20:28:00,2026-01-07T01:28:00,FALSE,FALSE
EXC_SYN_0000576,PAY_SYN_0014828,CUST_SYN_000137,ACCT_SYN_001137,2025-11-23T21:59:00,2025-11-23,SANCTIONS_SCREENING,R005,Synthetic screening review pending,HIGH,OPEN,TEAM_SYN_002,USER_SYN_002_A01,UNRESOLVED,,,2025-11-24T01:59:00,TRUE,TRUE
EXC_SYN_0000577,PAY_SYN_0007443,CUST_SYN_000892,ACCT_SYN_000892,2025-12-23T16:37:00,2025-12-23,DUPLICATE,R006,Potential duplicate payment instruction,HIGH,RESOLVED,TEAM_SYN_003,USER_SYN_003_A02,RESOLVED,SYN_RESOLVED,2025-12-23T18:37:00,2025-12-23T20:37:00,FALSE,TRUE
EXC_SYN_0000578,PAY_SYN_0010380,CUST_SYN_000061,ACCT_SYN_000061,2026-01-14T13:29:00,2026-01-14,SYSTEM,R007,Processing system unavailable,MEDIUM,RESOLVED,TEAM_SYN_004,USER_SYN_004_A03,RESOLVED,SYN_RESOLVED,2026-01-14T16:29:00,2026-01-14T21:29:00,FALSE,FALSE
EXC_SYN_0000579,PAY_SYN_0006633,CUST_SYN_000922,ACCT_SYN_000922,2026-03-02T17:33:00,2026-03-02,AUTHORIZATION,R008,Required payment authorization incomplete,HIGH,RESOLVED,TEAM_SYN_005,USER_SYN_005_A04,RESOLVED,SYN_RESOLVED,2026-03-02T18:33:00,2026-03-02T21:33:00,TRUE,TRUE
EXC_SYN_0000580,PAY_SYN_0012777,CUST_SYN_000250,ACCT_SYN_000250,2025-12-23T21:34:00,2025-12-23,BENEFICIARY,R009,Beneficiary details require review,MEDIUM,OPEN,TEAM_SYN_001,USER_SYN_001_A01,UNRESOLVED,,,2025-12-24T05:34:00,TRUE,TRUE
EXC_SYN_0000581,PAY_SYN_0003899,CUST_SYN_000264,ACCT_SYN_000264,2026-01-12T00:01:00,2026-01-12,CURRENCY,R010,Currency handling exception,MEDIUM,RESOLVED,TEAM_SYN_002,USER_SYN_002_A02,RESOLVED,SYN_RESOLVED,2026-01-12T09:12:00,2026-01-12T08:01:00,FALSE,TRUE
EXC_SYN_0000582,PAY_SYN_0013100,CUST_SYN_000201,ACCT_SYN_000201,2026-01-21T08:41:00,2026-01-21,SETTLEMENT,R011,Settlement confirmation delayed,LOW,RESOLVED,TEAM_SYN_003,USER_SYN_003_A03,RESOLVED,SYN_RESOLVED,2026-01-21T09:41:00,2026-01-21T16:41:00,FALSE,FALSE
EXC_SYN_0000583,PAY_SYN_0017287,CUST_SYN_000620,ACCT_SYN_000620,2026-01-31T16:23:00,2026-01-31,VALIDATION,R001,Payment instruction failed validation,MEDIUM,RESOLVED,TEAM_SYN_004,USER_SYN_004_A04,RESOLVED,SYN_RESOLVED,2026-01-31T18:23:00,2026-02-01T00:23:00,FALSE,TRUE
EXC_SYN_0000584,PAY_SYN_0002457,CUST_SYN_000910,ACCT_SYN_000910,2026-01-27T16:26:00,2026-01-27,LIQUIDITY,R002,Insufficient synthetic available funds,HIGH,OPEN,TEAM_SYN_005,USER_SYN_005_A01,UNRESOLVED,,,2026-01-27T20:26:00,TRUE,TRUE
EXC_SYN_0000585,PAY_SYN_0000760,CUST_SYN_000121,ACCT_SYN_001121,2025-12-21T09:40:00,2025-12-21,ROUTING,R003,Beneficiary routing information requires correction,MEDIUM,RESOLVED,TEAM_SYN_001,USER_SYN_001_A02,RESOLVED,SYN_RESOLVED,2025-12-21T10:40:00,2025-12-21T17:40:00,TRUE,TRUE
EXC_SYN_0000586,PAY_SYN_0003100,CUST_SYN_000701,ACCT_SYN_000701,2026-01-09T09:53:00,2026-01-09,CUTOFF,R004,Payment missed the processing cutoff,LOW,RESOLVED,TEAM_SYN_002,USER_SYN_002_A03,RESOLVED,SYN_RESOLVED,2026-01-09T11:53:00,2026-01-09T17:53:00,TRUE,FALSE
EXC_SYN_0000587,PAY_SYN_0019176,CUST_SYN_000013,ACCT_SYN_000013,2026-02-07T15:38:00,2026-02-07,SANCTIONS_SCREENING,R005,Synthetic screening review pending,HIGH,RESOLVED,TEAM_SYN_003,USER_SYN_003_A04,RESOLVED,SYN_RESOLVED,2026-02-07T18:38:00,2026-02-07T19:38:00,TRUE,TRUE
EXC_SYN_0000588,PAY_SYN_0011399,CUST_SYN_000264,ACCT_SYN_000264,2026-01-30T19:32:00,2026-01-30,DUPLICATE,R006,Potential duplicate payment instruction,HIGH,OPEN,TEAM_SYN_004,USER_SYN_004_A01,UNRESOLVED,,,2026-01-30T23:32:00,FALSE,TRUE
EXC_SYN_0000589,PAY_SYN_0011270,CUST_SYN_000491,ACCT_SYN_001491,2026-03-14T10:42:00,2026-03-14,SYSTEM,R007,Processing system unavailable,MEDIUM,RESOLVED,TEAM_SYN_005,USER_SYN_005_A02,RESOLVED,SYN_RESOLVED,2026-03-14T12:42:00,2026-03-14T18:42:00,TRUE,FALSE
EXC_SYN_0000590,PAY_SYN_0007464,CUST_SYN_000169,ACCT_SYN_000169,2026-02-28T14:53:00,2026-02-28,AUTHORIZATION,R008,Required payment authorization incomplete,HIGH,RESOLVED,TEAM_SYN_001,USER_SYN_001_A03,RESOLVED,SYN_RESOLVED,2026-02-28T17:53:00,2026-02-28T18:53:00,FALSE,TRUE
EXC_SYN_0000591,PAY_SYN_0020915,CUST_SYN_000356,ACCT_SYN_001356,2025-12-24T15:23:00,2025-12-24,BENEFICIARY,R009,Beneficiary details require review,MEDIUM,RESOLVED,TEAM_SYN_002,USER_SYN_002_A04,RESOLVED,SYN_RESOLVED,2025-12-24T16:23:00,2025-12-24T23:23:00,TRUE,TRUE
EXC_SYN_0000592,PAY_SYN_0015916,CUST_SYN_000893,ACCT_SYN_000893,2026-03-13T17:23:00,2026-03-13,CURRENCY,R010,Currency handling exception,MEDIUM,OPEN,TEAM_SYN_003,USER_SYN_003_A01,UNRESOLVED,,,2026-03-14T01:23:00,TRUE,TRUE
EXC_SYN_0000593,PAY_SYN_0013180,CUST_SYN_000161,ACCT_SYN_000161,2025-11-25T11:24:00,2025-11-25,SETTLEMENT,R011,Settlement confirmation delayed,LOW,RESOLVED,TEAM_SYN_004,USER_SYN_004_A02,RESOLVED,SYN_RESOLVED,2025-11-25T14:24:00,2025-11-25T19:24:00,FALSE,FALSE
EXC_SYN_0000594,PAY_SYN_0011319,CUST_SYN_000304,ACCT_SYN_000304,2025-12-03T20:30:00,2025-12-03,VALIDATION,R001,Payment instruction failed validation,MEDIUM,RESOLVED,TEAM_SYN_005,USER_SYN_005_A03,RESOLVED,SYN_RESOLVED,2025-12-03T21:30:00,2025-12-04T04:30:00,TRUE,TRUE
EXC_SYN_0000595,PAY_SYN_0003024,CUST_SYN_000889,ACCT_SYN_000889,2025-11-20T15:58:00,2025-11-20,LIQUIDITY,R002,Insufficient synthetic available funds,HIGH,RESOLVED,TEAM_SYN_001,USER_SYN_001_A04,RESOLVED,SYN_RESOLVED,2025-11-20T21:23:00,2025-11-20T19:58:00,FALSE,TRUE
EXC_SYN_0000596,PAY_SYN_0023219,CUST_SYN_000104,ACCT_SYN_001104,2026-03-09T21:16:00,2026-03-09,ROUTING,R003,Beneficiary routing information requires correction,MEDIUM,OPEN,TEAM_SYN_002,USER_SYN_002_A01,UNRESOLVED,,,2026-03-10T05:16:00,TRUE,TRUE
EXC_SYN_0000597,PAY_SYN_0000114,CUST_SYN_000219,ACCT_SYN_001219,2025-12-10T15:54:00,2025-12-10,CUTOFF,R004,Payment missed the processing cutoff,LOW,RESOLVED,TEAM_SYN_003,USER_SYN_003_A02,RESOLVED,SYN_RESOLVED,2025-12-10T16:54:00,2025-12-10T23:54:00,TRUE,FALSE
EXC_SYN_0000598,PAY_SYN_0020206,CUST_SYN_000623,ACCT_SYN_000623,2026-02-01T18:11:00,2026-02-01,SANCTIONS_SCREENING,R005,Synthetic screening review pending,HIGH,RESOLVED,TEAM_SYN_004,USER_SYN_004_A03,RESOLVED,SYN_RESOLVED,2026-02-01T20:11:00,2026-02-01T22:11:00,TRUE,TRUE
EXC_SYN_0000599,PAY_SYN_0015006,CUST_SYN_000223,ACCT_SYN_000223,2025-12-31T18:44:00,2025-12-31,DUPLICATE,R006,Potential duplicate payment instruction,HIGH,RESOLVED,TEAM_SYN_005,USER_SYN_005_A04,RESOLVED,SYN_RESOLVED,2025-12-31T21:44:00,2025-12-31T22:44:00,FALSE,TRUE
EXC_SYN_0000600,PAY_SYN_0020903,CUST_SYN_000912,ACCT_SYN_000912,2025-11-18T15:56:00,2025-11-18,SYSTEM,R007,Processing system unavailable,MEDIUM,OPEN,TEAM_SYN_001,USER_SYN_001_A01,UNRESOLVED,,,2025-11-18T23:56:00,TRUE,FALSE
EXC_SYN_0000601,PAY_SYN_0023502,CUST_SYN_000075,ACCT_SYN_001075,2025-12-16T15:22:00,2025-12-16,AUTHORIZATION,R008,Required payment authorization incomplete,HIGH,RESOLVED,TEAM_SYN_002,USER_SYN_002_A02,RESOLVED,SYN_RESOLVED,2025-12-16T17:22:00,2025-12-16T19:22:00,FALSE,TRUE
EXC_SYN_0000602,PAY_SYN_0006658,CUST_SYN_000347,ACCT_SYN_000347,2026-01-05T21:27:00,2026-01-05,BENEFICIARY,R009,Beneficiary details require review,MEDIUM,RESOLVED,TEAM_SYN_003,USER_SYN_003_A03,RESOLVED,SYN_RESOLVED,2026-01-06T06:59:00,2026-01-06T05:27:00,TRUE,TRUE
EXC_SYN_0000603,PAY_SYN_0017774,CUST_SYN_000639,ACCT_SYN_000639,2025-12-01T17:32:00,2025-12-01,CURRENCY,R010,Currency handling exception,MEDIUM,RESOLVED,TEAM_SYN_004,USER_SYN_004_A04,RESOLVED,SYN_RESOLVED,2025-12-01T18:32:00,2025-12-02T01:32:00,TRUE,TRUE
EXC_SYN_0000604,PAY_SYN_0002569,CUST_SYN_000554,ACCT_SYN_000554,2026-02-15T22:50:00,2026-02-15,SETTLEMENT,R011,Settlement confirmation delayed,LOW,OPEN,TEAM_SYN_005,USER_SYN_005_A01,UNRESOLVED,,,2026-02-16T06:50:00,TRUE,FALSE
EXC_SYN_0000605,PAY_SYN_0003688,CUST_SYN_000457,ACCT_SYN_001457,2026-01-11T21:36:00,2026-01-11,VALIDATION,R001,Payment instruction failed validation,MEDIUM,RESOLVED,TEAM_SYN_001,USER_SYN_001_A02,RESOLVED,SYN_RESOLVED,2026-01-12T00:36:00,2026-01-12T05:36:00,TRUE,TRUE
EXC_SYN_0000606,PAY_SYN_0019994,CUST_SYN_000279,ACCT_SYN_000279,2026-03-04T18:11:00,2026-03-04,LIQUIDITY,R002,Insufficient synthetic available funds,HIGH,RESOLVED,TEAM_SYN_002,USER_SYN_002_A03,RESOLVED,SYN_RESOLVED,2026-03-04T19:11:00,2026-03-04T22:11:00,TRUE,TRUE
EXC_SYN_0000607,PAY_SYN_0012341,CUST_SYN_000618,ACCT_SYN_000618,2025-12-08T15:33:00,2025-12-08,ROUTING,R003,Beneficiary routing information requires correction,MEDIUM,RESOLVED,TEAM_SYN_003,USER_SYN_003_A04,RESOLVED,SYN_RESOLVED,2025-12-08T17:33:00,2025-12-08T23:33:00,TRUE,TRUE
EXC_SYN_0000608,PAY_SYN_0019508,CUST_SYN_000297,ACCT_SYN_000297,2026-01-14T22:55:00,2026-01-14,CUTOFF,R004,Payment missed the processing cutoff,LOW,OPEN,TEAM_SYN_004,USER_SYN_004_A01,UNRESOLVED,,,2026-01-15T06:55:00,FALSE,FALSE
EXC_SYN_0000609,PAY_SYN_0003557,CUST_SYN_000110,ACCT_SYN_001110,2026-01-31T22:11:00,2026-01-31,SANCTIONS_SCREENING,R005,Synthetic screening review pending,HIGH,RESOLVED,TEAM_SYN_005,USER_SYN_005_A02,RESOLVED,SYN_RESOLVED,2026-02-01T03:50:00,2026-02-01T02:11:00,TRUE,TRUE
EXC_SYN_0000610,PAY_SYN_0010051,CUST_SYN_000388,ACCT_SYN_001388,2026-02-04T10:02:00,2026-02-04,DUPLICATE,R006,Potential duplicate payment instruction,HIGH,RESOLVED,TEAM_SYN_001,USER_SYN_001_A03,RESOLVED,SYN_RESOLVED,2026-02-04T12:02:00,2026-02-04T14:02:00,TRUE,TRUE
EXC_SYN_0000611,PAY_SYN_0018975,CUST_SYN_000076,ACCT_SYN_000076,2026-01-13T14:23:00,2026-01-13,SYSTEM,R007,Processing system unavailable,MEDIUM,RESOLVED,TEAM_SYN_002,USER_SYN_002_A04,RESOLVED,SYN_RESOLVED,2026-01-13T17:23:00,2026-01-13T22:23:00,FALSE,FALSE
EXC_SYN_0000612,PAY_SYN_0005019,CUST_SYN_000204,ACCT_SYN_001204,2026-01-16T18:24:00,2026-01-16,AUTHORIZATION,R008,Required payment authorization incomplete,HIGH,OPEN,TEAM_SYN_003,USER_SYN_003_A01,UNRESOLVED,,,2026-01-16T22:24:00,FALSE,TRUE
EXC_SYN_0000613,PAY_SYN_0020917,CUST_SYN_000430,ACCT_SYN_001430,2026-01-23T16:23:00,2026-01-23,BENEFICIARY,R009,Beneficiary details require review,MEDIUM,RESOLVED,TEAM_SYN_004,USER_SYN_004_A02,RESOLVED,SYN_RESOLVED,2026-01-23T18:23:00,2026-01-24T00:23:00,TRUE,TRUE
EXC_SYN_0000614,PAY_SYN_0019339,CUST_SYN_000044,ACCT_SYN_000044,2026-02-12T18:30:00,2026-02-12,CURRENCY,R010,Currency handling exception,MEDIUM,RESOLVED,TEAM_SYN_005,USER_SYN_005_A03,RESOLVED,SYN_RESOLVED,2026-02-12T21:30:00,2026-02-13T02:30:00,TRUE,TRUE
EXC_SYN_0000615,PAY_SYN_0005651,CUST_SYN_000588,ACCT_SYN_000588,2026-02-08T10:47:00,2026-02-08,SETTLEMENT,R011,Settlement confirmation delayed,LOW,RESOLVED,TEAM_SYN_001,USER_SYN_001_A04,RESOLVED,SYN_RESOLVED,2026-02-08T11:47:00,2026-02-08T18:47:00,FALSE,FALSE
EXC_SYN_0000616,PAY_SYN_0006431,CUST_SYN_000948,ACCT_SYN_000948,2026-01-19T11:00:00,2026-01-19,VALIDATION,R001,Payment instruction failed validation,MEDIUM,OPEN,TEAM_SYN_002,USER_SYN_002_A01,UNRESOLVED,,,2026-01-19T19:00:00,TRUE,TRUE
EXC_SYN_0000617,PAY_SYN_0019399,CUST_SYN_000764,ACCT_SYN_000764,2025-12-04T19:09:00,2025-12-04,LIQUIDITY,R002,Insufficient synthetic available funds,HIGH,RESOLVED,TEAM_SYN_003,USER_SYN_003_A02,RESOLVED,SYN_RESOLVED,2025-12-04T22:09:00,2025-12-04T23:09:00,FALSE,TRUE
EXC_SYN_0000618,PAY_SYN_0004757,CUST_SYN_000510,ACCT_SYN_000510,2026-02-12T18:08:00,2026-02-12,ROUTING,R003,Beneficiary routing information requires correction,MEDIUM,RESOLVED,TEAM_SYN_004,USER_SYN_004_A03,RESOLVED,SYN_RESOLVED,2026-02-12T19:08:00,2026-02-13T02:08:00,FALSE,TRUE
EXC_SYN_0000619,PAY_SYN_0021161,CUST_SYN_000458,ACCT_SYN_001458,2025-11-29T12:09:00,2025-11-29,CUTOFF,R004,Payment missed the processing cutoff,LOW,RESOLVED,TEAM_SYN_005,USER_SYN_005_A04,RESOLVED,SYN_RESOLVED,2025-11-29T14:09:00,2025-11-29T20:09:00,TRUE,FALSE
EXC_SYN_0000620,PAY_SYN_0021851,CUST_SYN_000488,ACCT_SYN_001488,2025-12-10T11:52:00,2025-12-10,SANCTIONS_SCREENING,R005,Synthetic screening review pending,HIGH,OPEN,TEAM_SYN_001,USER_SYN_001_A01,UNRESOLVED,,,2025-12-10T15:52:00,TRUE,TRUE
EXC_SYN_0000621,PAY_SYN_0000072,CUST_SYN_000165,ACCT_SYN_001165,2026-01-12T13:12:00,2026-01-12,DUPLICATE,R006,Potential duplicate payment instruction,HIGH,RESOLVED,TEAM_SYN_002,USER_SYN_002_A02,RESOLVED,SYN_RESOLVED,2026-01-12T14:12:00,2026-01-12T17:12:00,FALSE,TRUE
EXC_SYN_0000622,PAY_SYN_0006492,CUST_SYN_000205,ACCT_SYN_000205,2026-01-09T13:25:00,2026-01-09,SYSTEM,R007,Processing system unavailable,MEDIUM,RESOLVED,TEAM_SYN_003,USER_SYN_003_A03,RESOLVED,SYN_RESOLVED,2026-01-09T15:25:00,2026-01-09T21:25:00,TRUE,FALSE
EXC_SYN_0000623,PAY_SYN_0007026,CUST_SYN_000463,ACCT_SYN_000463,2026-02-25T17:56:00,2026-02-25,AUTHORIZATION,R008,Required payment authorization incomplete,HIGH,RESOLVED,TEAM_SYN_004,USER_SYN_004_A04,RESOLVED,SYN_RESOLVED,2026-02-25T23:49:00,2026-02-25T21:56:00,TRUE,TRUE
EXC_SYN_0000624,PAY_SYN_0010774,CUST_SYN_000139,ACCT_SYN_001139,2026-02-20T16:25:00,2026-02-20,BENEFICIARY,R009,Beneficiary details require review,MEDIUM,OPEN,TEAM_SYN_005,USER_SYN_005_A01,UNRESOLVED,,,2026-02-21T00:25:00,FALSE,TRUE
EXC_SYN_0000625,PAY_SYN_0021814,CUST_SYN_000119,ACCT_SYN_000119,2025-12-05T16:38:00,2025-12-05,CURRENCY,R010,Currency handling exception,MEDIUM,RESOLVED,TEAM_SYN_001,USER_SYN_001_A02,RESOLVED,SYN_RESOLVED,2025-12-05T18:38:00,2025-12-06T00:38:00,TRUE,TRUE
EXC_SYN_0000626,PAY_SYN_0007799,CUST_SYN_000564,ACCT_SYN_000564,2025-12-16T21:46:00,2025-12-16,SETTLEMENT,R011,Settlement confirmation delayed,LOW,RESOLVED,TEAM_SYN_002,USER_SYN_002_A03,RESOLVED,SYN_RESOLVED,2025-12-17T00:46:00,2025-12-17T05:46:00,TRUE,FALSE
EXC_SYN_0000627,PAY_SYN_0019862,CUST_SYN_000395,ACCT_SYN_001395,2025-12-10T14:20:00,2025-12-10,VALIDATION,R001,Payment instruction failed validation,MEDIUM,RESOLVED,TEAM_SYN_003,USER_SYN_003_A04,RESOLVED,SYN_RESOLVED,2025-12-10T15:20:00,2025-12-10T22:20:00,FALSE,TRUE
EXC_SYN_0000628,PAY_SYN_0002198,CUST_SYN_000327,ACCT_SYN_000327,2026-01-13T20:45:00,2026-01-13,LIQUIDITY,R002,Insufficient synthetic available funds,HIGH,OPEN,TEAM_SYN_004,USER_SYN_004_A01,UNRESOLVED,,,2026-01-14T00:45:00,TRUE,TRUE
EXC_SYN_0000629,PAY_SYN_0016281,CUST_SYN_000898,ACCT_SYN_000898,2025-12-14T13:59:00,2025-12-14,ROUTING,R003,Beneficiary routing information requires correction,MEDIUM,RESOLVED,TEAM_SYN_005,USER_SYN_005_A02,RESOLVED,SYN_RESOLVED,2025-12-14T16:59:00,2025-12-14T21:59:00,FALSE,TRUE
EXC_SYN_0000630,PAY_SYN_0015789,CUST_SYN_000694,ACCT_SYN_000694,2025-11-20T21:48:00,2025-11-20,CUTOFF,R004,Payment missed the processing cutoff,LOW,RESOLVED,TEAM_SYN_001,USER_SYN_001_A03,RESOLVED,SYN_RESOLVED,2025-11-21T07:48:00,2025-11-21T05:48:00,FALSE,FALSE
EXC_SYN_0000631,PAY_SYN_0017881,CUST_SYN_000098,ACCT_SYN_000098,2026-01-14T14:05:00,2026-01-14,SANCTIONS_SCREENING,R005,Synthetic screening review pending,HIGH,RESOLVED,TEAM_SYN_002,USER_SYN_002_A04,RESOLVED,SYN_RESOLVED,2026-01-14T16:05:00,2026-01-14T18:05:00,TRUE,TRUE
EXC_SYN_0000632,PAY_SYN_0002853,CUST_SYN_000562,ACCT_SYN_000562,2026-02-24T17:02:00,2026-02-24,DUPLICATE,R006,Potential duplicate payment instruction,HIGH,OPEN,TEAM_SYN_003,USER_SYN_003_A01,UNRESOLVED,,,2026-02-24T21:02:00,FALSE,TRUE
EXC_SYN_0000633,PAY_SYN_0023959,CUST_SYN_000484,ACCT_SYN_001484,2026-03-13T22:37:00,2026-03-13,LIQUIDITY,R002,Insufficient synthetic available funds,HIGH,RESOLVED,TEAM_SYN_004,USER_SYN_004_A02,RESOLVED,SYN_RESOLVED,2026-03-13T23:37:00,2026-03-14T02:37:00,FALSE,TRUE
EXC_SYN_0000634,PAY_SYN_0009313,CUST_SYN_000082,ACCT_SYN_001082,2026-01-08T17:08:00,2026-01-08,AUTHORIZATION,R008,Required payment authorization incomplete,HIGH,RESOLVED,TEAM_SYN_005,USER_SYN_005_A03,RESOLVED,SYN_RESOLVED,2026-01-08T19:08:00,2026-01-08T21:08:00,FALSE,TRUE
EXC_SYN_0000635,PAY_SYN_0014416,CUST_SYN_000893,ACCT_SYN_000893,2026-01-18T20:42:00,2026-01-18,BENEFICIARY,R009,Beneficiary details require review,MEDIUM,RESOLVED,TEAM_SYN_001,USER_SYN_001_A04,RESOLVED,SYN_RESOLVED,2026-01-18T23:42:00,2026-01-19T04:42:00,FALSE,TRUE
EXC_SYN_0000636,PAY_SYN_0005180,CUST_SYN_000161,ACCT_SYN_001161,2025-11-18T14:23:00,2025-11-18,CURRENCY,R010,Currency handling exception,MEDIUM,OPEN,TEAM_SYN_002,USER_SYN_002_A01,UNRESOLVED,,,2025-11-18T22:23:00,FALSE,TRUE
EXC_SYN_0000637,PAY_SYN_0003642,CUST_SYN_000255,ACCT_SYN_001255,2026-01-08T11:10:00,2026-01-08,SETTLEMENT,R011,Settlement confirmation delayed,LOW,RESOLVED,TEAM_SYN_003,USER_SYN_003_A02,RESOLVED,SYN_RESOLVED,2026-01-08T21:17:00,2026-01-08T19:10:00,TRUE,FALSE
EXC_SYN_0000638,PAY_SYN_0015983,CUST_SYN_000372,ACCT_SYN_000372,2026-01-11T12:10:00,2026-01-11,VALIDATION,R001,Payment instruction failed validation,MEDIUM,RESOLVED,TEAM_SYN_004,USER_SYN_004_A03,RESOLVED,SYN_RESOLVED,2026-01-11T15:10:00,2026-01-11T20:10:00,TRUE,TRUE
EXC_SYN_0000639,PAY_SYN_0021821,CUST_SYN_000378,ACCT_SYN_000378,2026-01-17T10:29:00,2026-01-17,LIQUIDITY,R002,Insufficient synthetic available funds,HIGH,RESOLVED,TEAM_SYN_005,USER_SYN_005_A04,RESOLVED,SYN_RESOLVED,2026-01-17T11:29:00,2026-01-17T14:29:00,FALSE,TRUE
EXC_SYN_0000640,PAY_SYN_0001106,CUST_SYN_000423,ACCT_SYN_000423,2026-01-01T14:57:00,2026-01-01,ROUTING,R003,Beneficiary routing information requires correction,MEDIUM,OPEN,TEAM_SYN_001,USER_SYN_001_A01,UNRESOLVED,,,2026-01-01T22:57:00,FALSE,TRUE
EXC_SYN_0000641,PAY_SYN_0007037,CUST_SYN_000870,ACCT_SYN_000870,2026-01-07T17:07:00,2026-01-07,CUTOFF,R004,Payment missed the processing cutoff,LOW,RESOLVED,TEAM_SYN_002,USER_SYN_002_A02,RESOLVED,SYN_RESOLVED,2026-01-07T20:07:00,2026-01-08T01:07:00,FALSE,FALSE
EXC_SYN_0000642,PAY_SYN_0008790,CUST_SYN_000231,ACCT_SYN_001231,2025-12-20T09:51:00,2025-12-20,SANCTIONS_SCREENING,R005,Synthetic screening review pending,HIGH,RESOLVED,TEAM_SYN_003,USER_SYN_003_A03,RESOLVED,SYN_RESOLVED,2025-12-20T10:51:00,2025-12-20T13:51:00,FALSE,TRUE
EXC_SYN_0000643,PAY_SYN_0002803,CUST_SYN_000212,ACCT_SYN_000212,2026-03-14T12:35:00,2026-03-14,DUPLICATE,R006,Potential duplicate payment instruction,HIGH,RESOLVED,TEAM_SYN_004,USER_SYN_004_A04,RESOLVED,SYN_RESOLVED,2026-03-14T14:35:00,2026-03-14T16:35:00,TRUE,TRUE
EXC_SYN_0000644,PAY_SYN_0004974,CUST_SYN_000039,ACCT_SYN_001039,2026-02-19T14:05:00,2026-02-19,SYSTEM,R007,Processing system unavailable,MEDIUM,OPEN,TEAM_SYN_005,USER_SYN_005_A01,UNRESOLVED,,,2026-02-19T22:05:00,FALSE,FALSE
EXC_SYN_0000645,PAY_SYN_0024995,CUST_SYN_000816,ACCT_SYN_000816,2025-12-21T15:05:00,2025-12-21,AUTHORIZATION,R008,Required payment authorization incomplete,HIGH,RESOLVED,TEAM_SYN_001,USER_SYN_001_A02,RESOLVED,SYN_RESOLVED,2025-12-21T16:05:00,2025-12-21T19:05:00,TRUE,TRUE
EXC_SYN_0000646,PAY_SYN_0008063,CUST_SYN_000332,ACCT_SYN_001332,2026-03-14T13:54:00,2026-03-14,BENEFICIARY,R009,Beneficiary details require review,MEDIUM,RESOLVED,TEAM_SYN_002,USER_SYN_002_A03,RESOLVED,SYN_RESOLVED,2026-03-14T15:54:00,2026-03-14T21:54:00,TRUE,TRUE
EXC_SYN_0000647,PAY_SYN_0008400,CUST_SYN_000301,ACCT_SYN_000301,2026-01-25T10:26:00,2026-01-25,CURRENCY,R010,Currency handling exception,MEDIUM,RESOLVED,TEAM_SYN_003,USER_SYN_003_A04,RESOLVED,SYN_RESOLVED,2026-01-25T13:26:00,2026-01-25T18:26:00,FALSE,TRUE
EXC_SYN_0000648,PAY_SYN_0010631,CUST_SYN_000348,ACCT_SYN_000348,2025-12-20T11:56:00,2025-12-20,SETTLEMENT,R011,Settlement confirmation delayed,LOW,OPEN,TEAM_SYN_004,USER_SYN_004_A01,UNRESOLVED,,,2025-12-20T19:56:00,FALSE,FALSE
EXC_SYN_0000649,PAY_SYN_0008564,CUST_SYN_000369,ACCT_SYN_000369,2026-03-06T15:00:00,2026-03-06,VALIDATION,R001,Payment instruction failed validation,MEDIUM,RESOLVED,TEAM_SYN_005,USER_SYN_005_A02,RESOLVED,SYN_RESOLVED,2026-03-06T17:00:00,2026-03-06T23:00:00,FALSE,TRUE
EXC_SYN_0000650,PAY_SYN_0015681,CUST_SYN_000198,ACCT_SYN_001198,2026-02-14T12:32:00,2026-02-14,LIQUIDITY,R002,Insufficient synthetic available funds,HIGH,RESOLVED,TEAM_SYN_001,USER_SYN_001_A03,RESOLVED,SYN_RESOLVED,2026-02-14T15:32:00,2026-02-14T16:32:00,FALSE,TRUE
EXC_SYN_0000651,PAY_SYN_0002785,CUST_SYN_000046,ACCT_SYN_001046,2026-01-01T17:13:00,2026-01-01,ROUTING,R003,Beneficiary routing information requires correction,MEDIUM,RESOLVED,TEAM_SYN_002,USER_SYN_002_A04,RESOLVED,SYN_RESOLVED,2026-01-02T03:34:00,2026-01-02T01:13:00,FALSE,TRUE
EXC_SYN_0000652,PAY_SYN_0003522,CUST_SYN_000315,ACCT_SYN_001315,2026-01-26T14:25:00,2026-01-26,CUTOFF,R004,Payment missed the processing cutoff,LOW,OPEN,TEAM_SYN_003,USER_SYN_003_A01,UNRESOLVED,,,2026-01-26T22:25:00,FALSE,FALSE
EXC_SYN_0000653,PAY_SYN_0013857,CUST_SYN_000210,ACCT_SYN_001210,2026-01-21T19:23:00,2026-01-21,SANCTIONS_SCREENING,R005,Synthetic screening review pending,HIGH,RESOLVED,TEAM_SYN_004,USER_SYN_004_A02,RESOLVED,SYN_RESOLVED,2026-01-21T22:23:00,2026-01-21T23:23:00,FALSE,TRUE
EXC_SYN_0000654,PAY_SYN_0006393,CUST_SYN_000042,ACCT_SYN_001042,2025-11-18T15:48:00,2025-11-18,DUPLICATE,R006,Potential duplicate payment instruction,HIGH,RESOLVED,TEAM_SYN_005,USER_SYN_005_A03,RESOLVED,SYN_RESOLVED,2025-11-18T16:48:00,2025-11-18T19:48:00,FALSE,TRUE
EXC_SYN_0000655,PAY_SYN_0003459,CUST_SYN_000484,ACCT_SYN_000484,2025-12-30T21:43:00,2025-12-30,SYSTEM,R007,Processing system unavailable,MEDIUM,RESOLVED,TEAM_SYN_001,USER_SYN_001_A04,RESOLVED,SYN_RESOLVED,2025-12-30T23:43:00,2025-12-31T05:43:00,TRUE,FALSE
EXC_SYN_0000656,PAY_SYN_0000439,CUST_SYN_000244,ACCT_SYN_001244,2026-02-15T21:36:00,2026-02-15,AUTHORIZATION,R008,Required payment authorization incomplete,HIGH,OPEN,TEAM_SYN_002,USER_SYN_002_A01,UNRESOLVED,,,2026-02-16T01:36:00,TRUE,TRUE
EXC_SYN_0000657,PAY_SYN_0010219,CUST_SYN_000104,ACCT_SYN_000104,2026-03-04T21:49:00,2026-03-04,BENEFICIARY,R009,Beneficiary details require review,MEDIUM,RESOLVED,TEAM_SYN_003,USER_SYN_003_A02,RESOLVED,SYN_RESOLVED,2026-03-04T22:49:00,2026-03-05T05:49:00,FALSE,TRUE
EXC_SYN_0000658,PAY_SYN_0010980,CUST_SYN_000261,ACCT_SYN_001261,2026-02-28T12:49:00,2026-02-28,CURRENCY,R010,Currency handling exception,MEDIUM,RESOLVED,TEAM_SYN_004,USER_SYN_004_A03,RESOLVED,SYN_RESOLVED,2026-02-28T23:17:00,2026-02-28T20:49:00,FALSE,TRUE
EXC_SYN_0000659,PAY_SYN_0021981,CUST_SYN_000298,ACCT_SYN_000298,2026-01-08T14:29:00,2026-01-08,SETTLEMENT,R011,Settlement confirmation delayed,LOW,RESOLVED,TEAM_SYN_005,USER_SYN_005_A04,RESOLVED,SYN_RESOLVED,2026-01-08T17:29:00,2026-01-08T22:29:00,FALSE,FALSE
EXC_SYN_0000660,PAY_SYN_0006102,CUST_SYN_000775,ACCT_SYN_000775,2026-01-14T16:09:00,2026-01-14,VALIDATION,R001,Payment instruction failed validation,MEDIUM,OPEN,TEAM_SYN_001,USER_SYN_001_A01,UNRESOLVED,,,2026-01-15T00:09:00,FALSE,TRUE
EXC_SYN_0000661,PAY_SYN_0020964,CUST_SYN_000169,ACCT_SYN_000169,2026-03-03T18:16:00,2026-03-03,LIQUIDITY,R002,Insufficient synthetic available funds,HIGH,RESOLVED,TEAM_SYN_002,USER_SYN_002_A02,RESOLVED,SYN_RESOLVED,2026-03-03T20:16:00,2026-03-03T22:16:00,TRUE,TRUE
EXC_SYN_0000662,PAY_SYN_0006535,CUST_SYN_000296,ACCT_SYN_000296,2026-01-21T19:06:00,2026-01-21,ROUTING,R003,Beneficiary routing information requires correction,MEDIUM,RESOLVED,TEAM_SYN_003,USER_SYN_003_A03,RESOLVED,SYN_RESOLVED,2026-01-21T22:06:00,2026-01-22T03:06:00,TRUE,TRUE
EXC_SYN_0000663,PAY_SYN_0024760,CUST_SYN_000121,ACCT_SYN_001121,2026-01-15T14:34:00,2026-01-15,CUTOFF,R004,Payment missed the processing cutoff,LOW,RESOLVED,TEAM_SYN_004,USER_SYN_004_A04,RESOLVED,SYN_RESOLVED,2026-01-15T15:34:00,2026-01-15T22:34:00,FALSE,FALSE
EXC_SYN_0000664,PAY_SYN_0005342,CUST_SYN_000155,ACCT_SYN_001155,2026-03-01T16:21:00,2026-03-01,SANCTIONS_SCREENING,R005,Synthetic screening review pending,HIGH,OPEN,TEAM_SYN_005,USER_SYN_005_A01,UNRESOLVED,,,2026-03-01T20:21:00,TRUE,TRUE
EXC_SYN_0000665,PAY_SYN_0000320,CUST_SYN_000341,ACCT_SYN_001341,2026-01-14T08:40:00,2026-01-14,DUPLICATE,R006,Potential duplicate payment instruction,HIGH,RESOLVED,TEAM_SYN_001,USER_SYN_001_A02,RESOLVED,SYN_RESOLVED,2026-01-14T15:15:00,2026-01-14T12:40:00,FALSE,TRUE
EXC_SYN_0000666,PAY_SYN_0000682,CUST_SYN_000235,ACCT_SYN_001235,2026-02-15T11:07:00,2026-02-15,SYSTEM,R007,Processing system unavailable,MEDIUM,RESOLVED,TEAM_SYN_002,USER_SYN_002_A03,RESOLVED,SYN_RESOLVED,2026-02-15T12:07:00,2026-02-15T19:07:00,FALSE,FALSE
EXC_SYN_0000667,PAY_SYN_0019231,CUST_SYN_000548,ACCT_SYN_000548,2026-02-09T10:23:00,2026-02-09,AUTHORIZATION,R008,Required payment authorization incomplete,HIGH,RESOLVED,TEAM_SYN_003,USER_SYN_003_A04,RESOLVED,SYN_RESOLVED,2026-02-09T12:23:00,2026-02-09T14:23:00,TRUE,TRUE
EXC_SYN_0000668,PAY_SYN_0017998,CUST_SYN_000427,ACCT_SYN_001427,2025-12-31T17:45:00,2025-12-31,BENEFICIARY,R009,Beneficiary details require review,MEDIUM,OPEN,TEAM_SYN_004,USER_SYN_004_A01,UNRESOLVED,,,2026-01-01T01:45:00,TRUE,TRUE
EXC_SYN_0000669,PAY_SYN_0015963,CUST_SYN_000132,ACCT_SYN_001132,2026-03-14T12:33:00,2026-03-14,LIQUIDITY,R002,Insufficient synthetic available funds,HIGH,RESOLVED,TEAM_SYN_005,USER_SYN_005_A02,RESOLVED,SYN_RESOLVED,2026-03-14T13:33:00,2026-03-14T16:33:00,TRUE,TRUE
EXC_SYN_0000670,PAY_SYN_0024770,CUST_SYN_000491,ACCT_SYN_001491,2026-02-21T10:15:00,2026-02-21,SETTLEMENT,R011,Settlement confirmation delayed,LOW,RESOLVED,TEAM_SYN_001,USER_SYN_001_A03,RESOLVED,SYN_RESOLVED,2026-02-21T12:15:00,2026-02-21T18:15:00,FALSE,FALSE
EXC_SYN_0000671,PAY_SYN_0021860,CUST_SYN_000321,ACCT_SYN_000321,2025-12-15T09:58:00,2025-12-15,VALIDATION,R001,Payment instruction failed validation,MEDIUM,RESOLVED,TEAM_SYN_002,USER_SYN_002_A04,RESOLVED,SYN_RESOLVED,2025-12-15T12:58:00,2025-12-15T17:58:00,FALSE,TRUE
EXC_SYN_0000672,PAY_SYN_0023697,CUST_SYN_000790,ACCT_SYN_000790,2025-11-19T17:30:00,2025-11-19,LIQUIDITY,R002,Insufficient synthetic available funds,HIGH,OPEN,TEAM_SYN_003,USER_SYN_003_A01,UNRESOLVED,,,2025-11-19T21:30:00,TRUE,TRUE
EXC_SYN_0000673,PAY_SYN_0000640,CUST_SYN_000181,ACCT_SYN_001181,2026-02-03T10:44:00,2026-02-03,ROUTING,R003,Beneficiary routing information requires correction,MEDIUM,RESOLVED,TEAM_SYN_004,USER_SYN_004_A02,RESOLVED,SYN_RESOLVED,2026-02-03T12:44:00,2026-02-03T18:44:00,FALSE,TRUE
EXC_SYN_0000674,PAY_SYN_0023030,CUST_SYN_000111,ACCT_SYN_000111,2025-12-19T11:07:00,2025-12-19,CUTOFF,R004,Payment missed the processing cutoff,LOW,RESOLVED,TEAM_SYN_005,USER_SYN_005_A03,RESOLVED,SYN_RESOLVED,2025-12-19T14:07:00,2025-12-19T19:07:00,FALSE,FALSE
EXC_SYN_0000675,PAY_SYN_0015235,CUST_SYN_000196,ACCT_SYN_001196,2026-01-07T15:55:00,2026-01-07,SANCTIONS_SCREENING,R005,Synthetic screening review pending,HIGH,RESOLVED,TEAM_SYN_001,USER_SYN_001_A04,RESOLVED,SYN_RESOLVED,2026-01-07T16:55:00,2026-01-07T19:55:00,FALSE,TRUE
EXC_SYN_0000676,PAY_SYN_0003034,CUST_SYN_000259,ACCT_SYN_001259,2025-12-27T15:41:00,2025-12-27,DUPLICATE,R006,Potential duplicate payment instruction,HIGH,OPEN,TEAM_SYN_002,USER_SYN_002_A01,UNRESOLVED,,,2025-12-27T19:41:00,TRUE,TRUE
EXC_SYN_0000677,PAY_SYN_0008243,CUST_SYN_000492,ACCT_SYN_000492,2026-03-08T14:37:00,2026-03-08,SYSTEM,R007,Processing system unavailable,MEDIUM,RESOLVED,TEAM_SYN_003,USER_SYN_003_A02,RESOLVED,SYN_RESOLVED,2026-03-08T17:37:00,2026-03-08T22:37:00,TRUE,FALSE
EXC_SYN_0000678,PAY_SYN_0013380,CUST_SYN_000061,ACCT_SYN_000061,2026-02-05T11:09:00,2026-02-05,AUTHORIZATION,R008,Required payment authorization incomplete,HIGH,RESOLVED,TEAM_SYN_004,USER_SYN_004_A03,RESOLVED,SYN_RESOLVED,2026-02-05T12:09:00,2026-02-05T15:09:00,TRUE,TRUE
EXC_SYN_0000679,PAY_SYN_0004570,CUST_SYN_000091,ACCT_SYN_001091,2026-02-13T11:32:00,2026-02-13,BENEFICIARY,R009,Beneficiary details require review,MEDIUM,RESOLVED,TEAM_SYN_005,USER_SYN_005_A04,RESOLVED,SYN_RESOLVED,2026-02-13T22:21:00,2026-02-13T19:32:00,FALSE,TRUE
EXC_SYN_0000680,PAY_SYN_0001806,CUST_SYN_000823,ACCT_SYN_000823,2026-02-27T18:17:00,2026-02-27,CURRENCY,R010,Currency handling exception,MEDIUM,OPEN,TEAM_SYN_001,USER_SYN_001_A01,UNRESOLVED,,,2026-02-28T02:17:00,FALSE,TRUE
EXC_SYN_0000681,PAY_SYN_0016452,CUST_SYN_000225,ACCT_SYN_001225,2026-01-27T14:12:00,2026-01-27,SETTLEMENT,R011,Settlement confirmation delayed,LOW,RESOLVED,TEAM_SYN_002,USER_SYN_002_A02,RESOLVED,SYN_RESOLVED,2026-01-27T15:12:00,2026-01-27T22:12:00,TRUE,FALSE
EXC_SYN_0000682,PAY_SYN_0016535,CUST_SYN_000296,ACCT_SYN_001296,2026-02-11T17:06:00,2026-02-11,VALIDATION,R001,Payment instruction failed validation,MEDIUM,RESOLVED,TEAM_SYN_003,USER_SYN_003_A03,RESOLVED,SYN_RESOLVED,2026-02-11T19:06:00,2026-02-12T01:06:00,TRUE,TRUE
EXC_SYN_0000683,PAY_SYN_0015054,CUST_SYN_000499,ACCT_SYN_000499,2026-01-27T16:32:00,2026-01-27,LIQUIDITY,R002,Insufficient synthetic available funds,HIGH,RESOLVED,TEAM_SYN_004,USER_SYN_004_A04,RESOLVED,SYN_RESOLVED,2026-01-27T19:32:00,2026-01-27T20:32:00,TRUE,TRUE
EXC_SYN_0000684,PAY_SYN_0012802,CUST_SYN_000175,ACCT_SYN_001175,2025-12-06T15:01:00,2025-12-06,ROUTING,R003,Beneficiary routing information requires correction,MEDIUM,OPEN,TEAM_SYN_005,USER_SYN_005_A01,UNRESOLVED,,,2025-12-06T23:01:00,TRUE,TRUE
EXC_SYN_0000685,PAY_SYN_0004547,CUST_SYN_000240,ACCT_SYN_000240,2025-11-16T20:09:00,2025-11-16,CUTOFF,R004,Payment missed the processing cutoff,LOW,RESOLVED,TEAM_SYN_001,USER_SYN_001_A02,RESOLVED,SYN_RESOLVED,2025-11-16T22:09:00,2025-11-17T04:09:00,TRUE,FALSE
EXC_SYN_0000686,PAY_SYN_0008980,CUST_SYN_000761,ACCT_SYN_000761,2025-11-26T13:33:00,2025-11-26,SANCTIONS_SCREENING,R005,Synthetic screening review pending,HIGH,RESOLVED,TEAM_SYN_002,USER_SYN_002_A03,RESOLVED,SYN_RESOLVED,2025-11-26T20:29:00,2025-11-26T17:33:00,FALSE,TRUE
EXC_SYN_0000687,PAY_SYN_0011366,CUST_SYN_000543,ACCT_SYN_000543,2025-12-18T19:08:00,2025-12-18,DUPLICATE,R006,Potential duplicate payment instruction,HIGH,RESOLVED,TEAM_SYN_003,USER_SYN_003_A04,RESOLVED,SYN_RESOLVED,2025-12-18T20:08:00,2025-12-18T23:08:00,FALSE,TRUE
EXC_SYN_0000688,PAY_SYN_0023024,CUST_SYN_000389,ACCT_SYN_001389,2026-03-05T17:27:00,2026-03-05,SYSTEM,R007,Processing system unavailable,MEDIUM,OPEN,TEAM_SYN_004,USER_SYN_004_A01,UNRESOLVED,,,2026-03-06T01:27:00,TRUE,FALSE
EXC_SYN_0000689,PAY_SYN_0007083,CUST_SYN_000072,ACCT_SYN_001072,2026-01-07T16:53:00,2026-01-07,AUTHORIZATION,R008,Required payment authorization incomplete,HIGH,RESOLVED,TEAM_SYN_005,USER_SYN_005_A02,RESOLVED,SYN_RESOLVED,2026-01-07T19:53:00,2026-01-07T20:53:00,FALSE,TRUE
EXC_SYN_0000690,PAY_SYN_0008591,CUST_SYN_000368,ACCT_SYN_001368,2026-01-06T15:02:00,2026-01-06,BENEFICIARY,R009,Beneficiary details require review,MEDIUM,RESOLVED,TEAM_SYN_001,USER_SYN_001_A03,RESOLVED,SYN_RESOLVED,2026-01-06T16:02:00,2026-01-06T23:02:00,FALSE,TRUE
EXC_SYN_0000691,PAY_SYN_0010608,CUST_SYN_000997,ACCT_SYN_000997,2026-01-26T22:34:00,2026-01-26,CURRENCY,R010,Currency handling exception,MEDIUM,RESOLVED,TEAM_SYN_002,USER_SYN_002_A04,RESOLVED,SYN_RESOLVED,2026-01-27T00:34:00,2026-01-27T06:34:00,FALSE,TRUE
EXC_SYN_0000692,PAY_SYN_0011018,CUST_SYN_000167,ACCT_SYN_001167,2025-12-29T22:37:00,2025-12-29,SETTLEMENT,R011,Settlement confirmation delayed,LOW,OPEN,TEAM_SYN_003,USER_SYN_003_A01,UNRESOLVED,,,2025-12-30T06:37:00,TRUE,FALSE
EXC_SYN_0000693,PAY_SYN_0019784,CUST_SYN_000009,ACCT_SYN_000009,2025-12-07T12:32:00,2025-12-07,VALIDATION,R001,Payment instruction failed validation,MEDIUM,RESOLVED,TEAM_SYN_004,USER_SYN_004_A02,RESOLVED,SYN_RESOLVED,2025-12-07T23:35:00,2025-12-07T20:32:00,FALSE,TRUE
EXC_SYN_0000694,PAY_SYN_0005142,CUST_SYN_000255,ACCT_SYN_001255,2026-03-08T11:31:00,2026-03-08,LIQUIDITY,R002,Insufficient synthetic available funds,HIGH,RESOLVED,TEAM_SYN_005,USER_SYN_005_A03,RESOLVED,SYN_RESOLVED,2026-03-08T13:31:00,2026-03-08T15:31:00,TRUE,TRUE
EXC_SYN_0000695,PAY_SYN_0014272,CUST_SYN_000065,ACCT_SYN_000065,2025-12-28T10:54:00,2025-12-28,ROUTING,R003,Beneficiary routing information requires correction,MEDIUM,RESOLVED,TEAM_SYN_001,USER_SYN_001_A04,RESOLVED,SYN_RESOLVED,2025-12-28T13:54:00,2025-12-28T18:54:00,TRUE,TRUE
EXC_SYN_0000696,PAY_SYN_0012302,CUST_SYN_000675,ACCT_SYN_000675,2026-03-09T11:17:00,2026-03-09,LIQUIDITY,R002,Insufficient synthetic available funds,HIGH,OPEN,TEAM_SYN_002,USER_SYN_002_A01,UNRESOLVED,,,2026-03-09T15:17:00,FALSE,TRUE
EXC_SYN_0000697,PAY_SYN_0007029,CUST_SYN_000574,ACCT_SYN_000574,2026-01-25T18:19:00,2026-01-25,SANCTIONS_SCREENING,R005,Synthetic screening review pending,HIGH,RESOLVED,TEAM_SYN_003,USER_SYN_003_A02,RESOLVED,SYN_RESOLVED,2026-01-25T20:19:00,2026-01-25T22:19:00,FALSE,TRUE
EXC_SYN_0000698,PAY_SYN_0014783,CUST_SYN_000972,ACCT_SYN_000972,2026-01-05T13:10:00,2026-01-05,DUPLICATE,R006,Potential duplicate payment instruction,HIGH,RESOLVED,TEAM_SYN_004,USER_SYN_004_A03,RESOLVED,SYN_RESOLVED,2026-01-05T16:10:00,2026-01-05T17:10:00,TRUE,TRUE
EXC_SYN_0000699,PAY_SYN_0004528,CUST_SYN_000037,ACCT_SYN_001037,2026-02-11T17:58:00,2026-02-11,SYSTEM,R007,Processing system unavailable,MEDIUM,RESOLVED,TEAM_SYN_005,USER_SYN_005_A04,RESOLVED,SYN_RESOLVED,2026-02-11T18:58:00,2026-02-12T01:58:00,FALSE,FALSE
EXC_SYN_0000700,PAY_SYN_0017739,CUST_SYN_000844,ACCT_SYN_000844,2025-12-02T19:28:00,2025-12-02,AUTHORIZATION,R008,Required payment authorization incomplete,HIGH,OPEN,TEAM_SYN_001,USER_SYN_001_A01,UNRESOLVED,,,2025-12-02T23:28:00,FALSE,TRUE
EXC_SYN_0000701,PAY_SYN_0018776,CUST_SYN_000213,ACCT_SYN_000213,2025-11-16T16:40:00,2025-11-16,BENEFICIARY,R009,Beneficiary details require review,MEDIUM,RESOLVED,TEAM_SYN_002,USER_SYN_002_A02,RESOLVED,SYN_RESOLVED,2025-11-16T19:40:00,2025-11-17T00:40:00,FALSE,TRUE
EXC_SYN_0000702,PAY_SYN_0007689,CUST_SYN_000994,ACCT_SYN_000994,2025-12-20T19:24:00,2025-12-20,CURRENCY,R010,Currency handling exception,MEDIUM,RESOLVED,TEAM_SYN_003,USER_SYN_003_A03,RESOLVED,SYN_RESOLVED,2025-12-20T20:24:00,2025-12-21T03:24:00,FALSE,TRUE
EXC_SYN_0000703,PAY_SYN_0010993,CUST_SYN_000242,ACCT_SYN_000242,2026-03-02T14:05:00,2026-03-02,SETTLEMENT,R011,Settlement confirmation delayed,LOW,RESOLVED,TEAM_SYN_004,USER_SYN_004_A04,RESOLVED,SYN_RESOLVED,2026-03-02T16:05:00,2026-03-02T22:05:00,TRUE,FALSE
EXC_SYN_0000704,PAY_SYN_0016652,CUST_SYN_000125,ACCT_SYN_001125,2026-01-04T13:31:00,2026-01-04,VALIDATION,R001,Payment instruction failed validation,MEDIUM,OPEN,TEAM_SYN_005,USER_SYN_005_A01,UNRESOLVED,,,2026-01-04T21:31:00,FALSE,TRUE
EXC_SYN_0000705,PAY_SYN_0011652,CUST_SYN_000625,ACCT_SYN_000625,2026-03-11T13:24:00,2026-03-11,LIQUIDITY,R002,Insufficient synthetic available funds,HIGH,RESOLVED,TEAM_SYN_001,USER_SYN_001_A02,RESOLVED,SYN_RESOLVED,2026-03-11T14:24:00,2026-03-11T17:24:00,TRUE,TRUE
EXC_SYN_0000706,PAY_SYN_0023964,CUST_SYN_000169,ACCT_SYN_000169,2026-02-04T16:01:00,2026-02-04,ROUTING,R003,Beneficiary routing information requires correction,MEDIUM,RESOLVED,TEAM_SYN_002,USER_SYN_002_A03,RESOLVED,SYN_RESOLVED,2026-02-04T18:01:00,2026-02-05T00:01:00,FALSE,TRUE
EXC_SYN_0000707,PAY_SYN_0018408,CUST_SYN_000097,ACCT_SYN_000097,2026-02-09T20:02:00,2026-02-09,CUTOFF,R004,Payment missed the processing cutoff,LOW,RESOLVED,TEAM_SYN_003,USER_SYN_003_A04,RESOLVED,SYN_RESOLVED,2026-02-10T07:19:00,2026-02-10T04:02:00,TRUE,FALSE
EXC_SYN_0000708,PAY_SYN_0003816,CUST_SYN_000193,ACCT_SYN_000193,2026-02-08T17:51:00,2026-02-08,SANCTIONS_SCREENING,R005,Synthetic screening review pending,HIGH,OPEN,TEAM_SYN_004,USER_SYN_004_A01,UNRESOLVED,,,2026-02-08T21:51:00,FALSE,TRUE
EXC_SYN_0000709,PAY_SYN_0006664,CUST_SYN_000569,ACCT_SYN_000569,2026-01-09T16:20:00,2026-01-09,DUPLICATE,R006,Potential duplicate payment instruction,HIGH,RESOLVED,TEAM_SYN_005,USER_SYN_005_A02,RESOLVED,SYN_RESOLVED,2026-01-09T18:20:00,2026-01-09T20:20:00,FALSE,TRUE
EXC_SYN_0000710,PAY_SYN_0006430,CUST_SYN_000911,ACCT_SYN_000911,2026-01-02T12:15:00,2026-01-02,SYSTEM,R007,Processing system unavailable,MEDIUM,RESOLVED,TEAM_SYN_001,USER_SYN_001_A03,RESOLVED,SYN_RESOLVED,2026-01-02T15:15:00,2026-01-02T20:15:00,FALSE,FALSE
EXC_SYN_0000711,PAY_SYN_0000885,CUST_SYN_000246,ACCT_SYN_001246,2025-12-26T17:33:00,2025-12-26,AUTHORIZATION,R008,Required payment authorization incomplete,HIGH,RESOLVED,TEAM_SYN_002,USER_SYN_002_A04,RESOLVED,SYN_RESOLVED,2025-12-26T18:33:00,2025-12-26T21:33:00,TRUE,TRUE
EXC_SYN_0000712,PAY_SYN_0000800,CUST_SYN_000101,ACCT_SYN_001101,2026-01-20T12:51:00,2026-01-20,BENEFICIARY,R009,Beneficiary details require review,MEDIUM,OPEN,TEAM_SYN_003,USER_SYN_003_A01,UNRESOLVED,,,2026-01-20T20:51:00,TRUE,TRUE
EXC_SYN_0000713,PAY_SYN_0016626,CUST_SYN_000163,ACCT_SYN_000163,2025-12-01T19:26:00,2025-12-01,CURRENCY,R010,Currency handling exception,MEDIUM,RESOLVED,TEAM_SYN_004,USER_SYN_004_A02,RESOLVED,SYN_RESOLVED,2025-12-01T22:26:00,2025-12-02T03:26:00,FALSE,TRUE
EXC_SYN_0000714,PAY_SYN_0015260,CUST_SYN_000621,ACCT_SYN_000621,2026-02-16T13:17:00,2026-02-16,SETTLEMENT,R011,Settlement confirmation delayed,LOW,RESOLVED,TEAM_SYN_005,USER_SYN_005_A03,RESOLVED,SYN_RESOLVED,2026-02-17T00:41:00,2026-02-16T21:17:00,TRUE,FALSE
EXC_SYN_0000715,PAY_SYN_0003444,CUST_SYN_000429,ACCT_SYN_001429,2025-12-31T17:58:00,2025-12-31,VALIDATION,R001,Payment instruction failed validation,MEDIUM,RESOLVED,TEAM_SYN_001,USER_SYN_001_A04,RESOLVED,SYN_RESOLVED,2025-12-31T19:58:00,2026-01-01T01:58:00,FALSE,TRUE
EXC_SYN_0000716,PAY_SYN_0011414,CUST_SYN_000819,ACCT_SYN_000819,2026-02-10T18:01:00,2026-02-10,LIQUIDITY,R002,Insufficient synthetic available funds,HIGH,OPEN,TEAM_SYN_002,USER_SYN_002_A01,UNRESOLVED,,,2026-02-10T22:01:00,FALSE,TRUE
EXC_SYN_0000717,PAY_SYN_0020859,CUST_SYN_000784,ACCT_SYN_000784,2025-11-24T23:09:00,2025-11-24,ROUTING,R003,Beneficiary routing information requires correction,MEDIUM,RESOLVED,TEAM_SYN_003,USER_SYN_003_A02,RESOLVED,SYN_RESOLVED,2025-11-25T00:09:00,2025-11-25T07:09:00,TRUE,TRUE
EXC_SYN_0000718,PAY_SYN_0021652,CUST_SYN_000125,ACCT_SYN_000125,2025-12-19T15:53:00,2025-12-19,CUTOFF,R004,Payment missed the processing cutoff,LOW,RESOLVED,TEAM_SYN_004,USER_SYN_004_A03,RESOLVED,SYN_RESOLVED,2025-12-19T17:53:00,2025-12-19T23:53:00,TRUE,FALSE
EXC_SYN_0000719,PAY_SYN_0007030,CUST_SYN_000611,ACCT_SYN_000611,2026-02-07T14:12:00,2026-02-07,SANCTIONS_SCREENING,R005,Synthetic screening review pending,HIGH,RESOLVED,TEAM_SYN_005,USER_SYN_005_A04,RESOLVED,SYN_RESOLVED,2026-02-07T17:12:00,2026-02-07T18:12:00,TRUE,TRUE
EXC_SYN_0000720,PAY_SYN_0023713,CUST_SYN_000382,ACCT_SYN_001382,2025-12-16T11:46:00,2025-12-16,DUPLICATE,R006,Potential duplicate payment instruction,HIGH,OPEN,TEAM_SYN_001,USER_SYN_001_A01,UNRESOLVED,,,2025-12-16T15:46:00,FALSE,TRUE
EXC_SYN_0000721,PAY_SYN_0020836,CUST_SYN_000433,ACCT_SYN_001433,2026-02-28T15:20:00,2026-02-28,SYSTEM,R007,Processing system unavailable,MEDIUM,RESOLVED,TEAM_SYN_002,USER_SYN_002_A02,RESOLVED,SYN_RESOLVED,2026-02-28T23:51:00,2026-02-28T23:20:00,TRUE,FALSE
EXC_SYN_0000722,PAY_SYN_0000743,CUST_SYN_000492,ACCT_SYN_000492,2026-02-08T12:22:00,2026-02-08,AUTHORIZATION,R008,Required payment authorization incomplete,HIGH,RESOLVED,TEAM_SYN_003,USER_SYN_003_A03,RESOLVED,SYN_RESOLVED,2026-02-08T15:22:00,2026-02-08T16:22:00,TRUE,TRUE
EXC_SYN_0000723,PAY_SYN_0019761,CUST_SYN_000658,ACCT_SYN_000658,2025-11-25T10:21:00,2025-11-25,BENEFICIARY,R009,Beneficiary details require review,MEDIUM,RESOLVED,TEAM_SYN_004,USER_SYN_004_A04,RESOLVED,SYN_RESOLVED,2025-11-25T11:21:00,2025-11-25T18:21:00,FALSE,TRUE
EXC_SYN_0000724,PAY_SYN_0002995,CUST_SYN_000316,ACCT_SYN_001316,2026-01-24T14:32:00,2026-01-24,CURRENCY,R010,Currency handling exception,MEDIUM,OPEN,TEAM_SYN_005,USER_SYN_005_A01,UNRESOLVED,,,2026-01-24T22:32:00,FALSE,TRUE
EXC_SYN_0000725,PAY_SYN_0024456,CUST_SYN_000373,ACCT_SYN_000373,2026-01-12T15:32:00,2026-01-12,SETTLEMENT,R011,Settlement confirmation delayed,LOW,RESOLVED,TEAM_SYN_001,USER_SYN_001_A02,RESOLVED,SYN_RESOLVED,2026-01-12T18:32:00,2026-01-12T23:32:00,FALSE,FALSE
EXC_SYN_0000726,PAY_SYN_0016190,CUST_SYN_000531,ACCT_SYN_000531,2026-02-25T10:23:00,2026-02-25,VALIDATION,R001,Payment instruction failed validation,MEDIUM,RESOLVED,TEAM_SYN_002,USER_SYN_002_A03,RESOLVED,SYN_RESOLVED,2026-02-25T11:23:00,2026-02-25T18:23:00,TRUE,TRUE
EXC_SYN_0000727,PAY_SYN_0007411,CUST_SYN_000208,ACCT_SYN_001208,2026-01-17T11:23:00,2026-01-17,LIQUIDITY,R002,Insufficient synthetic available funds,HIGH,RESOLVED,TEAM_SYN_003,USER_SYN_003_A04,RESOLVED,SYN_RESOLVED,2026-01-17T13:23:00,2026-01-17T15:23:00,FALSE,TRUE
EXC_SYN_0000728,PAY_SYN_0005598,CUST_SYN_000127,ACCT_SYN_000127,2026-01-23T18:05:00,2026-01-23,ROUTING,R003,Beneficiary routing information requires correction,MEDIUM,OPEN,TEAM_SYN_004,USER_SYN_004_A01,UNRESOLVED,,,2026-01-24T02:05:00,TRUE,TRUE
EXC_SYN_0000729,PAY_SYN_0000883,CUST_SYN_000172,ACCT_SYN_001172,2026-01-04T13:13:00,2026-01-04,CUTOFF,R004,Payment missed the processing cutoff,LOW,RESOLVED,TEAM_SYN_005,USER_SYN_005_A02,RESOLVED,SYN_RESOLVED,2026-01-04T14:13:00,2026-01-04T21:13:00,TRUE,FALSE
EXC_SYN_0000730,PAY_SYN_0009518,CUST_SYN_000167,ACCT_SYN_001167,2026-01-19T18:51:00,2026-01-19,SANCTIONS_SCREENING,R005,Synthetic screening review pending,HIGH,RESOLVED,TEAM_SYN_001,USER_SYN_001_A03,RESOLVED,SYN_RESOLVED,2026-01-19T20:51:00,2026-01-19T22:51:00,FALSE,TRUE
EXC_SYN_0000731,PAY_SYN_0023785,CUST_SYN_000046,ACCT_SYN_001046,2026-02-07T16:33:00,2026-02-07,DUPLICATE,R006,Potential duplicate payment instruction,HIGH,RESOLVED,TEAM_SYN_002,USER_SYN_002_A04,RESOLVED,SYN_RESOLVED,2026-02-07T19:33:00,2026-02-07T20:33:00,FALSE,TRUE
EXC_SYN_0000732,PAY_SYN_0001288,CUST_SYN_000157,ACCT_SYN_001157,2025-12-19T19:07:00,2025-12-19,SYSTEM,R007,Processing system unavailable,MEDIUM,OPEN,TEAM_SYN_003,USER_SYN_003_A01,UNRESOLVED,,,2025-12-20T03:07:00,TRUE,FALSE
EXC_SYN_0000733,PAY_SYN_0006922,CUST_SYN_000115,ACCT_SYN_001115,2025-12-18T13:38:00,2025-12-18,AUTHORIZATION,R008,Required payment authorization incomplete,HIGH,RESOLVED,TEAM_SYN_004,USER_SYN_004_A02,RESOLVED,SYN_RESOLVED,2025-12-18T15:38:00,2025-12-18T17:38:00,TRUE,TRUE
EXC_SYN_0000734,PAY_SYN_0016595,CUST_SYN_000516,ACCT_SYN_000516,2025-12-10T16:22:00,2025-12-10,BENEFICIARY,R009,Beneficiary details require review,MEDIUM,RESOLVED,TEAM_SYN_005,USER_SYN_005_A03,RESOLVED,SYN_RESOLVED,2025-12-10T19:22:00,2025-12-11T00:22:00,FALSE,TRUE
EXC_SYN_0000735,PAY_SYN_0012289,CUST_SYN_000194,ACCT_SYN_000194,2026-01-28T21:13:00,2026-01-28,CURRENCY,R010,Currency handling exception,MEDIUM,RESOLVED,TEAM_SYN_001,USER_SYN_001_A04,RESOLVED,SYN_RESOLVED,2026-01-29T05:58:00,2026-01-29T05:13:00,FALSE,TRUE
EXC_SYN_0000736,PAY_SYN_0013088,CUST_SYN_000257,ACCT_SYN_001257,2026-01-22T20:39:00,2026-01-22,SETTLEMENT,R011,Settlement confirmation delayed,LOW,OPEN,TEAM_SYN_002,USER_SYN_002_A01,UNRESOLVED,,,2026-01-23T04:39:00,TRUE,FALSE
EXC_SYN_0000737,PAY_SYN_0009246,CUST_SYN_000103,ACCT_SYN_000103,2026-01-25T18:38:00,2026-01-25,VALIDATION,R001,Payment instruction failed validation,MEDIUM,RESOLVED,TEAM_SYN_003,USER_SYN_003_A02,RESOLVED,SYN_RESOLVED,2026-01-25T21:38:00,2026-01-26T02:38:00,FALSE,TRUE
EXC_SYN_0000738,PAY_SYN_0010137,CUST_SYN_000070,ACCT_SYN_000070,2026-03-14T19:48:00,2026-03-14,LIQUIDITY,R002,Insufficient synthetic available funds,HIGH,RESOLVED,TEAM_SYN_004,USER_SYN_004_A03,RESOLVED,SYN_RESOLVED,2026-03-14T20:48:00,2026-03-14T23:48:00,FALSE,TRUE
EXC_SYN_0000739,PAY_SYN_0019461,CUST_SYN_000058,ACCT_SYN_000058,2025-11-22T13:49:00,2025-11-22,ROUTING,R003,Beneficiary routing information requires correction,MEDIUM,RESOLVED,TEAM_SYN_005,USER_SYN_005_A04,RESOLVED,SYN_RESOLVED,2025-11-22T15:49:00,2025-11-22T21:49:00,FALSE,TRUE
EXC_SYN_0000740,PAY_SYN_0021203,CUST_SYN_000012,ACCT_SYN_000012,2026-03-13T16:16:00,2026-03-13,CUTOFF,R004,Payment missed the processing cutoff,LOW,OPEN,TEAM_SYN_001,USER_SYN_001_A01,UNRESOLVED,,,2026-03-14T00:16:00,TRUE,FALSE
EXC_SYN_0000741,PAY_SYN_0011121,CUST_SYN_000478,ACCT_SYN_000478,2026-03-04T14:15:00,2026-03-04,SANCTIONS_SCREENING,R005,Synthetic screening review pending,HIGH,RESOLVED,TEAM_SYN_002,USER_SYN_002_A02,RESOLVED,SYN_RESOLVED,2026-03-04T15:15:00,2026-03-04T18:15:00,FALSE,TRUE
EXC_SYN_0000742,PAY_SYN_0022467,CUST_SYN_000280,ACCT_SYN_000280,2026-01-21T20:10:00,2026-01-21,DUPLICATE,R006,Potential duplicate payment instruction,HIGH,RESOLVED,TEAM_SYN_003,USER_SYN_003_A03,RESOLVED,SYN_RESOLVED,2026-01-22T01:02:00,2026-01-22T00:10:00,TRUE,TRUE
EXC_SYN_0000743,PAY_SYN_0000349,CUST_SYN_000914,ACCT_SYN_000914,2026-02-24T22:57:00,2026-02-24,SYSTEM,R007,Processing system unavailable,MEDIUM,RESOLVED,TEAM_SYN_004,USER_SYN_004_A04,RESOLVED,SYN_RESOLVED,2026-02-25T01:57:00,2026-02-25T06:57:00,FALSE,FALSE
EXC_SYN_0000744,PAY_SYN_0017414,CUST_SYN_000819,ACCT_SYN_000819,2025-12-20T18:05:00,2025-12-20,AUTHORIZATION,R008,Required payment authorization incomplete,HIGH,OPEN,TEAM_SYN_005,USER_SYN_005_A01,UNRESOLVED,,,2025-12-20T22:05:00,TRUE,TRUE
EXC_SYN_0000745,PAY_SYN_0008278,CUST_SYN_000287,ACCT_SYN_000287,2026-02-04T22:26:00,2026-02-04,BENEFICIARY,R009,Beneficiary details require review,MEDIUM,RESOLVED,TEAM_SYN_001,USER_SYN_001_A02,RESOLVED,SYN_RESOLVED,2026-02-05T00:26:00,2026-02-05T06:26:00,FALSE,TRUE
EXC_SYN_0000746,PAY_SYN_0010510,CUST_SYN_000371,ACCT_SYN_000371,2025-12-13T14:03:00,2025-12-13,CURRENCY,R010,Currency handling exception,MEDIUM,RESOLVED,TEAM_SYN_002,USER_SYN_002_A03,RESOLVED,SYN_RESOLVED,2025-12-13T17:03:00,2025-12-13T22:03:00,FALSE,TRUE
EXC_SYN_0000747,PAY_SYN_0005573,CUST_SYN_000702,ACCT_SYN_000702,2026-03-09T17:17:00,2026-03-09,LIQUIDITY,R002,Insufficient synthetic available funds,HIGH,RESOLVED,TEAM_SYN_003,USER_SYN_003_A04,RESOLVED,SYN_RESOLVED,2026-03-09T18:17:00,2026-03-09T21:17:00,FALSE,TRUE
EXC_SYN_0000748,PAY_SYN_0009982,CUST_SYN_000335,ACCT_SYN_000335,2026-01-17T10:53:00,2026-01-17,VALIDATION,R001,Payment instruction failed validation,MEDIUM,OPEN,TEAM_SYN_004,USER_SYN_004_A01,UNRESOLVED,,,2026-01-17T18:53:00,FALSE,TRUE
EXC_SYN_0000749,PAY_SYN_0009160,CUST_SYN_000421,ACCT_SYN_001421,2025-11-20T09:12:00,2025-11-20,LIQUIDITY,R002,Insufficient synthetic available funds,HIGH,RESOLVED,TEAM_SYN_005,USER_SYN_005_A02,RESOLVED,SYN_RESOLVED,2025-11-20T14:11:00,2025-11-20T13:12:00,FALSE,TRUE
EXC_SYN_0000750,PAY_SYN_0011016,CUST_SYN_000093,ACCT_SYN_001093,2026-02-25T14:57:00,2026-02-25,ROUTING,R003,Beneficiary routing information requires correction,MEDIUM,RESOLVED,TEAM_SYN_001,USER_SYN_001_A03,RESOLVED,SYN_RESOLVED,2026-02-25T15:57:00,2026-02-25T22:57:00,TRUE,TRUE
EXC_SYN_0000751,PAY_SYN_0007159,CUST_SYN_000884,ACCT_SYN_000884,2026-02-15T18:11:00,2026-02-15,CUTOFF,R004,Payment missed the processing cutoff,LOW,RESOLVED,TEAM_SYN_002,USER_SYN_002_A04,RESOLVED,SYN_RESOLVED,2026-02-15T20:11:00,2026-02-16T02:11:00,FALSE,FALSE
EXC_SYN_0000752,PAY_SYN_0003497,CUST_SYN_000390,ACCT_SYN_000390,2026-01-24T17:10:00,2026-01-24,SANCTIONS_SCREENING,R005,Synthetic screening review pending,HIGH,OPEN,TEAM_SYN_003,USER_SYN_003_A01,UNRESOLVED,,,2026-01-24T21:10:00,TRUE,TRUE
EXC_SYN_0000753,PAY_SYN_0013503,CUST_SYN_000112,ACCT_SYN_000112,2026-03-14T12:45:00,2026-03-14,LIQUIDITY,R002,Insufficient synthetic available funds,HIGH,RESOLVED,TEAM_SYN_004,USER_SYN_004_A02,RESOLVED,SYN_RESOLVED,2026-03-14T13:45:00,2026-03-14T16:45:00,FALSE,TRUE
EXC_SYN_0000754,PAY_SYN_0024015,CUST_SYN_000556,ACCT_SYN_000556,2025-12-29T15:22:00,2025-12-29,SYSTEM,R007,Processing system unavailable,MEDIUM,RESOLVED,TEAM_SYN_005,USER_SYN_005_A03,RESOLVED,SYN_RESOLVED,2025-12-29T17:22:00,2025-12-29T23:22:00,FALSE,FALSE
EXC_SYN_0000755,PAY_SYN_0021171,CUST_SYN_000328,ACCT_SYN_000328,2026-01-26T11:47:00,2026-01-26,AUTHORIZATION,R008,Required payment authorization incomplete,HIGH,RESOLVED,TEAM_SYN_001,USER_SYN_001_A04,RESOLVED,SYN_RESOLVED,2026-01-26T14:47:00,2026-01-26T15:47:00,TRUE,TRUE
EXC_SYN_0000756,PAY_SYN_0018646,CUST_SYN_000403,ACCT_SYN_001403,2026-03-03T16:25:00,2026-03-03,BENEFICIARY,R009,Beneficiary details require review,MEDIUM,OPEN,TEAM_SYN_002,USER_SYN_002_A01,UNRESOLVED,,,2026-03-04T00:25:00,TRUE,TRUE
EXC_SYN_0000757,PAY_SYN_0018461,CUST_SYN_000558,ACCT_SYN_000558,2026-03-03T12:03:00,2026-03-03,CURRENCY,R010,Currency handling exception,MEDIUM,RESOLVED,TEAM_SYN_003,USER_SYN_003_A02,RESOLVED,SYN_RESOLVED,2026-03-03T14:03:00,2026-03-03T20:03:00,FALSE,TRUE
EXC_SYN_0000758,PAY_SYN_0011247,CUST_SYN_000640,ACCT_SYN_000640,2026-03-09T17:38:00,2026-03-09,SETTLEMENT,R011,Settlement confirmation delayed,LOW,RESOLVED,TEAM_SYN_004,USER_SYN_004_A03,RESOLVED,SYN_RESOLVED,2026-03-09T20:38:00,2026-03-10T01:38:00,FALSE,FALSE
EXC_SYN_0000759,PAY_SYN_0012834,CUST_SYN_000859,ACCT_SYN_000859,2025-12-06T15:00:00,2025-12-06,VALIDATION,R001,Payment instruction failed validation,MEDIUM,RESOLVED,TEAM_SYN_005,USER_SYN_005_A04,RESOLVED,SYN_RESOLVED,2025-12-06T16:00:00,2025-12-06T23:00:00,FALSE,TRUE
EXC_SYN_0000760,PAY_SYN_0011164,CUST_SYN_000569,ACCT_SYN_000569,2025-11-20T15:23:00,2025-11-20,LIQUIDITY,R002,Insufficient synthetic available funds,HIGH,OPEN,TEAM_SYN_001,USER_SYN_001_A01,UNRESOLVED,,,2025-11-20T19:23:00,FALSE,TRUE
EXC_SYN_0000761,PAY_SYN_0019389,CUST_SYN_000394,ACCT_SYN_000394,2025-12-22T20:11:00,2025-12-22,ROUTING,R003,Beneficiary routing information requires correction,MEDIUM,RESOLVED,TEAM_SYN_002,USER_SYN_002_A02,RESOLVED,SYN_RESOLVED,2025-12-22T23:11:00,2025-12-23T04:11:00,TRUE,TRUE
EXC_SYN_0000762,PAY_SYN_0023169,CUST_SYN_000754,ACCT_SYN_000754,2026-01-12T20:24:00,2026-01-12,CUTOFF,R004,Payment missed the processing cutoff,LOW,RESOLVED,TEAM_SYN_003,USER_SYN_003_A03,RESOLVED,SYN_RESOLVED,2026-01-12T21:24:00,2026-01-13T04:24:00,TRUE,FALSE
EXC_SYN_0000763,PAY_SYN_0005115,CUST_SYN_000256,ACCT_SYN_000256,2025-12-20T17:19:00,2025-12-20,SANCTIONS_SCREENING,R005,Synthetic screening review pending,HIGH,RESOLVED,TEAM_SYN_004,USER_SYN_004_A04,RESOLVED,SYN_RESOLVED,2025-12-20T22:32:00,2025-12-20T21:19:00,FALSE,TRUE
EXC_SYN_0000764,PAY_SYN_0022906,CUST_SYN_000023,ACCT_SYN_000023,2026-01-26T18:09:00,2026-01-26,DUPLICATE,R006,Potential duplicate payment instruction,HIGH,OPEN,TEAM_SYN_005,USER_SYN_005_A01,UNRESOLVED,,,2026-01-26T22:09:00,TRUE,TRUE
EXC_SYN_0000765,PAY_SYN_0009237,CUST_SYN_000270,ACCT_SYN_001270,2026-02-17T19:39:00,2026-02-17,SYSTEM,R007,Processing system unavailable,MEDIUM,RESOLVED,TEAM_SYN_001,USER_SYN_001_A02,RESOLVED,SYN_RESOLVED,2026-02-17T20:39:00,2026-02-18T03:39:00,TRUE,FALSE
EXC_SYN_0000766,PAY_SYN_0020758,CUST_SYN_000047,ACCT_SYN_000047,2025-12-27T20:59:00,2025-12-27,AUTHORIZATION,R008,Required payment authorization incomplete,HIGH,RESOLVED,TEAM_SYN_002,USER_SYN_002_A03,RESOLVED,SYN_RESOLVED,2025-12-27T22:59:00,2025-12-28T00:59:00,FALSE,TRUE
EXC_SYN_0000767,PAY_SYN_0010379,CUST_SYN_000024,ACCT_SYN_000024,2025-11-24T22:19:00,2025-11-24,BENEFICIARY,R009,Beneficiary details require review,MEDIUM,RESOLVED,TEAM_SYN_003,USER_SYN_003_A04,RESOLVED,SYN_RESOLVED,2025-11-25T01:19:00,2025-11-25T06:19:00,FALSE,TRUE
EXC_SYN_0000768,PAY_SYN_0013899,CUST_SYN_000264,ACCT_SYN_001264,2025-12-05T22:12:00,2025-12-05,CURRENCY,R010,Currency handling exception,MEDIUM,OPEN,TEAM_SYN_004,USER_SYN_004_A01,UNRESOLVED,,,2025-12-06T06:12:00,FALSE,TRUE
EXC_SYN_0000769,PAY_SYN_0003086,CUST_SYN_000183,ACCT_SYN_000183,2025-12-31T18:54:00,2025-12-31,SETTLEMENT,R011,Settlement confirmation delayed,LOW,RESOLVED,TEAM_SYN_005,USER_SYN_005_A02,RESOLVED,SYN_RESOLVED,2025-12-31T20:54:00,2026-01-01T02:54:00,FALSE,FALSE
EXC_SYN_0000770,PAY_SYN_0022178,CUST_SYN_000087,ACCT_SYN_000087,2025-11-16T21:31:00,2025-11-16,VALIDATION,R001,Payment instruction failed validation,MEDIUM,RESOLVED,TEAM_SYN_001,USER_SYN_001_A03,RESOLVED,SYN_RESOLVED,2025-11-17T06:51:00,2025-11-17T05:31:00,TRUE,TRUE
EXC_SYN_0000771,PAY_SYN_0002009,CUST_SYN_000834,ACCT_SYN_000834,2026-01-31T22:41:00,2026-01-31,LIQUIDITY,R002,Insufficient synthetic available funds,HIGH,RESOLVED,TEAM_SYN_002,USER_SYN_002_A04,RESOLVED,SYN_RESOLVED,2026-01-31T23:41:00,2026-02-01T02:41:00,TRUE,TRUE
EXC_SYN_0000772,PAY_SYN_0019403,CUST_SYN_000912,ACCT_SYN_000912,2026-01-01T17:12:00,2026-01-01,ROUTING,R003,Beneficiary routing information requires correction,MEDIUM,OPEN,TEAM_SYN_003,USER_SYN_003_A01,UNRESOLVED,,,2026-01-02T01:12:00,FALSE,TRUE
EXC_SYN_0000773,PAY_SYN_0013117,CUST_SYN_000830,ACCT_SYN_000830,2026-01-29T21:03:00,2026-01-29,CUTOFF,R004,Payment missed the processing cutoff,LOW,RESOLVED,TEAM_SYN_004,USER_SYN_004_A02,RESOLVED,SYN_RESOLVED,2026-01-30T00:03:00,2026-01-30T05:03:00,FALSE,FALSE
EXC_SYN_0000774,PAY_SYN_0023476,CUST_SYN_000113,ACCT_SYN_000113,2026-02-07T20:49:00,2026-02-07,SANCTIONS_SCREENING,R005,Synthetic screening review pending,HIGH,RESOLVED,TEAM_SYN_005,USER_SYN_005_A03,RESOLVED,SYN_RESOLVED,2026-02-07T21:49:00,2026-02-08T00:49:00,FALSE,TRUE
EXC_SYN_0000775,PAY_SYN_0012000,CUST_DEMO_001,ACCT_DEMO_001,2026-03-12T14:10:00,2026-03-12,DUPLICATE,R006,Potential duplicate payment instruction,HIGH,RESOLVED,TEAM_SYN_001,USER_SYN_001_A04,RESOLVED,SYN_RESOLVED,2026-03-12T16:10:00,2026-03-12T18:10:00,FALSE,TRUE
EXC_SYN_0000776,PAY_SYN_0012999,CUST_SYN_000964,ACCT_SYN_000964,2026-02-03T17:56:00,2026-02-03,SYSTEM,R007,Processing system unavailable,MEDIUM,OPEN,TEAM_SYN_002,USER_SYN_002_A01,UNRESOLVED,,,2026-02-04T01:56:00,FALSE,FALSE
EXC_SYN_0000777,PAY_SYN_0001322,CUST_SYN_000915,ACCT_SYN_000915,2025-12-02T10:50:00,2025-12-02,AUTHORIZATION,R008,Required payment authorization incomplete,HIGH,RESOLVED,TEAM_SYN_003,USER_SYN_003_A02,RESOLVED,SYN_RESOLVED,2025-12-02T16:17:00,2025-12-02T14:50:00,TRUE,TRUE
EXC_SYN_0000778,PAY_SYN_0016581,CUST_SYN_000498,ACCT_SYN_001498,2025-12-18T10:16:00,2025-12-18,BENEFICIARY,R009,Beneficiary details require review,MEDIUM,RESOLVED,TEAM_SYN_004,USER_SYN_004_A03,RESOLVED,SYN_RESOLVED,2025-12-18T12:16:00,2025-12-18T18:16:00,FALSE,TRUE
EXC_SYN_0000779,PAY_SYN_0016082,CUST_SYN_000035,ACCT_SYN_001035,2025-12-12T11:16:00,2025-12-12,CURRENCY,R010,Currency handling exception,MEDIUM,RESOLVED,TEAM_SYN_005,USER_SYN_005_A04,RESOLVED,SYN_RESOLVED,2025-12-12T14:16:00,2025-12-12T19:16:00,FALSE,TRUE
EXC_SYN_0000780,PAY_SYN_0016628,CUST_SYN_000237,ACCT_SYN_000237,2026-01-04T18:11:00,2026-01-04,SETTLEMENT,R011,Settlement confirmation delayed,LOW,OPEN,TEAM_SYN_001,USER_SYN_001_A01,UNRESOLVED,,,2026-01-05T02:11:00,TRUE,FALSE
EXC_SYN_0000781,PAY_SYN_0015434,CUST_SYN_000059,ACCT_SYN_001059,2025-11-29T14:06:00,2025-11-29,VALIDATION,R001,Payment instruction failed validation,MEDIUM,RESOLVED,TEAM_SYN_002,USER_SYN_002_A02,RESOLVED,SYN_RESOLVED,2025-11-29T16:06:00,2025-11-29T22:06:00,TRUE,TRUE
EXC_SYN_0000782,PAY_SYN_0012858,CUST_SYN_000247,ACCT_SYN_000247,2025-12-30T17:47:00,2025-12-30,LIQUIDITY,R002,Insufficient synthetic available funds,HIGH,RESOLVED,TEAM_SYN_003,USER_SYN_003_A03,RESOLVED,SYN_RESOLVED,2025-12-30T20:47:00,2025-12-30T21:47:00,TRUE,TRUE
EXC_SYN_0000783,PAY_SYN_0014965,CUST_SYN_000206,ACCT_SYN_000206,2026-02-08T15:49:00,2026-02-08,ROUTING,R003,Beneficiary routing information requires correction,MEDIUM,RESOLVED,TEAM_SYN_004,USER_SYN_004_A04,RESOLVED,SYN_RESOLVED,2026-02-08T16:49:00,2026-02-08T23:49:00,TRUE,TRUE
EXC_SYN_0000784,PAY_SYN_0004229,CUST_SYN_000474,ACCT_SYN_000474,2025-12-06T19:30:00,2025-12-06,CUTOFF,R004,Payment missed the processing cutoff,LOW,OPEN,TEAM_SYN_005,USER_SYN_005_A01,UNRESOLVED,,,2025-12-07T03:30:00,FALSE,FALSE
EXC_SYN_0000785,PAY_SYN_0022650,CUST_SYN_000051,ACCT_SYN_001051,2026-02-06T10:50:00,2026-02-06,SANCTIONS_SCREENING,R005,Synthetic screening review pending,HIGH,RESOLVED,TEAM_SYN_001,USER_SYN_001_A02,RESOLVED,SYN_RESOLVED,2026-02-06T13:50:00,2026-02-06T14:50:00,FALSE,TRUE
EXC_SYN_0000786,PAY_SYN_0013125,CUST_SYN_000126,ACCT_SYN_001126,2026-02-01T15:48:00,2026-02-01,DUPLICATE,R006,Potential duplicate payment instruction,HIGH,RESOLVED,TEAM_SYN_002,USER_SYN_002_A03,RESOLVED,SYN_RESOLVED,2026-02-01T16:48:00,2026-02-01T19:48:00,FALSE,TRUE
EXC_SYN_0000787,PAY_SYN_0005305,CUST_SYN_000286,ACCT_SYN_001286,2026-01-16T16:41:00,2026-01-16,SYSTEM,R007,Processing system unavailable,MEDIUM,RESOLVED,TEAM_SYN_003,USER_SYN_003_A04,RESOLVED,SYN_RESOLVED,2026-01-16T18:41:00,2026-01-17T00:41:00,TRUE,FALSE
EXC_SYN_0000788,PAY_SYN_0008598,CUST_SYN_000127,ACCT_SYN_000127,2025-12-14T19:05:00,2025-12-14,AUTHORIZATION,R008,Required payment authorization incomplete,HIGH,OPEN,TEAM_SYN_004,USER_SYN_004_A01,UNRESOLVED,,,2025-12-14T23:05:00,FALSE,TRUE
EXC_SYN_0000789,PAY_SYN_0009825,CUST_SYN_000526,ACCT_SYN_000526,2025-12-18T16:27:00,2025-12-18,BENEFICIARY,R009,Beneficiary details require review,MEDIUM,RESOLVED,TEAM_SYN_005,USER_SYN_005_A02,RESOLVED,SYN_RESOLVED,2025-12-18T17:27:00,2025-12-19T00:27:00,FALSE,TRUE
EXC_SYN_0000790,PAY_SYN_0015525,CUST_SYN_000426,ACCT_SYN_001426,2025-12-08T16:40:00,2025-12-08,CURRENCY,R010,Currency handling exception,MEDIUM,RESOLVED,TEAM_SYN_001,USER_SYN_001_A03,RESOLVED,SYN_RESOLVED,2025-12-08T18:40:00,2025-12-09T00:40:00,TRUE,TRUE
EXC_SYN_0000791,PAY_SYN_0008614,CUST_SYN_000719,ACCT_SYN_000719,2026-01-25T16:36:00,2026-01-25,SETTLEMENT,R011,Settlement confirmation delayed,LOW,RESOLVED,TEAM_SYN_002,USER_SYN_002_A04,RESOLVED,SYN_RESOLVED,2026-01-26T02:17:00,2026-01-26T00:36:00,TRUE,FALSE
EXC_SYN_0000792,PAY_SYN_0012371,CUST_SYN_000228,ACCT_SYN_000228,2025-12-01T13:08:00,2025-12-01,VALIDATION,R001,Payment instruction failed validation,MEDIUM,OPEN,TEAM_SYN_003,USER_SYN_003_A01,UNRESOLVED,,,2025-12-01T21:08:00,FALSE,TRUE
EXC_SYN_0000793,PAY_SYN_0007913,CUST_SYN_000282,ACCT_SYN_000282,2026-01-26T15:15:00,2026-01-26,LIQUIDITY,R002,Insufficient synthetic available funds,HIGH,RESOLVED,TEAM_SYN_004,USER_SYN_004_A02,RESOLVED,SYN_RESOLVED,2026-01-26T17:15:00,2026-01-26T19:15:00,FALSE,TRUE
EXC_SYN_0000794,PAY_SYN_0024900,CUST_SYN_000301,ACCT_SYN_000301,2026-01-21T12:17:00,2026-01-21,ROUTING,R003,Beneficiary routing information requires correction,MEDIUM,RESOLVED,TEAM_SYN_005,USER_SYN_005_A03,RESOLVED,SYN_RESOLVED,2026-01-21T15:17:00,2026-01-21T20:17:00,FALSE,TRUE
EXC_SYN_0000795,PAY_SYN_0024500,CUST_SYN_000501,ACCT_SYN_000501,2026-03-04T12:50:00,2026-03-04,CUTOFF,R004,Payment missed the processing cutoff,LOW,RESOLVED,TEAM_SYN_001,USER_SYN_001_A04,RESOLVED,SYN_RESOLVED,2026-03-04T13:50:00,2026-03-04T20:50:00,TRUE,FALSE
EXC_SYN_0000796,PAY_SYN_0009134,CUST_SYN_000459,ACCT_SYN_000459,2025-12-13T17:21:00,2025-12-13,SANCTIONS_SCREENING,R005,Synthetic screening review pending,HIGH,OPEN,TEAM_SYN_002,USER_SYN_002_A01,UNRESOLVED,,,2025-12-13T21:21:00,TRUE,TRUE
EXC_SYN_0000797,PAY_SYN_0021120,CUST_SYN_000441,ACCT_SYN_001441,2026-03-08T12:56:00,2026-03-08,DUPLICATE,R006,Potential duplicate payment instruction,HIGH,RESOLVED,TEAM_SYN_003,USER_SYN_003_A02,RESOLVED,SYN_RESOLVED,2026-03-08T15:56:00,2026-03-08T16:56:00,TRUE,TRUE
EXC_SYN_0000798,PAY_SYN_0007761,CUST_SYN_000658,ACCT_SYN_000658,2026-02-06T14:36:00,2026-02-06,SYSTEM,R007,Processing system unavailable,MEDIUM,RESOLVED,TEAM_SYN_004,USER_SYN_004_A03,RESOLVED,SYN_RESOLVED,2026-02-07T00:24:00,2026-02-06T22:36:00,FALSE,FALSE
EXC_SYN_0000799,PAY_SYN_0006527,CUST_SYN_000500,ACCT_SYN_001500,2025-12-22T20:51:00,2025-12-22,AUTHORIZATION,R008,Required payment authorization incomplete,HIGH,RESOLVED,TEAM_SYN_005,USER_SYN_005_A04,RESOLVED,SYN_RESOLVED,2025-12-22T22:51:00,2025-12-23T00:51:00,FALSE,TRUE
EXC_SYN_0000800,PAY_SYN_0022196,CUST_SYN_000753,ACCT_SYN_000753,2025-12-23T20:07:00,2025-12-23,BENEFICIARY,R009,Beneficiary details require review,MEDIUM,OPEN,TEAM_SYN_001,USER_SYN_001_A01,UNRESOLVED,,,2025-12-24T04:07:00,TRUE,TRUE
EXC_SYN_0000801,PAY_SYN_0014118,CUST_SYN_000367,ACCT_SYN_000367,2026-03-11T21:54:00,2026-03-11,LIQUIDITY,R002,Insufficient synthetic available funds,HIGH,RESOLVED,TEAM_SYN_002,USER_SYN_002_A02,RESOLVED,SYN_RESOLVED,2026-03-11T22:54:00,2026-03-12T01:54:00,FALSE,TRUE
EXC_SYN_0000802,PAY_SYN_0000388,CUST_SYN_000857,ACCT_SYN_000857,2026-01-03T22:17:00,2026-01-03,SETTLEMENT,R011,Settlement confirmation delayed,LOW,RESOLVED,TEAM_SYN_003,USER_SYN_003_A03,RESOLVED,SYN_RESOLVED,2026-01-04T00:17:00,2026-01-04T06:17:00,TRUE,FALSE
EXC_SYN_0000803,PAY_SYN_0024179,CUST_SYN_000624,ACCT_SYN_000624,2025-11-18T00:07:00,2025-11-18,VALIDATION,R001,Payment instruction failed validation,MEDIUM,RESOLVED,TEAM_SYN_004,USER_SYN_004_A04,RESOLVED,SYN_RESOLVED,2025-11-18T03:07:00,2025-11-18T08:07:00,TRUE,TRUE
EXC_SYN_0000804,PAY_SYN_0024871,CUST_SYN_000728,ACCT_SYN_000728,2026-01-10T10:04:00,2026-01-10,LIQUIDITY,R002,Insufficient synthetic available funds,HIGH,OPEN,TEAM_SYN_005,USER_SYN_005_A01,UNRESOLVED,,,2026-01-10T14:04:00,TRUE,TRUE
EXC_SYN_0000805,PAY_SYN_0020564,CUST_SYN_000369,ACCT_SYN_000369,2026-02-02T12:48:00,2026-02-02,ROUTING,R003,Beneficiary routing information requires correction,MEDIUM,RESOLVED,TEAM_SYN_001,USER_SYN_001_A02,RESOLVED,SYN_RESOLVED,2026-02-02T22:43:00,2026-02-02T20:48:00,TRUE,TRUE
EXC_SYN_0000806,PAY_SYN_0019904,CUST_SYN_000449,ACCT_SYN_001449,2026-03-09T13:01:00,2026-03-09,CUTOFF,R004,Payment missed the processing cutoff,LOW,RESOLVED,TEAM_SYN_002,USER_SYN_002_A03,RESOLVED,SYN_RESOLVED,2026-03-09T16:01:00,2026-03-09T21:01:00,FALSE,FALSE
EXC_SYN_0000807,PAY_SYN_0016039,CUST_SYN_000944,ACCT_SYN_000944,2025-11-30T18:19:00,2025-11-30,SANCTIONS_SCREENING,R005,Synthetic screening review pending,HIGH,RESOLVED,TEAM_SYN_003,USER_SYN_003_A04,RESOLVED,SYN_RESOLVED,2025-11-30T19:19:00,2025-11-30T22:19:00,TRUE,TRUE
EXC_SYN_0000808,PAY_SYN_0011062,CUST_SYN_000295,ACCT_SYN_001295,2026-01-08T11:53:00,2026-01-08,DUPLICATE,R006,Potential duplicate payment instruction,HIGH,OPEN,TEAM_SYN_004,USER_SYN_004_A01,UNRESOLVED,,,2026-01-08T15:53:00,TRUE,TRUE
EXC_SYN_0000809,PAY_SYN_0015175,CUST_SYN_000476,ACCT_SYN_000476,2026-03-11T14:57:00,2026-03-11,SYSTEM,R007,Processing system unavailable,MEDIUM,RESOLVED,TEAM_SYN_005,USER_SYN_005_A02,RESOLVED,SYN_RESOLVED,2026-03-11T17:57:00,2026-03-11T22:57:00,TRUE,FALSE
EXC_SYN_0000810,PAY_SYN_0010157,CUST_SYN_000810,ACCT_SYN_000810,2026-01-06T17:44:00,2026-01-06,AUTHORIZATION,R008,Required payment authorization incomplete,HIGH,RESOLVED,TEAM_SYN_001,USER_SYN_001_A03,RESOLVED,SYN_RESOLVED,2026-01-06T18:44:00,2026-01-06T21:44:00,TRUE,TRUE
EXC_SYN_0000811,PAY_SYN_0012554,CUST_SYN_000999,ACCT_SYN_000999,2026-03-05T14:36:00,2026-03-05,BENEFICIARY,R009,Beneficiary details require review,MEDIUM,RESOLVED,TEAM_SYN_002,USER_SYN_002_A04,RESOLVED,SYN_RESOLVED,2026-03-05T16:36:00,2026-03-05T22:36:00,TRUE,TRUE
EXC_SYN_0000812,PAY_SYN_0008876,CUST_SYN_000413,ACCT_SYN_001413,2025-12-07T16:43:00,2025-12-07,CURRENCY,R010,Currency handling exception,MEDIUM,OPEN,TEAM_SYN_003,USER_SYN_003_A01,UNRESOLVED,,,2025-12-08T00:43:00,TRUE,TRUE
EXC_SYN_0000813,PAY_SYN_0001487,CUST_SYN_000020,ACCT_SYN_001020,2025-12-30T17:53:00,2025-12-30,SETTLEMENT,R011,Settlement confirmation delayed,LOW,RESOLVED,TEAM_SYN_004,USER_SYN_004_A02,RESOLVED,SYN_RESOLVED,2025-12-30T18:53:00,2025-12-31T01:53:00,FALSE,FALSE
EXC_SYN_0000814,PAY_SYN_0023068,CUST_SYN_000017,ACCT_SYN_000017,2025-12-07T18:53:00,2025-12-07,VALIDATION,R001,Payment instruction failed validation,MEDIUM,RESOLVED,TEAM_SYN_005,USER_SYN_005_A03,RESOLVED,SYN_RESOLVED,2025-12-07T20:53:00,2025-12-08T02:53:00,FALSE,TRUE
EXC_SYN_0000815,PAY_SYN_0014902,CUST_SYN_000875,ACCT_SYN_000875,2026-03-04T13:24:00,2026-03-04,LIQUIDITY,R002,Insufficient synthetic available funds,HIGH,RESOLVED,TEAM_SYN_001,USER_SYN_001_A04,RESOLVED,SYN_RESOLVED,2026-03-04T16:24:00,2026-03-04T17:24:00,TRUE,TRUE
EXC_SYN_0000816,PAY_SYN_0003796,CUST_SYN_000953,ACCT_SYN_000953,2026-01-05T17:55:00,2026-01-05,ROUTING,R003,Beneficiary routing information requires correction,MEDIUM,OPEN,TEAM_SYN_002,USER_SYN_002_A01,UNRESOLVED,,,2026-01-06T01:55:00,FALSE,TRUE
EXC_SYN_0000817,PAY_SYN_0001334,CUST_SYN_000359,ACCT_SYN_001359,2025-12-25T15:54:00,2025-12-25,CUTOFF,R004,Payment missed the processing cutoff,LOW,RESOLVED,TEAM_SYN_003,USER_SYN_003_A02,RESOLVED,SYN_RESOLVED,2025-12-25T17:54:00,2025-12-25T23:54:00,FALSE,FALSE
EXC_SYN_0000818,PAY_SYN_0012447,CUST_SYN_000040,ACCT_SYN_000040,2026-03-15T18:38:00,2026-03-15,SANCTIONS_SCREENING,R005,Synthetic screening review pending,HIGH,RESOLVED,TEAM_SYN_004,USER_SYN_004_A03,RESOLVED,SYN_RESOLVED,2026-03-15T21:38:00,2026-03-15T22:38:00,FALSE,TRUE
EXC_SYN_0000819,PAY_SYN_0009410,CUST_SYN_000171,ACCT_SYN_000171,2026-01-16T12:32:00,2026-01-16,DUPLICATE,R006,Potential duplicate payment instruction,HIGH,RESOLVED,TEAM_SYN_005,USER_SYN_005_A04,RESOLVED,SYN_RESOLVED,2026-01-16T18:41:00,2026-01-16T16:32:00,FALSE,TRUE
EXC_SYN_0000820,PAY_SYN_0002784,CUST_SYN_000009,ACCT_SYN_001009,2026-02-25T16:43:00,2026-02-25,SYSTEM,R007,Processing system unavailable,MEDIUM,OPEN,TEAM_SYN_001,USER_SYN_001_A01,UNRESOLVED,,,2026-02-26T00:43:00,TRUE,FALSE
EXC_SYN_0000821,PAY_SYN_0009004,CUST_SYN_000149,ACCT_SYN_000149,2026-03-12T16:36:00,2026-03-12,AUTHORIZATION,R008,Required payment authorization incomplete,HIGH,RESOLVED,TEAM_SYN_002,USER_SYN_002_A02,RESOLVED,SYN_RESOLVED,2026-03-12T19:36:00,2026-03-12T20:36:00,TRUE,TRUE
EXC_SYN_0000822,PAY_SYN_0015921,CUST_SYN_000078,ACCT_SYN_001078,2025-11-28T13:48:00,2025-11-28,BENEFICIARY,R009,Beneficiary details require review,MEDIUM,RESOLVED,TEAM_SYN_003,USER_SYN_003_A03,RESOLVED,SYN_RESOLVED,2025-11-28T14:48:00,2025-11-28T21:48:00,TRUE,TRUE
EXC_SYN_0000823,PAY_SYN_0019135,CUST_SYN_000496,ACCT_SYN_001496,2026-02-01T17:59:00,2026-02-01,CURRENCY,R010,Currency handling exception,MEDIUM,RESOLVED,TEAM_SYN_004,USER_SYN_004_A04,RESOLVED,SYN_RESOLVED,2026-02-01T19:59:00,2026-02-02T01:59:00,TRUE,TRUE
EXC_SYN_0000824,PAY_SYN_0014610,CUST_SYN_000571,ACCT_SYN_000571,2025-12-03T13:17:00,2025-12-03,SETTLEMENT,R011,Settlement confirmation delayed,LOW,OPEN,TEAM_SYN_005,USER_SYN_005_A01,UNRESOLVED,,,2025-12-03T21:17:00,TRUE,FALSE
EXC_SYN_0000825,PAY_SYN_0010144,CUST_SYN_000329,ACCT_SYN_000329,2025-12-24T17:28:00,2025-12-24,VALIDATION,R001,Payment instruction failed validation,MEDIUM,RESOLVED,TEAM_SYN_001,USER_SYN_001_A02,RESOLVED,SYN_RESOLVED,2025-12-24T18:28:00,2025-12-25T01:28:00,TRUE,TRUE
EXC_SYN_0000826,PAY_SYN_0001804,CUST_SYN_000749,ACCT_SYN_000749,2025-12-30T17:41:00,2025-12-30,LIQUIDITY,R002,Insufficient synthetic available funds,HIGH,RESOLVED,TEAM_SYN_002,USER_SYN_002_A03,RESOLVED,SYN_RESOLVED,2025-12-30T23:57:00,2025-12-30T21:41:00,TRUE,TRUE
EXC_SYN_0000827,PAY_SYN_0015315,CUST_SYN_000156,ACCT_SYN_001156,2026-01-07T19:11:00,2026-01-07,ROUTING,R003,Beneficiary routing information requires correction,MEDIUM,RESOLVED,TEAM_SYN_003,USER_SYN_003_A04,RESOLVED,SYN_RESOLVED,2026-01-07T22:11:00,2026-01-08T03:11:00,TRUE,TRUE
EXC_SYN_0000828,PAY_SYN_0005246,CUST_SYN_000603,ACCT_SYN_000603,2026-02-05T19:41:00,2026-02-05,CUTOFF,R004,Payment missed the processing cutoff,LOW,OPEN,TEAM_SYN_004,USER_SYN_004_A01,UNRESOLVED,,,2026-02-06T03:41:00,TRUE,FALSE
EXC_SYN_0000829,PAY_SYN_0010297,CUST_SYN_000490,ACCT_SYN_001490,2026-03-12T21:11:00,2026-03-12,SYSTEM,R007,Processing system unavailable,MEDIUM,RESOLVED,TEAM_SYN_005,USER_SYN_005_A02,RESOLVED,SYN_RESOLVED,2026-03-12T23:11:00,2026-03-13T05:11:00,TRUE,FALSE
EXC_SYN_0000830,PAY_SYN_0020955,CUST_SYN_000336,ACCT_SYN_001336,2026-01-07T19:50:00,2026-01-07,DUPLICATE,R006,Potential duplicate payment instruction,HIGH,RESOLVED,TEAM_SYN_001,USER_SYN_001_A03,RESOLVED,SYN_RESOLVED,2026-01-07T22:50:00,2026-01-07T23:50:00,TRUE,TRUE
EXC_SYN_0000831,PAY_SYN_0006161,CUST_SYN_000458,ACCT_SYN_001458,2026-01-21T10:05:00,2026-01-21,SYSTEM,R007,Processing system unavailable,MEDIUM,RESOLVED,TEAM_SYN_002,USER_SYN_002_A04,RESOLVED,SYN_RESOLVED,2026-01-21T11:05:00,2026-01-21T18:05:00,FALSE,FALSE
EXC_SYN_0000832,PAY_SYN_0017737,CUST_SYN_000770,ACCT_SYN_000770,2025-11-30T15:50:00,2025-11-30,AUTHORIZATION,R008,Required payment authorization incomplete,HIGH,OPEN,TEAM_SYN_003,USER_SYN_003_A01,UNRESOLVED,,,2025-11-30T19:50:00,FALSE,TRUE
EXC_SYN_0000833,PAY_SYN_0014499,CUST_SYN_000964,ACCT_SYN_000964,2026-01-02T18:17:00,2026-01-02,BENEFICIARY,R009,Beneficiary details require review,MEDIUM,RESOLVED,TEAM_SYN_004,USER_SYN_004_A02,RESOLVED,SYN_RESOLVED,2026-01-03T04:40:00,2026-01-03T02:17:00,FALSE,TRUE
EXC_SYN_0000834,PAY_SYN_0011566,CUST_SYN_000443,ACCT_SYN_000443,2026-01-04T15:19:00,2026-01-04,CURRENCY,R010,Currency handling exception,MEDIUM,RESOLVED,TEAM_SYN_005,USER_SYN_005_A03,RESOLVED,SYN_RESOLVED,2026-01-04T16:19:00,2026-01-04T23:19:00,FALSE,TRUE
EXC_SYN_0000835,PAY_SYN_0023712,CUST_SYN_000345,ACCT_SYN_001345,2026-02-10T11:34:00,2026-02-10,SETTLEMENT,R011,Settlement confirmation delayed,LOW,RESOLVED,TEAM_SYN_001,USER_SYN_001_A04,RESOLVED,SYN_RESOLVED,2026-02-10T13:34:00,2026-02-10T19:34:00,TRUE,FALSE
EXC_SYN_0000836,PAY_SYN_0003937,CUST_SYN_000170,ACCT_SYN_000170,2026-02-17T16:42:00,2026-02-17,VALIDATION,R001,Payment instruction failed validation,MEDIUM,OPEN,TEAM_SYN_002,USER_SYN_002_A01,UNRESOLVED,,,2026-02-18T00:42:00,TRUE,TRUE
EXC_SYN_0000837,PAY_SYN_0019474,CUST_SYN_000539,ACCT_SYN_000539,2026-01-08T14:34:00,2026-01-08,LIQUIDITY,R002,Insufficient synthetic available funds,HIGH,RESOLVED,TEAM_SYN_003,USER_SYN_003_A02,RESOLVED,SYN_RESOLVED,2026-01-08T15:34:00,2026-01-08T18:34:00,TRUE,TRUE
EXC_SYN_0000838,PAY_SYN_0022653,CUST_SYN_000162,ACCT_SYN_001162,2026-02-07T13:40:00,2026-02-07,ROUTING,R003,Beneficiary routing information requires correction,MEDIUM,RESOLVED,TEAM_SYN_004,USER_SYN_004_A03,RESOLVED,SYN_RESOLVED,2026-02-07T15:40:00,2026-02-07T21:40:00,TRUE,TRUE
EXC_SYN_0000839,PAY_SYN_0016979,CUST_SYN_000224,ACCT_SYN_001224,2025-12-01T19:55:00,2025-12-01,CUTOFF,R004,Payment missed the processing cutoff,LOW,RESOLVED,TEAM_SYN_005,USER_SYN_005_A04,RESOLVED,SYN_RESOLVED,2025-12-01T22:55:00,2025-12-02T03:55:00,TRUE,FALSE
EXC_SYN_0000840,PAY_SYN_0013139,CUST_SYN_000144,ACCT_SYN_000144,2026-03-02T20:08:00,2026-03-02,SANCTIONS_SCREENING,R005,Synthetic screening review pending,HIGH,OPEN,TEAM_SYN_001,USER_SYN_001_A01,UNRESOLVED,,,2026-03-03T00:08:00,FALSE,TRUE
EXC_SYN_0000841,PAY_SYN_0021921,CUST_SYN_000078,ACCT_SYN_001078,2026-02-02T11:55:00,2026-02-02,DUPLICATE,R006,Potential duplicate payment instruction,HIGH,RESOLVED,TEAM_SYN_002,USER_SYN_002_A02,RESOLVED,SYN_RESOLVED,2026-02-02T13:55:00,2026-02-02T15:55:00,FALSE,TRUE
EXC_SYN_0000842,PAY_SYN_0007330,CUST_SYN_000211,ACCT_SYN_001211,2025-11-28T10:51:00,2025-11-28,SYSTEM,R007,Processing system unavailable,MEDIUM,RESOLVED,TEAM_SYN_003,USER_SYN_003_A03,RESOLVED,SYN_RESOLVED,2025-11-28T13:51:00,2025-11-28T18:51:00,TRUE,FALSE
EXC_SYN_0000843,PAY_SYN_0024718,CUST_SYN_000067,ACCT_SYN_001067,2025-11-25T19:40:00,2025-11-25,AUTHORIZATION,R008,Required payment authorization incomplete,HIGH,RESOLVED,TEAM_SYN_004,USER_SYN_004_A04,RESOLVED,SYN_RESOLVED,2025-11-25T20:40:00,2025-11-25T23:40:00,FALSE,TRUE
EXC_SYN_0000844,PAY_SYN_0002763,CUST_SYN_000232,ACCT_SYN_000232,2026-01-29T14:28:00,2026-01-29,BENEFICIARY,R009,Beneficiary details require review,MEDIUM,OPEN,TEAM_SYN_005,USER_SYN_005_A01,UNRESOLVED,,,2026-01-29T22:28:00,TRUE,TRUE
EXC_SYN_0000845,PAY_SYN_0016824,CUST_SYN_000489,ACCT_SYN_001489,2025-11-23T16:08:00,2025-11-23,CURRENCY,R010,Currency handling exception,MEDIUM,RESOLVED,TEAM_SYN_001,USER_SYN_001_A02,RESOLVED,SYN_RESOLVED,2025-11-23T19:08:00,2025-11-24T00:08:00,TRUE,TRUE
EXC_SYN_0000846,PAY_SYN_0020577,CUST_SYN_000850,ACCT_SYN_000850,2025-11-26T19:12:00,2025-11-26,SETTLEMENT,R011,Settlement confirmation delayed,LOW,RESOLVED,TEAM_SYN_002,USER_SYN_002_A03,RESOLVED,SYN_RESOLVED,2025-11-26T20:12:00,2025-11-27T03:12:00,TRUE,FALSE
EXC_SYN_0000847,PAY_SYN_0016588,CUST_SYN_000257,ACCT_SYN_000257,2026-01-11T20:02:00,2026-01-11,VALIDATION,R001,Payment instruction failed validation,MEDIUM,RESOLVED,TEAM_SYN_003,USER_SYN_003_A04,RESOLVED,SYN_RESOLVED,2026-01-12T06:39:00,2026-01-12T04:02:00,TRUE,TRUE
EXC_SYN_0000848,PAY_SYN_0019328,CUST_SYN_000137,ACCT_SYN_001137,2026-03-15T20:55:00,2026-03-15,LIQUIDITY,R002,Insufficient synthetic available funds,HIGH,OPEN,TEAM_SYN_004,USER_SYN_004_A01,UNRESOLVED,,,2026-03-16T00:55:00,TRUE,TRUE
EXC_SYN_0000849,PAY_SYN_0010498,CUST_SYN_000427,ACCT_SYN_001427,2026-02-07T20:58:00,2026-02-07,ROUTING,R003,Beneficiary routing information requires correction,MEDIUM,RESOLVED,TEAM_SYN_005,USER_SYN_005_A02,RESOLVED,SYN_RESOLVED,2026-02-07T21:58:00,2026-02-08T04:58:00,TRUE,TRUE
EXC_SYN_0000850,PAY_SYN_0009306,CUST_SYN_000823,ACCT_SYN_000823,2026-03-13T19:07:00,2026-03-13,CUTOFF,R004,Payment missed the processing cutoff,LOW,RESOLVED,TEAM_SYN_001,USER_SYN_001_A03,RESOLVED,SYN_RESOLVED,2026-03-13T21:07:00,2026-03-14T03:07:00,TRUE,FALSE
EXC_SYN_0000851,PAY_SYN_0016084,CUST_SYN_000109,ACCT_SYN_001109,2026-02-11T17:06:00,2026-02-11,SANCTIONS_SCREENING,R005,Synthetic screening review pending,HIGH,RESOLVED,TEAM_SYN_002,USER_SYN_002_A04,RESOLVED,SYN_RESOLVED,2026-02-11T20:06:00,2026-02-11T21:06:00,FALSE,TRUE
EXC_SYN_0000852,PAY_SYN_0022711,CUST_SYN_000308,ACCT_SYN_000308,2026-01-14T14:28:00,2026-01-14,DUPLICATE,R006,Potential duplicate payment instruction,HIGH,OPEN,TEAM_SYN_003,USER_SYN_003_A01,UNRESOLVED,,,2026-01-14T18:28:00,FALSE,TRUE
EXC_SYN_0000853,PAY_SYN_0004417,CUST_SYN_000430,ACCT_SYN_001430,2026-01-26T20:23:00,2026-01-26,SYSTEM,R007,Processing system unavailable,MEDIUM,RESOLVED,TEAM_SYN_004,USER_SYN_004_A02,RESOLVED,SYN_RESOLVED,2026-01-26T22:23:00,2026-01-27T04:23:00,FALSE,FALSE
EXC_SYN_0000854,PAY_SYN_0006113,CUST_SYN_000182,ACCT_SYN_001182,2026-01-18T16:28:00,2026-01-18,AUTHORIZATION,R008,Required payment authorization incomplete,HIGH,RESOLVED,TEAM_SYN_005,USER_SYN_005_A03,RESOLVED,SYN_RESOLVED,2026-01-18T23:12:00,2026-01-18T20:28:00,FALSE,TRUE
EXC_SYN_0000855,PAY_SYN_0009266,CUST_SYN_000843,ACCT_SYN_000843,2026-02-22T19:32:00,2026-02-22,BENEFICIARY,R009,Beneficiary details require review,MEDIUM,RESOLVED,TEAM_SYN_001,USER_SYN_001_A04,RESOLVED,SYN_RESOLVED,2026-02-22T20:32:00,2026-02-23T03:32:00,TRUE,TRUE
EXC_SYN_0000856,PAY_SYN_0007064,CUST_SYN_000369,ACCT_SYN_000369,2026-02-12T17:51:00,2026-02-12,CURRENCY,R010,Currency handling exception,MEDIUM,OPEN,TEAM_SYN_002,USER_SYN_002_A01,UNRESOLVED,,,2026-02-13T01:51:00,TRUE,TRUE
EXC_SYN_0000857,PAY_SYN_0000946,CUST_SYN_000503,ACCT_SYN_000503,2025-11-24T20:18:00,2025-11-24,SETTLEMENT,R011,Settlement confirmation delayed,LOW,RESOLVED,TEAM_SYN_003,USER_SYN_003_A02,RESOLVED,SYN_RESOLVED,2025-11-24T23:18:00,2025-11-25T04:18:00,TRUE,FALSE
EXC_SYN_0000858,PAY_SYN_0019679,CUST_SYN_000624,ACCT_SYN_000624,2026-01-11T00:02:00,2026-01-11,VALIDATION,R001,Payment instruction failed validation,MEDIUM,RESOLVED,TEAM_SYN_004,USER_SYN_004_A03,RESOLVED,SYN_RESOLVED,2026-01-11T01:02:00,2026-01-11T08:02:00,TRUE,TRUE
EXC_SYN_0000859,PAY_SYN_0003173,CUST_SYN_000402,ACCT_SYN_000402,2025-12-19T11:33:00,2025-12-19,LIQUIDITY,R002,Insufficient synthetic available funds,HIGH,RESOLVED,TEAM_SYN_005,USER_SYN_005_A04,RESOLVED,SYN_RESOLVED,2025-12-19T13:33:00,2025-12-19T15:33:00,FALSE,TRUE
EXC_SYN_0000860,PAY_SYN_0007649,CUST_SYN_000014,ACCT_SYN_001014,2026-01-14T17:58:00,2026-01-14,ROUTING,R003,Beneficiary routing information requires correction,MEDIUM,OPEN,TEAM_SYN_001,USER_SYN_001_A01,UNRESOLVED,,,2026-01-15T01:58:00,FALSE,TRUE
EXC_SYN_0000861,PAY_SYN_0007998,CUST_SYN_000427,ACCT_SYN_000427,2026-01-28T16:54:00,2026-01-28,CUTOFF,R004,Payment missed the processing cutoff,LOW,RESOLVED,TEAM_SYN_002,USER_SYN_002_A02,RESOLVED,SYN_RESOLVED,2026-01-29T03:45:00,2026-01-29T00:54:00,FALSE,FALSE
EXC_SYN_0000862,PAY_SYN_0018452,CUST_SYN_000225,ACCT_SYN_000225,2025-11-24T11:45:00,2025-11-24,SANCTIONS_SCREENING,R005,Synthetic screening review pending,HIGH,RESOLVED,TEAM_SYN_003,USER_SYN_003_A03,RESOLVED,SYN_RESOLVED,2025-11-24T13:45:00,2025-11-24T15:45:00,TRUE,TRUE
EXC_SYN_0000863,PAY_SYN_0014503,CUST_SYN_000112,ACCT_SYN_001112,2026-01-15T12:15:00,2026-01-15,DUPLICATE,R006,Potential duplicate payment instruction,HIGH,RESOLVED,TEAM_SYN_004,USER_SYN_004_A04,RESOLVED,SYN_RESOLVED,2026-01-15T15:15:00,2026-01-15T16:15:00,FALSE,TRUE
EXC_SYN_0000864,PAY_SYN_0017995,CUST_SYN_000316,ACCT_SYN_001316,2025-11-25T14:52:00,2025-11-25,SYSTEM,R007,Processing system unavailable,MEDIUM,OPEN,TEAM_SYN_005,USER_SYN_005_A01,UNRESOLVED,,,2025-11-25T22:52:00,FALSE,FALSE
EXC_SYN_0000865,PAY_SYN_0002756,CUST_SYN_000473,ACCT_SYN_001473,2026-01-14T16:12:00,2026-01-14,AUTHORIZATION,R008,Required payment authorization incomplete,HIGH,RESOLVED,TEAM_SYN_001,USER_SYN_001_A02,RESOLVED,SYN_RESOLVED,2026-01-14T18:12:00,2026-01-14T20:12:00,FALSE,TRUE
EXC_SYN_0000866,PAY_SYN_0022842,CUST_SYN_000655,ACCT_SYN_000655,2026-01-11T12:47:00,2026-01-11,BENEFICIARY,R009,Beneficiary details require review,MEDIUM,RESOLVED,TEAM_SYN_002,USER_SYN_002_A03,RESOLVED,SYN_RESOLVED,2026-01-11T15:47:00,2026-01-11T20:47:00,FALSE,TRUE
EXC_SYN_0000867,PAY_SYN_0012317,CUST_SYN_000230,ACCT_SYN_001230,2026-03-03T18:05:00,2026-03-03,CURRENCY,R010,Currency handling exception,MEDIUM,RESOLVED,TEAM_SYN_003,USER_SYN_003_A04,RESOLVED,SYN_RESOLVED,2026-03-03T19:05:00,2026-03-04T02:05:00,FALSE,TRUE
EXC_SYN_0000868,PAY_SYN_0003395,CUST_SYN_000116,ACCT_SYN_001116,2025-12-08T15:24:00,2025-12-08,SETTLEMENT,R011,Settlement confirmation delayed,LOW,OPEN,TEAM_SYN_004,USER_SYN_004_A01,UNRESOLVED,,,2025-12-08T23:24:00,TRUE,FALSE
EXC_SYN_0000869,PAY_SYN_0001031,CUST_SYN_000648,ACCT_SYN_000648,2025-12-06T11:49:00,2025-12-06,VALIDATION,R001,Payment instruction failed validation,MEDIUM,RESOLVED,TEAM_SYN_005,USER_SYN_005_A02,RESOLVED,SYN_RESOLVED,2025-12-06T14:49:00,2025-12-06T19:49:00,FALSE,TRUE
EXC_SYN_0000870,PAY_SYN_0019291,CUST_SYN_000268,ACCT_SYN_001268,2026-02-07T12:22:00,2026-02-07,LIQUIDITY,R002,Insufficient synthetic available funds,HIGH,RESOLVED,TEAM_SYN_001,USER_SYN_001_A03,RESOLVED,SYN_RESOLVED,2026-02-07T13:22:00,2026-02-07T16:22:00,TRUE,TRUE
EXC_SYN_0000871,PAY_SYN_0023293,CUST_SYN_000842,ACCT_SYN_000842,2026-01-22T14:29:00,2026-01-22,ROUTING,R003,Beneficiary routing information requires correction,MEDIUM,RESOLVED,TEAM_SYN_002,USER_SYN_002_A04,RESOLVED,SYN_RESOLVED,2026-01-22T16:29:00,2026-01-22T22:29:00,TRUE,TRUE
EXC_SYN_0000872,PAY_SYN_0001654,CUST_SYN_000199,ACCT_SYN_001199,2026-01-14T16:09:00,2026-01-14,CUTOFF,R004,Payment missed the processing cutoff,LOW,OPEN,TEAM_SYN_003,USER_SYN_003_A01,UNRESOLVED,,,2026-01-15T00:09:00,TRUE,FALSE
EXC_SYN_0000873,PAY_SYN_0004446,CUST_SYN_000003,ACCT_SYN_001003,2026-01-29T18:06:00,2026-01-29,SANCTIONS_SCREENING,R005,Synthetic screening review pending,HIGH,RESOLVED,TEAM_SYN_004,USER_SYN_004_A02,RESOLVED,SYN_RESOLVED,2026-01-29T19:06:00,2026-01-29T22:06:00,FALSE,TRUE
EXC_SYN_0000874,PAY_SYN_0002844,CUST_SYN_000229,ACCT_SYN_000229,2026-03-08T16:25:00,2026-03-08,DUPLICATE,R006,Potential duplicate payment instruction,HIGH,RESOLVED,TEAM_SYN_005,USER_SYN_005_A03,RESOLVED,SYN_RESOLVED,2026-03-08T18:25:00,2026-03-08T20:25:00,TRUE,TRUE
EXC_SYN_0000875,PAY_SYN_0012501,CUST_SYN_000538,ACCT_SYN_000538,2026-01-11T13:17:00,2026-01-11,SYSTEM,R007,Processing system unavailable,MEDIUM,RESOLVED,TEAM_SYN_001,USER_SYN_001_A04,RESOLVED,SYN_RESOLVED,2026-01-12T00:22:00,2026-01-11T21:17:00,FALSE,FALSE
EXC_SYN_0000876,PAY_SYN_0023028,CUST_SYN_000037,ACCT_SYN_000037,2026-02-14T20:39:00,2026-02-14,AUTHORIZATION,R008,Required payment authorization incomplete,HIGH,OPEN,TEAM_SYN_002,USER_SYN_002_A01,UNRESOLVED,,,2026-02-15T00:39:00,FALSE,TRUE
EXC_SYN_0000877,PAY_SYN_0000917,CUST_SYN_000930,ACCT_SYN_000930,2025-12-14T20:15:00,2025-12-14,BENEFICIARY,R009,Beneficiary details require review,MEDIUM,RESOLVED,TEAM_SYN_003,USER_SYN_003_A02,RESOLVED,SYN_RESOLVED,2025-12-14T22:15:00,2025-12-15T04:15:00,FALSE,TRUE
EXC_SYN_0000878,PAY_SYN_0009852,CUST_SYN_000025,ACCT_SYN_000025,2026-01-24T14:53:00,2026-01-24,CURRENCY,R010,Currency handling exception,MEDIUM,RESOLVED,TEAM_SYN_004,USER_SYN_004_A03,RESOLVED,SYN_RESOLVED,2026-01-24T17:53:00,2026-01-24T22:53:00,FALSE,TRUE
EXC_SYN_0000879,PAY_SYN_0020128,CUST_SYN_000737,ACCT_SYN_000737,2026-01-03T20:58:00,2026-01-03,SETTLEMENT,R011,Settlement confirmation delayed,LOW,RESOLVED,TEAM_SYN_005,USER_SYN_005_A04,RESOLVED,SYN_RESOLVED,2026-01-03T21:58:00,2026-01-04T04:58:00,TRUE,FALSE
EXC_SYN_0000880,PAY_SYN_0002011,CUST_SYN_000908,ACCT_SYN_000908,2025-12-10T14:32:00,2025-12-10,VALIDATION,R001,Payment instruction failed validation,MEDIUM,OPEN,TEAM_SYN_001,USER_SYN_001_A01,UNRESOLVED,,,2025-12-10T22:32:00,TRUE,TRUE
EXC_SYN_0000881,PAY_SYN_0008214,CUST_SYN_000919,ACCT_SYN_000919,2026-01-30T17:26:00,2026-01-30,LIQUIDITY,R002,Insufficient synthetic available funds,HIGH,RESOLVED,TEAM_SYN_002,USER_SYN_002_A02,RESOLVED,SYN_RESOLVED,2026-01-30T20:26:00,2026-01-30T21:26:00,TRUE,TRUE
EXC_SYN_0000882,PAY_SYN_0012773,CUST_SYN_000102,ACCT_SYN_000102,2026-02-18T16:32:00,2026-02-18,ROUTING,R003,Beneficiary routing information requires correction,MEDIUM,RESOLVED,TEAM_SYN_003,USER_SYN_003_A03,RESOLVED,SYN_RESOLVED,2026-02-19T03:44:00,2026-02-19T00:32:00,FALSE,TRUE
EXC_SYN_0000883,PAY_SYN_0013552,CUST_SYN_000425,ACCT_SYN_000425,2026-03-09T15:38:00,2026-03-09,CUTOFF,R004,Payment missed the processing cutoff,LOW,RESOLVED,TEAM_SYN_004,USER_SYN_004_A04,RESOLVED,SYN_RESOLVED,2026-03-09T17:38:00,2026-03-09T23:38:00,FALSE,FALSE
EXC_SYN_0000884,PAY_SYN_0017623,CUST_SYN_000052,ACCT_SYN_001052,2026-02-09T16:48:00,2026-02-09,SANCTIONS_SCREENING,R005,Synthetic screening review pending,HIGH,OPEN,TEAM_SYN_005,USER_SYN_005_A01,UNRESOLVED,,,2026-02-09T20:48:00,FALSE,TRUE
EXC_SYN_0000885,PAY_SYN_0020289,CUST_SYN_000694,ACCT_SYN_000694,2026-03-07T23:03:00,2026-03-07,DUPLICATE,R006,Potential duplicate payment instruction,HIGH,RESOLVED,TEAM_SYN_001,USER_SYN_001_A02,RESOLVED,SYN_RESOLVED,2026-03-08T00:03:00,2026-03-08T03:03:00,FALSE,TRUE
EXC_SYN_0000886,PAY_SYN_0013440,CUST_SYN_000781,ACCT_SYN_000781,2026-01-25T14:13:00,2026-01-25,SYSTEM,R007,Processing system unavailable,MEDIUM,RESOLVED,TEAM_SYN_002,USER_SYN_002_A03,RESOLVED,SYN_RESOLVED,2026-01-25T16:13:00,2026-01-25T22:13:00,FALSE,FALSE
EXC_SYN_0000887,PAY_SYN_0012481,CUST_SYN_000298,ACCT_SYN_001298,2026-01-16T09:33:00,2026-01-16,AUTHORIZATION,R008,Required payment authorization incomplete,HIGH,RESOLVED,TEAM_SYN_003,USER_SYN_003_A04,RESOLVED,SYN_RESOLVED,2026-01-16T12:33:00,2026-01-16T13:33:00,TRUE,TRUE
EXC_SYN_0000888,PAY_SYN_0003063,CUST_SYN_000832,ACCT_SYN_000832,2025-12-26T12:00:00,2025-12-26,BENEFICIARY,R009,Beneficiary details require review,MEDIUM,OPEN,TEAM_SYN_004,USER_SYN_004_A01,UNRESOLVED,,,2025-12-26T20:00:00,FALSE,TRUE
EXC_SYN_0000889,PAY_SYN_0002424,CUST_SYN_000189,ACCT_SYN_001189,2026-02-15T13:40:00,2026-02-15,CURRENCY,R010,Currency handling exception,MEDIUM,RESOLVED,TEAM_SYN_005,USER_SYN_005_A02,RESOLVED,SYN_RESOLVED,2026-02-16T00:59:00,2026-02-15T21:40:00,TRUE,TRUE
EXC_SYN_0000890,PAY_SYN_0009533,CUST_SYN_000222,ACCT_SYN_000222,2025-12-30T12:16:00,2025-12-30,SETTLEMENT,R011,Settlement confirmation delayed,LOW,RESOLVED,TEAM_SYN_001,USER_SYN_001_A03,RESOLVED,SYN_RESOLVED,2025-12-30T15:16:00,2025-12-30T20:16:00,FALSE,FALSE
EXC_SYN_0000891,PAY_SYN_0022981,CUST_SYN_000298,ACCT_SYN_001298,2025-11-30T10:25:00,2025-11-30,VALIDATION,R001,Payment instruction failed validation,MEDIUM,RESOLVED,TEAM_SYN_002,USER_SYN_002_A04,RESOLVED,SYN_RESOLVED,2025-11-30T11:25:00,2025-11-30T18:25:00,FALSE,TRUE
EXC_SYN_0000892,PAY_SYN_0005003,CUST_SYN_000612,ACCT_SYN_000612,2025-12-17T13:12:00,2025-12-17,LIQUIDITY,R002,Insufficient synthetic available funds,HIGH,OPEN,TEAM_SYN_003,USER_SYN_003_A01,UNRESOLVED,,,2025-12-17T17:12:00,TRUE,TRUE
EXC_SYN_0000893,PAY_SYN_0018579,CUST_SYN_000424,ACCT_SYN_000424,2026-02-06T19:17:00,2026-02-06,ROUTING,R003,Beneficiary routing information requires correction,MEDIUM,RESOLVED,TEAM_SYN_004,USER_SYN_004_A02,RESOLVED,SYN_RESOLVED,2026-02-06T22:17:00,2026-02-07T03:17:00,FALSE,TRUE
EXC_SYN_0000894,PAY_SYN_0005041,CUST_SYN_000518,ACCT_SYN_000518,2026-03-13T11:04:00,2026-03-13,LIQUIDITY,R002,Insufficient synthetic available funds,HIGH,RESOLVED,TEAM_SYN_005,USER_SYN_005_A03,RESOLVED,SYN_RESOLVED,2026-03-13T12:04:00,2026-03-13T15:04:00,TRUE,TRUE
EXC_SYN_0000895,PAY_SYN_0008943,CUST_SYN_000892,ACCT_SYN_000892,2026-02-18T13:31:00,2026-02-18,SANCTIONS_SCREENING,R005,Synthetic screening review pending,HIGH,RESOLVED,TEAM_SYN_001,USER_SYN_001_A04,RESOLVED,SYN_RESOLVED,2026-02-18T15:31:00,2026-02-18T17:31:00,FALSE,TRUE
EXC_SYN_0000896,PAY_SYN_0017626,CUST_SYN_000163,ACCT_SYN_001163,2026-02-04T16:45:00,2026-02-04,DUPLICATE,R006,Potential duplicate payment instruction,HIGH,OPEN,TEAM_SYN_002,USER_SYN_002_A01,UNRESOLVED,,,2026-02-04T20:45:00,TRUE,TRUE
EXC_SYN_0000897,PAY_SYN_0013553,CUST_SYN_000462,ACCT_SYN_000462,2026-01-16T13:47:00,2026-01-16,SYSTEM,R007,Processing system unavailable,MEDIUM,RESOLVED,TEAM_SYN_003,USER_SYN_003_A02,RESOLVED,SYN_RESOLVED,2026-01-16T14:47:00,2026-01-16T21:47:00,FALSE,FALSE
EXC_SYN_0000898,PAY_SYN_0021673,CUST_SYN_000902,ACCT_SYN_000902,2026-02-26T14:20:00,2026-02-26,AUTHORIZATION,R008,Required payment authorization incomplete,HIGH,RESOLVED,TEAM_SYN_004,USER_SYN_004_A03,RESOLVED,SYN_RESOLVED,2026-02-26T16:20:00,2026-02-26T18:20:00,FALSE,TRUE
EXC_SYN_0000899,PAY_SYN_0023123,CUST_SYN_000552,ACCT_SYN_000552,2025-11-27T14:43:00,2025-11-27,BENEFICIARY,R009,Beneficiary details require review,MEDIUM,RESOLVED,TEAM_SYN_005,USER_SYN_005_A04,RESOLVED,SYN_RESOLVED,2025-11-27T17:43:00,2025-11-27T22:43:00,FALSE,TRUE
EXC_SYN_0000900,PAY_SYN_0014475,CUST_SYN_000076,ACCT_SYN_000076,2025-11-29T17:00:00,2025-11-29,CURRENCY,R010,Currency handling exception,MEDIUM,OPEN,TEAM_SYN_001,USER_SYN_001_A01,UNRESOLVED,,,2025-11-30T01:00:00,TRUE,TRUE
EXC_SYN_0000901,PAY_SYN_0010007,CUST_SYN_000260,ACCT_SYN_001260,2025-12-19T18:57:00,2025-12-19,SETTLEMENT,R011,Settlement confirmation delayed,LOW,RESOLVED,TEAM_SYN_002,USER_SYN_002_A02,RESOLVED,SYN_RESOLVED,2025-12-19T20:57:00,2025-12-20T02:57:00,FALSE,FALSE
EXC_SYN_0000902,PAY_SYN_0002943,CUST_SYN_000892,ACCT_SYN_000892,2025-11-26T15:02:00,2025-11-26,VALIDATION,R001,Payment instruction failed validation,MEDIUM,RESOLVED,TEAM_SYN_003,USER_SYN_003_A03,RESOLVED,SYN_RESOLVED,2025-11-26T18:02:00,2025-11-26T23:02:00,FALSE,TRUE
EXC_SYN_0000903,PAY_SYN_0002355,CUST_SYN_000136,ACCT_SYN_000136,2026-02-10T17:39:00,2026-02-10,LIQUIDITY,R002,Insufficient synthetic available funds,HIGH,RESOLVED,TEAM_SYN_004,USER_SYN_004_A04,RESOLVED,SYN_RESOLVED,2026-02-10T22:12:00,2026-02-10T21:39:00,FALSE,TRUE
EXC_SYN_0000904,PAY_SYN_0012064,CUST_SYN_000869,ACCT_SYN_000869,2026-01-30T16:35:00,2026-01-30,ROUTING,R003,Beneficiary routing information requires correction,MEDIUM,OPEN,TEAM_SYN_005,USER_SYN_005_A01,UNRESOLVED,,,2026-01-31T00:35:00,TRUE,TRUE
EXC_SYN_0000905,PAY_SYN_0011583,CUST_SYN_000072,ACCT_SYN_001072,2026-02-24T15:41:00,2026-02-24,CUTOFF,R004,Payment missed the processing cutoff,LOW,RESOLVED,TEAM_SYN_001,USER_SYN_001_A02,RESOLVED,SYN_RESOLVED,2026-02-24T18:41:00,2026-02-24T23:41:00,FALSE,FALSE
EXC_SYN_0000906,PAY_SYN_0002120,CUST_SYN_000441,ACCT_SYN_000441,2025-12-03T12:53:00,2025-12-03,SANCTIONS_SCREENING,R005,Synthetic screening review pending,HIGH,RESOLVED,TEAM_SYN_002,USER_SYN_002_A03,RESOLVED,SYN_RESOLVED,2025-12-03T13:53:00,2025-12-03T16:53:00,FALSE,TRUE
EXC_SYN_0000907,PAY_SYN_0019183,CUST_SYN_000272,ACCT_SYN_000272,2025-12-19T15:47:00,2025-12-19,DUPLICATE,R006,Potential duplicate payment instruction,HIGH,RESOLVED,TEAM_SYN_003,USER_SYN_003_A04,RESOLVED,SYN_RESOLVED,2025-12-19T17:47:00,2025-12-19T19:47:00,FALSE,TRUE
EXC_SYN_0000908,PAY_SYN_0021944,CUST_SYN_000429,ACCT_SYN_000429,2026-02-08T17:07:00,2026-02-08,SYSTEM,R007,Processing system unavailable,MEDIUM,OPEN,TEAM_SYN_004,USER_SYN_004_A01,UNRESOLVED,,,2026-02-09T01:07:00,TRUE,FALSE
EXC_SYN_0000909,PAY_SYN_0011453,CUST_SYN_000762,ACCT_SYN_000762,2026-01-23T16:23:00,2026-01-23,AUTHORIZATION,R008,Required payment authorization incomplete,HIGH,RESOLVED,TEAM_SYN_005,USER_SYN_005_A02,RESOLVED,SYN_RESOLVED,2026-01-23T17:23:00,2026-01-23T20:23:00,FALSE,TRUE
EXC_SYN_0000910,PAY_SYN_0023795,CUST_SYN_000416,ACCT_SYN_001416,2026-02-02T18:30:00,2026-02-02,BENEFICIARY,R009,Beneficiary details require review,MEDIUM,RESOLVED,TEAM_SYN_001,USER_SYN_001_A03,RESOLVED,SYN_RESOLVED,2026-02-03T03:10:00,2026-02-03T02:30:00,FALSE,TRUE
EXC_SYN_0000911,PAY_SYN_0015472,CUST_SYN_000965,ACCT_SYN_000965,2026-01-01T15:42:00,2026-01-01,CURRENCY,R010,Currency handling exception,MEDIUM,RESOLVED,TEAM_SYN_002,USER_SYN_002_A04,RESOLVED,SYN_RESOLVED,2026-01-01T18:42:00,2026-01-01T23:42:00,FALSE,TRUE
EXC_SYN_0000912,PAY_SYN_0022029,CUST_SYN_000574,ACCT_SYN_000574,2026-02-27T22:54:00,2026-02-27,SETTLEMENT,R011,Settlement confirmation delayed,LOW,OPEN,TEAM_SYN_003,USER_SYN_003_A01,UNRESOLVED,,,2026-02-28T06:54:00,TRUE,FALSE
EXC_SYN_0000913,PAY_SYN_0000423,CUST_SYN_000652,ACCT_SYN_000652,2025-12-15T17:25:00,2025-12-15,VALIDATION,R001,Payment instruction failed validation,MEDIUM,RESOLVED,TEAM_SYN_004,USER_SYN_004_A02,RESOLVED,SYN_RESOLVED,2025-12-15T19:25:00,2025-12-16T01:25:00,FALSE,TRUE
EXC_SYN_0000914,PAY_SYN_0008929,CUST_SYN_000374,ACCT_SYN_000374,2026-03-13T18:00:00,2026-03-13,LIQUIDITY,R002,Insufficient synthetic available funds,HIGH,RESOLVED,TEAM_SYN_005,USER_SYN_005_A03,RESOLVED,SYN_RESOLVED,2026-03-13T21:00:00,2026-03-13T22:00:00,TRUE,TRUE
EXC_SYN_0000915,PAY_SYN_0020034,CUST_SYN_000259,ACCT_SYN_000259,2026-01-16T12:48:00,2026-01-16,ROUTING,R003,Beneficiary routing information requires correction,MEDIUM,RESOLVED,TEAM_SYN_001,USER_SYN_001_A04,RESOLVED,SYN_RESOLVED,2026-01-16T13:48:00,2026-01-16T20:48:00,FALSE,TRUE
EXC_SYN_0000916,PAY_SYN_0004549,CUST_SYN_000314,ACCT_SYN_000314,2026-03-11T18:26:00,2026-03-11,LIQUIDITY,R002,Insufficient synthetic available funds,HIGH,OPEN,TEAM_SYN_002,USER_SYN_002_A01,UNRESOLVED,,,2026-03-11T22:26:00,TRUE,TRUE
EXC_SYN_0000917,PAY_SYN_0001603,CUST_SYN_000812,ACCT_SYN_000812,2025-12-15T11:57:00,2025-12-15,SANCTIONS_SCREENING,R005,Synthetic screening review pending,HIGH,RESOLVED,TEAM_SYN_003,USER_SYN_003_A02,RESOLVED,SYN_RESOLVED,2025-12-15T16:44:00,2025-12-15T15:57:00,TRUE,TRUE
EXC_SYN_0000918,PAY_SYN_0023250,CUST_SYN_000751,ACCT_SYN_000751,2026-01-03T09:39:00,2026-01-03,DUPLICATE,R006,Potential duplicate payment instruction,HIGH,RESOLVED,TEAM_SYN_004,USER_SYN_004_A03,RESOLVED,SYN_RESOLVED,2026-01-03T10:39:00,2026-01-03T13:39:00,FALSE,TRUE
EXC_SYN_0000919,PAY_SYN_0002404,CUST_SYN_000449,ACCT_SYN_000449,2025-11-26T13:50:00,2025-11-26,SYSTEM,R007,Processing system unavailable,MEDIUM,RESOLVED,TEAM_SYN_005,USER_SYN_005_A04,RESOLVED,SYN_RESOLVED,2025-11-26T15:50:00,2025-11-26T21:50:00,TRUE,FALSE
EXC_SYN_0000920,PAY_SYN_0024297,CUST_SYN_000490,ACCT_SYN_000490,2026-01-13T17:14:00,2026-01-13,AUTHORIZATION,R008,Required payment authorization incomplete,HIGH,OPEN,TEAM_SYN_001,USER_SYN_001_A01,UNRESOLVED,,,2026-01-13T21:14:00,FALSE,TRUE
EXC_SYN_0000921,PAY_SYN_0008999,CUST_SYN_000464,ACCT_SYN_001464,2026-01-18T19:41:00,2026-01-18,BENEFICIARY,R009,Beneficiary details require review,MEDIUM,RESOLVED,TEAM_SYN_002,USER_SYN_002_A02,RESOLVED,SYN_RESOLVED,2026-01-18T20:41:00,2026-01-19T03:41:00,TRUE,TRUE
EXC_SYN_0000922,PAY_SYN_0017448,CUST_SYN_000577,ACCT_SYN_000577,2025-11-29T18:37:00,2025-11-29,CURRENCY,R010,Currency handling exception,MEDIUM,RESOLVED,TEAM_SYN_003,USER_SYN_003_A03,RESOLVED,SYN_RESOLVED,2025-11-29T20:37:00,2025-11-30T02:37:00,TRUE,TRUE
EXC_SYN_0000923,PAY_SYN_0007345,CUST_SYN_000266,ACCT_SYN_000266,2026-02-04T16:09:00,2026-02-04,SETTLEMENT,R011,Settlement confirmation delayed,LOW,RESOLVED,TEAM_SYN_004,USER_SYN_004_A04,RESOLVED,SYN_RESOLVED,2026-02-04T19:09:00,2026-02-05T00:09:00,TRUE,FALSE
EXC_SYN_0000924,PAY_SYN_0011555,CUST_SYN_000036,ACCT_SYN_000036,2026-01-14T15:32:00,2026-01-14,VALIDATION,R001,Payment instruction failed validation,MEDIUM,OPEN,TEAM_SYN_005,USER_SYN_005_A01,UNRESOLVED,,,2026-01-14T23:32:00,TRUE,TRUE
EXC_SYN_0000925,PAY_SYN_0020579,CUST_SYN_000924,ACCT_SYN_000924,2026-01-25T20:33:00,2026-01-25,LIQUIDITY,R002,Insufficient synthetic available funds,HIGH,RESOLVED,TEAM_SYN_001,USER_SYN_001_A02,RESOLVED,SYN_RESOLVED,2026-01-25T22:33:00,2026-01-26T00:33:00,TRUE,TRUE
EXC_SYN_0000926,PAY_SYN_0005348,CUST_SYN_000377,ACCT_SYN_001377,2026-01-05T19:49:00,2026-01-05,ROUTING,R003,Beneficiary routing information requires correction,MEDIUM,RESOLVED,TEAM_SYN_002,USER_SYN_002_A03,RESOLVED,SYN_RESOLVED,2026-01-05T22:49:00,2026-01-06T03:49:00,FALSE,TRUE
EXC_SYN_0000927,PAY_SYN_0001614,CUST_SYN_000219,ACCT_SYN_001219,2026-03-11T15:24:00,2026-03-11,LIQUIDITY,R002,Insufficient synthetic available funds,HIGH,RESOLVED,TEAM_SYN_003,USER_SYN_003_A04,RESOLVED,SYN_RESOLVED,2026-03-11T16:24:00,2026-03-11T19:24:00,TRUE,TRUE
EXC_SYN_0000928,PAY_SYN_0000746,CUST_SYN_000603,ACCT_SYN_000603,2025-11-20T17:21:00,2025-11-20,SANCTIONS_SCREENING,R005,Synthetic screening review pending,HIGH,OPEN,TEAM_SYN_004,USER_SYN_004_A01,UNRESOLVED,,,2025-11-20T21:21:00,TRUE,TRUE
EXC_SYN_0000929,PAY_SYN_0015254,CUST_SYN_000399,ACCT_SYN_000399,2026-02-23T16:10:00,2026-02-23,DUPLICATE,R006,Potential duplicate payment instruction,HIGH,RESOLVED,TEAM_SYN_005,USER_SYN_005_A02,RESOLVED,SYN_RESOLVED,2026-02-23T19:10:00,2026-02-23T20:10:00,FALSE,TRUE
EXC_SYN_0000930,PAY_SYN_0021271,CUST_SYN_000028,ACCT_SYN_001028,2026-01-17T13:22:00,2026-01-17,SYSTEM,R007,Processing system unavailable,MEDIUM,RESOLVED,TEAM_SYN_001,USER_SYN_001_A03,RESOLVED,SYN_RESOLVED,2026-01-17T14:22:00,2026-01-17T21:22:00,FALSE,FALSE
EXC_SYN_0000931,PAY_SYN_0024604,CUST_SYN_000349,ACCT_SYN_001349,2026-01-26T16:26:00,2026-01-26,AUTHORIZATION,R008,Required payment authorization incomplete,HIGH,RESOLVED,TEAM_SYN_002,USER_SYN_002_A04,RESOLVED,SYN_RESOLVED,2026-01-26T21:27:00,2026-01-26T20:26:00,TRUE,TRUE
EXC_SYN_0000932,PAY_SYN_0015430,CUST_SYN_000911,ACCT_SYN_000911,2026-02-19T12:21:00,2026-02-19,BENEFICIARY,R009,Beneficiary details require review,MEDIUM,OPEN,TEAM_SYN_003,USER_SYN_003_A01,UNRESOLVED,,,2026-02-19T20:21:00,TRUE,TRUE
EXC_SYN_0000933,PAY_SYN_0006344,CUST_SYN_000729,ACCT_SYN_000729,2025-12-20T16:32:00,2025-12-20,CURRENCY,R010,Currency handling exception,MEDIUM,RESOLVED,TEAM_SYN_004,USER_SYN_004_A02,RESOLVED,SYN_RESOLVED,2025-12-20T17:32:00,2025-12-21T00:32:00,TRUE,TRUE
EXC_SYN_0000934,PAY_SYN_0017101,CUST_SYN_000238,ACCT_SYN_001238,2026-02-18T13:44:00,2026-02-18,SETTLEMENT,R011,Settlement confirmation delayed,LOW,RESOLVED,TEAM_SYN_005,USER_SYN_005_A03,RESOLVED,SYN_RESOLVED,2026-02-18T15:44:00,2026-02-18T21:44:00,TRUE,FALSE
EXC_SYN_0000935,PAY_SYN_0019020,CUST_SYN_000241,ACCT_SYN_000241,2026-03-11T12:50:00,2026-03-11,VALIDATION,R001,Payment instruction failed validation,MEDIUM,RESOLVED,TEAM_SYN_001,USER_SYN_001_A04,RESOLVED,SYN_RESOLVED,2026-03-11T15:50:00,2026-03-11T20:50:00,TRUE,TRUE
EXC_SYN_0000936,PAY_SYN_0004449,CUST_SYN_000114,ACCT_SYN_001114,2026-02-08T22:06:00,2026-02-08,LIQUIDITY,R002,Insufficient synthetic available funds,HIGH,OPEN,TEAM_SYN_002,USER_SYN_002_A01,UNRESOLVED,,,2026-02-09T02:06:00,FALSE,TRUE
EXC_SYN_0000937,PAY_SYN_0000781,CUST_SYN_000398,ACCT_SYN_000398,2026-02-23T14:23:00,2026-02-23,ROUTING,R003,Beneficiary routing information requires correction,MEDIUM,RESOLVED,TEAM_SYN_003,USER_SYN_003_A02,RESOLVED,SYN_RESOLVED,2026-02-23T16:23:00,2026-02-23T22:23:00,FALSE,TRUE
EXC_SYN_0000938,PAY_SYN_0015687,CUST_SYN_000420,ACCT_SYN_001420,2026-02-17T20:38:00,2026-02-17,CUTOFF,R004,Payment missed the processing cutoff,LOW,RESOLVED,TEAM_SYN_004,USER_SYN_004_A03,RESOLVED,SYN_RESOLVED,2026-02-18T05:46:00,2026-02-18T04:38:00,FALSE,FALSE
EXC_SYN_0000939,PAY_SYN_0001550,CUST_SYN_000351,ACCT_SYN_000351,2026-01-27T14:32:00,2026-01-27,SANCTIONS_SCREENING,R005,Synthetic screening review pending,HIGH,RESOLVED,TEAM_SYN_005,USER_SYN_005_A04,RESOLVED,SYN_RESOLVED,2026-01-27T15:32:00,2026-01-27T18:32:00,FALSE,TRUE
EXC_SYN_0000940,PAY_SYN_0014811,CUST_SYN_000508,ACCT_SYN_000508,2026-01-21T15:52:00,2026-01-21,DUPLICATE,R006,Potential duplicate payment instruction,HIGH,OPEN,TEAM_SYN_001,USER_SYN_001_A01,UNRESOLVED,,,2026-01-21T19:52:00,FALSE,TRUE
EXC_SYN_0000941,PAY_SYN_0001250,CUST_SYN_000251,ACCT_SYN_001251,2025-12-24T14:58:00,2025-12-24,SYSTEM,R007,Processing system unavailable,MEDIUM,RESOLVED,TEAM_SYN_002,USER_SYN_002_A02,RESOLVED,SYN_RESOLVED,2025-12-24T17:58:00,2025-12-24T22:58:00,TRUE,FALSE
EXC_SYN_0000942,PAY_SYN_0011511,CUST_SYN_000408,ACCT_SYN_001408,2026-03-11T10:18:00,2026-03-11,LIQUIDITY,R002,Insufficient synthetic available funds,HIGH,RESOLVED,TEAM_SYN_003,USER_SYN_003_A03,RESOLVED,SYN_RESOLVED,2026-03-11T11:18:00,2026-03-11T14:18:00,TRUE,TRUE
EXC_SYN_0000943,PAY_SYN_0010546,CUST_SYN_000203,ACCT_SYN_000203,2026-02-03T14:56:00,2026-02-03,BENEFICIARY,R009,Beneficiary details require review,MEDIUM,RESOLVED,TEAM_SYN_004,USER_SYN_004_A04,RESOLVED,SYN_RESOLVED,2026-02-03T16:56:00,2026-02-03T22:56:00,FALSE,TRUE
EXC_SYN_0000944,PAY_SYN_0008507,CUST_SYN_000260,ACCT_SYN_001260,2026-03-10T16:16:00,2026-03-10,CURRENCY,R010,Currency handling exception,MEDIUM,OPEN,TEAM_SYN_005,USER_SYN_005_A01,UNRESOLVED,,,2026-03-11T00:16:00,TRUE,TRUE
EXC_SYN_0000945,PAY_SYN_0022466,CUST_SYN_000243,ACCT_SYN_000243,2025-12-30T15:02:00,2025-12-30,SETTLEMENT,R011,Settlement confirmation delayed,LOW,RESOLVED,TEAM_SYN_001,USER_SYN_001_A02,RESOLVED,SYN_RESOLVED,2025-12-31T00:17:00,2025-12-30T23:02:00,FALSE,FALSE
EXC_SYN_0000946,PAY_SYN_0006475,CUST_SYN_000076,ACCT_SYN_001076,2026-03-12T14:38:00,2026-03-12,VALIDATION,R001,Payment instruction failed validation,MEDIUM,RESOLVED,TEAM_SYN_002,USER_SYN_002_A03,RESOLVED,SYN_RESOLVED,2026-03-12T16:38:00,2026-03-12T22:38:00,TRUE,TRUE
EXC_SYN_0000947,PAY_SYN_0004810,CUST_SYN_000971,ACCT_SYN_000971,2025-12-18T09:36:00,2025-12-18,LIQUIDITY,R002,Insufficient synthetic available funds,HIGH,RESOLVED,TEAM_SYN_003,USER_SYN_003_A04,RESOLVED,SYN_RESOLVED,2025-12-18T12:36:00,2025-12-18T13:36:00,TRUE,TRUE
EXC_SYN_0000948,PAY_SYN_0022250,CUST_SYN_000251,ACCT_SYN_001251,2026-03-04T10:29:00,2026-03-04,ROUTING,R003,Beneficiary routing information requires correction,MEDIUM,OPEN,TEAM_SYN_004,USER_SYN_004_A01,UNRESOLVED,,,2026-03-04T18:29:00,TRUE,TRUE
EXC_SYN_0000949,PAY_SYN_0021515,CUST_SYN_000056,ACCT_SYN_001056,2026-02-13T14:57:00,2026-02-13,CUTOFF,R004,Payment missed the processing cutoff,LOW,RESOLVED,TEAM_SYN_005,USER_SYN_005_A02,RESOLVED,SYN_RESOLVED,2026-02-13T16:57:00,2026-02-13T22:57:00,FALSE,FALSE
EXC_SYN_0000950,PAY_SYN_0002301,CUST_SYN_000138,ACCT_SYN_001138,2026-02-25T11:32:00,2026-02-25,SANCTIONS_SCREENING,R005,Synthetic screening review pending,HIGH,RESOLVED,TEAM_SYN_001,USER_SYN_001_A03,RESOLVED,SYN_RESOLVED,2026-02-25T14:32:00,2026-02-25T15:32:00,TRUE,TRUE
EXC_SYN_0000951,PAY_SYN_0000475,CUST_SYN_000076,ACCT_SYN_001076,2026-01-09T15:43:00,2026-01-09,DUPLICATE,R006,Potential duplicate payment instruction,HIGH,RESOLVED,TEAM_SYN_002,USER_SYN_002_A04,RESOLVED,SYN_RESOLVED,2026-01-09T16:43:00,2026-01-09T19:43:00,TRUE,TRUE
EXC_SYN_0000952,PAY_SYN_0009587,CUST_SYN_000720,ACCT_SYN_000720,2026-02-09T18:00:00,2026-02-09,SYSTEM,R007,Processing system unavailable,MEDIUM,OPEN,TEAM_SYN_003,USER_SYN_003_A01,UNRESOLVED,,,2026-02-10T02:00:00,TRUE,FALSE
EXC_SYN_0000953,PAY_SYN_0021626,CUST_SYN_000663,ACCT_SYN_000663,2026-01-16T16:46:00,2026-01-16,AUTHORIZATION,R008,Required payment authorization incomplete,HIGH,RESOLVED,TEAM_SYN_004,USER_SYN_004_A02,RESOLVED,SYN_RESOLVED,2026-01-16T19:46:00,2026-01-16T20:46:00,TRUE,TRUE
EXC_SYN_0000954,PAY_SYN_0021414,CUST_SYN_000319,ACCT_SYN_000319,2026-01-10T15:15:00,2026-01-10,BENEFICIARY,R009,Beneficiary details require review,MEDIUM,RESOLVED,TEAM_SYN_005,USER_SYN_005_A03,RESOLVED,SYN_RESOLVED,2026-01-10T16:15:00,2026-01-10T23:15:00,TRUE,TRUE
EXC_SYN_0000955,PAY_SYN_0022020,CUST_SYN_000241,ACCT_SYN_000241,2026-02-06T11:10:00,2026-02-06,CURRENCY,R010,Currency handling exception,MEDIUM,RESOLVED,TEAM_SYN_001,USER_SYN_001_A04,RESOLVED,SYN_RESOLVED,2026-02-06T13:10:00,2026-02-06T19:10:00,TRUE,TRUE
EXC_SYN_0000956,PAY_SYN_0002015,CUST_SYN_000056,ACCT_SYN_001056,2026-01-07T16:28:00,2026-01-07,SETTLEMENT,R011,Settlement confirmation delayed,LOW,OPEN,TEAM_SYN_002,USER_SYN_002_A01,UNRESOLVED,,,2026-01-08T00:28:00,TRUE,FALSE
EXC_SYN_0000957,PAY_SYN_0003683,CUST_SYN_000272,ACCT_SYN_001272,2026-02-09T15:17:00,2026-02-09,VALIDATION,R001,Payment instruction failed validation,MEDIUM,RESOLVED,TEAM_SYN_003,USER_SYN_003_A02,RESOLVED,SYN_RESOLVED,2026-02-09T16:17:00,2026-02-09T23:17:00,TRUE,TRUE
EXC_SYN_0000958,PAY_SYN_0023459,CUST_SYN_000984,ACCT_SYN_000984,2026-02-05T21:42:00,2026-02-05,LIQUIDITY,R002,Insufficient synthetic available funds,HIGH,RESOLVED,TEAM_SYN_004,USER_SYN_004_A03,RESOLVED,SYN_RESOLVED,2026-02-05T23:42:00,2026-02-06T01:42:00,FALSE,TRUE
EXC_SYN_0000959,PAY_SYN_0009427,CUST_SYN_000800,ACCT_SYN_000800,2026-02-27T19:51:00,2026-02-27,ROUTING,R003,Beneficiary routing information requires correction,MEDIUM,RESOLVED,TEAM_SYN_005,USER_SYN_005_A04,RESOLVED,SYN_RESOLVED,2026-02-28T05:20:00,2026-02-28T03:51:00,FALSE,TRUE
EXC_SYN_0000960,PAY_SYN_0023814,CUST_SYN_000619,ACCT_SYN_000619,2026-02-28T16:33:00,2026-02-28,CUTOFF,R004,Payment missed the processing cutoff,LOW,OPEN,TEAM_SYN_001,USER_SYN_001_A01,UNRESOLVED,,,2026-03-01T00:33:00,TRUE,FALSE
EXC_SYN_0000961,PAY_SYN_0018234,CUST_SYN_000159,ACCT_SYN_001159,2026-01-17T16:46:00,2026-01-17,SANCTIONS_SCREENING,R005,Synthetic screening review pending,HIGH,RESOLVED,TEAM_SYN_002,USER_SYN_002_A02,RESOLVED,SYN_RESOLVED,2026-01-17T18:46:00,2026-01-17T20:46:00,TRUE,TRUE
EXC_SYN_0000962,PAY_SYN_0004185,CUST_SYN_000346,ACCT_SYN_000346,2026-02-04T17:56:00,2026-02-04,DUPLICATE,R006,Potential duplicate payment instruction,HIGH,RESOLVED,TEAM_SYN_003,USER_SYN_003_A03,RESOLVED,SYN_RESOLVED,2026-02-04T20:56:00,2026-02-04T21:56:00,TRUE,TRUE
EXC_SYN_0000963,PAY_SYN_0011430,CUST_SYN_000411,ACCT_SYN_001411,2026-01-03T13:24:00,2026-01-03,SYSTEM,R007,Processing system unavailable,MEDIUM,RESOLVED,TEAM_SYN_004,USER_SYN_004_A04,RESOLVED,SYN_RESOLVED,2026-01-03T14:24:00,2026-01-03T21:24:00,TRUE,FALSE
EXC_SYN_0000964,PAY_SYN_0013399,CUST_SYN_000764,ACCT_SYN_000764,2026-03-12T22:20:00,2026-03-12,AUTHORIZATION,R008,Required payment authorization incomplete,HIGH,OPEN,TEAM_SYN_005,USER_SYN_005_A01,UNRESOLVED,,,2026-03-13T02:20:00,FALSE,TRUE
EXC_SYN_0000965,PAY_SYN_0009226,CUST_SYN_000863,ACCT_SYN_000863,2026-01-27T19:42:00,2026-01-27,BENEFICIARY,R009,Beneficiary details require review,MEDIUM,RESOLVED,TEAM_SYN_001,USER_SYN_001_A02,RESOLVED,SYN_RESOLVED,2026-01-27T22:42:00,2026-01-28T03:42:00,TRUE,TRUE
EXC_SYN_0000966,PAY_SYN_0010209,CUST_SYN_000234,ACCT_SYN_001234,2026-03-14T22:36:00,2026-03-14,LIQUIDITY,R002,Insufficient synthetic available funds,HIGH,RESOLVED,TEAM_SYN_002,USER_SYN_002_A03,RESOLVED,SYN_RESOLVED,2026-03-15T04:12:00,2026-03-15T02:36:00,TRUE,TRUE
EXC_SYN_0000967,PAY_SYN_0022676,CUST_SYN_000513,ACCT_SYN_000513,2026-03-03T20:18:00,2026-03-03,SETTLEMENT,R011,Settlement confirmation delayed,LOW,RESOLVED,TEAM_SYN_003,USER_SYN_003_A04,RESOLVED,SYN_RESOLVED,2026-03-03T22:18:00,2026-03-04T04:18:00,FALSE,FALSE
EXC_SYN_0000968,PAY_SYN_0015593,CUST_SYN_000942,ACCT_SYN_000942,2026-03-08T17:10:00,2026-03-08,VALIDATION,R001,Payment instruction failed validation,MEDIUM,OPEN,TEAM_SYN_004,USER_SYN_004_A01,UNRESOLVED,,,2026-03-09T01:10:00,TRUE,TRUE
EXC_SYN_0000969,PAY_SYN_0021556,CUST_SYN_000073,ACCT_SYN_001073,2026-03-03T21:04:00,2026-03-03,LIQUIDITY,R002,Insufficient synthetic available funds,HIGH,RESOLVED,TEAM_SYN_005,USER_SYN_005_A02,RESOLVED,SYN_RESOLVED,2026-03-03T22:04:00,2026-03-04T01:04:00,TRUE,TRUE
EXC_SYN_0000970,PAY_SYN_0009346,CUST_SYN_000803,ACCT_SYN_000803,2026-01-09T14:47:00,2026-01-09,ROUTING,R003,Beneficiary routing information requires correction,MEDIUM,RESOLVED,TEAM_SYN_001,USER_SYN_001_A03,RESOLVED,SYN_RESOLVED,2026-01-09T16:47:00,2026-01-09T22:47:00,TRUE,TRUE
EXC_SYN_0000971,PAY_SYN_0021752,CUST_SYN_000825,ACCT_SYN_000825,2026-02-03T11:22:00,2026-02-03,CUTOFF,R004,Payment missed the processing cutoff,LOW,RESOLVED,TEAM_SYN_002,USER_SYN_002_A04,RESOLVED,SYN_RESOLVED,2026-02-03T14:22:00,2026-02-03T19:22:00,FALSE,FALSE
EXC_SYN_0000972,PAY_SYN_0019913,CUST_SYN_000282,ACCT_SYN_000282,2025-11-18T12:02:00,2025-11-18,SANCTIONS_SCREENING,R005,Synthetic screening review pending,HIGH,OPEN,TEAM_SYN_003,USER_SYN_003_A01,UNRESOLVED,,,2025-11-18T16:02:00,TRUE,TRUE
EXC_SYN_0000973,PAY_SYN_0024276,CUST_SYN_000213,ACCT_SYN_001213,2026-02-22T15:16:00,2026-02-22,DUPLICATE,R006,Potential duplicate payment instruction,HIGH,RESOLVED,TEAM_SYN_004,USER_SYN_004_A02,RESOLVED,SYN_RESOLVED,2026-02-22T20:59:00,2026-02-22T19:16:00,FALSE,TRUE
EXC_SYN_0000974,PAY_SYN_0003043,CUST_SYN_000092,ACCT_SYN_000092,2026-02-02T12:18:00,2026-02-02,SYSTEM,R007,Processing system unavailable,MEDIUM,RESOLVED,TEAM_SYN_005,USER_SYN_005_A03,RESOLVED,SYN_RESOLVED,2026-02-02T15:18:00,2026-02-02T20:18:00,TRUE,FALSE
EXC_SYN_0000975,PAY_SYN_0021624,CUST_SYN_000589,ACCT_SYN_000589,2026-02-26T14:18:00,2026-02-26,AUTHORIZATION,R008,Required payment authorization incomplete,HIGH,RESOLVED,TEAM_SYN_001,USER_SYN_001_A04,RESOLVED,SYN_RESOLVED,2026-02-26T15:18:00,2026-02-26T18:18:00,FALSE,TRUE
EXC_SYN_0000976,PAY_SYN_0006757,CUST_SYN_000010,ACCT_SYN_001010,2025-12-20T17:02:00,2025-12-20,BENEFICIARY,R009,Beneficiary details require review,MEDIUM,OPEN,TEAM_SYN_002,USER_SYN_002_A01,UNRESOLVED,,,2025-12-21T01:02:00,FALSE,TRUE
EXC_SYN_0000977,PAY_SYN_0003772,CUST_SYN_000065,ACCT_SYN_000065,2026-02-11T12:00:00,2026-02-11,CURRENCY,R010,Currency handling exception,MEDIUM,RESOLVED,TEAM_SYN_003,USER_SYN_003_A02,RESOLVED,SYN_RESOLVED,2026-02-11T15:00:00,2026-02-11T20:00:00,FALSE,TRUE
EXC_SYN_0000978,PAY_SYN_0001052,CUST_SYN_000425,ACCT_SYN_001425,2025-12-07T12:53:00,2025-12-07,SETTLEMENT,R011,Settlement confirmation delayed,LOW,RESOLVED,TEAM_SYN_004,USER_SYN_004_A03,RESOLVED,SYN_RESOLVED,2025-12-07T13:53:00,2025-12-07T20:53:00,TRUE,FALSE
EXC_SYN_0000979,PAY_SYN_0021766,CUST_SYN_000343,ACCT_SYN_001343,2026-01-16T16:44:00,2026-01-16,VALIDATION,R001,Payment instruction failed validation,MEDIUM,RESOLVED,TEAM_SYN_005,USER_SYN_005_A04,RESOLVED,SYN_RESOLVED,2026-01-16T18:44:00,2026-01-17T00:44:00,FALSE,TRUE
EXC_SYN_0000980,PAY_SYN_0007999,CUST_SYN_000464,ACCT_SYN_000464,2025-11-30T19:48:00,2025-11-30,LIQUIDITY,R002,Insufficient synthetic available funds,HIGH,OPEN,TEAM_SYN_001,USER_SYN_001_A01,UNRESOLVED,,,2025-11-30T23:48:00,FALSE,TRUE
EXC_SYN_0000981,PAY_SYN_0002958,CUST_SYN_000447,ACCT_SYN_001447,2026-02-19T18:54:00,2026-02-19,ROUTING,R003,Beneficiary routing information requires correction,MEDIUM,RESOLVED,TEAM_SYN_002,USER_SYN_002_A02,RESOLVED,SYN_RESOLVED,2026-02-19T19:54:00,2026-02-20T02:54:00,TRUE,TRUE
EXC_SYN_0000982,PAY_SYN_0014917,CUST_SYN_000430,ACCT_SYN_001430,2026-02-08T18:20:00,2026-02-08,CUTOFF,R004,Payment missed the processing cutoff,LOW,RESOLVED,TEAM_SYN_003,USER_SYN_003_A03,RESOLVED,SYN_RESOLVED,2026-02-08T20:20:00,2026-02-09T02:20:00,TRUE,FALSE
EXC_SYN_0000983,PAY_SYN_0000905,CUST_SYN_000486,ACCT_SYN_000486,2026-02-02T16:49:00,2026-02-02,SANCTIONS_SCREENING,R005,Synthetic screening review pending,HIGH,RESOLVED,TEAM_SYN_004,USER_SYN_004_A04,RESOLVED,SYN_RESOLVED,2026-02-02T19:49:00,2026-02-02T20:49:00,TRUE,TRUE
EXC_SYN_0000984,PAY_SYN_0006428,CUST_SYN_000837,ACCT_SYN_000837,2026-01-10T20:23:00,2026-01-10,DUPLICATE,R006,Potential duplicate payment instruction,HIGH,OPEN,TEAM_SYN_005,USER_SYN_005_A01,UNRESOLVED,,,2026-01-11T00:23:00,TRUE,TRUE
EXC_SYN_0000985,PAY_SYN_0017599,CUST_SYN_000164,ACCT_SYN_000164,2026-02-22T20:53:00,2026-02-22,SYSTEM,R007,Processing system unavailable,MEDIUM,RESOLVED,TEAM_SYN_001,USER_SYN_001_A02,RESOLVED,SYN_RESOLVED,2026-02-22T22:53:00,2026-02-23T04:53:00,TRUE,FALSE
EXC_SYN_0000986,PAY_SYN_0023881,CUST_SYN_000098,ACCT_SYN_000098,2026-02-27T13:00:00,2026-02-27,AUTHORIZATION,R008,Required payment authorization incomplete,HIGH,RESOLVED,TEAM_SYN_002,USER_SYN_002_A03,RESOLVED,SYN_RESOLVED,2026-02-27T16:00:00,2026-02-27T17:00:00,TRUE,TRUE
EXC_SYN_0000987,PAY_SYN_0015240,CUST_SYN_000381,ACCT_SYN_001381,2025-12-16T12:06:00,2025-12-16,BENEFICIARY,R009,Beneficiary details require review,MEDIUM,RESOLVED,TEAM_SYN_003,USER_SYN_003_A04,RESOLVED,SYN_RESOLVED,2025-12-16T22:03:00,2025-12-16T20:06:00,TRUE,TRUE
EXC_SYN_0000988,PAY_SYN_0021607,CUST_SYN_000460,ACCT_SYN_001460,2026-02-02T20:08:00,2026-02-02,CURRENCY,R010,Currency handling exception,MEDIUM,OPEN,TEAM_SYN_004,USER_SYN_004_A01,UNRESOLVED,,,2026-02-03T04:08:00,FALSE,TRUE
EXC_SYN_0000989,PAY_SYN_0006888,CUST_SYN_000357,ACCT_SYN_001357,2026-01-11T21:08:00,2026-01-11,SETTLEMENT,R011,Settlement confirmation delayed,LOW,RESOLVED,TEAM_SYN_005,USER_SYN_005_A02,RESOLVED,SYN_RESOLVED,2026-01-12T00:08:00,2026-01-12T05:08:00,TRUE,FALSE
EXC_SYN_0000990,PAY_SYN_0001350,CUST_SYN_000451,ACCT_SYN_000451,2026-01-13T13:15:00,2026-01-13,VALIDATION,R001,Payment instruction failed validation,MEDIUM,RESOLVED,TEAM_SYN_001,USER_SYN_001_A03,RESOLVED,SYN_RESOLVED,2026-01-13T14:15:00,2026-01-13T21:15:00,FALSE,TRUE
EXC_SYN_0000991,PAY_SYN_0017839,CUST_SYN_000044,ACCT_SYN_000044,2026-01-05T22:11:00,2026-01-05,LIQUIDITY,R002,Insufficient synthetic available funds,HIGH,RESOLVED,TEAM_SYN_002,USER_SYN_002_A04,RESOLVED,SYN_RESOLVED,2026-01-06T00:11:00,2026-01-06T02:11:00,TRUE,TRUE
EXC_SYN_0000992,PAY_SYN_0001142,CUST_SYN_000255,ACCT_SYN_000255,2026-03-13T15:25:00,2026-03-13,ROUTING,R003,Beneficiary routing information requires correction,MEDIUM,OPEN,TEAM_SYN_003,USER_SYN_003_A01,UNRESOLVED,,,2026-03-13T23:25:00,FALSE,TRUE
EXC_SYN_0000993,PAY_SYN_0009432,CUST_SYN_000985,ACCT_SYN_000985,2026-02-01T15:48:00,2026-02-01,CUTOFF,R004,Payment missed the processing cutoff,LOW,RESOLVED,TEAM_SYN_004,USER_SYN_004_A02,RESOLVED,SYN_RESOLVED,2026-02-01T16:48:00,2026-02-01T23:48:00,FALSE,FALSE
EXC_SYN_0000994,PAY_SYN_0021725,CUST_SYN_000326,ACCT_SYN_001326,2026-01-09T19:12:00,2026-01-09,SANCTIONS_SCREENING,R005,Synthetic screening review pending,HIGH,RESOLVED,TEAM_SYN_005,USER_SYN_005_A03,RESOLVED,SYN_RESOLVED,2026-01-10T01:16:00,2026-01-09T23:12:00,TRUE,TRUE
EXC_SYN_0000995,PAY_SYN_0015745,CUST_SYN_000566,ACCT_SYN_000566,2026-01-11T19:45:00,2026-01-11,DUPLICATE,R006,Potential duplicate payment instruction,HIGH,RESOLVED,TEAM_SYN_001,USER_SYN_001_A04,RESOLVED,SYN_RESOLVED,2026-01-11T22:45:00,2026-01-11T23:45:00,FALSE,TRUE
EXC_SYN_0000996,PAY_SYN_0024678,CUST_SYN_000087,ACCT_SYN_001087,2025-12-04T22:09:00,2025-12-04,SYSTEM,R007,Processing system unavailable,MEDIUM,OPEN,TEAM_SYN_002,USER_SYN_002_A01,UNRESOLVED,,,2025-12-05T06:09:00,TRUE,FALSE
EXC_SYN_0000997,PAY_SYN_0006035,CUST_SYN_000296,ACCT_SYN_001296,2025-11-21T13:21:00,2025-11-21,AUTHORIZATION,R008,Required payment authorization incomplete,HIGH,RESOLVED,TEAM_SYN_003,USER_SYN_003_A02,RESOLVED,SYN_RESOLVED,2025-11-21T15:21:00,2025-11-21T17:21:00,FALSE,TRUE
EXC_SYN_0000998,PAY_SYN_0001312,CUST_SYN_000545,ACCT_SYN_000545,2026-01-04T10:33:00,2026-01-04,BENEFICIARY,R009,Beneficiary details require review,MEDIUM,RESOLVED,TEAM_SYN_004,USER_SYN_004_A03,RESOLVED,SYN_RESOLVED,2026-01-04T13:33:00,2026-01-04T18:33:00,TRUE,TRUE
EXC_SYN_0000999,PAY_SYN_0012497,CUST_SYN_000390,ACCT_SYN_000390,2026-03-14T16:41:00,2026-03-14,LIQUIDITY,R002,Insufficient synthetic available funds,HIGH,RESOLVED,TEAM_SYN_005,USER_SYN_005_A04,RESOLVED,SYN_RESOLVED,2026-03-14T17:41:00,2026-03-14T20:41:00,TRUE,TRUE
EXC_SYN_0001000,PAY_SYN_0006025,CUST_SYN_000926,ACCT_SYN_000926,2025-11-28T14:50:00,2025-11-28,SETTLEMENT,R011,Settlement confirmation delayed,LOW,OPEN,TEAM_SYN_001,USER_SYN_001_A01,UNRESOLVED,,,2025-11-28T22:50:00,FALSE,FALSE
EXC_SYN_0001001,PAY_SYN_0013279,CUST_SYN_000824,ACCT_SYN_000824,2026-01-15T18:21:00,2026-01-15,VALIDATION,R001,Payment instruction failed validation,MEDIUM,RESOLVED,TEAM_SYN_002,USER_SYN_002_A02,RESOLVED,SYN_RESOLVED,2026-01-16T04:32:00,2026-01-16T02:21:00,FALSE,TRUE
EXC_SYN_0001002,PAY_SYN_0000981,CUST_SYN_000298,ACCT_SYN_000298,2026-02-10T10:48:00,2026-02-10,LIQUIDITY,R002,Insufficient synthetic available funds,HIGH,RESOLVED,TEAM_SYN_003,USER_SYN_003_A03,RESOLVED,SYN_RESOLVED,2026-02-10T11:48:00,2026-02-10T14:48:00,FALSE,TRUE
EXC_SYN_0001003,PAY_SYN_0003048,CUST_SYN_000277,ACCT_SYN_000277,2026-03-05T18:10:00,2026-03-05,ROUTING,R003,Beneficiary routing information requires correction,MEDIUM,RESOLVED,TEAM_SYN_004,USER_SYN_004_A04,RESOLVED,SYN_RESOLVED,2026-03-05T20:10:00,2026-03-06T02:10:00,TRUE,TRUE
EXC_SYN_0001004,PAY_SYN_0000543,CUST_SYN_000592,ACCT_SYN_000592,2025-12-07T13:08:00,2025-12-07,CUTOFF,R004,Payment missed the processing cutoff,LOW,OPEN,TEAM_SYN_005,USER_SYN_005_A01,UNRESOLVED,,,2025-12-07T21:08:00,FALSE,FALSE
EXC_SYN_0001005,PAY_SYN_0006745,CUST_SYN_000566,ACCT_SYN_000566,2026-01-19T15:55:00,2026-01-19,SANCTIONS_SCREENING,R005,Synthetic screening review pending,HIGH,RESOLVED,TEAM_SYN_001,USER_SYN_001_A02,RESOLVED,SYN_RESOLVED,2026-01-19T16:55:00,2026-01-19T19:55:00,TRUE,TRUE
EXC_SYN_0001006,PAY_SYN_0000416,CUST_SYN_000393,ACCT_SYN_000393,2026-03-14T16:45:00,2026-03-14,DUPLICATE,R006,Potential duplicate payment instruction,HIGH,RESOLVED,TEAM_SYN_002,USER_SYN_002_A03,RESOLVED,SYN_RESOLVED,2026-03-14T18:45:00,2026-03-14T20:45:00,TRUE,TRUE
EXC_SYN_0001007,PAY_SYN_0009487,CUST_SYN_000020,ACCT_SYN_000020,2025-12-12T18:15:00,2025-12-12,SYSTEM,R007,Processing system unavailable,MEDIUM,RESOLVED,TEAM_SYN_003,USER_SYN_003_A04,RESOLVED,SYN_RESOLVED,2025-12-12T21:15:00,2025-12-13T02:15:00,TRUE,FALSE
EXC_SYN_0001008,PAY_SYN_0020203,CUST_SYN_000512,ACCT_SYN_000512,2025-11-30T13:40:00,2025-11-30,AUTHORIZATION,R008,Required payment authorization incomplete,HIGH,OPEN,TEAM_SYN_004,USER_SYN_004_A01,UNRESOLVED,,,2025-11-30T17:40:00,FALSE,TRUE
EXC_SYN_0001009,PAY_SYN_0009263,CUST_SYN_000732,ACCT_SYN_000732,2025-12-01T14:33:00,2025-12-01,BENEFICIARY,R009,Beneficiary details require review,MEDIUM,RESOLVED,TEAM_SYN_005,USER_SYN_005_A02,RESOLVED,SYN_RESOLVED,2025-12-01T16:33:00,2025-12-01T22:33:00,FALSE,TRUE
EXC_SYN_0001010,PAY_SYN_0005390,CUST_SYN_000431,ACCT_SYN_001431,2026-01-21T11:55:00,2026-01-21,CURRENCY,R010,Currency handling exception,MEDIUM,RESOLVED,TEAM_SYN_001,USER_SYN_001_A03,RESOLVED,SYN_RESOLVED,2026-01-21T14:55:00,2026-01-21T19:55:00,FALSE,TRUE
EXC_SYN_0001011,PAY_SYN_0024989,CUST_SYN_000594,ACCT_SYN_000594,2026-02-04T20:41:00,2026-02-04,SETTLEMENT,R011,Settlement confirmation delayed,LOW,RESOLVED,TEAM_SYN_002,USER_SYN_002_A04,RESOLVED,SYN_RESOLVED,2026-02-04T21:41:00,2026-02-05T04:41:00,FALSE,FALSE
EXC_SYN_0001012,PAY_SYN_0006012,CUST_SYN_000445,ACCT_SYN_000445,2025-12-10T13:55:00,2025-12-10,VALIDATION,R001,Payment instruction failed validation,MEDIUM,OPEN,TEAM_SYN_003,USER_SYN_003_A01,UNRESOLVED,,,2025-12-10T21:55:00,TRUE,TRUE
EXC_SYN_0001013,PAY_SYN_0007196,CUST_SYN_000753,ACCT_SYN_000753,2026-01-02T18:16:00,2026-01-02,LIQUIDITY,R002,Insufficient synthetic available funds,HIGH,RESOLVED,TEAM_SYN_004,USER_SYN_004_A02,RESOLVED,SYN_RESOLVED,2026-01-02T21:16:00,2026-01-02T22:16:00,FALSE,TRUE
EXC_SYN_0001014,PAY_SYN_0017433,CUST_SYN_000022,ACCT_SYN_000022,2026-03-06T15:48:00,2026-03-06,ROUTING,R003,Beneficiary routing information requires correction,MEDIUM,RESOLVED,TEAM_SYN_005,USER_SYN_005_A03,RESOLVED,SYN_RESOLVED,2026-03-06T16:48:00,2026-03-06T23:48:00,FALSE,TRUE
EXC_SYN_0001015,PAY_SYN_0006504,CUST_SYN_000649,ACCT_SYN_000649,2026-02-28T16:58:00,2026-02-28,CUTOFF,R004,Payment missed the processing cutoff,LOW,RESOLVED,TEAM_SYN_001,USER_SYN_001_A04,RESOLVED,SYN_RESOLVED,2026-03-01T03:23:00,2026-03-01T00:58:00,TRUE,FALSE
EXC_SYN_0001016,PAY_SYN_0007567,CUST_SYN_000980,ACCT_SYN_000980,2025-12-12T20:12:00,2025-12-12,SANCTIONS_SCREENING,R005,Synthetic screening review pending,HIGH,OPEN,TEAM_SYN_002,USER_SYN_002_A01,UNRESOLVED,,,2025-12-13T00:12:00,TRUE,TRUE
EXC_SYN_0001017,PAY_SYN_0016226,CUST_SYN_000363,ACCT_SYN_000363,2025-12-13T18:38:00,2025-12-13,DUPLICATE,R006,Potential duplicate payment instruction,HIGH,RESOLVED,TEAM_SYN_003,USER_SYN_003_A02,RESOLVED,SYN_RESOLVED,2025-12-13T19:38:00,2025-12-13T22:38:00,TRUE,TRUE
EXC_SYN_0001018,PAY_SYN_0024113,CUST_SYN_000182,ACCT_SYN_001182,2025-11-26T16:00:00,2025-11-26,SYSTEM,R007,Processing system unavailable,MEDIUM,RESOLVED,TEAM_SYN_004,USER_SYN_004_A03,RESOLVED,SYN_RESOLVED,2025-11-26T18:00:00,2025-11-27T00:00:00,FALSE,FALSE
EXC_SYN_0001019,PAY_SYN_0009621,CUST_SYN_000478,ACCT_SYN_000478,2026-02-10T14:29:00,2026-02-10,AUTHORIZATION,R008,Required payment authorization incomplete,HIGH,RESOLVED,TEAM_SYN_005,USER_SYN_005_A04,RESOLVED,SYN_RESOLVED,2026-02-10T17:29:00,2026-02-10T18:29:00,FALSE,TRUE
EXC_SYN_0001020,PAY_SYN_0022058,CUST_SYN_000147,ACCT_SYN_000147,2025-12-27T21:41:00,2025-12-27,BENEFICIARY,R009,Beneficiary details require review,MEDIUM,OPEN,TEAM_SYN_001,USER_SYN_001_A01,UNRESOLVED,,,2025-12-28T05:41:00,FALSE,TRUE
EXC_SYN_0001021,PAY_SYN_0020547,CUST_SYN_000240,ACCT_SYN_001240,2026-01-08T20:37:00,2026-01-08,CURRENCY,R010,Currency handling exception,MEDIUM,RESOLVED,TEAM_SYN_002,USER_SYN_002_A02,RESOLVED,SYN_RESOLVED,2026-01-08T22:37:00,2026-01-09T04:37:00,FALSE,TRUE
EXC_SYN_0001022,PAY_SYN_0024308,CUST_SYN_000897,ACCT_SYN_000897,2026-03-02T22:37:00,2026-03-02,SETTLEMENT,R011,Settlement confirmation delayed,LOW,RESOLVED,TEAM_SYN_003,USER_SYN_003_A03,RESOLVED,SYN_RESOLVED,2026-03-03T09:09:00,2026-03-03T06:37:00,TRUE,FALSE
EXC_SYN_0001023,PAY_SYN_0016576,CUST_SYN_000313,ACCT_SYN_001313,2025-11-26T20:46:00,2025-11-26,VALIDATION,R001,Payment instruction failed validation,MEDIUM,RESOLVED,TEAM_SYN_004,USER_SYN_004_A04,RESOLVED,SYN_RESOLVED,2025-11-26T21:46:00,2025-11-27T04:46:00,TRUE,TRUE
EXC_SYN_0001024,PAY_SYN_0017453,CUST_SYN_000762,ACCT_SYN_000762,2026-01-28T17:18:00,2026-01-28,LIQUIDITY,R002,Insufficient synthetic available funds,HIGH,OPEN,TEAM_SYN_005,USER_SYN_005_A01,UNRESOLVED,,,2026-01-28T21:18:00,TRUE,TRUE
EXC_SYN_0001025,PAY_SYN_0021126,CUST_SYN_000163,ACCT_SYN_000163,2025-12-03T15:02:00,2025-12-03,ROUTING,R003,Beneficiary routing information requires correction,MEDIUM,RESOLVED,TEAM_SYN_001,USER_SYN_001_A02,RESOLVED,SYN_RESOLVED,2025-12-03T18:02:00,2025-12-03T23:02:00,FALSE,TRUE
EXC_SYN_0001026,PAY_SYN_0012120,CUST_SYN_000441,ACCT_SYN_001441,2025-12-20T08:33:00,2025-12-20,CUTOFF,R004,Payment missed the processing cutoff,LOW,RESOLVED,TEAM_SYN_002,USER_SYN_002_A03,RESOLVED,SYN_RESOLVED,2025-12-20T09:33:00,2025-12-20T16:33:00,TRUE,FALSE
EXC_SYN_0001027,PAY_SYN_0013460,CUST_SYN_000021,ACCT_SYN_000021,2025-11-28T09:06:00,2025-11-28,SANCTIONS_SCREENING,R005,Synthetic screening review pending,HIGH,RESOLVED,TEAM_SYN_003,USER_SYN_003_A04,RESOLVED,SYN_RESOLVED,2025-11-28T11:06:00,2025-11-28T13:06:00,TRUE,TRUE
EXC_SYN_0001028,PAY_SYN_0023105,CUST_SYN_000386,ACCT_SYN_001386,2025-11-16T14:34:00,2025-11-16,DUPLICATE,R006,Potential duplicate payment instruction,HIGH,OPEN,TEAM_SYN_004,USER_SYN_004_A01,UNRESOLVED,,,2025-11-16T18:34:00,FALSE,TRUE
EXC_SYN_0001029,PAY_SYN_0024079,CUST_SYN_000424,ACCT_SYN_001424,2026-03-13T18:25:00,2026-03-13,LIQUIDITY,R002,Insufficient synthetic available funds,HIGH,RESOLVED,TEAM_SYN_005,USER_SYN_005_A02,RESOLVED,SYN_RESOLVED,2026-03-14T01:04:00,2026-03-13T22:25:00,TRUE,TRUE
EXC_SYN_0001030,PAY_SYN_0003327,CUST_SYN_000100,ACCT_SYN_000100,2026-01-06T16:34:00,2026-01-06,AUTHORIZATION,R008,Required payment authorization incomplete,HIGH,RESOLVED,TEAM_SYN_001,USER_SYN_001_A03,RESOLVED,SYN_RESOLVED,2026-01-06T18:34:00,2026-01-06T20:34:00,TRUE,TRUE
EXC_SYN_0001031,PAY_SYN_0005484,CUST_SYN_000409,ACCT_SYN_000409,2025-12-19T14:26:00,2025-12-19,BENEFICIARY,R009,Beneficiary details require review,MEDIUM,RESOLVED,TEAM_SYN_002,USER_SYN_002_A04,RESOLVED,SYN_RESOLVED,2025-12-19T17:26:00,2025-12-19T22:26:00,FALSE,TRUE
EXC_SYN_0001032,PAY_SYN_0002366,CUST_SYN_000543,ACCT_SYN_000543,2025-11-22T15:53:00,2025-11-22,CURRENCY,R010,Currency handling exception,MEDIUM,OPEN,TEAM_SYN_003,USER_SYN_003_A01,UNRESOLVED,,,2025-11-22T23:53:00,FALSE,TRUE
EXC_SYN_0001033,PAY_SYN_0000696,CUST_SYN_000253,ACCT_SYN_000253,2025-12-02T16:16:00,2025-12-02,SETTLEMENT,R011,Settlement confirmation delayed,LOW,RESOLVED,TEAM_SYN_004,USER_SYN_004_A02,RESOLVED,SYN_RESOLVED,2025-12-02T18:16:00,2025-12-03T00:16:00,FALSE,FALSE
EXC_SYN_0001034,PAY_SYN_0008803,CUST_SYN_000212,ACCT_SYN_000212,2026-02-17T13:18:00,2026-02-17,VALIDATION,R001,Payment instruction failed validation,MEDIUM,RESOLVED,TEAM_SYN_005,USER_SYN_005_A03,RESOLVED,SYN_RESOLVED,2026-02-17T16:18:00,2026-02-17T21:18:00,TRUE,TRUE
EXC_SYN_0001035,PAY_SYN_0005391,CUST_SYN_000468,ACCT_SYN_001468,2026-03-15T12:27:00,2026-03-15,LIQUIDITY,R002,Insufficient synthetic available funds,HIGH,RESOLVED,TEAM_SYN_001,USER_SYN_001_A04,RESOLVED,SYN_RESOLVED,2026-03-15T13:27:00,2026-03-15T16:27:00,FALSE,TRUE
EXC_SYN_0001036,PAY_SYN_0005569,CUST_SYN_000554,ACCT_SYN_000554,2026-03-11T20:26:00,2026-03-11,ROUTING,R003,Beneficiary routing information requires correction,MEDIUM,OPEN,TEAM_SYN_002,USER_SYN_002_A01,UNRESOLVED,,,2026-03-12T04:26:00,FALSE,TRUE
EXC_SYN_0001037,PAY_SYN_0013085,CUST_SYN_000146,ACCT_SYN_001146,2025-12-10T16:31:00,2025-12-10,CUTOFF,R004,Payment missed the processing cutoff,LOW,RESOLVED,TEAM_SYN_003,USER_SYN_003_A02,RESOLVED,SYN_RESOLVED,2025-12-10T19:31:00,2025-12-11T00:31:00,TRUE,FALSE
EXC_SYN_0001038,PAY_SYN_0023522,CUST_SYN_000315,ACCT_SYN_000315,2025-11-30T13:23:00,2025-11-30,SANCTIONS_SCREENING,R005,Synthetic screening review pending,HIGH,RESOLVED,TEAM_SYN_004,USER_SYN_004_A03,RESOLVED,SYN_RESOLVED,2025-11-30T14:23:00,2025-11-30T17:23:00,FALSE,TRUE
EXC_SYN_0001039,PAY_SYN_0023358,CUST_SYN_000247,ACCT_SYN_000247,2026-01-27T19:28:00,2026-01-27,DUPLICATE,R006,Potential duplicate payment instruction,HIGH,RESOLVED,TEAM_SYN_005,USER_SYN_005_A04,RESOLVED,SYN_RESOLVED,2026-01-27T21:28:00,2026-01-27T23:28:00,TRUE,TRUE
EXC_SYN_0001040,PAY_SYN_0003364,CUST_SYN_000469,ACCT_SYN_001469,2026-01-17T16:03:00,2026-01-17,SYSTEM,R007,Processing system unavailable,MEDIUM,OPEN,TEAM_SYN_001,USER_SYN_001_A01,UNRESOLVED,,,2026-01-18T00:03:00,FALSE,FALSE
EXC_SYN_0001041,PAY_SYN_0005705,CUST_SYN_000086,ACCT_SYN_001086,2026-03-12T17:23:00,2026-03-12,LIQUIDITY,R002,Insufficient synthetic available funds,HIGH,RESOLVED,TEAM_SYN_002,USER_SYN_002_A02,RESOLVED,SYN_RESOLVED,2026-03-12T18:23:00,2026-03-12T21:23:00,TRUE,TRUE
EXC_SYN_0001042,PAY_SYN_0015767,CUST_SYN_000380,ACCT_SYN_001380,2026-02-14T19:30:00,2026-02-14,BENEFICIARY,R009,Beneficiary details require review,MEDIUM,RESOLVED,TEAM_SYN_003,USER_SYN_003_A03,RESOLVED,SYN_RESOLVED,2026-02-14T21:30:00,2026-02-15T03:30:00,FALSE,TRUE
EXC_SYN_0001043,PAY_SYN_0011336,CUST_SYN_000933,ACCT_SYN_000933,2026-01-08T18:46:00,2026-01-08,CURRENCY,R010,Currency handling exception,MEDIUM,RESOLVED,TEAM_SYN_004,USER_SYN_004_A04,RESOLVED,SYN_RESOLVED,2026-01-09T05:39:00,2026-01-09T02:46:00,FALSE,TRUE
EXC_SYN_0001044,PAY_SYN_0016705,CUST_SYN_000086,ACCT_SYN_000086,2025-11-23T18:22:00,2025-11-23,SETTLEMENT,R011,Settlement confirmation delayed,LOW,OPEN,TEAM_SYN_005,USER_SYN_005_A01,UNRESOLVED,,,2025-11-24T02:22:00,FALSE,FALSE
EXC_SYN_0001045,PAY_SYN_0010466,CUST_SYN_000243,ACCT_SYN_000243,2026-02-12T18:42:00,2026-02-12,VALIDATION,R001,Payment instruction failed validation,MEDIUM,RESOLVED,TEAM_SYN_001,USER_SYN_001_A02,RESOLVED,SYN_RESOLVED,2026-02-12T20:42:00,2026-02-13T02:42:00,TRUE,TRUE
EXC_SYN_0001046,PAY_SYN_0001814,CUST_SYN_000119,ACCT_SYN_001119,2025-11-24T17:31:00,2025-11-24,LIQUIDITY,R002,Insufficient synthetic available funds,HIGH,RESOLVED,TEAM_SYN_002,USER_SYN_002_A03,RESOLVED,SYN_RESOLVED,2025-11-24T20:31:00,2025-11-24T21:31:00,FALSE,TRUE
EXC_SYN_0001047,PAY_SYN_0008686,CUST_SYN_000383,ACCT_SYN_000383,2026-01-02T19:28:00,2026-01-02,ROUTING,R003,Beneficiary routing information requires correction,MEDIUM,RESOLVED,TEAM_SYN_003,USER_SYN_003_A04,RESOLVED,SYN_RESOLVED,2026-01-02T20:28:00,2026-01-03T03:28:00,TRUE,TRUE
EXC_SYN_0001048,PAY_SYN_0023720,CUST_SYN_000141,ACCT_SYN_000141,2025-12-23T13:39:00,2025-12-23,CUTOFF,R004,Payment missed the processing cutoff,LOW,OPEN,TEAM_SYN_004,USER_SYN_004_A01,UNRESOLVED,,,2025-12-23T21:39:00,TRUE,FALSE
EXC_SYN_0001049,PAY_SYN_0012827,CUST_SYN_000600,ACCT_SYN_000600,2025-12-19T21:01:00,2025-12-19,SANCTIONS_SCREENING,R005,Synthetic screening review pending,HIGH,RESOLVED,TEAM_SYN_005,USER_SYN_005_A02,RESOLVED,SYN_RESOLVED,2025-12-20T00:01:00,2025-12-20T01:01:00,FALSE,TRUE
EXC_SYN_0001050,PAY_SYN_0018675,CUST_SYN_000976,ACCT_SYN_000976,2025-12-05T19:30:00,2025-12-05,DUPLICATE,R006,Potential duplicate payment instruction,HIGH,RESOLVED,TEAM_SYN_001,USER_SYN_001_A03,RESOLVED,SYN_RESOLVED,2025-12-06T02:30:00,2025-12-05T23:30:00,FALSE,TRUE
EXC_SYN_0001051,PAY_SYN_0006000,CUST_DEMO_001,ACCT_DEMO_001,2026-01-12T13:58:00,2026-01-12,SYSTEM,R007,Processing system unavailable,MEDIUM,RESOLVED,TEAM_SYN_002,USER_SYN_002_A04,RESOLVED,SYN_RESOLVED,2026-01-12T15:58:00,2026-01-12T21:58:00,TRUE,FALSE
EXC_SYN_0001052,PAY_SYN_0016837,CUST_SYN_000470,ACCT_SYN_000470,2026-02-17T21:30:00,2026-02-17,AUTHORIZATION,R008,Required payment authorization incomplete,HIGH,OPEN,TEAM_SYN_003,USER_SYN_003_A01,UNRESOLVED,,,2026-02-18T01:30:00,TRUE,TRUE
EXC_SYN_0001053,PAY_SYN_0009043,CUST_SYN_000092,ACCT_SYN_000092,2025-12-05T11:25:00,2025-12-05,BENEFICIARY,R009,Beneficiary details require review,MEDIUM,RESOLVED,TEAM_SYN_004,USER_SYN_004_A02,RESOLVED,SYN_RESOLVED,2025-12-05T12:25:00,2025-12-05T19:25:00,FALSE,TRUE
EXC_SYN_0001054,PAY_SYN_0016023,CUST_SYN_000352,ACCT_SYN_000352,2026-02-04T11:58:00,2026-02-04,CURRENCY,R010,Currency handling exception,MEDIUM,RESOLVED,TEAM_SYN_005,USER_SYN_005_A03,RESOLVED,SYN_RESOLVED,2026-02-04T13:58:00,2026-02-04T19:58:00,TRUE,TRUE
EXC_SYN_0001055,PAY_SYN_0003871,CUST_SYN_000728,ACCT_SYN_000728,2026-01-06T10:27:00,2026-01-06,SETTLEMENT,R011,Settlement confirmation delayed,LOW,RESOLVED,TEAM_SYN_001,USER_SYN_001_A04,RESOLVED,SYN_RESOLVED,2026-01-06T13:27:00,2026-01-06T18:27:00,TRUE,FALSE
EXC_SYN_0001056,PAY_SYN_0003361,CUST_SYN_000358,ACCT_SYN_001358,2026-01-11T10:10:00,2026-01-11,VALIDATION,R001,Payment instruction failed validation,MEDIUM,OPEN,TEAM_SYN_002,USER_SYN_002_A01,UNRESOLVED,,,2026-01-11T18:10:00,FALSE,TRUE
EXC_SYN_0001057,PAY_SYN_0004822,CUST_SYN_000415,ACCT_SYN_001415,2025-11-16T11:50:00,2025-11-16,LIQUIDITY,R002,Insufficient synthetic available funds,HIGH,RESOLVED,TEAM_SYN_003,USER_SYN_003_A02,RESOLVED,SYN_RESOLVED,2025-11-16T18:57:00,2025-11-16T15:50:00,FALSE,TRUE
EXC_SYN_0001058,PAY_SYN_0016270,CUST_SYN_000491,ACCT_SYN_000491,2026-02-04T09:39:00,2026-02-04,ROUTING,R003,Beneficiary routing information requires correction,MEDIUM,RESOLVED,TEAM_SYN_004,USER_SYN_004_A03,RESOLVED,SYN_RESOLVED,2026-02-04T12:39:00,2026-02-04T17:39:00,TRUE,TRUE
EXC_SYN_0001059,PAY_SYN_0007061,CUST_SYN_000258,ACCT_SYN_000258,2025-12-23T11:29:00,2025-12-23,CUTOFF,R004,Payment missed the processing cutoff,LOW,RESOLVED,TEAM_SYN_005,USER_SYN_005_A04,RESOLVED,SYN_RESOLVED,2025-12-23T12:29:00,2025-12-23T19:29:00,TRUE,FALSE
EXC_SYN_0001060,PAY_SYN_0019043,CUST_SYN_000092,ACCT_SYN_001092,2025-12-05T13:36:00,2025-12-05,SANCTIONS_SCREENING,R005,Synthetic screening review pending,HIGH,OPEN,TEAM_SYN_001,USER_SYN_001_A01,UNRESOLVED,,,2025-12-05T17:36:00,TRUE,TRUE
EXC_SYN_0001061,PAY_SYN_0016981,CUST_SYN_000298,ACCT_SYN_001298,2026-02-11T11:15:00,2026-02-11,DUPLICATE,R006,Potential duplicate payment instruction,HIGH,RESOLVED,TEAM_SYN_002,USER_SYN_002_A02,RESOLVED,SYN_RESOLVED,2026-02-11T14:15:00,2026-02-11T15:15:00,TRUE,TRUE
EXC_SYN_0001062,PAY_SYN_0009492,CUST_SYN_000205,ACCT_SYN_000205,2025-12-19T12:45:00,2025-12-19,SYSTEM,R007,Processing system unavailable,MEDIUM,RESOLVED,TEAM_SYN_003,USER_SYN_003_A03,RESOLVED,SYN_RESOLVED,2025-12-19T13:45:00,2025-12-19T20:45:00,FALSE,FALSE
EXC_SYN_0001063,PAY_SYN_0022482,CUST_SYN_000835,ACCT_SYN_000835,2026-01-21T13:28:00,2026-01-21,AUTHORIZATION,R008,Required payment authorization incomplete,HIGH,RESOLVED,TEAM_SYN_004,USER_SYN_004_A04,RESOLVED,SYN_RESOLVED,2026-01-21T15:28:00,2026-01-21T17:28:00,TRUE,TRUE
EXC_SYN_0001064,PAY_SYN_0017890,CUST_SYN_000431,ACCT_SYN_000431,2025-12-27T10:57:00,2025-12-27,BENEFICIARY,R009,Beneficiary details require review,MEDIUM,OPEN,TEAM_SYN_005,USER_SYN_005_A01,UNRESOLVED,,,2025-12-27T18:57:00,TRUE,TRUE
EXC_SYN_0001065,PAY_SYN_0006731,CUST_SYN_000048,ACCT_SYN_000048,2025-12-02T12:17:00,2025-12-02,CURRENCY,R010,Currency handling exception,MEDIUM,RESOLVED,TEAM_SYN_001,USER_SYN_001_A02,RESOLVED,SYN_RESOLVED,2025-12-02T13:17:00,2025-12-02T20:17:00,TRUE,TRUE
EXC_SYN_0001066,PAY_SYN_0021493,CUST_SYN_000242,ACCT_SYN_000242,2025-11-28T14:44:00,2025-11-28,SETTLEMENT,R011,Settlement confirmation delayed,LOW,RESOLVED,TEAM_SYN_002,USER_SYN_002_A03,RESOLVED,SYN_RESOLVED,2025-11-28T16:44:00,2025-11-28T22:44:00,FALSE,FALSE
EXC_SYN_0001067,PAY_SYN_0006119,CUST_SYN_000404,ACCT_SYN_001404,2025-12-18T21:19:00,2025-12-18,VALIDATION,R001,Payment instruction failed validation,MEDIUM,RESOLVED,TEAM_SYN_003,USER_SYN_003_A04,RESOLVED,SYN_RESOLVED,2025-12-19T00:19:00,2025-12-19T05:19:00,TRUE,TRUE
EXC_SYN_0001068,PAY_SYN_0001022,CUST_SYN_000315,ACCT_SYN_000315,2026-01-03T13:53:00,2026-01-03,LIQUIDITY,R002,Insufficient synthetic available funds,HIGH,OPEN,TEAM_SYN_004,USER_SYN_004_A01,UNRESOLVED,,,2026-01-03T17:53:00,FALSE,TRUE
EXC_SYN_0001069,PAY_SYN_0015959,CUST_SYN_000984,ACCT_SYN_000984,2025-12-17T21:45:00,2025-12-17,ROUTING,R003,Beneficiary routing information requires correction,MEDIUM,RESOLVED,TEAM_SYN_005,USER_SYN_005_A02,RESOLVED,SYN_RESOLVED,2025-12-17T23:45:00,2025-12-18T05:45:00,TRUE,TRUE
EXC_SYN_0001070,PAY_SYN_0024401,CUST_SYN_000338,ACCT_SYN_001338,2026-01-11T13:52:00,2026-01-11,CUTOFF,R004,Payment missed the processing cutoff,LOW,RESOLVED,TEAM_SYN_001,USER_SYN_001_A03,RESOLVED,SYN_RESOLVED,2026-01-11T16:52:00,2026-01-11T21:52:00,TRUE,FALSE
EXC_SYN_0001071,PAY_SYN_0004097,CUST_SYN_000090,ACCT_SYN_000090,2025-12-16T20:17:00,2025-12-16,SANCTIONS_SCREENING,R005,Synthetic screening review pending,HIGH,RESOLVED,TEAM_SYN_002,USER_SYN_002_A04,RESOLVED,SYN_RESOLVED,2025-12-17T03:38:00,2025-12-17T00:17:00,FALSE,TRUE
EXC_SYN_0001072,PAY_SYN_0003248,CUST_SYN_000177,ACCT_SYN_000177,2026-03-03T21:27:00,2026-03-03,DUPLICATE,R006,Potential duplicate payment instruction,HIGH,OPEN,TEAM_SYN_003,USER_SYN_003_A01,UNRESOLVED,,,2026-03-04T01:27:00,FALSE,TRUE
EXC_SYN_0001073,PAY_SYN_0012071,CUST_SYN_000128,ACCT_SYN_001128,2026-02-20T14:01:00,2026-02-20,SYSTEM,R007,Processing system unavailable,MEDIUM,RESOLVED,TEAM_SYN_004,USER_SYN_004_A02,RESOLVED,SYN_RESOLVED,2026-02-20T17:01:00,2026-02-20T22:01:00,TRUE,FALSE
EXC_SYN_0001074,PAY_SYN_0009377,CUST_SYN_000450,ACCT_SYN_000450,2025-11-18T20:56:00,2025-11-18,AUTHORIZATION,R008,Required payment authorization incomplete,HIGH,RESOLVED,TEAM_SYN_005,USER_SYN_005_A03,RESOLVED,SYN_RESOLVED,2025-11-18T21:56:00,2025-11-19T00:56:00,FALSE,TRUE
EXC_SYN_0001075,PAY_SYN_0009988,CUST_SYN_000557,ACCT_SYN_000557,2026-01-31T21:26:00,2026-01-31,BENEFICIARY,R009,Beneficiary details require review,MEDIUM,RESOLVED,TEAM_SYN_001,USER_SYN_001_A04,RESOLVED,SYN_RESOLVED,2026-01-31T23:26:00,2026-02-01T05:26:00,TRUE,TRUE
EXC_SYN_0001076,PAY_SYN_0019534,CUST_SYN_000259,ACCT_SYN_001259,2026-01-03T18:21:00,2026-01-03,CURRENCY,R010,Currency handling exception,MEDIUM,OPEN,TEAM_SYN_002,USER_SYN_002_A01,UNRESOLVED,,,2026-01-04T02:21:00,TRUE,TRUE
EXC_SYN_0001077,PAY_SYN_0004336,CUST_SYN_000433,ACCT_SYN_001433,2026-01-13T20:28:00,2026-01-13,SETTLEMENT,R011,Settlement confirmation delayed,LOW,RESOLVED,TEAM_SYN_003,USER_SYN_003_A02,RESOLVED,SYN_RESOLVED,2026-01-13T21:28:00,2026-01-14T04:28:00,TRUE,FALSE
EXC_SYN_0001078,PAY_SYN_0003657,CUST_SYN_000310,ACCT_SYN_000310,2026-03-09T21:28:00,2026-03-09,VALIDATION,R001,Payment instruction failed validation,MEDIUM,RESOLVED,TEAM_SYN_004,USER_SYN_004_A03,RESOLVED,SYN_RESOLVED,2026-03-10T08:56:00,2026-03-10T05:28:00,TRUE,TRUE
EXC_SYN_0001079,PAY_SYN_0002985,CUST_SYN_000946,ACCT_SYN_000946,2025-11-27T19:17:00,2025-11-27,LIQUIDITY,R002,Insufficient synthetic available funds,HIGH,RESOLVED,TEAM_SYN_005,USER_SYN_005_A04,RESOLVED,SYN_RESOLVED,2025-11-27T22:17:00,2025-11-27T23:17:00,FALSE,TRUE
EXC_SYN_0001080,PAY_SYN_0012381,CUST_SYN_000598,ACCT_SYN_000598,2026-02-26T09:42:00,2026-02-26,ROUTING,R003,Beneficiary routing information requires correction,MEDIUM,OPEN,TEAM_SYN_001,USER_SYN_001_A01,UNRESOLVED,,,2026-02-26T17:42:00,FALSE,TRUE
EXC_SYN_0001081,PAY_SYN_0017800,CUST_SYN_000101,ACCT_SYN_000101,2026-03-05T09:08:00,2026-03-05,CUTOFF,R004,Payment missed the processing cutoff,LOW,RESOLVED,TEAM_SYN_002,USER_SYN_002_A02,RESOLVED,SYN_RESOLVED,2026-03-05T11:08:00,2026-03-05T17:08:00,TRUE,FALSE
EXC_SYN_0001082,PAY_SYN_0019921,CUST_SYN_000578,ACCT_SYN_000578,2026-03-05T09:48:00,2026-03-05,SANCTIONS_SCREENING,R005,Synthetic screening review pending,HIGH,RESOLVED,TEAM_SYN_003,USER_SYN_003_A03,RESOLVED,SYN_RESOLVED,2026-03-05T12:48:00,2026-03-05T13:48:00,TRUE,TRUE
EXC_SYN_0001083,PAY_SYN_0017743,CUST_SYN_000992,ACCT_SYN_000992,2026-01-06T11:55:00,2026-01-06,DUPLICATE,R006,Potential duplicate payment instruction,HIGH,RESOLVED,TEAM_SYN_004,USER_SYN_004_A04,RESOLVED,SYN_RESOLVED,2026-01-06T12:55:00,2026-01-06T15:55:00,TRUE,TRUE
EXC_SYN_0001084,PAY_SYN_0023727,CUST_SYN_000400,ACCT_SYN_000400,2026-01-30T16:16:00,2026-01-30,SYSTEM,R007,Processing system unavailable,MEDIUM,OPEN,TEAM_SYN_005,USER_SYN_005_A01,UNRESOLVED,,,2026-01-31T00:16:00,TRUE,FALSE
EXC_SYN_0001085,PAY_SYN_0021136,CUST_SYN_000533,ACCT_SYN_000533,2026-02-13T16:12:00,2026-02-13,AUTHORIZATION,R008,Required payment authorization incomplete,HIGH,RESOLVED,TEAM_SYN_001,USER_SYN_001_A02,RESOLVED,SYN_RESOLVED,2026-02-13T20:47:00,2026-02-13T20:12:00,FALSE,TRUE
EXC_SYN_0001086,PAY_SYN_0021328,CUST_SYN_000137,ACCT_SYN_000137,2025-12-05T17:49:00,2025-12-05,BENEFICIARY,R009,Beneficiary details require review,MEDIUM,RESOLVED,TEAM_SYN_002,USER_SYN_002_A03,RESOLVED,SYN_RESOLVED,2025-12-05T18:49:00,2025-12-06T01:49:00,TRUE,TRUE
EXC_SYN_0001087,PAY_SYN_0016732,CUST_SYN_000085,ACCT_SYN_001085,2026-02-18T11:50:00,2026-02-18,CURRENCY,R010,Currency handling exception,MEDIUM,RESOLVED,TEAM_SYN_003,USER_SYN_003_A04,RESOLVED,SYN_RESOLVED,2026-02-18T13:50:00,2026-02-18T19:50:00,TRUE,TRUE
EXC_SYN_0001088,PAY_SYN_0008837,CUST_SYN_000470,ACCT_SYN_001470,2025-12-03T17:58:00,2025-12-03,SETTLEMENT,R011,Settlement confirmation delayed,LOW,OPEN,TEAM_SYN_004,USER_SYN_004_A01,UNRESOLVED,,,2025-12-04T01:58:00,FALSE,FALSE
EXC_SYN_0001089,PAY_SYN_0001036,CUST_SYN_000833,ACCT_SYN_000833,2026-03-04T17:04:00,2026-03-04,VALIDATION,R001,Payment instruction failed validation,MEDIUM,RESOLVED,TEAM_SYN_005,USER_SYN_005_A02,RESOLVED,SYN_RESOLVED,2026-03-04T18:04:00,2026-03-05T01:04:00,FALSE,TRUE
EXC_SYN_0001090,PAY_SYN_0023754,CUST_SYN_000399,ACCT_SYN_001399,2026-02-25T14:43:00,2026-02-25,LIQUIDITY,R002,Insufficient synthetic available funds,HIGH,RESOLVED,TEAM_SYN_001,USER_SYN_001_A03,RESOLVED,SYN_RESOLVED,2026-02-25T16:43:00,2026-02-25T18:43:00,FALSE,TRUE
EXC_SYN_0001091,PAY_SYN_0019142,CUST_SYN_000255,ACCT_SYN_000255,2026-02-19T12:52:00,2026-02-19,ROUTING,R003,Beneficiary routing information requires correction,MEDIUM,RESOLVED,TEAM_SYN_002,USER_SYN_002_A04,RESOLVED,SYN_RESOLVED,2026-02-19T15:52:00,2026-02-19T20:52:00,TRUE,TRUE
EXC_SYN_0001092,PAY_SYN_0009502,CUST_SYN_000575,ACCT_SYN_000575,2026-01-25T13:25:00,2026-01-25,CUTOFF,R004,Payment missed the processing cutoff,LOW,OPEN,TEAM_SYN_003,USER_SYN_003_A01,UNRESOLVED,,,2026-01-25T21:25:00,TRUE,FALSE
EXC_SYN_0001093,PAY_SYN_0018342,CUST_SYN_000655,ACCT_SYN_000655,2026-03-07T13:58:00,2026-03-07,SANCTIONS_SCREENING,R005,Synthetic screening review pending,HIGH,RESOLVED,TEAM_SYN_004,USER_SYN_004_A02,RESOLVED,SYN_RESOLVED,2026-03-07T15:58:00,2026-03-07T17:58:00,TRUE,TRUE
EXC_SYN_0001094,PAY_SYN_0017472,CUST_SYN_000465,ACCT_SYN_001465,2026-01-25T13:41:00,2026-01-25,DUPLICATE,R006,Potential duplicate payment instruction,HIGH,RESOLVED,TEAM_SYN_005,USER_SYN_005_A03,RESOLVED,SYN_RESOLVED,2026-01-25T16:41:00,2026-01-25T17:41:00,TRUE,TRUE
EXC_SYN_0001095,PAY_SYN_0022326,CUST_SYN_000063,ACCT_SYN_001063,2026-01-02T18:12:00,2026-01-02,SYSTEM,R007,Processing system unavailable,MEDIUM,RESOLVED,TEAM_SYN_001,USER_SYN_001_A04,RESOLVED,SYN_RESOLVED,2026-01-02T19:12:00,2026-01-03T02:12:00,FALSE,FALSE
EXC_SYN_0001096,PAY_SYN_0007757,CUST_SYN_000510,ACCT_SYN_000510,2025-11-27T19:42:00,2025-11-27,AUTHORIZATION,R008,Required payment authorization incomplete,HIGH,OPEN,TEAM_SYN_002,USER_SYN_002_A01,UNRESOLVED,,,2025-11-27T23:42:00,FALSE,TRUE
EXC_SYN_0001097,PAY_SYN_0022907,CUST_SYN_000060,ACCT_SYN_000060,2026-02-18T19:25:00,2026-02-18,BENEFICIARY,R009,Beneficiary details require review,MEDIUM,RESOLVED,TEAM_SYN_003,USER_SYN_003_A02,RESOLVED,SYN_RESOLVED,2026-02-18T22:25:00,2026-02-19T03:25:00,TRUE,TRUE
EXC_SYN_0001098,PAY_SYN_0020129,CUST_SYN_000774,ACCT_SYN_000774,2025-12-17T21:32:00,2025-12-17,CURRENCY,R010,Currency handling exception,MEDIUM,RESOLVED,TEAM_SYN_004,USER_SYN_004_A03,RESOLVED,SYN_RESOLVED,2025-12-17T22:32:00,2025-12-18T05:32:00,TRUE,TRUE
EXC_SYN_0001099,PAY_SYN_0016936,CUST_SYN_000133,ACCT_SYN_001133,2026-01-07T19:14:00,2026-01-07,SETTLEMENT,R011,Settlement confirmation delayed,LOW,RESOLVED,TEAM_SYN_005,USER_SYN_005_A04,RESOLVED,SYN_RESOLVED,2026-01-08T04:03:00,2026-01-08T03:14:00,FALSE,FALSE
EXC_SYN_0001100,PAY_SYN_0011820,CUST_SYN_000841,ACCT_SYN_000841,2026-02-28T12:35:00,2026-02-28,VALIDATION,R001,Payment instruction failed validation,MEDIUM,OPEN,TEAM_SYN_001,USER_SYN_001_A01,UNRESOLVED,,,2026-02-28T20:35:00,TRUE,TRUE
EXC_SYN_0001101,PAY_SYN_0001291,CUST_SYN_000268,ACCT_SYN_001268,2026-02-23T14:25:00,2026-02-23,LIQUIDITY,R002,Insufficient synthetic available funds,HIGH,RESOLVED,TEAM_SYN_002,USER_SYN_002_A02,RESOLVED,SYN_RESOLVED,2026-02-23T15:25:00,2026-02-23T18:25:00,FALSE,TRUE
EXC_SYN_0001102,PAY_SYN_0002739,CUST_SYN_000844,ACCT_SYN_000844,2025-12-05T22:34:00,2025-12-05,ROUTING,R003,Beneficiary routing information requires correction,MEDIUM,RESOLVED,TEAM_SYN_003,USER_SYN_003_A03,RESOLVED,SYN_RESOLVED,2025-12-06T00:34:00,2025-12-06T06:34:00,FALSE,TRUE
EXC_SYN_0001103,PAY_SYN_0011223,CUST_SYN_000252,ACCT_SYN_001252,2026-03-11T16:35:00,2026-03-11,CUTOFF,R004,Payment missed the processing cutoff,LOW,RESOLVED,TEAM_SYN_004,USER_SYN_004_A04,RESOLVED,SYN_RESOLVED,2026-03-11T19:35:00,2026-03-12T00:35:00,TRUE,FALSE
EXC_SYN_0001104,PAY_SYN_0004397,CUST_SYN_000690,ACCT_SYN_000690,2026-01-01T21:26:00,2026-01-01,SANCTIONS_SCREENING,R005,Synthetic screening review pending,HIGH,OPEN,TEAM_SYN_005,USER_SYN_005_A01,UNRESOLVED,,,2026-01-02T01:26:00,TRUE,TRUE
EXC_SYN_0001105,PAY_SYN_0013547,CUST_SYN_000240,ACCT_SYN_000240,2026-02-15T21:09:00,2026-02-15,DUPLICATE,R006,Potential duplicate payment instruction,HIGH,RESOLVED,TEAM_SYN_001,USER_SYN_001_A02,RESOLVED,SYN_RESOLVED,2026-02-15T23:09:00,2026-02-16T01:09:00,FALSE,TRUE
EXC_SYN_0001106,PAY_SYN_0020986,CUST_SYN_000983,ACCT_SYN_000983,2026-03-15T20:15:00,2026-03-15,SYSTEM,R007,Processing system unavailable,MEDIUM,RESOLVED,TEAM_SYN_002,USER_SYN_002_A03,RESOLVED,SYN_RESOLVED,2026-03-16T05:11:00,2026-03-16T04:15:00,TRUE,FALSE
EXC_SYN_0001107,PAY_SYN_0019626,CUST_SYN_000163,ACCT_SYN_000163,2025-12-09T20:48:00,2025-12-09,AUTHORIZATION,R008,Required payment authorization incomplete,HIGH,RESOLVED,TEAM_SYN_003,USER_SYN_003_A04,RESOLVED,SYN_RESOLVED,2025-12-09T21:48:00,2025-12-10T00:48:00,FALSE,TRUE
EXC_SYN_0001108,PAY_SYN_0010523,CUST_SYN_000852,ACCT_SYN_000852,2026-02-26T12:00:00,2026-02-26,BENEFICIARY,R009,Beneficiary details require review,MEDIUM,OPEN,TEAM_SYN_004,USER_SYN_004_A01,UNRESOLVED,,,2026-02-26T20:00:00,FALSE,TRUE
EXC_SYN_0001109,PAY_SYN_0018870,CUST_SYN_000691,ACCT_SYN_000691,2025-12-08T09:02:00,2025-12-08,CURRENCY,R010,Currency handling exception,MEDIUM,RESOLVED,TEAM_SYN_005,USER_SYN_005_A02,RESOLVED,SYN_RESOLVED,2025-12-08T12:02:00,2025-12-08T17:02:00,FALSE,TRUE
EXC_SYN_0001110,PAY_SYN_0012536,CUST_SYN_000333,ACCT_SYN_000333,2026-02-01T15:17:00,2026-02-01,SETTLEMENT,R011,Settlement confirmation delayed,LOW,RESOLVED,TEAM_SYN_001,USER_SYN_001_A03,RESOLVED,SYN_RESOLVED,2026-02-01T16:17:00,2026-02-01T23:17:00,FALSE,FALSE
EXC_SYN_0001111,PAY_SYN_0020563,CUST_SYN_000332,ACCT_SYN_000332,2026-01-13T11:59:00,2026-01-13,VALIDATION,R001,Payment instruction failed validation,MEDIUM,RESOLVED,TEAM_SYN_002,USER_SYN_002_A04,RESOLVED,SYN_RESOLVED,2026-01-13T13:59:00,2026-01-13T19:59:00,FALSE,TRUE
EXC_SYN_0001112,PAY_SYN_0007317,CUST_SYN_000730,ACCT_SYN_000730,2025-12-06T16:50:00,2025-12-06,LIQUIDITY,R002,Insufficient synthetic available funds,HIGH,OPEN,TEAM_SYN_003,USER_SYN_003_A01,UNRESOLVED,,,2025-12-06T20:50:00,TRUE,TRUE
EXC_SYN_0001113,PAY_SYN_0017854,CUST_SYN_000599,ACCT_SYN_000599,2026-03-09T14:22:00,2026-03-09,LIQUIDITY,R002,Insufficient synthetic available funds,HIGH,RESOLVED,TEAM_SYN_004,USER_SYN_004_A02,RESOLVED,SYN_RESOLVED,2026-03-09T19:25:00,2026-03-09T18:22:00,FALSE,TRUE
EXC_SYN_0001114,PAY_SYN_0004710,CUST_SYN_000271,ACCT_SYN_000271,2026-02-09T10:07:00,2026-02-09,CUTOFF,R004,Payment missed the processing cutoff,LOW,RESOLVED,TEAM_SYN_005,USER_SYN_005_A03,RESOLVED,SYN_RESOLVED,2026-02-09T12:07:00,2026-02-09T18:07:00,TRUE,FALSE
EXC_SYN_0001115,PAY_SYN_0001161,CUST_SYN_000958,ACCT_SYN_000958,2026-01-28T11:17:00,2026-01-28,SANCTIONS_SCREENING,R005,Synthetic screening review pending,HIGH,RESOLVED,TEAM_SYN_001,USER_SYN_001_A04,RESOLVED,SYN_RESOLVED,2026-01-28T14:17:00,2026-01-28T15:17:00,TRUE,TRUE
EXC_SYN_0001116,PAY_SYN_0008763,CUST_SYN_000232,ACCT_SYN_000232,2025-11-17T13:24:00,2025-11-17,DUPLICATE,R006,Potential duplicate payment instruction,HIGH,OPEN,TEAM_SYN_002,USER_SYN_002_A01,UNRESOLVED,,,2025-11-17T17:24:00,FALSE,TRUE
EXC_SYN_0001117,PAY_SYN_0002358,CUST_SYN_000247,ACCT_SYN_000247,2026-02-04T18:22:00,2026-02-04,SYSTEM,R007,Processing system unavailable,MEDIUM,RESOLVED,TEAM_SYN_003,USER_SYN_003_A02,RESOLVED,SYN_RESOLVED,2026-02-04T20:22:00,2026-02-05T02:22:00,TRUE,FALSE
EXC_SYN_0001118,PAY_SYN_0009180,CUST_SYN_000661,ACCT_SYN_000661,2025-11-21T10:29:00,2025-11-21,AUTHORIZATION,R008,Required payment authorization incomplete,HIGH,RESOLVED,TEAM_SYN_004,USER_SYN_004_A03,RESOLVED,SYN_RESOLVED,2025-11-21T13:29:00,2025-11-21T14:29:00,TRUE,TRUE
EXC_SYN_0001119,PAY_SYN_0001670,CUST_SYN_000291,ACCT_SYN_000291,2025-11-28T11:32:00,2025-11-28,BENEFICIARY,R009,Beneficiary details require review,MEDIUM,RESOLVED,TEAM_SYN_005,USER_SYN_005_A04,RESOLVED,SYN_RESOLVED,2025-11-28T12:32:00,2025-11-28T19:32:00,FALSE,TRUE
EXC_SYN_0001120,PAY_SYN_0003595,CUST_SYN_000016,ACCT_SYN_001016,2025-11-24T16:20:00,2025-11-24,CURRENCY,R010,Currency handling exception,MEDIUM,OPEN,TEAM_SYN_001,USER_SYN_001_A01,UNRESOLVED,,,2025-11-25T00:20:00,FALSE,TRUE
EXC_SYN_0001121,PAY_SYN_0017580,CUST_SYN_000961,ACCT_SYN_000961,2025-11-28T11:08:00,2025-11-28,SETTLEMENT,R011,Settlement confirmation delayed,LOW,RESOLVED,TEAM_SYN_002,USER_SYN_002_A02,RESOLVED,SYN_RESOLVED,2025-11-28T14:08:00,2025-11-28T19:08:00,FALSE,FALSE
EXC_SYN_0001122,PAY_SYN_0024131,CUST_SYN_000348,ACCT_SYN_000348,2025-12-08T12:38:00,2025-12-08,VALIDATION,R001,Payment instruction failed validation,MEDIUM,RESOLVED,TEAM_SYN_003,USER_SYN_003_A03,RESOLVED,SYN_RESOLVED,2025-12-08T13:38:00,2025-12-08T20:38:00,TRUE,TRUE
EXC_SYN_0001123,PAY_SYN_0014567,CUST_SYN_000480,ACCT_SYN_000480,2025-12-05T19:03:00,2025-12-05,LIQUIDITY,R002,Insufficient synthetic available funds,HIGH,RESOLVED,TEAM_SYN_004,USER_SYN_004_A04,RESOLVED,SYN_RESOLVED,2025-12-05T21:03:00,2025-12-05T23:03:00,FALSE,TRUE
EXC_SYN_0001124,PAY_SYN_0015230,CUST_SYN_000011,ACCT_SYN_001011,2026-03-08T12:37:00,2026-03-08,ROUTING,R003,Beneficiary routing information requires correction,MEDIUM,OPEN,TEAM_SYN_005,USER_SYN_005_A01,UNRESOLVED,,,2026-03-08T20:37:00,FALSE,TRUE
EXC_SYN_0001125,PAY_SYN_0008918,CUST_SYN_000467,ACCT_SYN_001467,2025-11-28T20:26:00,2025-11-28,CUTOFF,R004,Payment missed the processing cutoff,LOW,RESOLVED,TEAM_SYN_001,USER_SYN_001_A02,RESOLVED,SYN_RESOLVED,2025-11-28T21:26:00,2025-11-29T04:26:00,FALSE,FALSE
EXC_SYN_0001126,PAY_SYN_0008257,CUST_SYN_000010,ACCT_SYN_001010,2026-02-14T19:32:00,2026-02-14,SANCTIONS_SCREENING,R005,Synthetic screening review pending,HIGH,RESOLVED,TEAM_SYN_002,USER_SYN_002_A03,RESOLVED,SYN_RESOLVED,2026-02-14T21:32:00,2026-02-14T23:32:00,TRUE,TRUE
EXC_SYN_0001127,PAY_SYN_0024275,CUST_SYN_000176,ACCT_SYN_001176,2026-01-08T17:31:00,2026-01-08,DUPLICATE,R006,Potential duplicate payment instruction,HIGH,RESOLVED,TEAM_SYN_003,USER_SYN_003_A04,RESOLVED,SYN_RESOLVED,2026-01-08T22:48:00,2026-01-08T21:31:00,FALSE,TRUE
EXC_SYN_0001128,PAY_SYN_0024414,CUST_SYN_000319,ACCT_SYN_000319,2026-01-09T16:57:00,2026-01-09,SYSTEM,R007,Processing system unavailable,MEDIUM,OPEN,TEAM_SYN_004,USER_SYN_004_A01,UNRESOLVED,,,2026-01-10T00:57:00,FALSE,FALSE
EXC_SYN_0001129,PAY_SYN_0007078,CUST_SYN_000887,ACCT_SYN_000887,2025-11-24T21:38:00,2025-11-24,AUTHORIZATION,R008,Required payment authorization incomplete,HIGH,RESOLVED,TEAM_SYN_005,USER_SYN_005_A02,RESOLVED,SYN_RESOLVED,2025-11-24T23:38:00,2025-11-25T01:38:00,TRUE,TRUE
EXC_SYN_0001130,PAY_SYN_0007060,CUST_SYN_000221,ACCT_SYN_000221,2026-02-26T13:45:00,2026-02-26,BENEFICIARY,R009,Beneficiary details require review,MEDIUM,RESOLVED,TEAM_SYN_001,USER_SYN_001_A03,RESOLVED,SYN_RESOLVED,2026-02-26T16:45:00,2026-02-26T21:45:00,TRUE,TRUE
EXC_SYN_0001131,PAY_SYN_0008032,CUST_SYN_000185,ACCT_SYN_000185,2026-03-08T15:22:00,2026-03-08,CURRENCY,R010,Currency handling exception,MEDIUM,RESOLVED,TEAM_SYN_002,USER_SYN_002_A04,RESOLVED,SYN_RESOLVED,2026-03-08T16:22:00,2026-03-08T23:22:00,TRUE,TRUE
EXC_SYN_0001132,PAY_SYN_0021722,CUST_SYN_000215,ACCT_SYN_001215,2025-11-17T15:45:00,2025-11-17,SETTLEMENT,R011,Settlement confirmation delayed,LOW,OPEN,TEAM_SYN_003,USER_SYN_003_A01,UNRESOLVED,,,2025-11-17T23:45:00,TRUE,FALSE
EXC_SYN_0001133,PAY_SYN_0003702,CUST_SYN_000475,ACCT_SYN_000475,2025-11-19T16:38:00,2025-11-19,VALIDATION,R001,Payment instruction failed validation,MEDIUM,RESOLVED,TEAM_SYN_004,USER_SYN_004_A02,RESOLVED,SYN_RESOLVED,2025-11-19T19:38:00,2025-11-20T00:38:00,FALSE,TRUE
EXC_SYN_0001134,PAY_SYN_0020949,CUST_SYN_000114,ACCT_SYN_001114,2025-11-23T23:00:00,2025-11-23,LIQUIDITY,R002,Insufficient synthetic available funds,HIGH,RESOLVED,TEAM_SYN_005,USER_SYN_005_A03,RESOLVED,SYN_RESOLVED,2025-11-24T04:24:00,2025-11-24T03:00:00,TRUE,TRUE
EXC_SYN_0001135,PAY_SYN_0008319,CUST_SYN_000304,ACCT_SYN_000304,2026-01-23T23:43:00,2026-01-23,ROUTING,R003,Beneficiary routing information requires correction,MEDIUM,RESOLVED,TEAM_SYN_001,USER_SYN_001_A04,RESOLVED,SYN_RESOLVED,2026-01-24T01:43:00,2026-01-24T07:43:00,TRUE,TRUE
EXC_SYN_0001136,PAY_SYN_0018161,CUST_SYN_000458,ACCT_SYN_001458,2026-01-02T10:10:00,2026-01-02,CUTOFF,R004,Payment missed the processing cutoff,LOW,OPEN,TEAM_SYN_002,USER_SYN_002_A01,UNRESOLVED,,,2026-01-02T18:10:00,TRUE,FALSE
EXC_SYN_0001137,PAY_SYN_0019122,CUST_SYN_000015,ACCT_SYN_001015,2025-12-30T11:30:00,2025-12-30,SANCTIONS_SCREENING,R005,Synthetic screening review pending,HIGH,RESOLVED,TEAM_SYN_003,USER_SYN_003_A02,RESOLVED,SYN_RESOLVED,2025-12-30T12:30:00,2025-12-30T15:30:00,TRUE,TRUE
EXC_SYN_0001138,PAY_SYN_0018190,CUST_SYN_000031,ACCT_SYN_001031,2026-03-04T08:59:00,2026-03-04,DUPLICATE,R006,Potential duplicate payment instruction,HIGH,RESOLVED,TEAM_SYN_004,USER_SYN_004_A03,RESOLVED,SYN_RESOLVED,2026-03-04T10:59:00,2026-03-04T12:59:00,TRUE,TRUE
EXC_SYN_0001139,PAY_SYN_0002222,CUST_SYN_000215,ACCT_SYN_001215,2025-12-07T11:16:00,2025-12-07,SYSTEM,R007,Processing system unavailable,MEDIUM,RESOLVED,TEAM_SYN_005,USER_SYN_005_A04,RESOLVED,SYN_RESOLVED,2025-12-07T14:16:00,2025-12-07T19:16:00,TRUE,FALSE
EXC_SYN_0001140,PAY_SYN_0000046,CUST_SYN_000203,ACCT_SYN_000203,2026-01-14T15:37:00,2026-01-14,AUTHORIZATION,R008,Required payment authorization incomplete,HIGH,OPEN,TEAM_SYN_001,USER_SYN_001_A01,UNRESOLVED,,,2026-01-14T19:37:00,TRUE,TRUE
EXC_SYN_0001141,PAY_SYN_0021046,CUST_SYN_000203,ACCT_SYN_000203,2026-02-11T15:50:00,2026-02-11,BENEFICIARY,R009,Beneficiary details require review,MEDIUM,RESOLVED,TEAM_SYN_002,USER_SYN_002_A02,RESOLVED,SYN_RESOLVED,2026-02-12T01:21:00,2026-02-11T23:50:00,FALSE,TRUE
EXC_SYN_0001142,PAY_SYN_0004911,CUST_SYN_000208,ACCT_SYN_000208,2025-12-08T11:38:00,2025-12-08,CURRENCY,R010,Currency handling exception,MEDIUM,RESOLVED,TEAM_SYN_003,USER_SYN_003_A03,RESOLVED,SYN_RESOLVED,2025-12-08T14:38:00,2025-12-08T19:38:00,FALSE,TRUE
EXC_SYN_0001143,PAY_SYN_0023060,CUST_SYN_000221,ACCT_SYN_001221,2025-12-07T10:14:00,2025-12-07,SETTLEMENT,R011,Settlement confirmation delayed,LOW,RESOLVED,TEAM_SYN_004,USER_SYN_004_A04,RESOLVED,SYN_RESOLVED,2025-12-07T11:14:00,2025-12-07T18:14:00,FALSE,FALSE
EXC_SYN_0001144,PAY_SYN_0013881,CUST_SYN_000598,ACCT_SYN_000598,2025-11-17T11:34:00,2025-11-17,VALIDATION,R001,Payment instruction failed validation,MEDIUM,OPEN,TEAM_SYN_005,USER_SYN_005_A01,UNRESOLVED,,,2025-11-17T19:34:00,TRUE,TRUE
EXC_SYN_0001145,PAY_SYN_0008445,CUST_SYN_000466,ACCT_SYN_000466,2025-11-24T15:35:00,2025-11-24,LIQUIDITY,R002,Insufficient synthetic available funds,HIGH,RESOLVED,TEAM_SYN_001,USER_SYN_001_A02,RESOLVED,SYN_RESOLVED,2025-11-24T18:35:00,2025-11-24T19:35:00,FALSE,TRUE
EXC_SYN_0001146,PAY_SYN_0020240,CUST_SYN_000381,ACCT_SYN_000381,2026-01-27T10:53:00,2026-01-27,ROUTING,R003,Beneficiary routing information requires correction,MEDIUM,RESOLVED,TEAM_SYN_002,USER_SYN_002_A03,RESOLVED,SYN_RESOLVED,2026-01-27T11:53:00,2026-01-27T18:53:00,FALSE,TRUE
EXC_SYN_0001147,PAY_SYN_0005914,CUST_SYN_000319,ACCT_SYN_001319,2026-02-19T15:44:00,2026-02-19,CUTOFF,R004,Payment missed the processing cutoff,LOW,RESOLVED,TEAM_SYN_003,USER_SYN_003_A04,RESOLVED,SYN_RESOLVED,2026-02-19T17:44:00,2026-02-19T23:44:00,TRUE,FALSE
EXC_SYN_0001148,PAY_SYN_0001139,CUST_SYN_000144,ACCT_SYN_000144,2026-03-07T20:52:00,2026-03-07,SANCTIONS_SCREENING,R005,Synthetic screening review pending,HIGH,OPEN,TEAM_SYN_004,USER_SYN_004_A01,UNRESOLVED,,,2026-03-08T00:52:00,TRUE,TRUE
EXC_SYN_0001149,PAY_SYN_0013024,CUST_SYN_000389,ACCT_SYN_000389,2026-01-30T15:40:00,2026-01-30,DUPLICATE,R006,Potential duplicate payment instruction,HIGH,RESOLVED,TEAM_SYN_005,USER_SYN_005_A02,RESOLVED,SYN_RESOLVED,2026-01-30T16:40:00,2026-01-30T19:40:00,FALSE,TRUE
EXC_SYN_0001150,PAY_SYN_0022101,CUST_SYN_000238,ACCT_SYN_000238,2026-01-04T12:52:00,2026-01-04,SYSTEM,R007,Processing system unavailable,MEDIUM,RESOLVED,TEAM_SYN_001,USER_SYN_001_A03,RESOLVED,SYN_RESOLVED,2026-01-04T14:52:00,2026-01-04T20:52:00,FALSE,FALSE
EXC_SYN_0001151,PAY_SYN_0024280,CUST_SYN_000361,ACCT_SYN_001361,2025-11-18T12:18:00,2025-11-18,AUTHORIZATION,R008,Required payment authorization incomplete,HIGH,RESOLVED,TEAM_SYN_002,USER_SYN_002_A04,RESOLVED,SYN_RESOLVED,2025-11-18T15:18:00,2025-11-18T16:18:00,TRUE,TRUE
EXC_SYN_0001152,PAY_SYN_0024058,CUST_SYN_000647,ACCT_SYN_000647,2025-12-30T20:37:00,2025-12-30,BENEFICIARY,R009,Beneficiary details require review,MEDIUM,OPEN,TEAM_SYN_003,USER_SYN_003_A01,UNRESOLVED,,,2025-12-31T04:37:00,TRUE,TRUE
EXC_SYN_0001153,PAY_SYN_0006733,CUST_SYN_000122,ACCT_SYN_000122,2026-02-28T15:35:00,2026-02-28,CURRENCY,R010,Currency handling exception,MEDIUM,RESOLVED,TEAM_SYN_004,USER_SYN_004_A02,RESOLVED,SYN_RESOLVED,2026-02-28T17:35:00,2026-02-28T23:35:00,TRUE,TRUE
EXC_SYN_0001154,PAY_SYN_0017004,CUST_SYN_000649,ACCT_SYN_000649,2026-03-02T17:05:00,2026-03-02,SETTLEMENT,R011,Settlement confirmation delayed,LOW,RESOLVED,TEAM_SYN_005,USER_SYN_005_A03,RESOLVED,SYN_RESOLVED,2026-03-02T20:05:00,2026-03-03T01:05:00,TRUE,FALSE
EXC_SYN_0001155,PAY_SYN_0021132,CUST_SYN_000385,ACCT_SYN_000385,2025-11-29T14:54:00,2025-11-29,VALIDATION,R001,Payment instruction failed validation,MEDIUM,RESOLVED,TEAM_SYN_001,USER_SYN_001_A04,RESOLVED,SYN_RESOLVED,2025-11-30T00:39:00,2025-11-29T22:54:00,TRUE,TRUE
EXC_SYN_0001156,PAY_SYN_0019359,CUST_SYN_000784,ACCT_SYN_000784,2026-02-20T22:16:00,2026-02-20,LIQUIDITY,R002,Insufficient synthetic available funds,HIGH,OPEN,TEAM_SYN_002,USER_SYN_002_A01,UNRESOLVED,,,2026-02-21T02:16:00,FALSE,TRUE
EXC_SYN_0001157,PAY_SYN_0018603,CUST_SYN_000312,ACCT_SYN_001312,2025-11-24T16:17:00,2025-11-24,ROUTING,R003,Beneficiary routing information requires correction,MEDIUM,RESOLVED,TEAM_SYN_003,USER_SYN_003_A02,RESOLVED,SYN_RESOLVED,2025-11-24T19:17:00,2025-11-25T00:17:00,TRUE,TRUE
EXC_SYN_0001158,PAY_SYN_0020098,CUST_SYN_000127,ACCT_SYN_001127,2026-03-10T21:55:00,2026-03-10,LIQUIDITY,R002,Insufficient synthetic available funds,HIGH,RESOLVED,TEAM_SYN_004,USER_SYN_004_A03,RESOLVED,SYN_RESOLVED,2026-03-10T22:55:00,2026-03-11T01:55:00,TRUE,TRUE
EXC_SYN_0001159,PAY_SYN_0009723,CUST_SYN_000252,ACCT_SYN_001252,2026-01-20T16:43:00,2026-01-20,SANCTIONS_SCREENING,R005,Synthetic screening review pending,HIGH,RESOLVED,TEAM_SYN_005,USER_SYN_005_A04,RESOLVED,SYN_RESOLVED,2026-01-20T18:43:00,2026-01-20T20:43:00,TRUE,TRUE
EXC_SYN_0001160,PAY_SYN_0008834,CUST_SYN_000359,ACCT_SYN_001359,2026-02-22T18:13:00,2026-02-22,DUPLICATE,R006,Potential duplicate payment instruction,HIGH,OPEN,TEAM_SYN_001,USER_SYN_001_A01,UNRESOLVED,,,2026-02-22T22:13:00,FALSE,TRUE
EXC_SYN_0001161,PAY_SYN_0020470,CUST_SYN_000391,ACCT_SYN_001391,2026-02-03T13:58:00,2026-02-03,SYSTEM,R007,Processing system unavailable,MEDIUM,RESOLVED,TEAM_SYN_002,USER_SYN_002_A02,RESOLVED,SYN_RESOLVED,2026-02-03T14:58:00,2026-02-03T21:58:00,TRUE,FALSE
EXC_SYN_0001162,PAY_SYN_0009136,CUST_SYN_000533,ACCT_SYN_000533,2026-02-02T20:53:00,2026-02-02,AUTHORIZATION,R008,Required payment authorization incomplete,HIGH,RESOLVED,TEAM_SYN_003,USER_SYN_003_A03,RESOLVED,SYN_RESOLVED,2026-02-03T02:45:00,2026-02-03T00:53:00,TRUE,TRUE
EXC_SYN_0001163,PAY_SYN_0003945,CUST_SYN_000466,ACCT_SYN_000466,2026-03-07T19:29:00,2026-03-07,BENEFICIARY,R009,Beneficiary details require review,MEDIUM,RESOLVED,TEAM_SYN_004,USER_SYN_004_A04,RESOLVED,SYN_RESOLVED,2026-03-07T22:29:00,2026-03-08T03:29:00,FALSE,TRUE
EXC_SYN_0001164,PAY_SYN_0024965,CUST_SYN_000206,ACCT_SYN_001206,2025-12-01T14:02:00,2025-12-01,CURRENCY,R010,Currency handling exception,MEDIUM,OPEN,TEAM_SYN_005,USER_SYN_005_A01,UNRESOLVED,,,2025-12-01T22:02:00,TRUE,TRUE
EXC_SYN_0001165,PAY_SYN_0012058,CUST_SYN_000647,ACCT_SYN_000647,2026-03-06T17:26:00,2026-03-06,SETTLEMENT,R011,Settlement confirmation delayed,LOW,RESOLVED,TEAM_SYN_001,USER_SYN_001_A02,RESOLVED,SYN_RESOLVED,2026-03-06T19:26:00,2026-03-07T01:26:00,TRUE,FALSE
EXC_SYN_0001166,PAY_SYN_0019874,CUST_SYN_000339,ACCT_SYN_000339,2026-02-27T13:31:00,2026-02-27,VALIDATION,R001,Payment instruction failed validation,MEDIUM,RESOLVED,TEAM_SYN_002,USER_SYN_002_A03,RESOLVED,SYN_RESOLVED,2026-02-27T16:31:00,2026-02-27T21:31:00,TRUE,TRUE
EXC_SYN_0001167,PAY_SYN_0004220,CUST_SYN_000141,ACCT_SYN_000141,2025-11-19T09:26:00,2025-11-19,LIQUIDITY,R002,Insufficient synthetic available funds,HIGH,RESOLVED,TEAM_SYN_003,USER_SYN_003_A04,RESOLVED,SYN_RESOLVED,2025-11-19T10:26:00,2025-11-19T13:26:00,TRUE,TRUE
EXC_SYN_0001168,PAY_SYN_0019934,CUST_SYN_000059,ACCT_SYN_001059,2025-11-24T13:57:00,2025-11-24,ROUTING,R003,Beneficiary routing information requires correction,MEDIUM,OPEN,TEAM_SYN_004,USER_SYN_004_A01,UNRESOLVED,,,2025-11-24T21:57:00,FALSE,TRUE
EXC_SYN_0001169,PAY_SYN_0013757,CUST_SYN_000510,ACCT_SYN_000510,2025-12-28T17:31:00,2025-12-28,CUTOFF,R004,Payment missed the processing cutoff,LOW,RESOLVED,TEAM_SYN_005,USER_SYN_005_A02,RESOLVED,SYN_RESOLVED,2025-12-29T03:30:00,2025-12-29T01:31:00,TRUE,FALSE
EXC_SYN_0001170,PAY_SYN_0008330,CUST_SYN_000711,ACCT_SYN_000711,2025-12-05T10:35:00,2025-12-05,SANCTIONS_SCREENING,R005,Synthetic screening review pending,HIGH,RESOLVED,TEAM_SYN_001,USER_SYN_001_A03,RESOLVED,SYN_RESOLVED,2025-12-05T11:35:00,2025-12-05T14:35:00,FALSE,TRUE
EXC_SYN_0001171,PAY_SYN_0021337,CUST_SYN_000470,ACCT_SYN_000470,2025-11-20T17:17:00,2025-11-20,DUPLICATE,R006,Potential duplicate payment instruction,HIGH,RESOLVED,TEAM_SYN_002,USER_SYN_002_A04,RESOLVED,SYN_RESOLVED,2025-11-20T19:17:00,2025-11-20T21:17:00,TRUE,TRUE
EXC_SYN_0001172,PAY_SYN_0017479,CUST_SYN_000224,ACCT_SYN_000224,2026-03-15T19:24:00,2026-03-15,SYSTEM,R007,Processing system unavailable,MEDIUM,OPEN,TEAM_SYN_003,USER_SYN_003_A01,UNRESOLVED,,,2026-03-16T03:24:00,TRUE,FALSE
EXC_SYN_0001173,PAY_SYN_0011275,CUST_SYN_000176,ACCT_SYN_000176,2026-03-05T15:49:00,2026-03-05,AUTHORIZATION,R008,Required payment authorization incomplete,HIGH,RESOLVED,TEAM_SYN_004,USER_SYN_004_A02,RESOLVED,SYN_RESOLVED,2026-03-05T16:49:00,2026-03-05T19:49:00,FALSE,TRUE
EXC_SYN_0001174,PAY_SYN_0002559,CUST_SYN_000184,ACCT_SYN_000184,2025-12-29T20:10:00,2025-12-29,BENEFICIARY,R009,Beneficiary details require review,MEDIUM,RESOLVED,TEAM_SYN_005,USER_SYN_005_A03,RESOLVED,SYN_RESOLVED,2025-12-29T22:10:00,2025-12-30T04:10:00,FALSE,TRUE
EXC_SYN_0001175,PAY_SYN_0019893,CUST_SYN_000042,ACCT_SYN_001042,2026-01-31T14:41:00,2026-01-31,CURRENCY,R010,Currency handling exception,MEDIUM,RESOLVED,TEAM_SYN_001,USER_SYN_001_A04,RESOLVED,SYN_RESOLVED,2026-01-31T17:41:00,2026-01-31T22:41:00,FALSE,TRUE
EXC_SYN_0001176,PAY_SYN_0017968,CUST_SYN_000317,ACCT_SYN_000317,2025-12-16T19:19:00,2025-12-16,SETTLEMENT,R011,Settlement confirmation delayed,LOW,OPEN,TEAM_SYN_002,USER_SYN_002_A01,UNRESOLVED,,,2025-12-17T03:19:00,TRUE,FALSE
EXC_SYN_0001177,PAY_SYN_0014229,CUST_SYN_000474,ACCT_SYN_001474,2025-11-30T20:19:00,2025-11-30,VALIDATION,R001,Payment instruction failed validation,MEDIUM,RESOLVED,TEAM_SYN_003,USER_SYN_003_A02,RESOLVED,SYN_RESOLVED,2025-11-30T22:19:00,2025-12-01T04:19:00,TRUE,TRUE
EXC_SYN_0001178,PAY_SYN_0009785,CUST_SYN_000546,ACCT_SYN_000546,2026-02-09T17:04:00,2026-02-09,LIQUIDITY,R002,Insufficient synthetic available funds,HIGH,RESOLVED,TEAM_SYN_004,USER_SYN_004_A03,RESOLVED,SYN_RESOLVED,2026-02-09T20:04:00,2026-02-09T21:04:00,TRUE,TRUE
EXC_SYN_0001179,PAY_SYN_0005552,CUST_SYN_000425,ACCT_SYN_001425,2026-03-15T14:26:00,2026-03-15,LIQUIDITY,R002,Insufficient synthetic available funds,HIGH,RESOLVED,TEAM_SYN_005,USER_SYN_005_A04,RESOLVED,SYN_RESOLVED,2026-03-15T15:26:00,2026-03-15T18:26:00,FALSE,TRUE
EXC_SYN_0001180,PAY_SYN_0001019,CUST_SYN_000204,ACCT_SYN_000204,2026-02-07T21:48:00,2026-02-07,CUTOFF,R004,Payment missed the processing cutoff,LOW,OPEN,TEAM_SYN_001,USER_SYN_001_A01,UNRESOLVED,,,2026-02-08T05:48:00,FALSE,FALSE
EXC_SYN_0001181,PAY_SYN_0023295,CUST_SYN_000916,ACCT_SYN_000916,2025-12-30T17:53:00,2025-12-30,SANCTIONS_SCREENING,R005,Synthetic screening review pending,HIGH,RESOLVED,TEAM_SYN_002,USER_SYN_002_A02,RESOLVED,SYN_RESOLVED,2025-12-30T20:53:00,2025-12-30T21:53:00,FALSE,TRUE
EXC_SYN_0001182,PAY_SYN_0007688,CUST_SYN_000957,ACCT_SYN_000957,2025-11-18T21:17:00,2025-11-18,DUPLICATE,R006,Potential duplicate payment instruction,HIGH,RESOLVED,TEAM_SYN_003,USER_SYN_003_A03,RESOLVED,SYN_RESOLVED,2025-11-18T22:17:00,2025-11-19T01:17:00,TRUE,TRUE
EXC_SYN_0001183,PAY_SYN_0010808,CUST_SYN_000897,ACCT_SYN_000897,2026-01-22T21:30:00,2026-01-22,SYSTEM,R007,Processing system unavailable,MEDIUM,RESOLVED,TEAM_SYN_004,USER_SYN_004_A04,RESOLVED,SYN_RESOLVED,2026-01-23T07:43:00,2026-01-23T05:30:00,FALSE,FALSE
EXC_SYN_0001184,PAY_SYN_0023900,CUST_SYN_000801,ACCT_SYN_000801,2026-02-11T13:07:00,2026-02-11,AUTHORIZATION,R008,Required payment authorization incomplete,HIGH,OPEN,TEAM_SYN_005,USER_SYN_005_A01,UNRESOLVED,,,2026-02-11T17:07:00,TRUE,TRUE
EXC_SYN_0001185,PAY_SYN_0001034,CUST_SYN_000759,ACCT_SYN_000759,2026-03-07T17:38:00,2026-03-07,BENEFICIARY,R009,Beneficiary details require review,MEDIUM,RESOLVED,TEAM_SYN_001,USER_SYN_001_A02,RESOLVED,SYN_RESOLVED,2026-03-07T18:38:00,2026-03-08T01:38:00,FALSE,TRUE
EXC_SYN_0001186,PAY_SYN_0010635,CUST_SYN_000496,ACCT_SYN_000496,2025-11-26T18:58:00,2025-11-26,CURRENCY,R010,Currency handling exception,MEDIUM,RESOLVED,TEAM_SYN_002,USER_SYN_002_A03,RESOLVED,SYN_RESOLVED,2025-11-26T20:58:00,2025-11-27T02:58:00,FALSE,TRUE
EXC_SYN_0001187,PAY_SYN_0019729,CUST_SYN_000974,ACCT_SYN_000974,2025-12-15T23:09:00,2025-12-15,SETTLEMENT,R011,Settlement confirmation delayed,LOW,RESOLVED,TEAM_SYN_003,USER_SYN_003_A04,RESOLVED,SYN_RESOLVED,2025-12-16T02:09:00,2025-12-16T07:09:00,FALSE,FALSE
EXC_SYN_0001188,PAY_SYN_0021662,CUST_SYN_000495,ACCT_SYN_000495,2026-01-16T15:53:00,2026-01-16,VALIDATION,R001,Payment instruction failed validation,MEDIUM,OPEN,TEAM_SYN_004,USER_SYN_004_A01,UNRESOLVED,,,2026-01-16T23:53:00,FALSE,TRUE
EXC_SYN_0001189,PAY_SYN_0002163,CUST_SYN_000532,ACCT_SYN_000532,2025-11-25T17:13:00,2025-11-25,LIQUIDITY,R002,Insufficient synthetic available funds,HIGH,RESOLVED,TEAM_SYN_005,USER_SYN_005_A02,RESOLVED,SYN_RESOLVED,2025-11-25T19:13:00,2025-11-25T21:13:00,TRUE,TRUE
EXC_SYN_0001190,PAY_SYN_0013434,CUST_SYN_000559,ACCT_SYN_000559,2026-02-09T18:23:00,2026-02-09,ROUTING,R003,Beneficiary routing information requires correction,MEDIUM,RESOLVED,TEAM_SYN_001,USER_SYN_001_A03,RESOLVED,SYN_RESOLVED,2026-02-10T04:43:00,2026-02-10T02:23:00,FALSE,TRUE
EXC_SYN_0001191,PAY_SYN_0011034,CUST_SYN_000259,ACCT_SYN_000259,2026-03-13T12:36:00,2026-03-13,LIQUIDITY,R002,Insufficient synthetic available funds,HIGH,RESOLVED,TEAM_SYN_002,USER_SYN_002_A04,RESOLVED,SYN_RESOLVED,2026-03-13T13:36:00,2026-03-13T16:36:00,TRUE,TRUE
EXC_SYN_0001192,PAY_SYN_0017688,CUST_SYN_000457,ACCT_SYN_000457,2026-03-14T17:07:00,2026-03-14,SANCTIONS_SCREENING,R005,Synthetic screening review pending,HIGH,OPEN,TEAM_SYN_003,USER_SYN_003_A01,UNRESOLVED,,,2026-03-14T21:07:00,FALSE,TRUE
EXC_SYN_0001193,PAY_SYN_0000018,CUST_SYN_000667,ACCT_SYN_000667,2026-02-12T16:50:00,2026-02-12,DUPLICATE,R006,Potential duplicate payment instruction,HIGH,RESOLVED,TEAM_SYN_004,USER_SYN_004_A02,RESOLVED,SYN_RESOLVED,2026-02-12T19:50:00,2026-02-12T20:50:00,TRUE,TRUE
EXC_SYN_0001194,PAY_SYN_0003825,CUST_SYN_000526,ACCT_SYN_000526,2025-12-08T14:12:00,2025-12-08,SYSTEM,R007,Processing system unavailable,MEDIUM,RESOLVED,TEAM_SYN_005,USER_SYN_005_A03,RESOLVED,SYN_RESOLVED,2025-12-08T15:12:00,2025-12-08T22:12:00,TRUE,FALSE
EXC_SYN_0001195,PAY_SYN_0021965,CUST_SYN_000206,ACCT_SYN_001206,2025-12-03T14:45:00,2025-12-03,AUTHORIZATION,R008,Required payment authorization incomplete,HIGH,RESOLVED,TEAM_SYN_001,USER_SYN_001_A04,RESOLVED,SYN_RESOLVED,2025-12-03T16:45:00,2025-12-03T18:45:00,FALSE,TRUE
EXC_SYN_0001196,PAY_SYN_0001583,CUST_SYN_000072,ACCT_SYN_000072,2026-01-29T13:04:00,2026-01-29,BENEFICIARY,R009,Beneficiary details require review,MEDIUM,OPEN,TEAM_SYN_002,USER_SYN_002_A01,UNRESOLVED,,,2026-01-29T21:04:00,FALSE,TRUE
EXC_SYN_0001197,PAY_SYN_0015338,CUST_SYN_000507,ACCT_SYN_000507,2026-03-15T18:02:00,2026-03-15,LIQUIDITY,R002,Insufficient synthetic available funds,HIGH,RESOLVED,TEAM_SYN_003,USER_SYN_003_A02,RESOLVED,SYN_RESOLVED,2026-03-16T00:29:00,2026-03-15T22:02:00,TRUE,TRUE
EXC_SYN_0001198,PAY_SYN_0003848,CUST_SYN_000377,ACCT_SYN_001377,2026-02-12T18:45:00,2026-02-12,SETTLEMENT,R011,Settlement confirmation delayed,LOW,RESOLVED,TEAM_SYN_004,USER_SYN_004_A03,RESOLVED,SYN_RESOLVED,2026-02-12T20:45:00,2026-02-13T02:45:00,FALSE,FALSE
EXC_SYN_0001199,PAY_SYN_0013421,CUST_SYN_000078,ACCT_SYN_000078,2026-03-08T11:49:00,2026-03-08,VALIDATION,R001,Payment instruction failed validation,MEDIUM,RESOLVED,TEAM_SYN_005,USER_SYN_005_A04,RESOLVED,SYN_RESOLVED,2026-03-08T14:49:00,2026-03-08T19:49:00,TRUE,TRUE
EXC_SYN_0001200,PAY_SYN_0011782,CUST_SYN_000935,ACCT_SYN_000935,2025-11-26T12:49:00,2025-11-26,LIQUIDITY,R002,Insufficient synthetic available funds,HIGH,OPEN,TEAM_SYN_001,USER_SYN_001_A01,UNRESOLVED,,,2025-11-26T16:49:00,FALSE,TRUE
EXC_SYN_0001201,PAY_SYN_0000223,CUST_SYN_000752,ACCT_SYN_000752,2026-02-14T13:29:00,2026-02-14,ROUTING,R003,Beneficiary routing information requires correction,MEDIUM,RESOLVED,TEAM_SYN_002,USER_SYN_002_A02,RESOLVED,SYN_RESOLVED,2026-02-14T15:29:00,2026-02-14T21:29:00,TRUE,TRUE
EXC_SYN_0001202,PAY_SYN_0024899,CUST_SYN_000264,ACCT_SYN_000264,2026-01-11T20:34:00,2026-01-11,CUTOFF,R004,Payment missed the processing cutoff,LOW,RESOLVED,TEAM_SYN_003,USER_SYN_003_A03,RESOLVED,SYN_RESOLVED,2026-01-11T23:34:00,2026-01-12T04:34:00,FALSE,FALSE
EXC_SYN_0001203,PAY_SYN_0023179,CUST_SYN_000124,ACCT_SYN_001124,2026-02-11T20:07:00,2026-02-11,SANCTIONS_SCREENING,R005,Synthetic screening review pending,HIGH,RESOLVED,TEAM_SYN_004,USER_SYN_004_A04,RESOLVED,SYN_RESOLVED,2026-02-11T21:07:00,2026-02-12T00:07:00,TRUE,TRUE
EXC_SYN_0001204,PAY_SYN_0002516,CUST_SYN_000093,ACCT_SYN_000093,2025-11-16T17:39:00,2025-11-16,DUPLICATE,R006,Potential duplicate payment instruction,HIGH,OPEN,TEAM_SYN_005,USER_SYN_005_A01,UNRESOLVED,,,2025-11-16T21:39:00,FALSE,TRUE
EXC_SYN_0001205,PAY_SYN_0008233,CUST_SYN_000122,ACCT_SYN_000122,2026-03-01T14:51:00,2026-03-01,SYSTEM,R007,Processing system unavailable,MEDIUM,RESOLVED,TEAM_SYN_001,USER_SYN_001_A02,RESOLVED,SYN_RESOLVED,2026-03-01T17:51:00,2026-03-01T22:51:00,TRUE,FALSE
EXC_SYN_0001206,PAY_SYN_0022142,CUST_SYN_000255,ACCT_SYN_000255,2026-03-10T13:47:00,2026-03-10,LIQUIDITY,R002,Insufficient synthetic available funds,HIGH,RESOLVED,TEAM_SYN_002,USER_SYN_002_A03,RESOLVED,SYN_RESOLVED,2026-03-10T14:47:00,2026-03-10T17:47:00,TRUE,TRUE
EXC_SYN_0001207,PAY_SYN_0013471,CUST_SYN_000428,ACCT_SYN_000428,2025-12-18T13:23:00,2025-12-18,BENEFICIARY,R009,Beneficiary details require review,MEDIUM,RESOLVED,TEAM_SYN_003,USER_SYN_003_A04,RESOLVED,SYN_RESOLVED,2025-12-18T15:23:00,2025-12-18T21:23:00,FALSE,TRUE
EXC_SYN_0001208,PAY_SYN_0018914,CUST_SYN_000819,ACCT_SYN_000819,2025-11-25T16:37:00,2025-11-25,CURRENCY,R010,Currency handling exception,MEDIUM,OPEN,TEAM_SYN_004,USER_SYN_004_A01,UNRESOLVED,,,2025-11-26T00:37:00,TRUE,TRUE
EXC_SYN_0001209,PAY_SYN_0002044,CUST_SYN_000629,ACCT_SYN_000629,2026-01-25T16:40:00,2026-01-25,SETTLEMENT,R011,Settlement confirmation delayed,LOW,RESOLVED,TEAM_SYN_005,USER_SYN_005_A02,RESOLVED,SYN_RESOLVED,2026-01-25T17:40:00,2026-01-26T00:40:00,TRUE,FALSE
EXC_SYN_0001210,PAY_SYN_0006424,CUST_SYN_000689,ACCT_SYN_000689,2026-02-09T16:53:00,2026-02-09,VALIDATION,R001,Payment instruction failed validation,MEDIUM,RESOLVED,TEAM_SYN_001,USER_SYN_001_A03,RESOLVED,SYN_RESOLVED,2026-02-09T18:53:00,2026-02-10T00:53:00,TRUE,TRUE
EXC_SYN_0001211,PAY_SYN_0001989,CUST_SYN_000094,ACCT_SYN_000094,2026-02-10T21:41:00,2026-02-10,LIQUIDITY,R002,Insufficient synthetic available funds,HIGH,RESOLVED,TEAM_SYN_002,USER_SYN_002_A04,RESOLVED,SYN_RESOLVED,2026-02-11T04:22:00,2026-02-11T01:41:00,FALSE,TRUE
EXC_SYN_0001212,PAY_SYN_0015029,CUST_SYN_000074,ACCT_SYN_001074,2025-12-22T22:14:00,2025-12-22,ROUTING,R003,Beneficiary routing information requires correction,MEDIUM,OPEN,TEAM_SYN_003,USER_SYN_003_A01,UNRESOLVED,,,2025-12-23T06:14:00,FALSE,TRUE
EXC_SYN_0001213,PAY_SYN_0009822,CUST_SYN_000415,ACCT_SYN_000415,2026-02-17T15:58:00,2026-02-17,CUTOFF,R004,Payment missed the processing cutoff,LOW,RESOLVED,TEAM_SYN_004,USER_SYN_004_A02,RESOLVED,SYN_RESOLVED,2026-02-17T17:58:00,2026-02-17T23:58:00,TRUE,FALSE
EXC_SYN_0001214,PAY_SYN_0024773,CUST_SYN_000102,ACCT_SYN_000102,2025-12-10T16:28:00,2025-12-10,SANCTIONS_SCREENING,R005,Synthetic screening review pending,HIGH,RESOLVED,TEAM_SYN_005,USER_SYN_005_A03,RESOLVED,SYN_RESOLVED,2025-12-10T19:28:00,2025-12-10T20:28:00,FALSE,TRUE
EXC_SYN_0001215,PAY_SYN_0000044,CUST_SYN_000129,ACCT_SYN_000129,2025-11-20T17:38:00,2025-11-20,DUPLICATE,R006,Potential duplicate payment instruction,HIGH,RESOLVED,TEAM_SYN_001,USER_SYN_001_A04,RESOLVED,SYN_RESOLVED,2025-11-20T18:38:00,2025-11-20T21:38:00,FALSE,TRUE
EXC_SYN_0001216,PAY_SYN_0018570,CUST_SYN_000091,ACCT_SYN_000091,2026-02-06T14:13:00,2026-02-06,SYSTEM,R007,Processing system unavailable,MEDIUM,OPEN,TEAM_SYN_002,USER_SYN_002_A01,UNRESOLVED,,,2026-02-06T22:13:00,TRUE,FALSE
EXC_SYN_0001217,PAY_SYN_0011425,CUST_SYN_000226,ACCT_SYN_001226,2025-12-27T19:51:00,2025-12-27,AUTHORIZATION,R008,Required payment authorization incomplete,HIGH,RESOLVED,TEAM_SYN_003,USER_SYN_003_A02,RESOLVED,SYN_RESOLVED,2025-12-27T22:51:00,2025-12-27T23:51:00,TRUE,TRUE
EXC_SYN_0001218,PAY_SYN_0006398,CUST_SYN_000227,ACCT_SYN_001227,2025-12-29T22:35:00,2025-12-29,BENEFICIARY,R009,Beneficiary details require review,MEDIUM,RESOLVED,TEAM_SYN_004,USER_SYN_004_A03,RESOLVED,SYN_RESOLVED,2025-12-30T09:23:00,2025-12-30T06:35:00,TRUE,TRUE
EXC_SYN_0001219,PAY_SYN_0020281,CUST_SYN_000398,ACCT_SYN_000398,2026-01-12T09:29:00,2026-01-12,CURRENCY,R010,Currency handling exception,MEDIUM,RESOLVED,TEAM_SYN_005,USER_SYN_005_A04,RESOLVED,SYN_RESOLVED,2026-01-12T11:29:00,2026-01-12T17:29:00,FALSE,TRUE
EXC_SYN_0001220,PAY_SYN_0013459,CUST_SYN_000484,ACCT_SYN_001484,2026-02-06T17:48:00,2026-02-06,SETTLEMENT,R011,Settlement confirmation delayed,LOW,OPEN,TEAM_SYN_001,USER_SYN_001_A01,UNRESOLVED,,,2026-02-07T01:48:00,TRUE,FALSE
EXC_SYN_0001221,PAY_SYN_0023366,CUST_SYN_000543,ACCT_SYN_000543,2025-11-18T14:50:00,2025-11-18,VALIDATION,R001,Payment instruction failed validation,MEDIUM,RESOLVED,TEAM_SYN_002,USER_SYN_002_A02,RESOLVED,SYN_RESOLVED,2025-11-18T15:50:00,2025-11-18T22:50:00,TRUE,TRUE
EXC_SYN_0001222,PAY_SYN_0017105,CUST_SYN_000386,ACCT_SYN_001386,2026-01-30T14:36:00,2026-01-30,LIQUIDITY,R002,Insufficient synthetic available funds,HIGH,RESOLVED,TEAM_SYN_003,USER_SYN_003_A03,RESOLVED,SYN_RESOLVED,2026-01-30T16:36:00,2026-01-30T18:36:00,TRUE,TRUE
EXC_SYN_0001223,PAY_SYN_0024368,CUST_SYN_000117,ACCT_SYN_000117,2026-01-03T18:10:00,2026-01-03,ROUTING,R003,Beneficiary routing information requires correction,MEDIUM,RESOLVED,TEAM_SYN_004,USER_SYN_004_A04,RESOLVED,SYN_RESOLVED,2026-01-03T21:10:00,2026-01-04T02:10:00,FALSE,TRUE
EXC_SYN_0001224,PAY_SYN_0018229,CUST_SYN_000974,ACCT_SYN_000974,2025-11-25T19:10:00,2025-11-25,CUTOFF,R004,Payment missed the processing cutoff,LOW,OPEN,TEAM_SYN_005,USER_SYN_005_A01,UNRESOLVED,,,2025-11-26T03:10:00,TRUE,FALSE
EXC_SYN_0001225,PAY_SYN_0008125,CUST_SYN_000626,ACCT_SYN_000626,2026-01-30T15:35:00,2026-01-30,SANCTIONS_SCREENING,R005,Synthetic screening review pending,HIGH,RESOLVED,TEAM_SYN_001,USER_SYN_001_A02,RESOLVED,SYN_RESOLVED,2026-01-30T22:30:00,2026-01-30T19:35:00,FALSE,TRUE
EXC_SYN_0001226,PAY_SYN_0000069,CUST_SYN_000054,ACCT_SYN_001054,2026-02-25T18:56:00,2026-02-25,DUPLICATE,R006,Potential duplicate payment instruction,HIGH,RESOLVED,TEAM_SYN_002,USER_SYN_002_A03,RESOLVED,SYN_RESOLVED,2026-02-25T21:56:00,2026-02-25T22:56:00,TRUE,TRUE
EXC_SYN_0001227,PAY_SYN_0016533,CUST_SYN_000222,ACCT_SYN_001222,2025-12-23T13:57:00,2025-12-23,SYSTEM,R007,Processing system unavailable,MEDIUM,RESOLVED,TEAM_SYN_003,USER_SYN_003_A04,RESOLVED,SYN_RESOLVED,2025-12-23T14:57:00,2025-12-23T21:57:00,FALSE,FALSE
EXC_SYN_0001228,PAY_SYN_0013638,CUST_SYN_000607,ACCT_SYN_000607,2026-02-25T18:25:00,2026-02-25,AUTHORIZATION,R008,Required payment authorization incomplete,HIGH,OPEN,TEAM_SYN_004,USER_SYN_004_A01,UNRESOLVED,,,2026-02-25T22:25:00,FALSE,TRUE
EXC_SYN_0001229,PAY_SYN_0015760,CUST_SYN_000121,ACCT_SYN_001121,2025-11-28T11:12:00,2025-11-28,BENEFICIARY,R009,Beneficiary details require review,MEDIUM,RESOLVED,TEAM_SYN_005,USER_SYN_005_A02,RESOLVED,SYN_RESOLVED,2025-11-28T14:12:00,2025-11-28T19:12:00,FALSE,TRUE
EXC_SYN_0001230,PAY_SYN_0014359,CUST_SYN_000284,ACCT_SYN_000284,2026-01-24T19:58:00,2026-01-24,CURRENCY,R010,Currency handling exception,MEDIUM,RESOLVED,TEAM_SYN_001,USER_SYN_001_A03,RESOLVED,SYN_RESOLVED,2026-01-24T20:58:00,2026-01-25T03:58:00,FALSE,TRUE
EXC_SYN_0001231,PAY_SYN_0013535,CUST_SYN_000296,ACCT_SYN_001296,2026-02-21T16:03:00,2026-02-21,SETTLEMENT,R011,Settlement confirmation delayed,LOW,RESOLVED,TEAM_SYN_002,USER_SYN_002_A04,RESOLVED,SYN_RESOLVED,2026-02-21T18:03:00,2026-02-22T00:03:00,TRUE,FALSE
EXC_SYN_0001232,PAY_SYN_0005950,CUST_SYN_000151,ACCT_SYN_001151,2025-12-30T11:21:00,2025-12-30,VALIDATION,R001,Payment instruction failed validation,MEDIUM,OPEN,TEAM_SYN_003,USER_SYN_003_A01,UNRESOLVED,,,2025-12-30T19:21:00,TRUE,TRUE
EXC_SYN_0001233,PAY_SYN_0019765,CUST_SYN_000806,ACCT_SYN_000806,2025-12-15T17:19:00,2025-12-15,LIQUIDITY,R002,Insufficient synthetic available funds,HIGH,RESOLVED,TEAM_SYN_004,USER_SYN_004_A02,RESOLVED,SYN_RESOLVED,2025-12-15T18:19:00,2025-12-15T21:19:00,FALSE,TRUE
EXC_SYN_0001234,PAY_SYN_0017363,CUST_SYN_000432,ACCT_SYN_000432,2026-03-15T15:18:00,2026-03-15,ROUTING,R003,Beneficiary routing information requires correction,MEDIUM,RESOLVED,TEAM_SYN_005,USER_SYN_005_A03,RESOLVED,SYN_RESOLVED,2026-03-15T17:18:00,2026-03-15T23:18:00,FALSE,TRUE
EXC_SYN_0001235,PAY_SYN_0015284,CUST_SYN_000009,ACCT_SYN_000009,2025-12-07T15:58:00,2025-12-07,CUTOFF,R004,Payment missed the processing cutoff,LOW,RESOLVED,TEAM_SYN_001,USER_SYN_001_A04,RESOLVED,SYN_RESOLVED,2025-12-07T18:58:00,2025-12-07T23:58:00,FALSE,FALSE
EXC_SYN_0001236,PAY_SYN_0002294,CUST_SYN_000879,ACCT_SYN_000879,2026-03-13T16:41:00,2026-03-13,LIQUIDITY,R002,Insufficient synthetic available funds,HIGH,OPEN,TEAM_SYN_002,USER_SYN_002_A01,UNRESOLVED,,,2026-03-13T20:41:00,FALSE,TRUE
EXC_SYN_0001237,PAY_SYN_0008915,CUST_SYN_000356,ACCT_SYN_001356,2026-01-06T17:21:00,2026-01-06,DUPLICATE,R006,Potential duplicate payment instruction,HIGH,RESOLVED,TEAM_SYN_003,USER_SYN_003_A02,RESOLVED,SYN_RESOLVED,2026-01-06T19:21:00,2026-01-06T21:21:00,TRUE,TRUE
EXC_SYN_0001238,PAY_SYN_0001109,CUST_SYN_000534,ACCT_SYN_000534,2026-01-11T21:52:00,2026-01-11,SYSTEM,R007,Processing system unavailable,MEDIUM,RESOLVED,TEAM_SYN_004,USER_SYN_004_A03,RESOLVED,SYN_RESOLVED,2026-01-12T00:52:00,2026-01-12T05:52:00,FALSE,FALSE
EXC_SYN_0001239,PAY_SYN_0012157,CUST_SYN_000310,ACCT_SYN_001310,2025-12-30T20:01:00,2025-12-30,AUTHORIZATION,R008,Required payment authorization incomplete,HIGH,RESOLVED,TEAM_SYN_005,USER_SYN_005_A04,RESOLVED,SYN_RESOLVED,2025-12-31T03:10:00,2025-12-31T00:01:00,TRUE,TRUE
EXC_SYN_0001240,PAY_SYN_0003508,CUST_SYN_000797,ACCT_SYN_000797,2025-12-02T21:11:00,2025-12-02,BENEFICIARY,R009,Beneficiary details require review,MEDIUM,OPEN,TEAM_SYN_001,USER_SYN_001_A01,UNRESOLVED,,,2025-12-03T05:11:00,FALSE,TRUE
EXC_SYN_0001241,PAY_SYN_0020557,CUST_SYN_000110,ACCT_SYN_000110,2025-12-23T20:27:00,2025-12-23,CURRENCY,R010,Currency handling exception,MEDIUM,RESOLVED,TEAM_SYN_002,USER_SYN_002_A02,RESOLVED,SYN_RESOLVED,2025-12-23T23:27:00,2025-12-24T04:27:00,TRUE,TRUE
EXC_SYN_0001242,PAY_SYN_0024264,CUST_SYN_000769,ACCT_SYN_000769,2026-03-14T18:09:00,2026-03-14,LIQUIDITY,R002,Insufficient synthetic available funds,HIGH,RESOLVED,TEAM_SYN_003,USER_SYN_003_A03,RESOLVED,SYN_RESOLVED,2026-03-14T19:09:00,2026-03-14T22:09:00,TRUE,TRUE
EXC_SYN_0001243,PAY_SYN_0009039,CUST_SYN_000444,ACCT_SYN_001444,2026-01-16T23:07:00,2026-01-16,VALIDATION,R001,Payment instruction failed validation,MEDIUM,RESOLVED,TEAM_SYN_004,USER_SYN_004_A04,RESOLVED,SYN_RESOLVED,2026-01-17T01:07:00,2026-01-17T07:07:00,FALSE,TRUE
EXC_SYN_0001244,PAY_SYN_0000842,CUST_SYN_000155,ACCT_SYN_001155,2026-01-06T16:01:00,2026-01-06,LIQUIDITY,R002,Insufficient synthetic available funds,HIGH,OPEN,TEAM_SYN_005,USER_SYN_005_A01,UNRESOLVED,,,2026-01-06T20:01:00,TRUE,TRUE
EXC_SYN_0001245,PAY_SYN_0002489,CUST_SYN_000594,ACCT_SYN_000594,2025-12-05T23:23:00,2025-12-05,ROUTING,R003,Beneficiary routing information requires correction,MEDIUM,RESOLVED,TEAM_SYN_001,USER_SYN_001_A02,RESOLVED,SYN_RESOLVED,2025-12-06T00:23:00,2025-12-06T07:23:00,FALSE,TRUE
EXC_SYN_0001246,PAY_SYN_0018783,CUST_SYN_000472,ACCT_SYN_000472,2026-02-06T17:34:00,2026-02-06,CUTOFF,R004,Payment missed the processing cutoff,LOW,RESOLVED,TEAM_SYN_002,USER_SYN_002_A03,RESOLVED,SYN_RESOLVED,2026-02-07T04:50:00,2026-02-07T01:34:00,TRUE,FALSE
EXC_SYN_0001247,PAY_SYN_0017588,CUST_SYN_000257,ACCT_SYN_001257,2026-01-22T17:22:00,2026-01-22,SANCTIONS_SCREENING,R005,Synthetic screening review pending,HIGH,RESOLVED,TEAM_SYN_003,USER_SYN_003_A04,RESOLVED,SYN_RESOLVED,2026-01-22T20:22:00,2026-01-22T21:22:00,FALSE,TRUE
EXC_SYN_0001248,PAY_SYN_0012211,CUST_SYN_000308,ACCT_SYN_000308,2026-01-23T10:16:00,2026-01-23,DUPLICATE,R006,Potential duplicate payment instruction,HIGH,OPEN,TEAM_SYN_004,USER_SYN_004_A01,UNRESOLVED,,,2026-01-23T14:16:00,FALSE,TRUE
EXC_SYN_0001249,PAY_SYN_0002757,CUST_SYN_000010,ACCT_SYN_000010,2025-11-17T16:31:00,2025-11-17,SYSTEM,R007,Processing system unavailable,MEDIUM,RESOLVED,TEAM_SYN_005,USER_SYN_005_A02,RESOLVED,SYN_RESOLVED,2025-11-17T18:31:00,2025-11-18T00:31:00,TRUE,FALSE
EXC_SYN_0001250,PAY_SYN_0011384,CUST_SYN_000209,ACCT_SYN_001209,2026-01-01T13:13:00,2026-01-01,AUTHORIZATION,R008,Required payment authorization incomplete,HIGH,RESOLVED,TEAM_SYN_001,USER_SYN_001_A03,RESOLVED,SYN_RESOLVED,2026-01-01T16:13:00,2026-01-01T17:13:00,FALSE,TRUE
EXC_SYN_0001251,PAY_SYN_0023454,CUST_SYN_000799,ACCT_SYN_000799,2026-01-10T13:36:00,2026-01-10,BENEFICIARY,R009,Beneficiary details require review,MEDIUM,RESOLVED,TEAM_SYN_002,USER_SYN_002_A04,RESOLVED,SYN_RESOLVED,2026-01-10T14:36:00,2026-01-10T21:36:00,FALSE,TRUE
EXC_SYN_0001252,PAY_SYN_0004734,CUST_SYN_000159,ACCT_SYN_001159,2026-03-15T13:49:00,2026-03-15,CURRENCY,R010,Currency handling exception,MEDIUM,OPEN,TEAM_SYN_003,USER_SYN_003_A01,UNRESOLVED,,,2026-03-15T21:49:00,TRUE,TRUE
EXC_SYN_0001253,PAY_SYN_0013996,CUST_SYN_000353,ACCT_SYN_000353,2026-01-21T16:36:00,2026-01-21,SETTLEMENT,R011,Settlement confirmation delayed,LOW,RESOLVED,TEAM_SYN_004,USER_SYN_004_A02,RESOLVED,SYN_RESOLVED,2026-01-22T03:59:00,2026-01-22T00:36:00,TRUE,FALSE
EXC_SYN_0001254,PAY_SYN_0016858,CUST_SYN_000247,ACCT_SYN_001247,2025-11-22T18:43:00,2025-11-22,VALIDATION,R001,Payment instruction failed validation,MEDIUM,RESOLVED,TEAM_SYN_005,USER_SYN_005_A03,RESOLVED,SYN_RESOLVED,2025-11-22T19:43:00,2025-11-23T02:43:00,TRUE,TRUE
EXC_SYN_0001255,PAY_SYN_0010391,CUST_SYN_000468,ACCT_SYN_000468,2025-12-04T11:27:00,2025-12-04,LIQUIDITY,R002,Insufficient synthetic available funds,HIGH,RESOLVED,TEAM_SYN_001,USER_SYN_001_A04,RESOLVED,SYN_RESOLVED,2025-12-04T13:27:00,2025-12-04T15:27:00,FALSE,TRUE
EXC_SYN_0001256,PAY_SYN_0020448,CUST_SYN_000577,ACCT_SYN_000577,2026-03-12T18:59:00,2026-03-12,ROUTING,R003,Beneficiary routing information requires correction,MEDIUM,OPEN,TEAM_SYN_002,USER_SYN_002_A01,UNRESOLVED,,,2026-03-13T02:59:00,FALSE,TRUE
EXC_SYN_0001257,PAY_SYN_0016730,CUST_SYN_000011,ACCT_SYN_001011,2026-02-14T11:26:00,2026-02-14,CUTOFF,R004,Payment missed the processing cutoff,LOW,RESOLVED,TEAM_SYN_003,USER_SYN_003_A02,RESOLVED,SYN_RESOLVED,2026-02-14T12:26:00,2026-02-14T19:26:00,FALSE,FALSE
EXC_SYN_0001258,PAY_SYN_0008321,CUST_SYN_000378,ACCT_SYN_000378,2025-12-27T12:36:00,2025-12-27,SANCTIONS_SCREENING,R005,Synthetic screening review pending,HIGH,RESOLVED,TEAM_SYN_004,USER_SYN_004_A03,RESOLVED,SYN_RESOLVED,2025-12-27T14:36:00,2025-12-27T16:36:00,FALSE,TRUE
EXC_SYN_0001259,PAY_SYN_0021364,CUST_SYN_000469,ACCT_SYN_001469,2026-01-05T15:30:00,2026-01-05,DUPLICATE,R006,Potential duplicate payment instruction,HIGH,RESOLVED,TEAM_SYN_005,USER_SYN_005_A04,RESOLVED,SYN_RESOLVED,2026-01-05T18:30:00,2026-01-05T19:30:00,FALSE,TRUE
EXC_SYN_0001260,PAY_SYN_0003369,CUST_SYN_000154,ACCT_SYN_000154,2025-12-31T20:18:00,2025-12-31,SYSTEM,R007,Processing system unavailable,MEDIUM,OPEN,TEAM_SYN_001,USER_SYN_001_A01,UNRESOLVED,,,2026-01-01T04:18:00,TRUE,FALSE
EXC_SYN_0001261,PAY_SYN_0003049,CUST_SYN_000314,ACCT_SYN_000314,2026-01-17T21:11:00,2026-01-17,AUTHORIZATION,R008,Required payment authorization incomplete,HIGH,RESOLVED,TEAM_SYN_002,USER_SYN_002_A02,RESOLVED,SYN_RESOLVED,2026-01-17T23:11:00,2026-01-18T01:11:00,FALSE,TRUE
EXC_SYN_0001262,PAY_SYN_0013002,CUST_SYN_000075,ACCT_SYN_001075,2026-01-05T14:35:00,2026-01-05,BENEFICIARY,R009,Beneficiary details require review,MEDIUM,RESOLVED,TEAM_SYN_003,USER_SYN_003_A03,RESOLVED,SYN_RESOLVED,2026-01-05T17:35:00,2026-01-05T22:35:00,FALSE,TRUE
EXC_SYN_0001263,PAY_SYN_0012355,CUST_SYN_000136,ACCT_SYN_001136,2025-12-03T17:19:00,2025-12-03,CURRENCY,R010,Currency handling exception,MEDIUM,RESOLVED,TEAM_SYN_004,USER_SYN_004_A04,RESOLVED,SYN_RESOLVED,2025-12-03T18:19:00,2025-12-04T01:19:00,FALSE,TRUE
EXC_SYN_0001264,PAY_SYN_0000097,CUST_SYN_000590,ACCT_SYN_000590,2026-03-10T19:26:00,2026-03-10,LIQUIDITY,R002,Insufficient synthetic available funds,HIGH,OPEN,TEAM_SYN_005,USER_SYN_005_A01,UNRESOLVED,,,2026-03-10T23:26:00,TRUE,TRUE
EXC_SYN_0001265,PAY_SYN_0013364,CUST_SYN_000969,ACCT_SYN_000969,2026-02-13T16:28:00,2026-02-13,VALIDATION,R001,Payment instruction failed validation,MEDIUM,RESOLVED,TEAM_SYN_001,USER_SYN_001_A02,RESOLVED,SYN_RESOLVED,2026-02-13T19:28:00,2026-02-14T00:28:00,FALSE,TRUE
EXC_SYN_0001266,PAY_SYN_0023736,CUST_SYN_000733,ACCT_SYN_000733,2026-02-01T18:45:00,2026-02-01,LIQUIDITY,R002,Insufficient synthetic available funds,HIGH,RESOLVED,TEAM_SYN_002,USER_SYN_002_A03,RESOLVED,SYN_RESOLVED,2026-02-01T19:45:00,2026-02-01T22:45:00,FALSE,TRUE
EXC_SYN_0001267,PAY_SYN_0022170,CUST_SYN_000291,ACCT_SYN_001291,2026-02-20T13:16:00,2026-02-20,ROUTING,R003,Beneficiary routing information requires correction,MEDIUM,RESOLVED,TEAM_SYN_003,USER_SYN_003_A04,RESOLVED,SYN_RESOLVED,2026-02-20T21:53:00,2026-02-20T21:16:00,FALSE,TRUE
EXC_SYN_0001268,PAY_SYN_0012055,CUST_SYN_000536,ACCT_SYN_000536,2026-01-17T18:24:00,2026-01-17,CUTOFF,R004,Payment missed the processing cutoff,LOW,OPEN,TEAM_SYN_004,USER_SYN_004_A01,UNRESOLVED,,,2026-01-18T02:24:00,FALSE,FALSE
EXC_SYN_0001269,PAY_SYN_0015280,CUST_SYN_000361,ACCT_SYN_001361,2026-01-31T13:52:00,2026-01-31,SANCTIONS_SCREENING,R005,Synthetic screening review pending,HIGH,RESOLVED,TEAM_SYN_005,USER_SYN_005_A02,RESOLVED,SYN_RESOLVED,2026-01-31T14:52:00,2026-01-31T17:52:00,FALSE,TRUE
EXC_SYN_0001270,PAY_SYN_0004426,CUST_SYN_000263,ACCT_SYN_000263,2026-02-13T19:47:00,2026-02-13,DUPLICATE,R006,Potential duplicate payment instruction,HIGH,RESOLVED,TEAM_SYN_001,USER_SYN_001_A03,RESOLVED,SYN_RESOLVED,2026-02-13T21:47:00,2026-02-13T23:47:00,FALSE,TRUE
EXC_SYN_0001271,PAY_SYN_0012116,CUST_SYN_000293,ACCT_SYN_001293,2025-12-02T20:10:00,2025-12-02,SYSTEM,R007,Processing system unavailable,MEDIUM,RESOLVED,TEAM_SYN_002,USER_SYN_002_A04,RESOLVED,SYN_RESOLVED,2025-12-02T23:10:00,2025-12-03T04:10:00,FALSE,FALSE
EXC_SYN_0001272,PAY_SYN_0008998,CUST_SYN_000427,ACCT_SYN_001427,2025-12-01T22:37:00,2025-12-01,AUTHORIZATION,R008,Required payment authorization incomplete,HIGH,OPEN,TEAM_SYN_003,USER_SYN_003_A01,UNRESOLVED,,,2025-12-02T02:37:00,TRUE,TRUE
EXC_SYN_0001273,PAY_SYN_0009373,CUST_SYN_000302,ACCT_SYN_000302,2025-12-27T17:35:00,2025-12-27,BENEFICIARY,R009,Beneficiary details require review,MEDIUM,RESOLVED,TEAM_SYN_004,USER_SYN_004_A02,RESOLVED,SYN_RESOLVED,2025-12-27T19:35:00,2025-12-28T01:35:00,FALSE,TRUE
EXC_SYN_0001274,PAY_SYN_0016038,CUST_SYN_000907,ACCT_SYN_000907,2025-12-06T16:23:00,2025-12-06,CURRENCY,R010,Currency handling exception,MEDIUM,RESOLVED,TEAM_SYN_005,USER_SYN_005_A03,RESOLVED,SYN_RESOLVED,2025-12-07T01:07:00,2025-12-07T00:23:00,TRUE,TRUE
EXC_SYN_0001275,PAY_SYN_0023008,CUST_SYN_000797,ACCT_SYN_000797,2026-01-06T16:46:00,2026-01-06,SETTLEMENT,R011,Settlement confirmation delayed,LOW,RESOLVED,TEAM_SYN_001,USER_SYN_001_A04,RESOLVED,SYN_RESOLVED,2026-01-06T17:46:00,2026-01-07T00:46:00,FALSE,FALSE
EXC_SYN_0001276,PAY_SYN_0011137,CUST_SYN_000070,ACCT_SYN_001070,2026-02-19T16:02:00,2026-02-19,VALIDATION,R001,Payment instruction failed validation,MEDIUM,OPEN,TEAM_SYN_002,USER_SYN_002_A01,UNRESOLVED,,,2026-02-20T00:02:00,FALSE,TRUE
EXC_SYN_0001277,PAY_SYN_0004858,CUST_SYN_000247,ACCT_SYN_001247,2026-01-27T17:42:00,2026-01-27,LIQUIDITY,R002,Insufficient synthetic available funds,HIGH,RESOLVED,TEAM_SYN_003,USER_SYN_003_A02,RESOLVED,SYN_RESOLVED,2026-01-27T20:42:00,2026-01-27T21:42:00,FALSE,TRUE
EXC_SYN_0001278,PAY_SYN_0020284,CUST_SYN_000509,ACCT_SYN_000509,2025-11-25T13:37:00,2025-11-25,ROUTING,R003,Beneficiary routing information requires correction,MEDIUM,RESOLVED,TEAM_SYN_004,USER_SYN_004_A03,RESOLVED,SYN_RESOLVED,2025-11-25T14:37:00,2025-11-25T21:37:00,FALSE,TRUE
EXC_SYN_0001279,PAY_SYN_0016747,CUST_SYN_000140,ACCT_SYN_000140,2026-03-06T17:11:00,2026-03-06,CUTOFF,R004,Payment missed the processing cutoff,LOW,RESOLVED,TEAM_SYN_005,USER_SYN_005_A04,RESOLVED,SYN_RESOLVED,2026-03-06T19:11:00,2026-03-07T01:11:00,TRUE,FALSE
EXC_SYN_0001280,PAY_SYN_0009130,CUST_SYN_000311,ACCT_SYN_000311,2026-03-06T09:45:00,2026-03-06,SANCTIONS_SCREENING,R005,Synthetic screening review pending,HIGH,OPEN,TEAM_SYN_001,USER_SYN_001_A01,UNRESOLVED,,,2026-03-06T13:45:00,FALSE,TRUE
EXC_SYN_0001281,PAY_SYN_0014190,CUST_SYN_000031,ACCT_SYN_000031,2025-12-01T10:18:00,2025-12-01,DUPLICATE,R006,Potential duplicate payment instruction,HIGH,RESOLVED,TEAM_SYN_002,USER_SYN_002_A02,RESOLVED,SYN_RESOLVED,2025-12-01T15:09:00,2025-12-01T14:18:00,TRUE,TRUE
EXC_SYN_0001282,PAY_SYN_0010660,CUST_SYN_000421,ACCT_SYN_001421,2025-12-02T10:41:00,2025-12-02,SYSTEM,R007,Processing system unavailable,MEDIUM,RESOLVED,TEAM_SYN_003,USER_SYN_003_A03,RESOLVED,SYN_RESOLVED,2025-12-02T12:41:00,2025-12-02T18:41:00,TRUE,FALSE
EXC_SYN_0001283,PAY_SYN_0017498,CUST_SYN_000927,ACCT_SYN_000927,2026-01-08T18:40:00,2026-01-08,AUTHORIZATION,R008,Required payment authorization incomplete,HIGH,RESOLVED,TEAM_SYN_004,USER_SYN_004_A04,RESOLVED,SYN_RESOLVED,2026-01-08T21:40:00,2026-01-08T22:40:00,FALSE,TRUE
EXC_SYN_0001284,PAY_SYN_0002704,CUST_SYN_000049,ACCT_SYN_001049,2025-12-31T14:55:00,2025-12-31,BENEFICIARY,R009,Beneficiary details require review,MEDIUM,OPEN,TEAM_SYN_005,USER_SYN_005_A01,UNRESOLVED,,,2025-12-31T22:55:00,FALSE,TRUE
EXC_SYN_0001285,PAY_SYN_0021640,CUST_SYN_000181,ACCT_SYN_001181,2026-02-03T11:20:00,2026-02-03,CURRENCY,R010,Currency handling exception,MEDIUM,RESOLVED,TEAM_SYN_001,USER_SYN_001_A02,RESOLVED,SYN_RESOLVED,2026-02-03T13:20:00,2026-02-03T19:20:00,TRUE,TRUE
EXC_SYN_0001286,PAY_SYN_0023149,CUST_SYN_000014,ACCT_SYN_000014,2026-01-05T20:36:00,2026-01-05,SETTLEMENT,R011,Settlement confirmation delayed,LOW,RESOLVED,TEAM_SYN_002,USER_SYN_002_A03,RESOLVED,SYN_RESOLVED,2026-01-05T23:36:00,2026-01-06T04:36:00,TRUE,FALSE
EXC_SYN_0001287,PAY_SYN_0008984,CUST_SYN_000909,ACCT_SYN_000909,2026-03-11T15:14:00,2026-03-11,LIQUIDITY,R002,Insufficient synthetic available funds,HIGH,RESOLVED,TEAM_SYN_003,USER_SYN_003_A04,RESOLVED,SYN_RESOLVED,2026-03-11T16:14:00,2026-03-11T19:14:00,TRUE,TRUE
EXC_SYN_0001288,PAY_SYN_0015798,CUST_SYN_000027,ACCT_SYN_001027,2025-11-28T19:25:00,2025-11-28,LIQUIDITY,R002,Insufficient synthetic available funds,HIGH,OPEN,TEAM_SYN_004,USER_SYN_004_A01,UNRESOLVED,,,2025-11-28T23:25:00,FALSE,TRUE
EXC_SYN_0001289,PAY_SYN_0020748,CUST_SYN_000177,ACCT_SYN_001177,2026-02-01T20:08:00,2026-02-01,ROUTING,R003,Beneficiary routing information requires correction,MEDIUM,RESOLVED,TEAM_SYN_005,USER_SYN_005_A02,RESOLVED,SYN_RESOLVED,2026-02-01T23:08:00,2026-02-02T04:08:00,TRUE,TRUE
EXC_SYN_0001290,PAY_SYN_0023941,CUST_SYN_000818,ACCT_SYN_000818,2025-11-21T12:52:00,2025-11-21,CUTOFF,R004,Payment missed the processing cutoff,LOW,RESOLVED,TEAM_SYN_001,USER_SYN_001_A03,RESOLVED,SYN_RESOLVED,2025-11-21T13:52:00,2025-11-21T20:52:00,TRUE,FALSE
EXC_SYN_0001291,PAY_SYN_0024506,CUST_SYN_000723,ACCT_SYN_000723,2026-01-04T18:00:00,2026-01-04,SANCTIONS_SCREENING,R005,Synthetic screening review pending,HIGH,RESOLVED,TEAM_SYN_002,USER_SYN_002_A04,RESOLVED,SYN_RESOLVED,2026-01-04T20:00:00,2026-01-04T22:00:00,FALSE,TRUE
EXC_SYN_0001292,PAY_SYN_0020735,CUST_SYN_000696,ACCT_SYN_000696,2026-01-28T17:16:00,2026-01-28,DUPLICATE,R006,Potential duplicate payment instruction,HIGH,OPEN,TEAM_SYN_003,USER_SYN_003_A01,UNRESOLVED,,,2026-01-28T21:16:00,FALSE,TRUE
EXC_SYN_0001293,PAY_SYN_0002423,CUST_SYN_000152,ACCT_SYN_001152,2026-02-18T16:05:00,2026-02-18,SYSTEM,R007,Processing system unavailable,MEDIUM,RESOLVED,TEAM_SYN_004,USER_SYN_004_A02,RESOLVED,SYN_RESOLVED,2026-02-18T17:05:00,2026-02-19T00:05:00,FALSE,FALSE
EXC_SYN_0001294,PAY_SYN_0000935,CUST_SYN_000096,ACCT_SYN_000096,2026-01-19T17:42:00,2026-01-19,AUTHORIZATION,R008,Required payment authorization incomplete,HIGH,RESOLVED,TEAM_SYN_005,USER_SYN_005_A03,RESOLVED,SYN_RESOLVED,2026-01-19T19:42:00,2026-01-19T21:42:00,FALSE,TRUE
EXC_SYN_0001295,PAY_SYN_0023559,CUST_SYN_000184,ACCT_SYN_000184,2026-01-29T22:23:00,2026-01-29,BENEFICIARY,R009,Beneficiary details require review,MEDIUM,RESOLVED,TEAM_SYN_001,USER_SYN_001_A04,RESOLVED,SYN_RESOLVED,2026-01-30T07:28:00,2026-01-30T06:23:00,TRUE,TRUE
EXC_SYN_0001296,PAY_SYN_0004106,CUST_SYN_000423,ACCT_SYN_000423,2026-02-21T19:05:00,2026-02-21,CURRENCY,R010,Currency handling exception,MEDIUM,OPEN,TEAM_SYN_002,USER_SYN_002_A01,UNRESOLVED,,,2026-02-22T03:05:00,FALSE,TRUE
EXC_SYN_0001297,PAY_SYN_0014880,CUST_SYN_000061,ACCT_SYN_000061,2026-01-07T13:16:00,2026-01-07,SETTLEMENT,R011,Settlement confirmation delayed,LOW,RESOLVED,TEAM_SYN_003,USER_SYN_003_A02,RESOLVED,SYN_RESOLVED,2026-01-07T15:16:00,2026-01-07T21:16:00,FALSE,FALSE
EXC_SYN_0001298,PAY_SYN_0008268,CUST_SYN_000417,ACCT_SYN_001417,2026-03-14T22:05:00,2026-03-14,VALIDATION,R001,Payment instruction failed validation,MEDIUM,RESOLVED,TEAM_SYN_004,USER_SYN_004_A03,RESOLVED,SYN_RESOLVED,2026-03-15T01:05:00,2026-03-15T06:05:00,TRUE,TRUE
EXC_SYN_0001299,PAY_SYN_0007172,CUST_SYN_000365,ACCT_SYN_001365,2026-01-25T16:26:00,2026-01-25,LIQUIDITY,R002,Insufficient synthetic available funds,HIGH,RESOLVED,TEAM_SYN_005,USER_SYN_005_A04,RESOLVED,SYN_RESOLVED,2026-01-25T17:26:00,2026-01-25T20:26:00,FALSE,TRUE
EXC_SYN_0001300,PAY_SYN_0002567,CUST_SYN_000480,ACCT_SYN_000480,2025-12-24T21:24:00,2025-12-24,ROUTING,R003,Beneficiary routing information requires correction,MEDIUM,OPEN,TEAM_SYN_001,USER_SYN_001_A01,UNRESOLVED,,,2025-12-25T05:24:00,TRUE,TRUE
EXC_SYN_0001301,PAY_SYN_0000119,CUST_SYN_000404,ACCT_SYN_001404,2026-02-22T00:01:00,2026-02-22,CUTOFF,R004,Payment missed the processing cutoff,LOW,RESOLVED,TEAM_SYN_002,USER_SYN_002_A02,RESOLVED,SYN_RESOLVED,2026-02-22T03:01:00,2026-02-22T08:01:00,TRUE,FALSE
EXC_SYN_0001302,PAY_SYN_0001015,CUST_SYN_000056,ACCT_SYN_000056,2026-01-31T13:46:00,2026-01-31,SANCTIONS_SCREENING,R005,Synthetic screening review pending,HIGH,RESOLVED,TEAM_SYN_003,USER_SYN_003_A03,RESOLVED,SYN_RESOLVED,2026-01-31T18:58:00,2026-01-31T17:46:00,TRUE,TRUE
EXC_SYN_0001303,PAY_SYN_0017690,CUST_SYN_000531,ACCT_SYN_000531,2026-02-04T09:24:00,2026-02-04,DUPLICATE,R006,Potential duplicate payment instruction,HIGH,RESOLVED,TEAM_SYN_004,USER_SYN_004_A04,RESOLVED,SYN_RESOLVED,2026-02-04T11:24:00,2026-02-04T13:24:00,TRUE,TRUE
EXC_SYN_0001304,PAY_SYN_0017994,CUST_SYN_000279,ACCT_SYN_001279,2026-01-15T13:05:00,2026-01-15,SYSTEM,R007,Processing system unavailable,MEDIUM,OPEN,TEAM_SYN_005,USER_SYN_005_A01,UNRESOLVED,,,2026-01-15T21:05:00,FALSE,FALSE
EXC_SYN_0001305,PAY_SYN_0008449,CUST_SYN_000614,ACCT_SYN_000614,2025-11-23T18:43:00,2025-11-23,AUTHORIZATION,R008,Required payment authorization incomplete,HIGH,RESOLVED,TEAM_SYN_001,USER_SYN_001_A02,RESOLVED,SYN_RESOLVED,2025-11-23T19:43:00,2025-11-23T22:43:00,TRUE,TRUE
EXC_SYN_0001306,PAY_SYN_0024576,CUST_SYN_000313,ACCT_SYN_000313,2026-03-03T15:25:00,2026-03-03,BENEFICIARY,R009,Beneficiary details require review,MEDIUM,RESOLVED,TEAM_SYN_002,USER_SYN_002_A03,RESOLVED,SYN_RESOLVED,2026-03-03T17:25:00,2026-03-03T23:25:00,FALSE,TRUE
EXC_SYN_0001307,PAY_SYN_0004788,CUST_SYN_000157,ACCT_SYN_000157,2026-02-06T18:02:00,2026-02-06,CURRENCY,R010,Currency handling exception,MEDIUM,RESOLVED,TEAM_SYN_003,USER_SYN_003_A04,RESOLVED,SYN_RESOLVED,2026-02-06T21:02:00,2026-02-07T02:02:00,FALSE,TRUE
EXC_SYN_0001308,PAY_SYN_0004743,CUST_SYN_000492,ACCT_SYN_001492,2026-01-25T13:00:00,2026-01-25,SETTLEMENT,R011,Settlement confirmation delayed,LOW,OPEN,TEAM_SYN_004,USER_SYN_004_A01,UNRESOLVED,,,2026-01-25T21:00:00,FALSE,FALSE
EXC_SYN_0001309,PAY_SYN_0014032,CUST_SYN_000185,ACCT_SYN_000185,2025-12-11T11:56:00,2025-12-11,VALIDATION,R001,Payment instruction failed validation,MEDIUM,RESOLVED,TEAM_SYN_005,USER_SYN_005_A02,RESOLVED,SYN_RESOLVED,2025-12-11T21:15:00,2025-12-11T19:56:00,FALSE,TRUE
EXC_SYN_0001310,PAY_SYN_0022123,CUST_SYN_000052,ACCT_SYN_001052,2025-12-01T13:06:00,2025-12-01,LIQUIDITY,R002,Insufficient synthetic available funds,HIGH,RESOLVED,TEAM_SYN_001,USER_SYN_001_A03,RESOLVED,SYN_RESOLVED,2025-12-01T16:06:00,2025-12-01T17:06:00,FALSE,TRUE
EXC_SYN_0001311,PAY_SYN_0020140,CUST_SYN_000181,ACCT_SYN_001181,2026-01-06T10:58:00,2026-01-06,ROUTING,R003,Beneficiary routing information requires correction,MEDIUM,RESOLVED,TEAM_SYN_002,USER_SYN_002_A04,RESOLVED,SYN_RESOLVED,2026-01-06T11:58:00,2026-01-06T18:58:00,FALSE,TRUE
EXC_SYN_0001312,PAY_SYN_0010154,CUST_SYN_000699,ACCT_SYN_000699,2025-12-14T15:09:00,2025-12-14,CUTOFF,R004,Payment missed the processing cutoff,LOW,OPEN,TEAM_SYN_003,USER_SYN_003_A01,UNRESOLVED,,,2025-12-14T23:09:00,TRUE,FALSE
EXC_SYN_0001313,PAY_SYN_0013063,CUST_SYN_000332,ACCT_SYN_000332,2026-02-17T13:45:00,2026-02-17,SANCTIONS_SCREENING,R005,Synthetic screening review pending,HIGH,RESOLVED,TEAM_SYN_004,USER_SYN_004_A02,RESOLVED,SYN_RESOLVED,2026-02-17T16:45:00,2026-02-17T17:45:00,TRUE,TRUE
EXC_SYN_0001314,PAY_SYN_0011927,CUST_SYN_000300,ACCT_SYN_000300,2026-03-12T18:26:00,2026-03-12,LIQUIDITY,R002,Insufficient synthetic available funds,HIGH,RESOLVED,TEAM_SYN_005,USER_SYN_005_A03,RESOLVED,SYN_RESOLVED,2026-03-12T19:26:00,2026-03-12T22:26:00,TRUE,TRUE
EXC_SYN_0001315,PAY_SYN_0016074,CUST_SYN_000739,ACCT_SYN_000739,2026-02-03T15:28:00,2026-02-03,SYSTEM,R007,Processing system unavailable,MEDIUM,RESOLVED,TEAM_SYN_001,USER_SYN_001_A04,RESOLVED,SYN_RESOLVED,2026-02-03T17:28:00,2026-02-03T23:28:00,FALSE,FALSE
EXC_SYN_0001316,PAY_SYN_0021321,CUST_SYN_000378,ACCT_SYN_001378,2026-01-16T12:50:00,2026-01-16,AUTHORIZATION,R008,Required payment authorization incomplete,HIGH,OPEN,TEAM_SYN_002,USER_SYN_002_A01,UNRESOLVED,,,2026-01-16T16:50:00,FALSE,TRUE
EXC_SYN_0001317,PAY_SYN_0010194,CUST_SYN_000679,ACCT_SYN_000679,2026-03-09T15:54:00,2026-03-09,LIQUIDITY,R002,Insufficient synthetic available funds,HIGH,RESOLVED,TEAM_SYN_003,USER_SYN_003_A02,RESOLVED,SYN_RESOLVED,2026-03-09T16:54:00,2026-03-09T19:54:00,FALSE,TRUE
EXC_SYN_0001318,PAY_SYN_0022560,CUST_SYN_000721,ACCT_SYN_000721,2026-02-10T11:49:00,2026-02-10,CURRENCY,R010,Currency handling exception,MEDIUM,RESOLVED,TEAM_SYN_004,USER_SYN_004_A03,RESOLVED,SYN_RESOLVED,2026-02-10T13:49:00,2026-02-10T19:49:00,TRUE,TRUE
EXC_SYN_0001319,PAY_SYN_0013240,CUST_SYN_000881,ACCT_SYN_000881,2025-12-13T12:42:00,2025-12-13,SETTLEMENT,R011,Settlement confirmation delayed,LOW,RESOLVED,TEAM_SYN_005,USER_SYN_005_A04,RESOLVED,SYN_RESOLVED,2025-12-13T15:42:00,2025-12-13T20:42:00,TRUE,FALSE
EXC_SYN_0001320,PAY_SYN_0010482,CUST_SYN_000835,ACCT_SYN_000835,2025-12-05T15:09:00,2025-12-05,VALIDATION,R001,Payment instruction failed validation,MEDIUM,OPEN,TEAM_SYN_001,USER_SYN_001_A01,UNRESOLVED,,,2025-12-05T23:09:00,FALSE,TRUE
EXC_SYN_0001321,PAY_SYN_0017795,CUST_SYN_000416,ACCT_SYN_001416,2026-02-26T17:33:00,2026-02-26,LIQUIDITY,R002,Insufficient synthetic available funds,HIGH,RESOLVED,TEAM_SYN_002,USER_SYN_002_A02,RESOLVED,SYN_RESOLVED,2026-02-26T19:33:00,2026-02-26T21:33:00,TRUE,TRUE
EXC_SYN_0001322,PAY_SYN_0002031,CUST_SYN_000148,ACCT_SYN_000148,2026-03-01T14:38:00,2026-03-01,ROUTING,R003,Beneficiary routing information requires correction,MEDIUM,RESOLVED,TEAM_SYN_003,USER_SYN_003_A03,RESOLVED,SYN_RESOLVED,2026-03-01T17:38:00,2026-03-01T22:38:00,TRUE,TRUE
EXC_SYN_0001323,PAY_SYN_0016259,CUST_SYN_000084,ACCT_SYN_000084,2025-12-06T22:47:00,2025-12-06,CUTOFF,R004,Payment missed the processing cutoff,LOW,RESOLVED,TEAM_SYN_004,USER_SYN_004_A04,RESOLVED,SYN_RESOLVED,2025-12-07T08:20:00,2025-12-07T06:47:00,TRUE,FALSE
EXC_SYN_0001324,PAY_SYN_0009198,CUST_SYN_000327,ACCT_SYN_001327,2025-11-17T21:13:00,2025-11-17,SANCTIONS_SCREENING,R005,Synthetic screening review pending,HIGH,OPEN,TEAM_SYN_005,USER_SYN_005_A01,UNRESOLVED,,,2025-11-18T01:13:00,TRUE,TRUE
EXC_SYN_0001325,PAY_SYN_0007947,CUST_SYN_000040,ACCT_SYN_000040,2025-12-06T20:29:00,2025-12-06,DUPLICATE,R006,Potential duplicate payment instruction,HIGH,RESOLVED,TEAM_SYN_001,USER_SYN_001_A02,RESOLVED,SYN_RESOLVED,2025-12-06T23:29:00,2025-12-07T00:29:00,FALSE,TRUE
EXC_SYN_0001326,PAY_SYN_0022093,CUST_SYN_000442,ACCT_SYN_001442,2025-12-23T17:04:00,2025-12-23,SYSTEM,R007,Processing system unavailable,MEDIUM,RESOLVED,TEAM_SYN_002,USER_SYN_002_A03,RESOLVED,SYN_RESOLVED,2025-12-23T18:04:00,2025-12-24T01:04:00,TRUE,FALSE
EXC_SYN_0001327,PAY_SYN_0013887,CUST_SYN_000820,ACCT_SYN_000820,2026-01-15T20:55:00,2026-01-15,AUTHORIZATION,R008,Required payment authorization incomplete,HIGH,RESOLVED,TEAM_SYN_003,USER_SYN_003_A04,RESOLVED,SYN_RESOLVED,2026-01-15T22:55:00,2026-01-16T00:55:00,FALSE,TRUE
EXC_SYN_0001328,PAY_SYN_0011212,CUST_SYN_000845,ACCT_SYN_000845,2025-12-02T16:03:00,2025-12-02,BENEFICIARY,R009,Beneficiary details require review,MEDIUM,OPEN,TEAM_SYN_004,USER_SYN_004_A01,UNRESOLVED,,,2025-12-03T00:03:00,TRUE,TRUE
EXC_SYN_0001329,PAY_SYN_0003866,CUST_SYN_000543,ACCT_SYN_000543,2026-01-14T20:14:00,2026-01-14,CURRENCY,R010,Currency handling exception,MEDIUM,RESOLVED,TEAM_SYN_005,USER_SYN_005_A02,RESOLVED,SYN_RESOLVED,2026-01-14T21:14:00,2026-01-15T04:14:00,FALSE,TRUE
EXC_SYN_0001330,PAY_SYN_0003901,CUST_SYN_000338,ACCT_SYN_000338,2026-03-09T09:32:00,2026-03-09,LIQUIDITY,R002,Insufficient synthetic available funds,HIGH,RESOLVED,TEAM_SYN_001,USER_SYN_001_A03,RESOLVED,SYN_RESOLVED,2026-03-09T15:12:00,2026-03-09T13:32:00,TRUE,TRUE
EXC_SYN_0001331,PAY_SYN_0023018,CUST_SYN_000167,ACCT_SYN_001167,2025-12-15T17:04:00,2025-12-15,VALIDATION,R001,Payment instruction failed validation,MEDIUM,RESOLVED,TEAM_SYN_002,USER_SYN_002_A04,RESOLVED,SYN_RESOLVED,2025-12-15T20:04:00,2025-12-16T01:04:00,FALSE,TRUE
EXC_SYN_0001332,PAY_SYN_0004028,CUST_SYN_000537,ACCT_SYN_000537,2025-12-05T17:47:00,2025-12-05,LIQUIDITY,R002,Insufficient synthetic available funds,HIGH,OPEN,TEAM_SYN_003,USER_SYN_003_A01,UNRESOLVED,,,2025-12-05T21:47:00,TRUE,TRUE
EXC_SYN_0001333,PAY_SYN_0003869,CUST_SYN_000654,ACCT_SYN_000654,2025-11-17T18:27:00,2025-11-17,ROUTING,R003,Beneficiary routing information requires correction,MEDIUM,RESOLVED,TEAM_SYN_004,USER_SYN_004_A02,RESOLVED,SYN_RESOLVED,2025-11-17T20:27:00,2025-11-18T02:27:00,FALSE,TRUE
EXC_SYN_0001334,PAY_SYN_0005934,CUST_SYN_000559,ACCT_SYN_000559,2025-12-02T13:35:00,2025-12-02,CUTOFF,R004,Payment missed the processing cutoff,LOW,RESOLVED,TEAM_SYN_005,USER_SYN_005_A03,RESOLVED,SYN_RESOLVED,2025-12-02T16:35:00,2025-12-02T21:35:00,FALSE,FALSE
EXC_SYN_0001335,PAY_SYN_0013641,CUST_SYN_000718,ACCT_SYN_000718,2026-01-26T10:57:00,2026-01-26,SANCTIONS_SCREENING,R005,Synthetic screening review pending,HIGH,RESOLVED,TEAM_SYN_001,USER_SYN_001_A04,RESOLVED,SYN_RESOLVED,2026-01-26T11:57:00,2026-01-26T14:57:00,TRUE,TRUE
EXC_SYN_0001336,PAY_SYN_0013147,CUST_SYN_000440,ACCT_SYN_000440,2026-03-15T17:32:00,2026-03-15,DUPLICATE,R006,Potential duplicate payment instruction,HIGH,OPEN,TEAM_SYN_002,USER_SYN_002_A01,UNRESOLVED,,,2026-03-15T21:32:00,TRUE,TRUE
EXC_SYN_0001337,PAY_SYN_0019529,CUST_SYN_000074,ACCT_SYN_001074,2025-12-22T19:19:00,2025-12-22,SYSTEM,R007,Processing system unavailable,MEDIUM,RESOLVED,TEAM_SYN_003,USER_SYN_003_A02,RESOLVED,SYN_RESOLVED,2025-12-23T05:06:00,2025-12-23T03:19:00,TRUE,FALSE
EXC_SYN_0001338,PAY_SYN_0008392,CUST_SYN_000005,ACCT_SYN_000005,2026-01-15T12:13:00,2026-01-15,AUTHORIZATION,R008,Required payment authorization incomplete,HIGH,RESOLVED,TEAM_SYN_004,USER_SYN_004_A03,RESOLVED,SYN_RESOLVED,2026-01-15T13:13:00,2026-01-15T16:13:00,FALSE,TRUE
EXC_SYN_0001339,PAY_SYN_0017466,CUST_SYN_000243,ACCT_SYN_001243,2026-01-19T17:04:00,2026-01-19,BENEFICIARY,R009,Beneficiary details require review,MEDIUM,RESOLVED,TEAM_SYN_005,USER_SYN_005_A04,RESOLVED,SYN_RESOLVED,2026-01-19T19:04:00,2026-01-20T01:04:00,TRUE,TRUE
EXC_SYN_0001340,PAY_SYN_0024430,CUST_SYN_000911,ACCT_SYN_000911,2025-11-29T10:45:00,2025-11-29,CURRENCY,R010,Currency handling exception,MEDIUM,OPEN,TEAM_SYN_001,USER_SYN_001_A01,UNRESOLVED,,,2025-11-29T18:45:00,FALSE,TRUE
EXC_SYN_0001341,PAY_SYN_0004820,CUST_SYN_000341,ACCT_SYN_001341,2026-01-16T11:08:00,2026-01-16,SETTLEMENT,R011,Settlement confirmation delayed,LOW,RESOLVED,TEAM_SYN_002,USER_SYN_002_A02,RESOLVED,SYN_RESOLVED,2026-01-16T12:08:00,2026-01-16T19:08:00,FALSE,FALSE
EXC_SYN_0001342,PAY_SYN_0017723,CUST_SYN_000252,ACCT_SYN_000252,2025-12-13T14:42:00,2025-12-13,VALIDATION,R001,Payment instruction failed validation,MEDIUM,RESOLVED,TEAM_SYN_003,USER_SYN_003_A03,RESOLVED,SYN_RESOLVED,2025-12-13T16:42:00,2025-12-13T22:42:00,FALSE,TRUE
EXC_SYN_0001343,PAY_SYN_0010836,CUST_SYN_000433,ACCT_SYN_000433,2026-02-21T17:26:00,2026-02-21,LIQUIDITY,R002,Insufficient synthetic available funds,HIGH,RESOLVED,TEAM_SYN_004,USER_SYN_004_A04,RESOLVED,SYN_RESOLVED,2026-02-21T20:26:00,2026-02-21T21:26:00,TRUE,TRUE
EXC_SYN_0001344,PAY_SYN_0022377,CUST_SYN_000450,ACCT_SYN_001450,2026-01-21T19:06:00,2026-01-21,ROUTING,R003,Beneficiary routing information requires correction,MEDIUM,OPEN,TEAM_SYN_005,USER_SYN_005_A01,UNRESOLVED,,,2026-01-22T03:06:00,TRUE,TRUE
EXC_SYN_0001345,PAY_SYN_0023422,CUST_SYN_000115,ACCT_SYN_001115,2026-02-27T14:14:00,2026-02-27,CUTOFF,R004,Payment missed the processing cutoff,LOW,RESOLVED,TEAM_SYN_001,USER_SYN_001_A02,RESOLVED,SYN_RESOLVED,2026-02-27T16:14:00,2026-02-27T22:14:00,FALSE,FALSE
EXC_SYN_0001346,PAY_SYN_0001809,CUST_SYN_000934,ACCT_SYN_000934,2026-02-07T20:56:00,2026-02-07,SANCTIONS_SCREENING,R005,Synthetic screening review pending,HIGH,RESOLVED,TEAM_SYN_002,USER_SYN_002_A03,RESOLVED,SYN_RESOLVED,2026-02-07T23:56:00,2026-02-08T00:56:00,FALSE,TRUE
EXC_SYN_0001347,PAY_SYN_0010328,CUST_SYN_000137,ACCT_SYN_001137,2026-03-05T21:02:00,2026-03-05,DUPLICATE,R006,Potential duplicate payment instruction,HIGH,RESOLVED,TEAM_SYN_003,USER_SYN_003_A04,RESOLVED,SYN_RESOLVED,2026-03-05T22:02:00,2026-03-06T01:02:00,TRUE,TRUE
EXC_SYN_0001348,PAY_SYN_0018279,CUST_SYN_000324,ACCT_SYN_001324,2025-11-30T21:52:00,2025-11-30,SYSTEM,R007,Processing system unavailable,MEDIUM,OPEN,TEAM_SYN_004,USER_SYN_004_A01,UNRESOLVED,,,2025-12-01T05:52:00,TRUE,FALSE
EXC_SYN_0001349,PAY_SYN_0011202,CUST_SYN_000475,ACCT_SYN_000475,2026-02-26T15:26:00,2026-02-26,AUTHORIZATION,R008,Required payment authorization incomplete,HIGH,RESOLVED,TEAM_SYN_005,USER_SYN_005_A02,RESOLVED,SYN_RESOLVED,2026-02-26T18:26:00,2026-02-26T19:26:00,FALSE,TRUE
EXC_SYN_0001350,PAY_SYN_0018996,CUST_SYN_000853,ACCT_SYN_000853,2025-11-22T18:57:00,2025-11-22,BENEFICIARY,R009,Beneficiary details require review,MEDIUM,RESOLVED,TEAM_SYN_001,USER_SYN_001_A03,RESOLVED,SYN_RESOLVED,2025-11-22T19:57:00,2025-11-23T02:57:00,TRUE,TRUE
EXC_SYN_0001351,PAY_SYN_0001033,CUST_SYN_000722,ACCT_SYN_000722,2026-01-14T16:29:00,2026-01-14,CURRENCY,R010,Currency handling exception,MEDIUM,RESOLVED,TEAM_SYN_002,USER_SYN_002_A04,RESOLVED,SYN_RESOLVED,2026-01-15T02:30:00,2026-01-15T00:29:00,FALSE,TRUE
EXC_SYN_0001352,PAY_SYN_0010252,CUST_SYN_000325,ACCT_SYN_001325,2025-11-16T15:15:00,2025-11-16,SETTLEMENT,R011,Settlement confirmation delayed,LOW,OPEN,TEAM_SYN_003,USER_SYN_003_A01,UNRESOLVED,,,2025-11-16T23:15:00,FALSE,FALSE
EXC_SYN_0001353,PAY_SYN_0000135,CUST_SYN_000496,ACCT_SYN_000496,2025-11-17T19:09:00,2025-11-17,VALIDATION,R001,Payment instruction failed validation,MEDIUM,RESOLVED,TEAM_SYN_004,USER_SYN_004_A02,RESOLVED,SYN_RESOLVED,2025-11-17T20:09:00,2025-11-18T03:09:00,TRUE,TRUE
EXC_SYN_0001354,PAY_SYN_0013327,CUST_SYN_000100,ACCT_SYN_001100,2025-12-19T21:26:00,2025-12-19,LIQUIDITY,R002,Insufficient synthetic available funds,HIGH,RESOLVED,TEAM_SYN_005,USER_SYN_005_A03,RESOLVED,SYN_RESOLVED,2025-12-19T23:26:00,2025-12-20T01:26:00,FALSE,TRUE
EXC_SYN_0001355,PAY_SYN_0002398,CUST_SYN_000227,ACCT_SYN_000227,2026-03-06T22:36:00,2026-03-06,ROUTING,R003,Beneficiary routing information requires correction,MEDIUM,RESOLVED,TEAM_SYN_001,USER_SYN_001_A04,RESOLVED,SYN_RESOLVED,2026-03-07T01:36:00,2026-03-07T06:36:00,FALSE,TRUE
EXC_SYN_0001356,PAY_SYN_0006281,CUST_SYN_000398,ACCT_SYN_001398,2025-12-30T15:50:00,2025-12-30,CUTOFF,R004,Payment missed the processing cutoff,LOW,OPEN,TEAM_SYN_002,USER_SYN_002_A01,UNRESOLVED,,,2025-12-30T23:50:00,FALSE,FALSE
EXC_SYN_0001357,PAY_SYN_0017556,CUST_SYN_000073,ACCT_SYN_000073,2026-02-27T14:28:00,2026-02-27,SANCTIONS_SCREENING,R005,Synthetic screening review pending,HIGH,RESOLVED,TEAM_SYN_003,USER_SYN_003_A02,RESOLVED,SYN_RESOLVED,2026-02-27T16:28:00,2026-02-27T18:28:00,FALSE,TRUE
EXC_SYN_0001358,PAY_SYN_0010822,CUST_SYN_000415,ACCT_SYN_001415,2025-12-03T11:03:00,2025-12-03,DUPLICATE,R006,Potential duplicate payment instruction,HIGH,RESOLVED,TEAM_SYN_004,USER_SYN_004_A03,RESOLVED,SYN_RESOLVED,2025-12-03T17:11:00,2025-12-03T15:03:00,TRUE,TRUE
EXC_SYN_0001359,PAY_SYN_0020740,CUST_SYN_000881,ACCT_SYN_000881,2026-03-10T09:22:00,2026-03-10,LIQUIDITY,R002,Insufficient synthetic available funds,HIGH,RESOLVED,TEAM_SYN_005,USER_SYN_005_A04,RESOLVED,SYN_RESOLVED,2026-03-10T10:22:00,2026-03-10T13:22:00,TRUE,TRUE
EXC_SYN_0001360,PAY_SYN_0000872,CUST_SYN_000765,ACCT_SYN_000765,2026-02-16T11:39:00,2026-02-16,AUTHORIZATION,R008,Required payment authorization incomplete,HIGH,OPEN,TEAM_SYN_001,USER_SYN_001_A01,UNRESOLVED,,,2026-02-16T15:39:00,FALSE,TRUE
EXC_SYN_0001361,PAY_SYN_0022498,CUST_SYN_000427,ACCT_SYN_001427,2025-11-21T17:54:00,2025-11-21,BENEFICIARY,R009,Beneficiary details require review,MEDIUM,RESOLVED,TEAM_SYN_002,USER_SYN_002_A02,RESOLVED,SYN_RESOLVED,2025-11-21T20:54:00,2025-11-22T01:54:00,FALSE,TRUE
EXC_SYN_0001362,PAY_SYN_0004789,CUST_SYN_000194,ACCT_SYN_000194,2026-01-17T19:04:00,2026-01-17,CURRENCY,R010,Currency handling exception,MEDIUM,RESOLVED,TEAM_SYN_003,USER_SYN_003_A03,RESOLVED,SYN_RESOLVED,2026-01-17T20:04:00,2026-01-18T03:04:00,TRUE,TRUE
EXC_SYN_0001363,PAY_SYN_0013341,CUST_SYN_000118,ACCT_SYN_000118,2026-02-09T11:01:00,2026-02-09,SETTLEMENT,R011,Settlement confirmation delayed,LOW,RESOLVED,TEAM_SYN_004,USER_SYN_004_A04,RESOLVED,SYN_RESOLVED,2026-02-09T13:01:00,2026-02-09T19:01:00,TRUE,FALSE
EXC_SYN_0001364,PAY_SYN_0010621,CUST_SYN_000478,ACCT_SYN_001478,2026-03-13T10:54:00,2026-03-13,LIQUIDITY,R002,Insufficient synthetic available funds,HIGH,OPEN,TEAM_SYN_005,USER_SYN_005_A01,UNRESOLVED,,,2026-03-13T14:54:00,TRUE,TRUE
EXC_SYN_0001365,PAY_SYN_0002664,CUST_SYN_000069,ACCT_SYN_001069,2025-11-22T14:48:00,2025-11-22,LIQUIDITY,R002,Insufficient synthetic available funds,HIGH,RESOLVED,TEAM_SYN_001,USER_SYN_001_A02,RESOLVED,SYN_RESOLVED,2025-11-22T21:03:00,2025-11-22T18:48:00,TRUE,TRUE
EXC_SYN_0001366,PAY_SYN_0002437,CUST_SYN_000170,ACCT_SYN_000170,2026-03-04T17:32:00,2026-03-04,ROUTING,R003,Beneficiary routing information requires correction,MEDIUM,RESOLVED,TEAM_SYN_002,USER_SYN_002_A03,RESOLVED,SYN_RESOLVED,2026-03-04T19:32:00,2026-03-05T01:32:00,FALSE,TRUE
EXC_SYN_0001367,PAY_SYN_0000034,CUST_SYN_000259,ACCT_SYN_001259,2025-12-29T15:24:00,2025-12-29,CUTOFF,R004,Payment missed the processing cutoff,LOW,RESOLVED,TEAM_SYN_003,USER_SYN_003_A04,RESOLVED,SYN_RESOLVED,2025-12-29T18:24:00,2025-12-29T23:24:00,FALSE,FALSE
EXC_SYN_0001368,PAY_SYN_0004918,CUST_SYN_000467,ACCT_SYN_000467,2026-01-20T19:25:00,2026-01-20,SANCTIONS_SCREENING,R005,Synthetic screening review pending,HIGH,OPEN,TEAM_SYN_004,USER_SYN_004_A01,UNRESOLVED,,,2026-01-20T23:25:00,FALSE,TRUE
EXC_SYN_0001369,PAY_SYN_0021332,CUST_SYN_000285,ACCT_SYN_000285,2026-02-06T13:36:00,2026-02-06,DUPLICATE,R006,Potential duplicate payment instruction,HIGH,RESOLVED,TEAM_SYN_005,USER_SYN_005_A02,RESOLVED,SYN_RESOLVED,2026-02-06T15:36:00,2026-02-06T17:36:00,TRUE,TRUE
EXC_SYN_0001370,PAY_SYN_0023379,CUST_SYN_000024,ACCT_SYN_001024,2025-12-03T20:38:00,2025-12-03,SYSTEM,R007,Processing system unavailable,MEDIUM,RESOLVED,TEAM_SYN_001,USER_SYN_001_A03,RESOLVED,SYN_RESOLVED,2025-12-03T23:38:00,2025-12-04T04:38:00,FALSE,FALSE
EXC_SYN_0001371,PAY_SYN_0001396,CUST_SYN_000653,ACCT_SYN_000653,2025-11-24T18:10:00,2025-11-24,AUTHORIZATION,R008,Required payment authorization incomplete,HIGH,RESOLVED,TEAM_SYN_002,USER_SYN_002_A04,RESOLVED,SYN_RESOLVED,2025-11-24T19:10:00,2025-11-24T22:10:00,TRUE,TRUE
EXC_SYN_0001372,PAY_SYN_0006617,CUST_SYN_000330,ACCT_SYN_000330,2026-02-28T19:30:00,2026-02-28,BENEFICIARY,R009,Beneficiary details require review,MEDIUM,OPEN,TEAM_SYN_003,USER_SYN_003_A01,UNRESOLVED,,,2026-03-01T03:30:00,FALSE,TRUE
EXC_SYN_0001373,PAY_SYN_0006234,CUST_SYN_000159,ACCT_SYN_001159,2026-03-05T16:02:00,2026-03-05,CURRENCY,R010,Currency handling exception,MEDIUM,RESOLVED,TEAM_SYN_004,USER_SYN_004_A02,RESOLVED,SYN_RESOLVED,2026-03-05T19:02:00,2026-03-06T00:02:00,FALSE,TRUE
EXC_SYN_0001374,PAY_SYN_0005935,CUST_SYN_000596,ACCT_SYN_000596,2026-03-04T17:22:00,2026-03-04,SETTLEMENT,R011,Settlement confirmation delayed,LOW,RESOLVED,TEAM_SYN_005,USER_SYN_005_A03,RESOLVED,SYN_RESOLVED,2026-03-04T18:22:00,2026-03-05T01:22:00,FALSE,FALSE
EXC_SYN_0001375,PAY_SYN_0016500,CUST_DEMO_001,ACCT_DEMO_001,2026-01-02T12:10:00,2026-01-02,VALIDATION,R001,Payment instruction failed validation,MEDIUM,RESOLVED,TEAM_SYN_001,USER_SYN_001_A04,RESOLVED,SYN_RESOLVED,2026-01-02T14:10:00,2026-01-02T20:10:00,TRUE,TRUE
EXC_SYN_0001376,PAY_SYN_0002622,CUST_SYN_000015,ACCT_SYN_001015,2025-11-28T15:17:00,2025-11-28,LIQUIDITY,R002,Insufficient synthetic available funds,HIGH,OPEN,TEAM_SYN_002,USER_SYN_002_A01,UNRESOLVED,,,2025-11-28T19:17:00,TRUE,TRUE
EXC_SYN_0001377,PAY_SYN_0002094,CUST_SYN_000979,ACCT_SYN_000979,2025-12-29T16:54:00,2025-12-29,ROUTING,R003,Beneficiary routing information requires correction,MEDIUM,RESOLVED,TEAM_SYN_003,USER_SYN_003_A02,RESOLVED,SYN_RESOLVED,2025-12-29T17:54:00,2025-12-30T00:54:00,TRUE,TRUE
EXC_SYN_0001378,PAY_SYN_0017527,CUST_SYN_000500,ACCT_SYN_000500,2025-12-26T20:38:00,2025-12-26,CUTOFF,R004,Payment missed the processing cutoff,LOW,RESOLVED,TEAM_SYN_004,USER_SYN_004_A03,RESOLVED,SYN_RESOLVED,2025-12-26T22:38:00,2025-12-27T04:38:00,TRUE,FALSE
EXC_SYN_0001379,PAY_SYN_0014578,CUST_SYN_000887,ACCT_SYN_000887,2026-02-21T21:48:00,2026-02-21,SANCTIONS_SCREENING,R005,Synthetic screening review pending,HIGH,RESOLVED,TEAM_SYN_005,USER_SYN_005_A04,RESOLVED,SYN_RESOLVED,2026-02-22T04:17:00,2026-02-22T01:48:00,TRUE,TRUE
EXC_SYN_0001380,PAY_SYN_0012028,CUST_SYN_000037,ACCT_SYN_001037,2025-12-12T21:31:00,2025-12-12,DUPLICATE,R006,Potential duplicate payment instruction,HIGH,OPEN,TEAM_SYN_001,USER_SYN_001_A01,UNRESOLVED,,,2025-12-13T01:31:00,TRUE,TRUE
EXC_SYN_0001381,PAY_SYN_0019451,CUST_SYN_000188,ACCT_SYN_001188,2026-01-25T14:45:00,2026-01-25,SYSTEM,R007,Processing system unavailable,MEDIUM,RESOLVED,TEAM_SYN_002,USER_SYN_002_A02,RESOLVED,SYN_RESOLVED,2026-01-25T16:45:00,2026-01-25T22:45:00,FALSE,FALSE
EXC_SYN_0001382,PAY_SYN_0010254,CUST_SYN_000399,ACCT_SYN_001399,2026-03-09T17:59:00,2026-03-09,AUTHORIZATION,R008,Required payment authorization incomplete,HIGH,RESOLVED,TEAM_SYN_003,USER_SYN_003_A03,RESOLVED,SYN_RESOLVED,2026-03-09T20:59:00,2026-03-09T21:59:00,FALSE,TRUE
EXC_SYN_0001383,PAY_SYN_0014818,CUST_SYN_000767,ACCT_SYN_000767,2026-01-29T22:40:00,2026-01-29,BENEFICIARY,R009,Beneficiary details require review,MEDIUM,RESOLVED,TEAM_SYN_004,USER_SYN_004_A04,RESOLVED,SYN_RESOLVED,2026-01-29T23:40:00,2026-01-30T06:40:00,FALSE,TRUE
EXC_SYN_0001384,PAY_SYN_0010334,CUST_SYN_000359,ACCT_SYN_001359,2026-02-15T18:45:00,2026-02-15,CURRENCY,R010,Currency handling exception,MEDIUM,OPEN,TEAM_SYN_005,USER_SYN_005_A01,UNRESOLVED,,,2026-02-16T02:45:00,TRUE,TRUE
EXC_SYN_0001385,PAY_SYN_0012160,CUST_SYN_000421,ACCT_SYN_001421,2026-01-25T09:00:00,2026-01-25,SETTLEMENT,R011,Settlement confirmation delayed,LOW,RESOLVED,TEAM_SYN_001,USER_SYN_001_A02,RESOLVED,SYN_RESOLVED,2026-01-25T12:00:00,2026-01-25T17:00:00,TRUE,FALSE
EXC_SYN_0001386,PAY_SYN_0002154,CUST_SYN_000199,ACCT_SYN_000199,2026-01-26T12:51:00,2026-01-26,VALIDATION,R001,Payment instruction failed validation,MEDIUM,RESOLVED,TEAM_SYN_002,USER_SYN_002_A03,RESOLVED,SYN_RESOLVED,2026-01-26T23:27:00,2026-01-26T20:51:00,TRUE,TRUE
EXC_SYN_0001387,PAY_SYN_0021804,CUST_SYN_000249,ACCT_SYN_001249,2026-02-04T13:34:00,2026-02-04,LIQUIDITY,R002,Insufficient synthetic available funds,HIGH,RESOLVED,TEAM_SYN_003,USER_SYN_003_A04,RESOLVED,SYN_RESOLVED,2026-02-04T15:34:00,2026-02-04T17:34:00,FALSE,TRUE
EXC_SYN_0001388,PAY_SYN_0016318,CUST_SYN_000767,ACCT_SYN_000767,2025-12-22T17:45:00,2025-12-22,ROUTING,R003,Beneficiary routing information requires correction,MEDIUM,OPEN,TEAM_SYN_004,USER_SYN_004_A01,UNRESOLVED,,,2025-12-23T01:45:00,FALSE,TRUE
EXC_SYN_0001389,PAY_SYN_0022458,CUST_SYN_000447,ACCT_SYN_001447,2026-01-28T17:18:00,2026-01-28,CUTOFF,R004,Payment missed the processing cutoff,LOW,RESOLVED,TEAM_SYN_005,USER_SYN_005_A02,RESOLVED,SYN_RESOLVED,2026-01-28T18:18:00,2026-01-29T01:18:00,TRUE,FALSE
EXC_SYN_0001390,PAY_SYN_0018771,CUST_SYN_000028,ACCT_SYN_000028,2026-02-23T11:22:00,2026-02-23,SANCTIONS_SCREENING,R005,Synthetic screening review pending,HIGH,RESOLVED,TEAM_SYN_001,USER_SYN_001_A03,RESOLVED,SYN_RESOLVED,2026-02-23T13:22:00,2026-02-23T15:22:00,TRUE,TRUE
EXC_SYN_0001391,PAY_SYN_0014244,CUST_SYN_000529,ACCT_SYN_000529,2025-11-30T14:26:00,2025-11-30,DUPLICATE,R006,Potential duplicate payment instruction,HIGH,RESOLVED,TEAM_SYN_002,USER_SYN_002_A04,RESOLVED,SYN_RESOLVED,2025-11-30T17:26:00,2025-11-30T18:26:00,FALSE,TRUE
EXC_SYN_0001392,PAY_SYN_0024412,CUST_SYN_000245,ACCT_SYN_000245,2026-01-01T11:55:00,2026-01-01,SYSTEM,R007,Processing system unavailable,MEDIUM,OPEN,TEAM_SYN_003,USER_SYN_003_A01,UNRESOLVED,,,2026-01-01T19:55:00,FALSE,FALSE
EXC_SYN_0001393,PAY_SYN_0003874,CUST_SYN_000839,ACCT_SYN_000839,2025-11-21T15:02:00,2025-11-21,AUTHORIZATION,R008,Required payment authorization incomplete,HIGH,RESOLVED,TEAM_SYN_004,USER_SYN_004_A02,RESOLVED,SYN_RESOLVED,2025-11-21T21:45:00,2025-11-21T19:02:00,FALSE,TRUE
EXC_SYN_0001394,PAY_SYN_0019311,CUST_SYN_000508,ACCT_SYN_000508,2026-01-15T12:14:00,2026-01-15,BENEFICIARY,R009,Beneficiary details require review,MEDIUM,RESOLVED,TEAM_SYN_005,USER_SYN_005_A03,RESOLVED,SYN_RESOLVED,2026-01-15T15:14:00,2026-01-15T20:14:00,TRUE,TRUE
EXC_SYN_0001395,PAY_SYN_0016607,CUST_SYN_000960,ACCT_SYN_000960,2025-12-06T17:59:00,2025-12-06,CURRENCY,R010,Currency handling exception,MEDIUM,RESOLVED,TEAM_SYN_001,USER_SYN_001_A04,RESOLVED,SYN_RESOLVED,2025-12-06T18:59:00,2025-12-07T01:59:00,FALSE,TRUE
EXC_SYN_0001396,PAY_SYN_0002333,CUST_SYN_000822,ACCT_SYN_000822,2025-12-07T13:54:00,2025-12-07,SETTLEMENT,R011,Settlement confirmation delayed,LOW,OPEN,TEAM_SYN_002,USER_SYN_002_A01,UNRESOLVED,,,2025-12-07T21:54:00,FALSE,FALSE
EXC_SYN_0001397,PAY_SYN_0003708,CUST_SYN_000697,ACCT_SYN_000697,2026-02-01T19:32:00,2026-02-01,VALIDATION,R001,Payment instruction failed validation,MEDIUM,RESOLVED,TEAM_SYN_003,USER_SYN_003_A02,RESOLVED,SYN_RESOLVED,2026-02-01T22:32:00,2026-02-02T03:32:00,TRUE,TRUE
EXC_SYN_0001398,PAY_SYN_0006083,CUST_SYN_000072,ACCT_SYN_000072,2025-12-25T14:50:00,2025-12-25,LIQUIDITY,R002,Insufficient synthetic available funds,HIGH,RESOLVED,TEAM_SYN_004,USER_SYN_004_A03,RESOLVED,SYN_RESOLVED,2025-12-25T15:50:00,2025-12-25T18:50:00,TRUE,TRUE
EXC_SYN_0001399,PAY_SYN_0015997,CUST_SYN_000890,ACCT_SYN_000890,2026-01-14T18:41:00,2026-01-14,ROUTING,R003,Beneficiary routing information requires correction,MEDIUM,RESOLVED,TEAM_SYN_005,USER_SYN_005_A04,RESOLVED,SYN_RESOLVED,2026-01-14T20:41:00,2026-01-15T02:41:00,TRUE,TRUE
EXC_SYN_0001400,PAY_SYN_0017912,CUST_SYN_000245,ACCT_SYN_001245,2026-03-06T14:19:00,2026-03-06,CUTOFF,R004,Payment missed the processing cutoff,LOW,OPEN,TEAM_SYN_001,USER_SYN_001_A01,UNRESOLVED,,,2026-03-06T22:19:00,FALSE,FALSE
EXC_SYN_0001401,PAY_SYN_0002873,CUST_SYN_000302,ACCT_SYN_001302,2025-12-20T14:59:00,2025-12-20,SANCTIONS_SCREENING,R005,Synthetic screening review pending,HIGH,RESOLVED,TEAM_SYN_002,USER_SYN_002_A02,RESOLVED,SYN_RESOLVED,2025-12-20T15:59:00,2025-12-20T18:59:00,TRUE,TRUE
EXC_SYN_0001402,PAY_SYN_0013261,CUST_SYN_000158,ACCT_SYN_000158,2025-11-17T13:08:00,2025-11-17,DUPLICATE,R006,Potential duplicate payment instruction,HIGH,RESOLVED,TEAM_SYN_003,USER_SYN_003_A03,RESOLVED,SYN_RESOLVED,2025-11-17T15:08:00,2025-11-17T17:08:00,FALSE,TRUE
EXC_SYN_0001403,PAY_SYN_0006164,CUST_SYN_000069,ACCT_SYN_000069,2026-02-12T16:22:00,2026-02-12,SYSTEM,R007,Processing system unavailable,MEDIUM,RESOLVED,TEAM_SYN_004,USER_SYN_004_A04,RESOLVED,SYN_RESOLVED,2026-02-12T19:22:00,2026-02-13T00:22:00,FALSE,FALSE
EXC_SYN_0001404,PAY_SYN_0002070,CUST_SYN_000091,ACCT_SYN_000091,2026-03-15T12:57:00,2026-03-15,LIQUIDITY,R002,Insufficient synthetic available funds,HIGH,OPEN,TEAM_SYN_005,USER_SYN_005_A01,UNRESOLVED,,,2026-03-15T16:57:00,TRUE,TRUE
EXC_SYN_0001405,PAY_SYN_0007152,CUST_SYN_000625,ACCT_SYN_000625,2026-02-19T15:04:00,2026-02-19,BENEFICIARY,R009,Beneficiary details require review,MEDIUM,RESOLVED,TEAM_SYN_001,USER_SYN_001_A02,RESOLVED,SYN_RESOLVED,2026-02-19T17:04:00,2026-02-19T23:04:00,TRUE,TRUE
EXC_SYN_0001406,PAY_SYN_0002924,CUST_SYN_000189,ACCT_SYN_000189,2026-01-21T17:01:00,2026-01-21,CURRENCY,R010,Currency handling exception,MEDIUM,RESOLVED,TEAM_SYN_002,USER_SYN_002_A03,RESOLVED,SYN_RESOLVED,2026-01-21T20:01:00,2026-01-22T01:01:00,TRUE,TRUE
EXC_SYN_0001407,PAY_SYN_0004339,CUST_SYN_000044,ACCT_SYN_000044,2026-02-03T22:19:00,2026-02-03,SETTLEMENT,R011,Settlement confirmation delayed,LOW,RESOLVED,TEAM_SYN_003,USER_SYN_003_A04,RESOLVED,SYN_RESOLVED,2026-02-04T09:16:00,2026-02-04T06:19:00,FALSE,FALSE
EXC_SYN_0001408,PAY_SYN_0015640,CUST_SYN_000181,ACCT_SYN_001181,2025-12-05T13:59:00,2025-12-05,VALIDATION,R001,Payment instruction failed validation,MEDIUM,OPEN,TEAM_SYN_004,USER_SYN_004_A01,UNRESOLVED,,,2025-12-05T21:59:00,TRUE,TRUE
EXC_SYN_0001409,PAY_SYN_0024936,CUST_SYN_000133,ACCT_SYN_000133,2025-12-19T19:44:00,2025-12-19,LIQUIDITY,R002,Insufficient synthetic available funds,HIGH,RESOLVED,TEAM_SYN_005,USER_SYN_005_A02,RESOLVED,SYN_RESOLVED,2025-12-19T22:44:00,2025-12-19T23:44:00,FALSE,TRUE
EXC_SYN_0001410,PAY_SYN_0023800,CUST_SYN_000101,ACCT_SYN_000101,2025-12-14T14:25:00,2025-12-14,ROUTING,R003,Beneficiary routing information requires correction,MEDIUM,RESOLVED,TEAM_SYN_001,USER_SYN_001_A03,RESOLVED,SYN_RESOLVED,2025-12-14T15:25:00,2025-12-14T22:25:00,TRUE,TRUE
EXC_SYN_0001411,PAY_SYN_0017211,CUST_SYN_000808,ACCT_SYN_000808,2026-02-11T15:55:00,2026-02-11,CUTOFF,R004,Payment missed the processing cutoff,LOW,RESOLVED,TEAM_SYN_002,USER_SYN_002_A04,RESOLVED,SYN_RESOLVED,2026-02-11T17:55:00,2026-02-11T23:55:00,TRUE,FALSE
EXC_SYN_0001412,PAY_SYN_0004365,CUST_SYN_000006,ACCT_SYN_001006,2025-12-21T19:26:00,2025-12-21,SANCTIONS_SCREENING,R005,Synthetic screening review pending,HIGH,OPEN,TEAM_SYN_003,USER_SYN_003_A01,UNRESOLVED,,,2025-12-21T23:26:00,TRUE,TRUE
EXC_SYN_0001413,PAY_SYN_0012727,CUST_SYN_000400,ACCT_SYN_001400,2025-11-21T16:13:00,2025-11-21,DUPLICATE,R006,Potential duplicate payment instruction,HIGH,RESOLVED,TEAM_SYN_004,USER_SYN_004_A02,RESOLVED,SYN_RESOLVED,2025-11-21T17:13:00,2025-11-21T20:13:00,TRUE,TRUE
EXC_SYN_0001414,PAY_SYN_0002975,CUST_SYN_000576,ACCT_SYN_000576,2026-02-07T13:42:00,2026-02-07,SYSTEM,R007,Processing system unavailable,MEDIUM,RESOLVED,TEAM_SYN_005,USER_SYN_005_A03,RESOLVED,SYN_RESOLVED,2026-02-08T00:46:00,2026-02-07T21:42:00,TRUE,FALSE
EXC_SYN_0001415,PAY_SYN_0019579,CUST_SYN_000424,ACCT_SYN_001424,2025-12-23T18:03:00,2025-12-23,AUTHORIZATION,R008,Required payment authorization incomplete,HIGH,RESOLVED,TEAM_SYN_001,USER_SYN_001_A04,RESOLVED,SYN_RESOLVED,2025-12-23T21:03:00,2025-12-23T22:03:00,FALSE,TRUE
EXC_SYN_0001416,PAY_SYN_0015532,CUST_SYN_000185,ACCT_SYN_000185,2025-12-03T11:07:00,2025-12-03,BENEFICIARY,R009,Beneficiary details require review,MEDIUM,OPEN,TEAM_SYN_002,USER_SYN_002_A01,UNRESOLVED,,,2025-12-03T19:07:00,TRUE,TRUE
EXC_SYN_0001417,PAY_SYN_0012329,CUST_SYN_000174,ACCT_SYN_000174,2026-03-02T18:39:00,2026-03-02,CURRENCY,R010,Currency handling exception,MEDIUM,RESOLVED,TEAM_SYN_003,USER_SYN_003_A02,RESOLVED,SYN_RESOLVED,2026-03-02T20:39:00,2026-03-03T02:39:00,FALSE,TRUE
EXC_SYN_0001418,PAY_SYN_0000469,CUST_SYN_000854,ACCT_SYN_000854,2026-01-26T19:12:00,2026-01-26,SETTLEMENT,R011,Settlement confirmation delayed,LOW,RESOLVED,TEAM_SYN_004,USER_SYN_004_A03,RESOLVED,SYN_RESOLVED,2026-01-26T22:12:00,2026-01-27T03:12:00,FALSE,FALSE
EXC_SYN_0001419,PAY_SYN_0010939,CUST_SYN_000244,ACCT_SYN_001244,2026-01-20T18:55:00,2026-01-20,VALIDATION,R001,Payment instruction failed validation,MEDIUM,RESOLVED,TEAM_SYN_005,USER_SYN_005_A04,RESOLVED,SYN_RESOLVED,2026-01-20T19:55:00,2026-01-21T02:55:00,FALSE,TRUE
EXC_SYN_0001420,PAY_SYN_0017172,CUST_SYN_000865,ACCT_SYN_000865,2026-01-09T12:19:00,2026-01-09,LIQUIDITY,R002,Insufficient synthetic available funds,HIGH,OPEN,TEAM_SYN_001,USER_SYN_001_A01,UNRESOLVED,,,2026-01-09T16:19:00,FALSE,TRUE
EXC_SYN_0001421,PAY_SYN_0020088,CUST_SYN_000757,ACCT_SYN_000757,2026-01-14T18:44:00,2026-01-14,ROUTING,R003,Beneficiary routing information requires correction,MEDIUM,RESOLVED,TEAM_SYN_002,USER_SYN_002_A02,RESOLVED,SYN_RESOLVED,2026-01-15T05:55:00,2026-01-15T02:44:00,TRUE,TRUE
EXC_SYN_0001422,PAY_SYN_0003096,CUST_SYN_000553,ACCT_SYN_000553,2025-11-26T16:33:00,2025-11-26,CUTOFF,R004,Payment missed the processing cutoff,LOW,RESOLVED,TEAM_SYN_003,USER_SYN_003_A03,RESOLVED,SYN_RESOLVED,2025-11-26T17:33:00,2025-11-27T00:33:00,FALSE,FALSE
EXC_SYN_0001423,PAY_SYN_0022410,CUST_SYN_000171,ACCT_SYN_001171,2025-11-19T11:04:00,2025-11-19,SANCTIONS_SCREENING,R005,Synthetic screening review pending,HIGH,RESOLVED,TEAM_SYN_004,USER_SYN_004_A04,RESOLVED,SYN_RESOLVED,2025-11-19T13:04:00,2025-11-19T15:04:00,TRUE,TRUE
EXC_SYN_0001424,PAY_SYN_0011243,CUST_SYN_000492,ACCT_SYN_000492,2026-02-17T14:28:00,2026-02-17,DUPLICATE,R006,Potential duplicate payment instruction,HIGH,OPEN,TEAM_SYN_005,USER_SYN_005_A01,UNRESOLVED,,,2026-02-17T18:28:00,FALSE,TRUE
EXC_SYN_0001425,PAY_SYN_0023685,CUST_SYN_000346,ACCT_SYN_000346,2026-03-10T16:15:00,2026-03-10,LIQUIDITY,R002,Insufficient synthetic available funds,HIGH,RESOLVED,TEAM_SYN_001,USER_SYN_001_A02,RESOLVED,SYN_RESOLVED,2026-03-10T17:15:00,2026-03-10T20:15:00,TRUE,TRUE
EXC_SYN_0001426,PAY_SYN_0022177,CUST_SYN_000050,ACCT_SYN_000050,2026-01-04T18:32:00,2026-01-04,AUTHORIZATION,R008,Required payment authorization incomplete,HIGH,RESOLVED,TEAM_SYN_002,USER_SYN_002_A03,RESOLVED,SYN_RESOLVED,2026-01-04T20:32:00,2026-01-04T22:32:00,FALSE,TRUE
EXC_SYN_0001427,PAY_SYN_0024223,CUST_SYN_000752,ACCT_SYN_000752,2026-02-10T14:27:00,2026-02-10,BENEFICIARY,R009,Beneficiary details require review,MEDIUM,RESOLVED,TEAM_SYN_003,USER_SYN_003_A04,RESOLVED,SYN_RESOLVED,2026-02-10T17:27:00,2026-02-10T22:27:00,TRUE,TRUE
EXC_SYN_0001428,PAY_SYN_0013130,CUST_SYN_000311,ACCT_SYN_001311,2026-01-07T12:29:00,2026-01-07,CURRENCY,R010,Currency handling exception,MEDIUM,OPEN,TEAM_SYN_004,USER_SYN_004_A01,UNRESOLVED,,,2026-01-07T20:29:00,TRUE,TRUE
EXC_SYN_0001429,PAY_SYN_0012713,CUST_SYN_000882,ACCT_SYN_000882,2026-02-10T15:03:00,2026-02-10,SETTLEMENT,R011,Settlement confirmation delayed,LOW,RESOLVED,TEAM_SYN_005,USER_SYN_005_A02,RESOLVED,SYN_RESOLVED,2026-02-10T17:03:00,2026-02-10T23:03:00,TRUE,FALSE
EXC_SYN_0001430,PAY_SYN_0001950,CUST_SYN_000151,ACCT_SYN_000151,2025-11-18T12:35:00,2025-11-18,VALIDATION,R001,Payment instruction failed validation,MEDIUM,RESOLVED,TEAM_SYN_001,USER_SYN_001_A03,RESOLVED,SYN_RESOLVED,2025-11-18T15:35:00,2025-11-18T20:35:00,FALSE,TRUE
EXC_SYN_0001431,PAY_SYN_0018024,CUST_SYN_000889,ACCT_SYN_000889,2025-12-23T17:06:00,2025-12-23,LIQUIDITY,R002,Insufficient synthetic available funds,HIGH,RESOLVED,TEAM_SYN_002,USER_SYN_002_A04,RESOLVED,SYN_RESOLVED,2025-12-23T18:06:00,2025-12-23T21:06:00,TRUE,TRUE
EXC_SYN_0001432,PAY_SYN_0012223,CUST_SYN_000752,ACCT_SYN_000752,2026-03-08T15:32:00,2026-03-08,ROUTING,R003,Beneficiary routing information requires correction,MEDIUM,OPEN,TEAM_SYN_003,USER_SYN_003_A01,UNRESOLVED,,,2026-03-08T23:32:00,FALSE,TRUE
EXC_SYN_0001433,PAY_SYN_0018079,CUST_SYN_000424,ACCT_SYN_001424,2026-03-12T21:57:00,2026-03-12,CUTOFF,R004,Payment missed the processing cutoff,LOW,RESOLVED,TEAM_SYN_004,USER_SYN_004_A02,RESOLVED,SYN_RESOLVED,2026-03-13T00:57:00,2026-03-13T05:57:00,FALSE,FALSE
EXC_SYN_0001434,PAY_SYN_0024418,CUST_SYN_000467,ACCT_SYN_000467,2026-02-12T21:43:00,2026-02-12,SANCTIONS_SCREENING,R005,Synthetic screening review pending,HIGH,RESOLVED,TEAM_SYN_005,USER_SYN_005_A03,RESOLVED,SYN_RESOLVED,2026-02-12T22:43:00,2026-02-13T01:43:00,FALSE,TRUE
EXC_SYN_0001435,PAY_SYN_0011093,CUST_SYN_000942,ACCT_SYN_000942,2025-11-22T16:21:00,2025-11-22,DUPLICATE,R006,Potential duplicate payment instruction,HIGH,RESOLVED,TEAM_SYN_001,USER_SYN_001_A04,RESOLVED,SYN_RESOLVED,2025-11-22T23:46:00,2025-11-22T20:21:00,TRUE,TRUE
EXC_SYN_0001436,PAY_SYN_0019317,CUST_SYN_000730,ACCT_SYN_000730,2026-02-09T21:02:00,2026-02-09,SYSTEM,R007,Processing system unavailable,MEDIUM,OPEN,TEAM_SYN_002,USER_SYN_002_A01,UNRESOLVED,,,2026-02-10T05:02:00,TRUE,FALSE
EXC_SYN_0001437,PAY_SYN_0005520,CUST_SYN_000241,ACCT_SYN_000241,2026-02-02T13:36:00,2026-02-02,AUTHORIZATION,R008,Required payment authorization incomplete,HIGH,RESOLVED,TEAM_SYN_003,USER_SYN_003_A02,RESOLVED,SYN_RESOLVED,2026-02-02T14:36:00,2026-02-02T17:36:00,TRUE,TRUE
EXC_SYN_0001438,PAY_SYN_0021535,CUST_SYN_000296,ACCT_SYN_000296,2026-01-26T19:14:00,2026-01-26,BENEFICIARY,R009,Beneficiary details require review,MEDIUM,RESOLVED,TEAM_SYN_004,USER_SYN_004_A03,RESOLVED,SYN_RESOLVED,2026-01-26T21:14:00,2026-01-27T03:14:00,FALSE,TRUE
EXC_SYN_0001439,PAY_SYN_0024686,CUST_SYN_000383,ACCT_SYN_001383,2026-01-17T20:04:00,2026-01-17,CURRENCY,R010,Currency handling exception,MEDIUM,RESOLVED,TEAM_SYN_005,USER_SYN_005_A04,RESOLVED,SYN_RESOLVED,2026-01-17T23:04:00,2026-01-18T04:04:00,TRUE,TRUE
EXC_SYN_0001440,PAY_SYN_0018366,CUST_SYN_000043,ACCT_SYN_000043,2025-12-09T14:57:00,2025-12-09,SETTLEMENT,R011,Settlement confirmation delayed,LOW,OPEN,TEAM_SYN_001,USER_SYN_001_A01,UNRESOLVED,,,2025-12-09T22:57:00,FALSE,FALSE
EXC_SYN_0001441,PAY_SYN_0009708,CUST_SYN_000697,ACCT_SYN_000697,2026-01-31T17:04:00,2026-01-31,VALIDATION,R001,Payment instruction failed validation,MEDIUM,RESOLVED,TEAM_SYN_002,USER_SYN_002_A02,RESOLVED,SYN_RESOLVED,2026-01-31T19:04:00,2026-02-01T01:04:00,FALSE,TRUE
EXC_SYN_0001442,PAY_SYN_0007214,CUST_SYN_000419,ACCT_SYN_001419,2026-01-08T13:19:00,2026-01-08,LIQUIDITY,R002,Insufficient synthetic available funds,HIGH,RESOLVED,TEAM_SYN_003,USER_SYN_003_A03,RESOLVED,SYN_RESOLVED,2026-01-08T17:51:00,2026-01-08T17:19:00,TRUE,TRUE
EXC_SYN_0001443,PAY_SYN_0009069,CUST_SYN_000054,ACCT_SYN_001054,2025-11-16T17:57:00,2025-11-16,ROUTING,R003,Beneficiary routing information requires correction,MEDIUM,RESOLVED,TEAM_SYN_004,USER_SYN_004_A04,RESOLVED,SYN_RESOLVED,2025-11-16T18:57:00,2025-11-17T01:57:00,TRUE,TRUE
EXC_SYN_0001444,PAY_SYN_0009575,CUST_SYN_000276,ACCT_SYN_000276,2026-02-10T14:12:00,2026-02-10,CUTOFF,R004,Payment missed the processing cutoff,LOW,OPEN,TEAM_SYN_005,USER_SYN_005_A01,UNRESOLVED,,,2026-02-10T22:12:00,FALSE,FALSE
EXC_SYN_0001445,PAY_SYN_0015460,CUST_SYN_000521,ACCT_SYN_000521,2026-01-21T10:00:00,2026-01-21,SANCTIONS_SCREENING,R005,Synthetic screening review pending,HIGH,RESOLVED,TEAM_SYN_001,USER_SYN_001_A02,RESOLVED,SYN_RESOLVED,2026-01-21T13:00:00,2026-01-21T14:00:00,TRUE,TRUE
EXC_SYN_0001446,PAY_SYN_0008192,CUST_SYN_000105,ACCT_SYN_000105,2026-01-24T12:17:00,2026-01-24,DUPLICATE,R006,Potential duplicate payment instruction,HIGH,RESOLVED,TEAM_SYN_002,USER_SYN_002_A03,RESOLVED,SYN_RESOLVED,2026-01-24T13:17:00,2026-01-24T16:17:00,FALSE,TRUE
EXC_SYN_0001447,PAY_SYN_0009899,CUST_SYN_000264,ACCT_SYN_000264,2026-03-09T19:39:00,2026-03-09,SYSTEM,R007,Processing system unavailable,MEDIUM,RESOLVED,TEAM_SYN_003,USER_SYN_003_A04,RESOLVED,SYN_RESOLVED,2026-03-09T21:39:00,2026-03-10T03:39:00,TRUE,FALSE
EXC_SYN_0001448,PAY_SYN_0024625,CUST_SYN_000626,ACCT_SYN_000626,2025-12-05T15:54:00,2025-12-05,AUTHORIZATION,R008,Required payment authorization incomplete,HIGH,OPEN,TEAM_SYN_004,USER_SYN_004_A01,UNRESOLVED,,,2025-12-05T19:54:00,FALSE,TRUE
EXC_SYN_0001449,PAY_SYN_0019125,CUST_SYN_000126,ACCT_SYN_001126,2026-01-14T15:27:00,2026-01-14,BENEFICIARY,R009,Beneficiary details require review,MEDIUM,RESOLVED,TEAM_SYN_005,USER_SYN_005_A02,RESOLVED,SYN_RESOLVED,2026-01-15T00:06:00,2026-01-14T23:27:00,TRUE,TRUE
EXC_SYN_0001450,PAY_SYN_0020464,CUST_SYN_000169,ACCT_SYN_001169,2025-11-24T14:53:00,2025-11-24,CURRENCY,R010,Currency handling exception,MEDIUM,RESOLVED,TEAM_SYN_001,USER_SYN_001_A03,RESOLVED,SYN_RESOLVED,2025-11-24T16:53:00,2025-11-24T22:53:00,TRUE,TRUE
EXC_SYN_0001451,PAY_SYN_0008884,CUST_SYN_000209,ACCT_SYN_000209,2026-01-07T15:06:00,2026-01-07,SETTLEMENT,R011,Settlement confirmation delayed,LOW,RESOLVED,TEAM_SYN_002,USER_SYN_002_A04,RESOLVED,SYN_RESOLVED,2026-01-07T18:06:00,2026-01-07T23:06:00,TRUE,FALSE
EXC_SYN_0001452,PAY_SYN_0015239,CUST_SYN_000344,ACCT_SYN_001344,2026-01-03T20:44:00,2026-01-03,VALIDATION,R001,Payment instruction failed validation,MEDIUM,OPEN,TEAM_SYN_003,USER_SYN_003_A01,UNRESOLVED,,,2026-01-04T04:44:00,FALSE,TRUE
EXC_SYN_0001453,PAY_SYN_0007278,CUST_SYN_000787,ACCT_SYN_000787,2026-03-12T19:10:00,2026-03-12,LIQUIDITY,R002,Insufficient synthetic available funds,HIGH,RESOLVED,TEAM_SYN_004,USER_SYN_004_A02,RESOLVED,SYN_RESOLVED,2026-03-12T21:10:00,2026-03-12T23:10:00,FALSE,TRUE
EXC_SYN_0001454,PAY_SYN_0004597,CUST_SYN_000590,ACCT_SYN_000590,2025-11-21T18:36:00,2025-11-21,ROUTING,R003,Beneficiary routing information requires correction,MEDIUM,RESOLVED,TEAM_SYN_005,USER_SYN_005_A03,RESOLVED,SYN_RESOLVED,2025-11-21T21:36:00,2025-11-22T02:36:00,TRUE,TRUE
EXC_SYN_0001455,PAY_SYN_0003294,CUST_SYN_000379,ACCT_SYN_000379,2026-02-10T15:48:00,2026-02-10,CUTOFF,R004,Payment missed the processing cutoff,LOW,RESOLVED,TEAM_SYN_001,USER_SYN_001_A04,RESOLVED,SYN_RESOLVED,2026-02-10T16:48:00,2026-02-10T23:48:00,TRUE,FALSE
EXC_SYN_0001456,PAY_SYN_0011149,CUST_SYN_000014,ACCT_SYN_000014,2026-02-04T21:26:00,2026-02-04,SANCTIONS_SCREENING,R005,Synthetic screening review pending,HIGH,OPEN,TEAM_SYN_002,USER_SYN_002_A01,UNRESOLVED,,,2026-02-05T01:26:00,FALSE,TRUE
EXC_SYN_0001457,PAY_SYN_0001551,CUST_SYN_000388,ACCT_SYN_000388,2025-12-07T13:53:00,2025-12-07,DUPLICATE,R006,Potential duplicate payment instruction,HIGH,RESOLVED,TEAM_SYN_003,USER_SYN_003_A02,RESOLVED,SYN_RESOLVED,2025-12-07T16:53:00,2025-12-07T17:53:00,FALSE,TRUE
EXC_SYN_0001458,PAY_SYN_0009092,CUST_SYN_000405,ACCT_SYN_000405,2025-12-17T14:53:00,2025-12-17,SYSTEM,R007,Processing system unavailable,MEDIUM,RESOLVED,TEAM_SYN_004,USER_SYN_004_A03,RESOLVED,SYN_RESOLVED,2025-12-17T15:53:00,2025-12-17T22:53:00,TRUE,FALSE
EXC_SYN_0001459,PAY_SYN_0001371,CUST_SYN_000228,ACCT_SYN_001228,2026-02-13T14:19:00,2026-02-13,AUTHORIZATION,R008,Required payment authorization incomplete,HIGH,RESOLVED,TEAM_SYN_005,USER_SYN_005_A04,RESOLVED,SYN_RESOLVED,2026-02-13T16:19:00,2026-02-13T18:19:00,FALSE,TRUE
EXC_SYN_0001460,PAY_SYN_0015957,CUST_SYN_000910,ACCT_SYN_000910,2026-03-10T20:14:00,2026-03-10,BENEFICIARY,R009,Beneficiary details require review,MEDIUM,OPEN,TEAM_SYN_001,USER_SYN_001_A01,UNRESOLVED,,,2026-03-11T04:14:00,TRUE,TRUE
EXC_SYN_0001461,PAY_SYN_0006915,CUST_SYN_000856,ACCT_SYN_000856,2026-01-30T18:33:00,2026-01-30,CURRENCY,R010,Currency handling exception,MEDIUM,RESOLVED,TEAM_SYN_002,USER_SYN_002_A02,RESOLVED,SYN_RESOLVED,2026-01-30T19:33:00,2026-01-31T02:33:00,FALSE,TRUE
EXC_SYN_0001462,PAY_SYN_0024055,CUST_SYN_000536,ACCT_SYN_000536,2026-02-04T18:26:00,2026-02-04,SETTLEMENT,R011,Settlement confirmation delayed,LOW,RESOLVED,TEAM_SYN_003,USER_SYN_003_A03,RESOLVED,SYN_RESOLVED,2026-02-04T20:26:00,2026-02-05T02:26:00,FALSE,FALSE
EXC_SYN_0001463,PAY_SYN_0020765,CUST_SYN_000306,ACCT_SYN_000306,2026-01-24T18:49:00,2026-01-24,VALIDATION,R001,Payment instruction failed validation,MEDIUM,RESOLVED,TEAM_SYN_004,USER_SYN_004_A04,RESOLVED,SYN_RESOLVED,2026-01-25T03:42:00,2026-01-25T02:49:00,TRUE,TRUE
EXC_SYN_0001464,PAY_SYN_0018450,CUST_SYN_000151,ACCT_SYN_000151,2026-02-14T13:57:00,2026-02-14,LIQUIDITY,R002,Insufficient synthetic available funds,HIGH,OPEN,TEAM_SYN_005,USER_SYN_005_A01,UNRESOLVED,,,2026-02-14T17:57:00,TRUE,TRUE
EXC_SYN_0001465,PAY_SYN_0002552,CUST_SYN_000425,ACCT_SYN_001425,2026-03-07T16:24:00,2026-03-07,ROUTING,R003,Beneficiary routing information requires correction,MEDIUM,RESOLVED,TEAM_SYN_001,USER_SYN_001_A02,RESOLVED,SYN_RESOLVED,2026-03-07T18:24:00,2026-03-08T00:24:00,FALSE,TRUE
EXC_SYN_0001466,PAY_SYN_0008002,CUST_SYN_000575,ACCT_SYN_000575,2026-02-02T16:27:00,2026-02-02,CUTOFF,R004,Payment missed the processing cutoff,LOW,RESOLVED,TEAM_SYN_002,USER_SYN_002_A03,RESOLVED,SYN_RESOLVED,2026-02-02T19:27:00,2026-02-03T00:27:00,TRUE,FALSE
EXC_SYN_0001467,PAY_SYN_0018931,CUST_SYN_000448,ACCT_SYN_001448,2026-01-06T15:43:00,2026-01-06,SANCTIONS_SCREENING,R005,Synthetic screening review pending,HIGH,RESOLVED,TEAM_SYN_003,USER_SYN_003_A04,RESOLVED,SYN_RESOLVED,2026-01-06T16:43:00,2026-01-06T19:43:00,FALSE,TRUE
EXC_SYN_0001468,PAY_SYN_0023129,CUST_SYN_000774,ACCT_SYN_000774,2026-01-03T17:42:00,2026-01-03,DUPLICATE,R006,Potential duplicate payment instruction,HIGH,OPEN,TEAM_SYN_004,USER_SYN_004_A01,UNRESOLVED,,,2026-01-03T21:42:00,FALSE,TRUE
EXC_SYN_0001469,PAY_SYN_0018747,CUST_SYN_000640,ACCT_SYN_000640,2025-12-06T15:41:00,2025-12-06,SYSTEM,R007,Processing system unavailable,MEDIUM,RESOLVED,TEAM_SYN_005,USER_SYN_005_A02,RESOLVED,SYN_RESOLVED,2025-12-06T18:41:00,2025-12-06T23:41:00,FALSE,FALSE
EXC_SYN_0001470,PAY_SYN_0016080,CUST_SYN_000961,ACCT_SYN_000961,2025-12-03T08:45:00,2025-12-03,AUTHORIZATION,R008,Required payment authorization incomplete,HIGH,RESOLVED,TEAM_SYN_001,USER_SYN_001_A03,RESOLVED,SYN_RESOLVED,2025-12-03T13:45:00,2025-12-03T12:45:00,FALSE,TRUE
EXC_SYN_0001471,PAY_SYN_0010162,CUST_SYN_000995,ACCT_SYN_000995,2026-01-27T11:32:00,2026-01-27,BENEFICIARY,R009,Beneficiary details require review,MEDIUM,RESOLVED,TEAM_SYN_002,USER_SYN_002_A04,RESOLVED,SYN_RESOLVED,2026-01-27T13:32:00,2026-01-27T19:32:00,TRUE,TRUE
EXC_SYN_0001472,PAY_SYN_0001959,CUST_SYN_000484,ACCT_SYN_000484,2026-02-24T18:44:00,2026-02-24,CURRENCY,R010,Currency handling exception,MEDIUM,OPEN,TEAM_SYN_003,USER_SYN_003_A01,UNRESOLVED,,,2026-02-25T02:44:00,FALSE,TRUE
EXC_SYN_0001473,PAY_SYN_0012698,CUST_SYN_000327,ACCT_SYN_000327,2026-02-26T17:50:00,2026-02-26,SETTLEMENT,R011,Settlement confirmation delayed,LOW,RESOLVED,TEAM_SYN_004,USER_SYN_004_A02,RESOLVED,SYN_RESOLVED,2026-02-26T18:50:00,2026-02-27T01:50:00,FALSE,FALSE
EXC_SYN_0001474,PAY_SYN_0004518,CUST_SYN_000667,ACCT_SYN_000667,2025-11-19T17:43:00,2025-11-19,VALIDATION,R001,Payment instruction failed validation,MEDIUM,RESOLVED,TEAM_SYN_005,USER_SYN_005_A03,RESOLVED,SYN_RESOLVED,2025-11-19T19:43:00,2025-11-20T01:43:00,FALSE,TRUE
EXC_SYN_0001475,PAY_SYN_0023707,CUST_SYN_000160,ACCT_SYN_001160,2026-03-10T17:39:00,2026-03-10,LIQUIDITY,R002,Insufficient synthetic available funds,HIGH,RESOLVED,TEAM_SYN_001,USER_SYN_001_A04,RESOLVED,SYN_RESOLVED,2026-03-10T20:39:00,2026-03-10T21:39:00,TRUE,TRUE
EXC_SYN_0001476,PAY_SYN_0013049,CUST_SYN_000314,ACCT_SYN_001314,2025-12-13T19:26:00,2025-12-13,ROUTING,R003,Beneficiary routing information requires correction,MEDIUM,OPEN,TEAM_SYN_002,USER_SYN_002_A01,UNRESOLVED,,,2025-12-14T03:26:00,FALSE,TRUE
EXC_SYN_0001477,PAY_SYN_0018553,CUST_SYN_000962,ACCT_SYN_000962,2026-02-20T13:47:00,2026-02-20,CUTOFF,R004,Payment missed the processing cutoff,LOW,RESOLVED,TEAM_SYN_003,USER_SYN_003_A02,RESOLVED,SYN_RESOLVED,2026-02-20T22:54:00,2026-02-20T21:47:00,FALSE,FALSE
EXC_SYN_0001478,PAY_SYN_0005872,CUST_SYN_000265,ACCT_SYN_001265,2025-12-22T12:33:00,2025-12-22,SANCTIONS_SCREENING,R005,Synthetic screening review pending,HIGH,RESOLVED,TEAM_SYN_004,USER_SYN_004_A03,RESOLVED,SYN_RESOLVED,2025-12-22T15:33:00,2025-12-22T16:33:00,FALSE,TRUE
EXC_SYN_0001479,PAY_SYN_0011716,CUST_SYN_000493,ACCT_SYN_001493,2026-01-02T17:34:00,2026-01-02,DUPLICATE,R006,Potential duplicate payment instruction,HIGH,RESOLVED,TEAM_SYN_005,USER_SYN_005_A04,RESOLVED,SYN_RESOLVED,2026-01-02T18:34:00,2026-01-02T21:34:00,FALSE,TRUE
EXC_SYN_0001480,PAY_SYN_0007563,CUST_SYN_000832,ACCT_SYN_000832,2025-12-11T14:16:00,2025-12-11,SYSTEM,R007,Processing system unavailable,MEDIUM,OPEN,TEAM_SYN_001,USER_SYN_001_A01,UNRESOLVED,,,2025-12-11T22:16:00,TRUE,FALSE
EXC_SYN_0001481,PAY_SYN_0016982,CUST_SYN_000335,ACCT_SYN_001335,2025-12-12T13:22:00,2025-12-12,AUTHORIZATION,R008,Required payment authorization incomplete,HIGH,RESOLVED,TEAM_SYN_002,USER_SYN_002_A02,RESOLVED,SYN_RESOLVED,2025-12-12T16:22:00,2025-12-12T17:22:00,FALSE,TRUE
EXC_SYN_0001482,PAY_SYN_0019524,CUST_SYN_000889,ACCT_SYN_000889,2026-03-01T16:09:00,2026-03-01,BENEFICIARY,R009,Beneficiary details require review,MEDIUM,RESOLVED,TEAM_SYN_003,USER_SYN_003_A03,RESOLVED,SYN_RESOLVED,2026-03-01T17:09:00,2026-03-02T00:09:00,FALSE,TRUE
EXC_SYN_0001483,PAY_SYN_0018746,CUST_SYN_000603,ACCT_SYN_000603,2026-02-05T17:36:00,2026-02-05,CURRENCY,R010,Currency handling exception,MEDIUM,RESOLVED,TEAM_SYN_004,USER_SYN_004_A04,RESOLVED,SYN_RESOLVED,2026-02-05T19:36:00,2026-02-06T01:36:00,TRUE,TRUE
EXC_SYN_0001484,PAY_SYN_0004624,CUST_SYN_000089,ACCT_SYN_000089,2026-01-15T16:15:00,2026-01-15,SETTLEMENT,R011,Settlement confirmation delayed,LOW,OPEN,TEAM_SYN_005,USER_SYN_005_A01,UNRESOLVED,,,2026-01-16T00:15:00,TRUE,FALSE
EXC_SYN_0001485,PAY_SYN_0020328,CUST_SYN_000637,ACCT_SYN_000637,2025-11-16T20:36:00,2025-11-16,VALIDATION,R001,Payment instruction failed validation,MEDIUM,RESOLVED,TEAM_SYN_001,USER_SYN_001_A02,RESOLVED,SYN_RESOLVED,2025-11-16T21:36:00,2025-11-17T04:36:00,TRUE,TRUE
EXC_SYN_0001486,PAY_SYN_0021433,CUST_SYN_000022,ACCT_SYN_001022,2026-03-03T15:44:00,2026-03-03,LIQUIDITY,R002,Insufficient synthetic available funds,HIGH,RESOLVED,TEAM_SYN_002,USER_SYN_002_A03,RESOLVED,SYN_RESOLVED,2026-03-03T17:44:00,2026-03-03T19:44:00,FALSE,TRUE
EXC_SYN_0001487,PAY_SYN_0020298,CUST_SYN_000027,ACCT_SYN_001027,2026-01-17T20:32:00,2026-01-17,ROUTING,R003,Beneficiary routing information requires correction,MEDIUM,RESOLVED,TEAM_SYN_003,USER_SYN_003_A04,RESOLVED,SYN_RESOLVED,2026-01-17T23:32:00,2026-01-18T04:32:00,TRUE,TRUE
EXC_SYN_0001488,PAY_SYN_0004353,CUST_SYN_000562,ACCT_SYN_000562,2026-01-31T16:30:00,2026-01-31,CUTOFF,R004,Payment missed the processing cutoff,LOW,OPEN,TEAM_SYN_004,USER_SYN_004_A01,UNRESOLVED,,,2026-02-01T00:30:00,FALSE,FALSE
EXC_SYN_0001489,PAY_SYN_0012593,CUST_SYN_000942,ACCT_SYN_000942,2026-03-11T16:03:00,2026-03-11,SANCTIONS_SCREENING,R005,Synthetic screening review pending,HIGH,RESOLVED,TEAM_SYN_005,USER_SYN_005_A02,RESOLVED,SYN_RESOLVED,2026-03-11T18:03:00,2026-03-11T20:03:00,TRUE,TRUE
EXC_SYN_0001490,PAY_SYN_0017504,CUST_SYN_000149,ACCT_SYN_001149,2026-02-09T17:13:00,2026-02-09,DUPLICATE,R006,Potential duplicate payment instruction,HIGH,RESOLVED,TEAM_SYN_001,USER_SYN_001_A03,RESOLVED,SYN_RESOLVED,2026-02-09T20:13:00,2026-02-09T21:13:00,TRUE,TRUE
EXC_SYN_0001491,PAY_SYN_0014960,CUST_SYN_000021,ACCT_SYN_000021,2026-03-11T13:38:00,2026-03-11,LIQUIDITY,R002,Insufficient synthetic available funds,HIGH,RESOLVED,TEAM_SYN_002,USER_SYN_002_A04,RESOLVED,SYN_RESOLVED,2026-03-11T18:59:00,2026-03-11T17:38:00,FALSE,TRUE
EXC_SYN_0001492,PAY_SYN_0013485,CUST_SYN_000946,ACCT_SYN_000946,2026-02-28T18:46:00,2026-02-28,AUTHORIZATION,R008,Required payment authorization incomplete,HIGH,OPEN,TEAM_SYN_003,USER_SYN_003_A01,UNRESOLVED,,,2026-02-28T22:46:00,TRUE,TRUE
EXC_SYN_0001493,PAY_SYN_0007708,CUST_SYN_000197,ACCT_SYN_000197,2026-03-05T22:00:00,2026-03-05,BENEFICIARY,R009,Beneficiary details require review,MEDIUM,RESOLVED,TEAM_SYN_004,USER_SYN_004_A02,RESOLVED,SYN_RESOLVED,2026-03-06T01:00:00,2026-03-06T06:00:00,TRUE,TRUE
EXC_SYN_0001494,PAY_SYN_0015405,CUST_SYN_000486,ACCT_SYN_001486,2026-02-10T19:12:00,2026-02-10,CURRENCY,R010,Currency handling exception,MEDIUM,RESOLVED,TEAM_SYN_005,USER_SYN_005_A03,RESOLVED,SYN_RESOLVED,2026-02-10T20:12:00,2026-02-11T03:12:00,TRUE,TRUE
EXC_SYN_0001495,PAY_SYN_0012368,CUST_SYN_000117,ACCT_SYN_000117,2026-02-19T23:06:00,2026-02-19,SETTLEMENT,R011,Settlement confirmation delayed,LOW,RESOLVED,TEAM_SYN_001,USER_SYN_001_A04,RESOLVED,SYN_RESOLVED,2026-02-20T01:06:00,2026-02-20T07:06:00,FALSE,FALSE
EXC_SYN_0001496,PAY_SYN_0010374,CUST_SYN_000339,ACCT_SYN_001339,2025-12-29T12:41:00,2025-12-29,VALIDATION,R001,Payment instruction failed validation,MEDIUM,OPEN,TEAM_SYN_002,USER_SYN_002_A01,UNRESOLVED,,,2025-12-29T20:41:00,TRUE,TRUE
EXC_SYN_0001497,PAY_SYN_0001969,CUST_SYN_000854,ACCT_SYN_000854,2025-12-30T18:19:00,2025-12-30,LIQUIDITY,R002,Insufficient synthetic available funds,HIGH,RESOLVED,TEAM_SYN_003,USER_SYN_003_A02,RESOLVED,SYN_RESOLVED,2025-12-30T19:19:00,2025-12-30T22:19:00,TRUE,TRUE
EXC_SYN_0001498,PAY_SYN_0022389,CUST_SYN_000394,ACCT_SYN_000394,2026-02-14T17:52:00,2026-02-14,ROUTING,R003,Beneficiary routing information requires correction,MEDIUM,RESOLVED,TEAM_SYN_004,USER_SYN_004_A03,RESOLVED,SYN_RESOLVED,2026-02-15T03:20:00,2026-02-15T01:52:00,TRUE,TRUE
EXC_SYN_0001499,PAY_SYN_0010921,CUST_SYN_000578,ACCT_SYN_000578,2025-11-27T10:09:00,2025-11-27,CUTOFF,R004,Payment missed the processing cutoff,LOW,RESOLVED,TEAM_SYN_005,USER_SYN_005_A04,RESOLVED,SYN_RESOLVED,2025-11-27T13:09:00,2025-11-27T18:09:00,FALSE,FALSE
EXC_SYN_0001500,PAY_SYN_0023019,CUST_SYN_000204,ACCT_SYN_001204,2026-03-04T18:48:00,2026-03-04,SANCTIONS_SCREENING,R005,Synthetic screening review pending,HIGH,OPEN,TEAM_SYN_001,USER_SYN_001_A01,UNRESOLVED,,,2026-03-04T22:48:00,TRUE,TRUE
EXC_SYN_0001501,PAY_SYN_0000702,CUST_SYN_000475,ACCT_SYN_000475,2025-12-30T12:22:00,2025-12-30,DUPLICATE,R006,Potential duplicate payment instruction,HIGH,RESOLVED,TEAM_SYN_002,USER_SYN_002_A02,RESOLVED,SYN_RESOLVED,2025-12-30T14:22:00,2025-12-30T16:22:00,FALSE,TRUE
EXC_SYN_0001502,PAY_SYN_0019657,CUST_SYN_000310,ACCT_SYN_001310,2026-01-24T17:00:00,2026-01-24,SYSTEM,R007,Processing system unavailable,MEDIUM,RESOLVED,TEAM_SYN_003,USER_SYN_003_A03,RESOLVED,SYN_RESOLVED,2026-01-24T20:00:00,2026-01-25T01:00:00,TRUE,FALSE
EXC_SYN_0001503,PAY_SYN_0005062,CUST_SYN_000295,ACCT_SYN_001295,2025-12-07T12:28:00,2025-12-07,AUTHORIZATION,R008,Required payment authorization incomplete,HIGH,RESOLVED,TEAM_SYN_004,USER_SYN_004_A04,RESOLVED,SYN_RESOLVED,2025-12-07T13:28:00,2025-12-07T16:28:00,TRUE,TRUE
EXC_SYN_0001504,PAY_SYN_0009956,CUST_SYN_000873,ACCT_SYN_000873,2025-11-27T16:39:00,2025-11-27,BENEFICIARY,R009,Beneficiary details require review,MEDIUM,OPEN,TEAM_SYN_005,USER_SYN_005_A01,UNRESOLVED,,,2025-11-28T00:39:00,TRUE,TRUE
EXC_SYN_0001505,PAY_SYN_0011028,CUST_SYN_000037,ACCT_SYN_000037,2025-12-19T18:56:00,2025-12-19,CURRENCY,R010,Currency handling exception,MEDIUM,RESOLVED,TEAM_SYN_001,USER_SYN_001_A02,RESOLVED,SYN_RESOLVED,2025-12-20T04:31:00,2025-12-20T02:56:00,TRUE,TRUE
EXC_SYN_0001506,PAY_SYN_0024634,CUST_SYN_000959,ACCT_SYN_000959,2026-03-11T15:31:00,2026-03-11,LIQUIDITY,R002,Insufficient synthetic available funds,HIGH,RESOLVED,TEAM_SYN_002,USER_SYN_002_A03,RESOLVED,SYN_RESOLVED,2026-03-11T16:31:00,2026-03-11T19:31:00,FALSE,TRUE
EXC_SYN_0001507,PAY_SYN_0001418,CUST_SYN_000467,ACCT_SYN_001467,2026-03-14T19:12:00,2026-03-14,VALIDATION,R001,Payment instruction failed validation,MEDIUM,RESOLVED,TEAM_SYN_003,USER_SYN_003_A04,RESOLVED,SYN_RESOLVED,2026-03-14T21:12:00,2026-03-15T03:12:00,FALSE,TRUE
EXC_SYN_0001508,PAY_SYN_0000341,CUST_SYN_000618,ACCT_SYN_000618,2026-03-05T12:46:00,2026-03-05,LIQUIDITY,R002,Insufficient synthetic available funds,HIGH,OPEN,TEAM_SYN_004,USER_SYN_004_A01,UNRESOLVED,,,2026-03-05T16:46:00,TRUE,TRUE
EXC_SYN_0001509,PAY_SYN_0004479,CUST_SYN_000724,ACCT_SYN_000724,2025-11-30T20:45:00,2025-11-30,ROUTING,R003,Beneficiary routing information requires correction,MEDIUM,RESOLVED,TEAM_SYN_005,USER_SYN_005_A02,RESOLVED,SYN_RESOLVED,2025-11-30T21:45:00,2025-12-01T04:45:00,FALSE,TRUE
EXC_SYN_0001510,PAY_SYN_0008651,CUST_SYN_000588,ACCT_SYN_000588,2025-12-19T12:42:00,2025-12-19,CUTOFF,R004,Payment missed the processing cutoff,LOW,RESOLVED,TEAM_SYN_001,USER_SYN_001_A03,RESOLVED,SYN_RESOLVED,2025-12-19T14:42:00,2025-12-19T20:42:00,TRUE,FALSE
EXC_SYN_0001511,PAY_SYN_0018240,CUST_SYN_000381,ACCT_SYN_001381,2026-03-07T11:38:00,2026-03-07,SANCTIONS_SCREENING,R005,Synthetic screening review pending,HIGH,RESOLVED,TEAM_SYN_002,USER_SYN_002_A04,RESOLVED,SYN_RESOLVED,2026-03-07T14:38:00,2026-03-07T15:38:00,FALSE,TRUE
EXC_SYN_0001512,PAY_SYN_0005985,CUST_SYN_000946,ACCT_SYN_000946,2026-01-22T17:06:00,2026-01-22,DUPLICATE,R006,Potential duplicate payment instruction,HIGH,OPEN,TEAM_SYN_003,USER_SYN_003_A01,UNRESOLVED,,,2026-01-22T21:06:00,TRUE,TRUE
EXC_SYN_0001513,PAY_SYN_0003881,CUST_SYN_000098,ACCT_SYN_001098,2026-03-15T13:51:00,2026-03-15,SYSTEM,R007,Processing system unavailable,MEDIUM,RESOLVED,TEAM_SYN_004,USER_SYN_004_A02,RESOLVED,SYN_RESOLVED,2026-03-15T15:51:00,2026-03-15T21:51:00,FALSE,FALSE
EXC_SYN_0001514,PAY_SYN_0017098,CUST_SYN_000127,ACCT_SYN_001127,2025-12-27T21:03:00,2025-12-27,AUTHORIZATION,R008,Required payment authorization incomplete,HIGH,RESOLVED,TEAM_SYN_005,USER_SYN_005_A03,RESOLVED,SYN_RESOLVED,2025-12-28T00:03:00,2025-12-28T01:03:00,FALSE,TRUE
EXC_SYN_0001515,PAY_SYN_0002656,CUST_SYN_000773,ACCT_SYN_000773,2025-12-23T19:22:00,2025-12-23,BENEFICIARY,R009,Beneficiary details require review,MEDIUM,RESOLVED,TEAM_SYN_001,USER_SYN_001_A04,RESOLVED,SYN_RESOLVED,2025-12-23T20:22:00,2025-12-24T03:22:00,FALSE,TRUE
EXC_SYN_0001516,PAY_SYN_0009654,CUST_SYN_000199,ACCT_SYN_000199,2026-03-06T17:01:00,2026-03-06,CURRENCY,R010,Currency handling exception,MEDIUM,OPEN,TEAM_SYN_002,USER_SYN_002_A01,UNRESOLVED,,,2026-03-07T01:01:00,FALSE,TRUE
EXC_SYN_0001517,PAY_SYN_0003693,CUST_SYN_000142,ACCT_SYN_000142,2025-12-03T16:47:00,2025-12-03,SETTLEMENT,R011,Settlement confirmation delayed,LOW,RESOLVED,TEAM_SYN_003,USER_SYN_003_A02,RESOLVED,SYN_RESOLVED,2025-12-03T19:47:00,2025-12-04T00:47:00,FALSE,FALSE
EXC_SYN_0001518,PAY_SYN_0020376,CUST_SYN_000913,ACCT_SYN_000913,2026-01-07T19:21:00,2026-01-07,VALIDATION,R001,Payment instruction failed validation,MEDIUM,RESOLVED,TEAM_SYN_004,USER_SYN_004_A03,RESOLVED,SYN_RESOLVED,2026-01-07T20:21:00,2026-01-08T03:21:00,TRUE,TRUE
EXC_SYN_0001519,PAY_SYN_0015890,CUST_SYN_000431,ACCT_SYN_001431,2025-12-01T14:12:00,2025-12-01,LIQUIDITY,R002,Insufficient synthetic available funds,HIGH,RESOLVED,TEAM_SYN_005,USER_SYN_005_A04,RESOLVED,SYN_RESOLVED,2025-12-01T20:01:00,2025-12-01T18:12:00,FALSE,TRUE
EXC_SYN_0001520,PAY_SYN_0023241,CUST_SYN_000418,ACCT_SYN_000418,2025-12-14T15:02:00,2025-12-14,ROUTING,R003,Beneficiary routing information requires correction,MEDIUM,OPEN,TEAM_SYN_001,USER_SYN_001_A01,UNRESOLVED,,,2025-12-14T23:02:00,FALSE,TRUE
EXC_SYN_0001521,PAY_SYN_0009170,CUST_SYN_000291,ACCT_SYN_000291,2026-01-04T14:38:00,2026-01-04,CUTOFF,R004,Payment missed the processing cutoff,LOW,RESOLVED,TEAM_SYN_002,USER_SYN_002_A02,RESOLVED,SYN_RESOLVED,2026-01-04T15:38:00,2026-01-04T22:38:00,FALSE,FALSE
EXC_SYN_0001522,PAY_SYN_0014897,CUST_SYN_000690,ACCT_SYN_000690,2026-03-11T22:00:00,2026-03-11,SANCTIONS_SCREENING,R005,Synthetic screening review pending,HIGH,RESOLVED,TEAM_SYN_003,USER_SYN_003_A03,RESOLVED,SYN_RESOLVED,2026-03-12T00:00:00,2026-03-12T02:00:00,TRUE,TRUE
EXC_SYN_0001523,PAY_SYN_0010903,CUST_SYN_000412,ACCT_SYN_001412,2026-02-10T17:15:00,2026-02-10,DUPLICATE,R006,Potential duplicate payment instruction,HIGH,RESOLVED,TEAM_SYN_004,USER_SYN_004_A04,RESOLVED,SYN_RESOLVED,2026-02-10T20:15:00,2026-02-10T21:15:00,FALSE,TRUE
EXC_SYN_0001524,PAY_SYN_0006639,CUST_SYN_000144,ACCT_SYN_001144,2026-01-12T18:00:00,2026-01-12,SYSTEM,R007,Processing system unavailable,MEDIUM,OPEN,TEAM_SYN_005,USER_SYN_005_A01,UNRESOLVED,,,2026-01-13T02:00:00,TRUE,FALSE
EXC_SYN_0001525,PAY_SYN_0002291,CUST_SYN_000768,ACCT_SYN_000768,2025-12-18T09:57:00,2025-12-18,AUTHORIZATION,R008,Required payment authorization incomplete,HIGH,RESOLVED,TEAM_SYN_001,USER_SYN_001_A02,RESOLVED,SYN_RESOLVED,2025-12-18T11:57:00,2025-12-18T13:57:00,TRUE,TRUE
EXC_SYN_0001526,PAY_SYN_0011953,CUST_SYN_000262,ACCT_SYN_001262,2026-03-15T12:24:00,2026-03-15,LIQUIDITY,R002,Insufficient synthetic available funds,HIGH,RESOLVED,TEAM_SYN_002,USER_SYN_002_A03,RESOLVED,SYN_RESOLVED,2026-03-15T18:20:00,2026-03-15T16:24:00,TRUE,TRUE
EXC_SYN_0001527,PAY_SYN_0022429,CUST_SYN_000374,ACCT_SYN_000374,2026-02-08T18:49:00,2026-02-08,CURRENCY,R010,Currency handling exception,MEDIUM,RESOLVED,TEAM_SYN_003,USER_SYN_003_A04,RESOLVED,SYN_RESOLVED,2026-02-08T19:49:00,2026-02-09T02:49:00,FALSE,TRUE
EXC_SYN_0001528,PAY_SYN_0018936,CUST_SYN_000133,ACCT_SYN_000133,2025-12-05T15:31:00,2025-12-05,SETTLEMENT,R011,Settlement confirmation delayed,LOW,OPEN,TEAM_SYN_004,USER_SYN_004_A01,UNRESOLVED,,,2025-12-05T23:31:00,TRUE,FALSE
EXC_SYN_0001529,PAY_SYN_0019175,CUST_SYN_000476,ACCT_SYN_001476,2025-11-24T14:37:00,2025-11-24,VALIDATION,R001,Payment instruction failed validation,MEDIUM,RESOLVED,TEAM_SYN_005,USER_SYN_005_A02,RESOLVED,SYN_RESOLVED,2025-11-24T17:37:00,2025-11-24T22:37:00,TRUE,TRUE
EXC_SYN_0001530,PAY_SYN_0016852,CUST_SYN_000025,ACCT_SYN_001025,2025-12-09T11:49:00,2025-12-09,LIQUIDITY,R002,Insufficient synthetic available funds,HIGH,RESOLVED,TEAM_SYN_001,USER_SYN_001_A03,RESOLVED,SYN_RESOLVED,2025-12-09T12:49:00,2025-12-09T15:49:00,TRUE,TRUE
EXC_SYN_0001531,PAY_SYN_0001771,CUST_SYN_000028,ACCT_SYN_001028,2025-12-19T11:35:00,2025-12-19,ROUTING,R003,Beneficiary routing information requires correction,MEDIUM,RESOLVED,TEAM_SYN_002,USER_SYN_002_A04,RESOLVED,SYN_RESOLVED,2025-12-19T13:35:00,2025-12-19T19:35:00,FALSE,TRUE
EXC_SYN_0001532,PAY_SYN_0020035,CUST_SYN_000296,ACCT_SYN_000296,2025-12-20T15:36:00,2025-12-20,CUTOFF,R004,Payment missed the processing cutoff,LOW,OPEN,TEAM_SYN_003,USER_SYN_003_A01,UNRESOLVED,,,2025-12-20T23:36:00,TRUE,FALSE
EXC_SYN_0001533,PAY_SYN_0008484,CUST_SYN_000409,ACCT_SYN_000409,2026-02-23T15:12:00,2026-02-23,SANCTIONS_SCREENING,R005,Synthetic screening review pending,HIGH,RESOLVED,TEAM_SYN_004,USER_SYN_004_A02,RESOLVED,SYN_RESOLVED,2026-02-23T21:15:00,2026-02-23T19:12:00,FALSE,TRUE
EXC_SYN_0001534,PAY_SYN_0001610,CUST_SYN_000071,ACCT_SYN_001071,2025-11-17T11:27:00,2025-11-17,DUPLICATE,R006,Potential duplicate payment instruction,HIGH,RESOLVED,TEAM_SYN_005,USER_SYN_005_A03,RESOLVED,SYN_RESOLVED,2025-11-17T13:27:00,2025-11-17T15:27:00,TRUE,TRUE
EXC_SYN_0001535,PAY_SYN_0021940,CUST_SYN_000281,ACCT_SYN_000281,2026-02-17T11:30:00,2026-02-17,SYSTEM,R007,Processing system unavailable,MEDIUM,RESOLVED,TEAM_SYN_001,USER_SYN_001_A04,RESOLVED,SYN_RESOLVED,2026-02-17T14:30:00,2026-02-17T19:30:00,FALSE,FALSE
EXC_SYN_0001536,PAY_SYN_0008590,CUST_SYN_000331,ACCT_SYN_001331,2026-01-26T11:13:00,2026-01-26,AUTHORIZATION,R008,Required payment authorization incomplete,HIGH,OPEN,TEAM_SYN_002,USER_SYN_002_A01,UNRESOLVED,,,2026-01-26T15:13:00,FALSE,TRUE
EXC_SYN_0001537,PAY_SYN_0023214,CUST_SYN_000919,ACCT_SYN_000919,2025-11-20T15:34:00,2025-11-20,BENEFICIARY,R009,Beneficiary details require review,MEDIUM,RESOLVED,TEAM_SYN_003,USER_SYN_003_A02,RESOLVED,SYN_RESOLVED,2025-11-20T17:34:00,2025-11-20T23:34:00,TRUE,TRUE
EXC_SYN_0001538,PAY_SYN_0017392,CUST_SYN_000005,ACCT_SYN_000005,2026-01-27T13:33:00,2026-01-27,CURRENCY,R010,Currency handling exception,MEDIUM,RESOLVED,TEAM_SYN_004,USER_SYN_004_A03,RESOLVED,SYN_RESOLVED,2026-01-27T16:33:00,2026-01-27T21:33:00,TRUE,TRUE
EXC_SYN_0001539,PAY_SYN_0003733,CUST_SYN_000122,ACCT_SYN_000122,2026-03-09T15:13:00,2026-03-09,SYSTEM,R007,Processing system unavailable,MEDIUM,RESOLVED,TEAM_SYN_005,USER_SYN_005_A04,RESOLVED,SYN_RESOLVED,2026-03-09T16:13:00,2026-03-09T23:13:00,TRUE,FALSE
EXC_SYN_0001540,PAY_SYN_0023216,CUST_SYN_000993,ACCT_SYN_000993,2026-02-25T18:27:00,2026-02-25,VALIDATION,R001,Payment instruction failed validation,MEDIUM,OPEN,TEAM_SYN_001,USER_SYN_001_A01,UNRESOLVED,,,2026-02-26T02:27:00,FALSE,TRUE
EXC_SYN_0001541,PAY_SYN_0021822,CUST_SYN_000415,ACCT_SYN_000415,2026-03-05T15:02:00,2026-03-05,LIQUIDITY,R002,Insufficient synthetic available funds,HIGH,RESOLVED,TEAM_SYN_002,USER_SYN_002_A02,RESOLVED,SYN_RESOLVED,2026-03-05T18:02:00,2026-03-05T19:02:00,TRUE,TRUE
EXC_SYN_0001542,PAY_SYN_0007631,CUST_SYN_000348,ACCT_SYN_000348,2025-12-21T13:38:00,2025-12-21,ROUTING,R003,Beneficiary routing information requires correction,MEDIUM,RESOLVED,TEAM_SYN_003,USER_SYN_003_A03,RESOLVED,SYN_RESOLVED,2025-12-21T14:38:00,2025-12-21T21:38:00,TRUE,TRUE
EXC_SYN_0001543,PAY_SYN_0016699,CUST_SYN_000364,ACCT_SYN_001364,2025-12-07T21:47:00,2025-12-07,CUTOFF,R004,Payment missed the processing cutoff,LOW,RESOLVED,TEAM_SYN_004,USER_SYN_004_A04,RESOLVED,SYN_RESOLVED,2025-12-07T23:47:00,2025-12-08T05:47:00,TRUE,FALSE
EXC_SYN_0001544,PAY_SYN_0020779,CUST_SYN_000824,ACCT_SYN_000824,2026-03-08T22:00:00,2026-03-08,SANCTIONS_SCREENING,R005,Synthetic screening review pending,HIGH,OPEN,TEAM_SYN_005,USER_SYN_005_A01,UNRESOLVED,,,2026-03-09T02:00:00,FALSE,TRUE
EXC_SYN_0001545,PAY_SYN_0022967,CUST_SYN_000780,ACCT_SYN_000780,2026-01-24T20:29:00,2026-01-24,DUPLICATE,R006,Potential duplicate payment instruction,HIGH,RESOLVED,TEAM_SYN_001,USER_SYN_001_A02,RESOLVED,SYN_RESOLVED,2026-01-24T21:29:00,2026-01-25T00:29:00,FALSE,TRUE
EXC_SYN_0001546,PAY_SYN_0012473,CUST_SYN_000002,ACCT_SYN_001002,2026-01-08T16:24:00,2026-01-08,SYSTEM,R007,Processing system unavailable,MEDIUM,RESOLVED,TEAM_SYN_002,USER_SYN_002_A03,RESOLVED,SYN_RESOLVED,2026-01-08T18:24:00,2026-01-09T00:24:00,TRUE,FALSE
EXC_SYN_0001547,PAY_SYN_0000022,CUST_SYN_000815,ACCT_SYN_000815,2026-03-09T16:00:00,2026-03-09,AUTHORIZATION,R008,Required payment authorization incomplete,HIGH,RESOLVED,TEAM_SYN_003,USER_SYN_003_A04,RESOLVED,SYN_RESOLVED,2026-03-09T22:17:00,2026-03-09T20:00:00,TRUE,TRUE
EXC_SYN_0001548,PAY_SYN_0003246,CUST_SYN_000103,ACCT_SYN_000103,2026-01-15T20:21:00,2026-01-15,BENEFICIARY,R009,Beneficiary details require review,MEDIUM,OPEN,TEAM_SYN_004,USER_SYN_004_A01,UNRESOLVED,,,2026-01-16T04:21:00,TRUE,TRUE
EXC_SYN_0001549,PAY_SYN_0015622,CUST_SYN_000515,ACCT_SYN_000515,2026-03-07T16:26:00,2026-03-07,CURRENCY,R010,Currency handling exception,MEDIUM,RESOLVED,TEAM_SYN_005,USER_SYN_005_A02,RESOLVED,SYN_RESOLVED,2026-03-07T18:26:00,2026-03-08T00:26:00,FALSE,TRUE
EXC_SYN_0001550,PAY_SYN_0017141,CUST_SYN_000218,ACCT_SYN_001218,2026-03-14T15:52:00,2026-03-14,SETTLEMENT,R011,Settlement confirmation delayed,LOW,RESOLVED,TEAM_SYN_001,USER_SYN_001_A03,RESOLVED,SYN_RESOLVED,2026-03-14T18:52:00,2026-03-14T23:52:00,FALSE,FALSE
EXC_SYN_0001551,PAY_SYN_0002138,CUST_SYN_000107,ACCT_SYN_001107,2026-03-13T16:44:00,2026-03-13,LIQUIDITY,R002,Insufficient synthetic available funds,HIGH,RESOLVED,TEAM_SYN_002,USER_SYN_002_A04,RESOLVED,SYN_RESOLVED,2026-03-13T17:44:00,2026-03-13T20:44:00,TRUE,TRUE
EXC_SYN_0001552,PAY_SYN_0024756,CUST_SYN_000973,ACCT_SYN_000973,2026-03-09T14:43:00,2026-03-09,LIQUIDITY,R002,Insufficient synthetic available funds,HIGH,OPEN,TEAM_SYN_003,USER_SYN_003_A01,UNRESOLVED,,,2026-03-09T18:43:00,TRUE,TRUE
EXC_SYN_0001553,PAY_SYN_0011359,CUST_SYN_000284,ACCT_SYN_000284,2026-02-23T17:57:00,2026-02-23,ROUTING,R003,Beneficiary routing information requires correction,MEDIUM,RESOLVED,TEAM_SYN_004,USER_SYN_004_A02,RESOLVED,SYN_RESOLVED,2026-02-23T20:57:00,2026-02-24T01:57:00,FALSE,TRUE
EXC_SYN_0001554,PAY_SYN_0012772,CUST_SYN_000065,ACCT_SYN_000065,2025-12-10T11:01:00,2025-12-10,CUTOFF,R004,Payment missed the processing cutoff,LOW,RESOLVED,TEAM_SYN_005,USER_SYN_005_A03,RESOLVED,SYN_RESOLVED,2025-12-10T21:25:00,2025-12-10T19:01:00,FALSE,FALSE
EXC_SYN_0001555,PAY_SYN_0002121,CUST_SYN_000478,ACCT_SYN_000478,2026-02-19T10:37:00,2026-02-19,SANCTIONS_SCREENING,R005,Synthetic screening review pending,HIGH,RESOLVED,TEAM_SYN_001,USER_SYN_001_A04,RESOLVED,SYN_RESOLVED,2026-02-19T12:37:00,2026-02-19T14:37:00,TRUE,TRUE
EXC_SYN_0001556,PAY_SYN_0006414,CUST_SYN_000319,ACCT_SYN_000319,2026-01-17T13:41:00,2026-01-17,DUPLICATE,R006,Potential duplicate payment instruction,HIGH,OPEN,TEAM_SYN_002,USER_SYN_002_A01,UNRESOLVED,,,2026-01-17T17:41:00,TRUE,TRUE
EXC_SYN_0001557,PAY_SYN_0013393,CUST_SYN_000542,ACCT_SYN_000542,2025-12-20T13:07:00,2025-12-20,SYSTEM,R007,Processing system unavailable,MEDIUM,RESOLVED,TEAM_SYN_003,USER_SYN_003_A02,RESOLVED,SYN_RESOLVED,2025-12-20T14:07:00,2025-12-20T21:07:00,TRUE,FALSE
EXC_SYN_0001558,PAY_SYN_0016129,CUST_SYN_000274,ACCT_SYN_001274,2026-01-02T19:32:00,2026-01-02,AUTHORIZATION,R008,Required payment authorization incomplete,HIGH,RESOLVED,TEAM_SYN_004,USER_SYN_004_A03,RESOLVED,SYN_RESOLVED,2026-01-02T21:32:00,2026-01-02T23:32:00,FALSE,TRUE
EXC_SYN_0001559,PAY_SYN_0013713,CUST_SYN_000382,ACCT_SYN_000382,2026-03-11T13:53:00,2026-03-11,BENEFICIARY,R009,Beneficiary details require review,MEDIUM,RESOLVED,TEAM_SYN_005,USER_SYN_005_A04,RESOLVED,SYN_RESOLVED,2026-03-11T16:53:00,2026-03-11T21:53:00,FALSE,TRUE
EXC_SYN_0001560,PAY_SYN_0017307,CUST_SYN_000360,ACCT_SYN_001360,2026-01-12T17:24:00,2026-01-12,CURRENCY,R010,Currency handling exception,MEDIUM,OPEN,TEAM_SYN_001,USER_SYN_001_A01,UNRESOLVED,,,2026-01-13T01:24:00,TRUE,TRUE
EXC_SYN_0001561,PAY_SYN_0015453,CUST_SYN_000262,ACCT_SYN_000262,2026-02-08T14:19:00,2026-02-08,SETTLEMENT,R011,Settlement confirmation delayed,LOW,RESOLVED,TEAM_SYN_002,USER_SYN_002_A02,RESOLVED,SYN_RESOLVED,2026-02-09T00:50:00,2026-02-08T22:19:00,FALSE,FALSE
EXC_SYN_0001562,PAY_SYN_0016369,CUST_SYN_000154,ACCT_SYN_001154,2026-03-13T20:24:00,2026-03-13,LIQUIDITY,R002,Insufficient synthetic available funds,HIGH,RESOLVED,TEAM_SYN_003,USER_SYN_003_A03,RESOLVED,SYN_RESOLVED,2026-03-13T23:24:00,2026-03-14T00:24:00,TRUE,TRUE
EXC_SYN_0001563,PAY_SYN_0019173,CUST_SYN_000402,ACCT_SYN_001402,2026-01-12T14:45:00,2026-01-12,LIQUIDITY,R002,Insufficient synthetic available funds,HIGH,RESOLVED,TEAM_SYN_004,USER_SYN_004_A04,RESOLVED,SYN_RESOLVED,2026-01-12T15:45:00,2026-01-12T18:45:00,TRUE,TRUE
EXC_SYN_0001564,PAY_SYN_0023058,CUST_SYN_000147,ACCT_SYN_001147,2025-12-09T19:13:00,2025-12-09,ROUTING,R003,Beneficiary routing information requires correction,MEDIUM,OPEN,TEAM_SYN_005,USER_SYN_005_A01,UNRESOLVED,,,2025-12-10T03:13:00,TRUE,TRUE
EXC_SYN_0001565,PAY_SYN_0010560,CUST_SYN_000721,ACCT_SYN_000721,2025-11-16T11:20:00,2025-11-16,CUTOFF,R004,Payment missed the processing cutoff,LOW,RESOLVED,TEAM_SYN_001,USER_SYN_001_A02,RESOLVED,SYN_RESOLVED,2025-11-16T14:20:00,2025-11-16T19:20:00,FALSE,FALSE
EXC_SYN_0001566,PAY_SYN_0010311,CUST_SYN_000508,ACCT_SYN_000508,2025-12-01T13:30:00,2025-12-01,SANCTIONS_SCREENING,R005,Synthetic screening review pending,HIGH,RESOLVED,TEAM_SYN_002,USER_SYN_002_A03,RESOLVED,SYN_RESOLVED,2025-12-01T14:30:00,2025-12-01T17:30:00,FALSE,TRUE
EXC_SYN_0001567,PAY_SYN_0000514,CUST_SYN_000019,ACCT_SYN_001019,2026-01-19T16:44:00,2026-01-19,DUPLICATE,R006,Potential duplicate payment instruction,HIGH,RESOLVED,TEAM_SYN_003,USER_SYN_003_A04,RESOLVED,SYN_RESOLVED,2026-01-19T18:44:00,2026-01-19T20:44:00,TRUE,TRUE
EXC_SYN_0001568,PAY_SYN_0011304,CUST_SYN_000249,ACCT_SYN_001249,2026-03-13T16:47:00,2026-03-13,SYSTEM,R007,Processing system unavailable,MEDIUM,OPEN,TEAM_SYN_004,USER_SYN_004_A01,UNRESOLVED,,,2026-03-14T00:47:00,TRUE,FALSE
EXC_SYN_0001569,PAY_SYN_0016015,CUST_SYN_000056,ACCT_SYN_000056,2025-12-09T17:37:00,2025-12-09,AUTHORIZATION,R008,Required payment authorization incomplete,HIGH,RESOLVED,TEAM_SYN_005,USER_SYN_005_A02,RESOLVED,SYN_RESOLVED,2025-12-09T18:37:00,2025-12-09T21:37:00,FALSE,TRUE
EXC_SYN_0001570,PAY_SYN_0012932,CUST_SYN_000485,ACCT_SYN_001485,2025-12-08T15:09:00,2025-12-08,BENEFICIARY,R009,Beneficiary details require review,MEDIUM,RESOLVED,TEAM_SYN_001,USER_SYN_001_A03,RESOLVED,SYN_RESOLVED,2025-12-08T17:09:00,2025-12-08T23:09:00,TRUE,TRUE
EXC_SYN_0001571,PAY_SYN_0022092,CUST_SYN_000405,ACCT_SYN_001405,2026-03-03T15:02:00,2026-03-03,CURRENCY,R010,Currency handling exception,MEDIUM,RESOLVED,TEAM_SYN_002,USER_SYN_002_A04,RESOLVED,SYN_RESOLVED,2026-03-03T18:02:00,2026-03-03T23:02:00,TRUE,TRUE
EXC_SYN_0001572,PAY_SYN_0010323,CUST_SYN_000952,ACCT_SYN_000952,2026-01-05T16:12:00,2026-01-05,SETTLEMENT,R011,Settlement confirmation delayed,LOW,OPEN,TEAM_SYN_003,USER_SYN_003_A01,UNRESOLVED,,,2026-01-06T00:12:00,FALSE,FALSE
EXC_SYN_0001573,PAY_SYN_0021236,CUST_SYN_000233,ACCT_SYN_001233,2026-03-09T19:36:00,2026-03-09,VALIDATION,R001,Payment instruction failed validation,MEDIUM,RESOLVED,TEAM_SYN_004,USER_SYN_004_A02,RESOLVED,SYN_RESOLVED,2026-03-09T21:36:00,2026-03-10T03:36:00,TRUE,TRUE
EXC_SYN_0001574,PAY_SYN_0001262,CUST_SYN_000195,ACCT_SYN_000195,2026-02-25T15:31:00,2026-02-25,LIQUIDITY,R002,Insufficient synthetic available funds,HIGH,RESOLVED,TEAM_SYN_005,USER_SYN_005_A03,RESOLVED,SYN_RESOLVED,2026-02-25T18:31:00,2026-02-25T19:31:00,FALSE,TRUE
EXC_SYN_0001575,PAY_SYN_0021743,CUST_SYN_000492,ACCT_SYN_000492,2026-01-01T17:11:00,2026-01-01,ROUTING,R003,Beneficiary routing information requires correction,MEDIUM,RESOLVED,TEAM_SYN_001,USER_SYN_001_A04,RESOLVED,SYN_RESOLVED,2026-01-02T03:56:00,2026-01-02T01:11:00,TRUE,TRUE
EXC_SYN_0001576,PAY_SYN_0006565,CUST_SYN_000406,ACCT_SYN_001406,2026-02-09T19:38:00,2026-02-09,CUTOFF,R004,Payment missed the processing cutoff,LOW,OPEN,TEAM_SYN_002,USER_SYN_002_A01,UNRESOLVED,,,2026-02-10T03:38:00,TRUE,FALSE
EXC_SYN_0001577,PAY_SYN_0011954,CUST_SYN_000299,ACCT_SYN_001299,2025-12-17T18:34:00,2025-12-17,SANCTIONS_SCREENING,R005,Synthetic screening review pending,HIGH,RESOLVED,TEAM_SYN_003,USER_SYN_003_A02,RESOLVED,SYN_RESOLVED,2025-12-17T21:34:00,2025-12-17T22:34:00,TRUE,TRUE
EXC_SYN_0001578,PAY_SYN_0015633,CUST_SYN_000922,ACCT_SYN_000922,2025-11-21T18:00:00,2025-11-21,DUPLICATE,R006,Potential duplicate payment instruction,HIGH,RESOLVED,TEAM_SYN_004,USER_SYN_004_A03,RESOLVED,SYN_RESOLVED,2025-11-21T19:00:00,2025-11-21T22:00:00,TRUE,TRUE
EXC_SYN_0001579,PAY_SYN_0018973,CUST_SYN_000002,ACCT_SYN_000002,2026-02-26T11:53:00,2026-02-26,SYSTEM,R007,Processing system unavailable,MEDIUM,RESOLVED,TEAM_SYN_005,USER_SYN_005_A04,RESOLVED,SYN_RESOLVED,2026-02-26T13:53:00,2026-02-26T19:53:00,TRUE,FALSE
EXC_SYN_0001580,PAY_SYN_0013681,CUST_SYN_000698,ACCT_SYN_000698,2026-01-20T09:42:00,2026-01-20,AUTHORIZATION,R008,Required payment authorization incomplete,HIGH,OPEN,TEAM_SYN_001,USER_SYN_001_A01,UNRESOLVED,,,2026-01-20T13:42:00,FALSE,TRUE
EXC_SYN_0001581,PAY_SYN_0012986,CUST_SYN_000483,ACCT_SYN_000483,2026-03-06T14:50:00,2026-03-06,BENEFICIARY,R009,Beneficiary details require review,MEDIUM,RESOLVED,TEAM_SYN_002,USER_SYN_002_A02,RESOLVED,SYN_RESOLVED,2026-03-06T15:50:00,2026-03-06T22:50:00,FALSE,TRUE
EXC_SYN_0001582,PAY_SYN_0004773,CUST_SYN_000102,ACCT_SYN_001102,2025-12-29T12:52:00,2025-12-29,CURRENCY,R010,Currency handling exception,MEDIUM,RESOLVED,TEAM_SYN_003,USER_SYN_003_A03,RESOLVED,SYN_RESOLVED,2025-12-29T23:44:00,2025-12-29T20:52:00,TRUE,TRUE
EXC_SYN_0001583,PAY_SYN_0010802,CUST_SYN_000675,ACCT_SYN_000675,2025-12-30T11:28:00,2025-12-30,SETTLEMENT,R011,Settlement confirmation delayed,LOW,RESOLVED,TEAM_SYN_004,USER_SYN_004_A04,RESOLVED,SYN_RESOLVED,2025-12-30T14:28:00,2025-12-30T19:28:00,FALSE,FALSE
EXC_SYN_0001584,PAY_SYN_0023835,CUST_SYN_000396,ACCT_SYN_001396,2026-03-13T15:12:00,2026-03-13,LIQUIDITY,R002,Insufficient synthetic available funds,HIGH,OPEN,TEAM_SYN_005,USER_SYN_005_A01,UNRESOLVED,,,2026-03-13T19:12:00,TRUE,TRUE
EXC_SYN_0001585,PAY_SYN_0017346,CUST_SYN_000303,ACCT_SYN_001303,2025-12-05T16:22:00,2025-12-05,LIQUIDITY,R002,Insufficient synthetic available funds,HIGH,RESOLVED,TEAM_SYN_001,USER_SYN_001_A02,RESOLVED,SYN_RESOLVED,2025-12-05T18:22:00,2025-12-05T20:22:00,FALSE,TRUE
EXC_SYN_0001586,PAY_SYN_0002578,CUST_SYN_000887,ACCT_SYN_000887,2025-12-13T18:39:00,2025-12-13,ROUTING,R003,Beneficiary routing information requires correction,MEDIUM,RESOLVED,TEAM_SYN_002,USER_SYN_002_A03,RESOLVED,SYN_RESOLVED,2025-12-13T21:39:00,2025-12-14T02:39:00,TRUE,TRUE
EXC_SYN_0001587,PAY_SYN_0016887,CUST_SYN_000820,ACCT_SYN_000820,2026-02-13T17:15:00,2026-02-13,CUTOFF,R004,Payment missed the processing cutoff,LOW,RESOLVED,TEAM_SYN_003,USER_SYN_003_A04,RESOLVED,SYN_RESOLVED,2026-02-13T18:15:00,2026-02-14T01:15:00,FALSE,FALSE
EXC_SYN_0001588,PAY_SYN_0006787,CUST_SYN_000620,ACCT_SYN_000620,2026-02-22T18:08:00,2026-02-22,SANCTIONS_SCREENING,R005,Synthetic screening review pending,HIGH,OPEN,TEAM_SYN_004,USER_SYN_004_A01,UNRESOLVED,,,2026-02-22T22:08:00,FALSE,TRUE
EXC_SYN_0001589,PAY_SYN_0007448,CUST_SYN_000077,ACCT_SYN_001077,2025-12-30T19:28:00,2025-12-30,DUPLICATE,R006,Potential duplicate payment instruction,HIGH,RESOLVED,TEAM_SYN_005,USER_SYN_005_A02,RESOLVED,SYN_RESOLVED,2025-12-31T02:27:00,2025-12-30T23:28:00,TRUE,TRUE
EXC_SYN_0001590,PAY_SYN_0023792,CUST_SYN_000305,ACCT_SYN_001305,2026-01-19T13:29:00,2026-01-19,SYSTEM,R007,Processing system unavailable,MEDIUM,RESOLVED,TEAM_SYN_001,USER_SYN_001_A03,RESOLVED,SYN_RESOLVED,2026-01-19T14:29:00,2026-01-19T21:29:00,TRUE,FALSE
EXC_SYN_0001591,PAY_SYN_0013108,CUST_SYN_000497,ACCT_SYN_000497,2025-12-22T19:14:00,2025-12-22,AUTHORIZATION,R008,Required payment authorization incomplete,HIGH,RESOLVED,TEAM_SYN_002,USER_SYN_002_A04,RESOLVED,SYN_RESOLVED,2025-12-22T21:14:00,2025-12-22T23:14:00,TRUE,TRUE
EXC_SYN_0001592,PAY_SYN_0018380,CUST_SYN_000561,ACCT_SYN_000561,2026-03-13T11:31:00,2026-03-13,BENEFICIARY,R009,Beneficiary details require review,MEDIUM,OPEN,TEAM_SYN_003,USER_SYN_003_A01,UNRESOLVED,,,2026-03-13T19:31:00,FALSE,TRUE
EXC_SYN_0001593,PAY_SYN_0021835,CUST_SYN_000896,ACCT_SYN_000896,2025-12-24T16:49:00,2025-12-24,CURRENCY,R010,Currency handling exception,MEDIUM,RESOLVED,TEAM_SYN_004,USER_SYN_004_A02,RESOLVED,SYN_RESOLVED,2025-12-24T17:49:00,2025-12-25T00:49:00,FALSE,TRUE
EXC_SYN_0001594,PAY_SYN_0024971,CUST_SYN_000428,ACCT_SYN_001428,2026-03-14T12:54:00,2026-03-14,SETTLEMENT,R011,Settlement confirmation delayed,LOW,RESOLVED,TEAM_SYN_005,USER_SYN_005_A03,RESOLVED,SYN_RESOLVED,2026-03-14T14:54:00,2026-03-14T20:54:00,FALSE,FALSE
EXC_SYN_0001595,PAY_SYN_0022743,CUST_SYN_000492,ACCT_SYN_001492,2025-12-19T15:11:00,2025-12-19,VALIDATION,R001,Payment instruction failed validation,MEDIUM,RESOLVED,TEAM_SYN_001,USER_SYN_001_A04,RESOLVED,SYN_RESOLVED,2025-12-19T18:11:00,2025-12-19T23:11:00,FALSE,TRUE
EXC_SYN_0001596,PAY_SYN_0003562,CUST_SYN_000295,ACCT_SYN_001295,2026-02-02T14:37:00,2026-02-02,LIQUIDITY,R002,Insufficient synthetic available funds,HIGH,OPEN,TEAM_SYN_002,USER_SYN_002_A01,UNRESOLVED,,,2026-02-02T18:37:00,FALSE,TRUE
EXC_SYN_0001597,PAY_SYN_0013837,CUST_SYN_000470,ACCT_SYN_000470,2025-11-17T19:35:00,2025-11-17,ROUTING,R003,Beneficiary routing information requires correction,MEDIUM,RESOLVED,TEAM_SYN_003,USER_SYN_003_A02,RESOLVED,SYN_RESOLVED,2025-11-17T21:35:00,2025-11-18T03:35:00,TRUE,TRUE
EXC_SYN_0001598,PAY_SYN_0004015,CUST_SYN_000056,ACCT_SYN_000056,2025-12-05T17:54:00,2025-12-05,CUTOFF,R004,Payment missed the processing cutoff,LOW,RESOLVED,TEAM_SYN_004,USER_SYN_004_A03,RESOLVED,SYN_RESOLVED,2025-12-05T20:54:00,2025-12-06T01:54:00,TRUE,FALSE
EXC_SYN_0001599,PAY_SYN_0020565,CUST_SYN_000406,ACCT_SYN_000406,2026-02-20T17:57:00,2026-02-20,SANCTIONS_SCREENING,R005,Synthetic screening review pending,HIGH,RESOLVED,TEAM_SYN_005,USER_SYN_005_A04,RESOLVED,SYN_RESOLVED,2026-02-20T18:57:00,2026-02-20T21:57:00,TRUE,TRUE
EXC_SYN_0001600,PAY_SYN_0011400,CUST_SYN_000301,ACCT_SYN_000301,2026-02-19T12:55:00,2026-02-19,DUPLICATE,R006,Potential duplicate payment instruction,HIGH,OPEN,TEAM_SYN_001,USER_SYN_001_A01,UNRESOLVED,,,2026-02-19T16:55:00,TRUE,TRUE
EXC_SYN_0001601,PAY_SYN_0024824,CUST_SYN_000489,ACCT_SYN_000489,2026-03-08T17:16:00,2026-03-08,SYSTEM,R007,Processing system unavailable,MEDIUM,RESOLVED,TEAM_SYN_002,USER_SYN_002_A02,RESOLVED,SYN_RESOLVED,2026-03-08T20:16:00,2026-03-09T01:16:00,TRUE,FALSE
EXC_SYN_0001602,PAY_SYN_0009098,CUST_SYN_000627,ACCT_SYN_000627,2025-12-31T21:47:00,2025-12-31,AUTHORIZATION,R008,Required payment authorization incomplete,HIGH,RESOLVED,TEAM_SYN_003,USER_SYN_003_A03,RESOLVED,SYN_RESOLVED,2025-12-31T22:47:00,2026-01-01T01:47:00,FALSE,TRUE
EXC_SYN_0001603,PAY_SYN_0003891,CUST_SYN_000468,ACCT_SYN_001468,2026-02-12T15:31:00,2026-02-12,BENEFICIARY,R009,Beneficiary details require review,MEDIUM,RESOLVED,TEAM_SYN_004,USER_SYN_004_A04,RESOLVED,SYN_RESOLVED,2026-02-13T02:44:00,2026-02-12T23:31:00,TRUE,TRUE
EXC_SYN_0001604,PAY_SYN_0012365,CUST_SYN_000006,ACCT_SYN_000006,2026-01-15T19:22:00,2026-01-15,CURRENCY,R010,Currency handling exception,MEDIUM,OPEN,TEAM_SYN_005,USER_SYN_005_A01,UNRESOLVED,,,2026-01-16T03:22:00,TRUE,TRUE
EXC_SYN_0001605,PAY_SYN_0016874,CUST_SYN_000339,ACCT_SYN_000339,2025-11-16T18:38:00,2025-11-16,SETTLEMENT,R011,Settlement confirmation delayed,LOW,RESOLVED,TEAM_SYN_001,USER_SYN_001_A02,RESOLVED,SYN_RESOLVED,2025-11-16T19:38:00,2025-11-17T02:38:00,FALSE,FALSE
EXC_SYN_0001606,PAY_SYN_0014423,CUST_SYN_000152,ACCT_SYN_001152,2026-01-20T17:54:00,2026-01-20,VALIDATION,R001,Payment instruction failed validation,MEDIUM,RESOLVED,TEAM_SYN_002,USER_SYN_002_A03,RESOLVED,SYN_RESOLVED,2026-01-20T19:54:00,2026-01-21T01:54:00,FALSE,TRUE
EXC_SYN_0001607,PAY_SYN_0015621,CUST_SYN_000478,ACCT_SYN_000478,2026-03-14T09:53:00,2026-03-14,LIQUIDITY,R002,Insufficient synthetic available funds,HIGH,RESOLVED,TEAM_SYN_003,USER_SYN_003_A04,RESOLVED,SYN_RESOLVED,2026-03-14T12:53:00,2026-03-14T13:53:00,FALSE,TRUE
EXC_SYN_0001608,PAY_SYN_0013133,CUST_SYN_000422,ACCT_SYN_001422,2026-01-16T11:50:00,2026-01-16,ROUTING,R003,Beneficiary routing information requires correction,MEDIUM,OPEN,TEAM_SYN_004,USER_SYN_004_A01,UNRESOLVED,,,2026-01-16T19:50:00,TRUE,TRUE
EXC_SYN_0001609,PAY_SYN_0021262,CUST_SYN_000695,ACCT_SYN_000695,2026-02-13T11:26:00,2026-02-13,CUTOFF,R004,Payment missed the processing cutoff,LOW,RESOLVED,TEAM_SYN_005,USER_SYN_005_A02,RESOLVED,SYN_RESOLVED,2026-02-13T13:26:00,2026-02-13T19:26:00,TRUE,FALSE
EXC_SYN_0001610,PAY_SYN_0003791,CUST_SYN_000768,ACCT_SYN_000768,2025-11-16T10:22:00,2025-11-16,SANCTIONS_SCREENING,R005,Synthetic screening review pending,HIGH,RESOLVED,TEAM_SYN_001,USER_SYN_001_A03,RESOLVED,SYN_RESOLVED,2025-11-16T17:42:00,2025-11-16T14:22:00,FALSE,TRUE
EXC_SYN_0001611,PAY_SYN_0021718,CUST_SYN_000067,ACCT_SYN_001067,2026-01-23T18:04:00,2026-01-23,DUPLICATE,R006,Potential duplicate payment instruction,HIGH,RESOLVED,TEAM_SYN_002,USER_SYN_002_A04,RESOLVED,SYN_RESOLVED,2026-01-23T19:04:00,2026-01-23T22:04:00,FALSE,TRUE
EXC_SYN_0001612,PAY_SYN_0002871,CUST_SYN_000228,ACCT_SYN_001228,2026-02-06T11:28:00,2026-02-06,SYSTEM,R007,Processing system unavailable,MEDIUM,OPEN,TEAM_SYN_003,USER_SYN_003_A01,UNRESOLVED,,,2026-02-06T19:28:00,FALSE,FALSE
EXC_SYN_0001613,PAY_SYN_0020176,CUST_SYN_000013,ACCT_SYN_001013,2026-02-01T16:36:00,2026-02-01,AUTHORIZATION,R008,Required payment authorization incomplete,HIGH,RESOLVED,TEAM_SYN_004,USER_SYN_004_A02,RESOLVED,SYN_RESOLVED,2026-02-01T19:36:00,2026-02-01T20:36:00,FALSE,TRUE
EXC_SYN_0001614,PAY_SYN_0016109,CUST_SYN_000534,ACCT_SYN_000534,2026-01-21T19:20:00,2026-01-21,BENEFICIARY,R009,Beneficiary details require review,MEDIUM,RESOLVED,TEAM_SYN_005,USER_SYN_005_A03,RESOLVED,SYN_RESOLVED,2026-01-21T20:20:00,2026-01-22T03:20:00,FALSE,TRUE
EXC_SYN_0001615,PAY_SYN_0008086,CUST_SYN_000683,ACCT_SYN_000683,2026-03-04T16:32:00,2026-03-04,CURRENCY,R010,Currency handling exception,MEDIUM,RESOLVED,TEAM_SYN_001,USER_SYN_001_A04,RESOLVED,SYN_RESOLVED,2026-03-04T18:32:00,2026-03-05T00:32:00,TRUE,TRUE
EXC_SYN_0001616,PAY_SYN_0006641,CUST_SYN_000218,ACCT_SYN_001218,2026-03-04T12:10:00,2026-03-04,SETTLEMENT,R011,Settlement confirmation delayed,LOW,OPEN,TEAM_SYN_002,USER_SYN_002_A01,UNRESOLVED,,,2026-03-04T20:10:00,TRUE,FALSE
EXC_SYN_0001617,PAY_SYN_0012486,CUST_SYN_000483,ACCT_SYN_001483,2026-03-01T17:18:00,2026-03-01,VALIDATION,R001,Payment instruction failed validation,MEDIUM,RESOLVED,TEAM_SYN_003,USER_SYN_003_A02,RESOLVED,SYN_RESOLVED,2026-03-02T04:45:00,2026-03-02T01:18:00,TRUE,TRUE
EXC_SYN_0001618,PAY_SYN_0004327,CUST_SYN_000100,ACCT_SYN_001100,2025-12-16T18:38:00,2025-12-16,LIQUIDITY,R002,Insufficient synthetic available funds,HIGH,RESOLVED,TEAM_SYN_004,USER_SYN_004_A03,RESOLVED,SYN_RESOLVED,2025-12-16T20:38:00,2025-12-16T22:38:00,TRUE,TRUE
EXC_SYN_0001619,PAY_SYN_0008820,CUST_SYN_000841,ACCT_SYN_000841,2026-02-10T11:02:00,2026-02-10,ROUTING,R003,Beneficiary routing information requires correction,MEDIUM,RESOLVED,TEAM_SYN_005,USER_SYN_005_A04,RESOLVED,SYN_RESOLVED,2026-02-10T14:02:00,2026-02-10T19:02:00,FALSE,TRUE
EXC_SYN_0001620,PAY_SYN_0007162,CUST_SYN_000995,ACCT_SYN_000995,2025-11-23T13:49:00,2025-11-23,CUTOFF,R004,Payment missed the processing cutoff,LOW,OPEN,TEAM_SYN_001,USER_SYN_001_A01,UNRESOLVED,,,2025-11-23T21:49:00,FALSE,FALSE
EXC_SYN_0001621,PAY_SYN_0011146,CUST_SYN_000403,ACCT_SYN_001403,2025-11-17T17:50:00,2025-11-17,SANCTIONS_SCREENING,R005,Synthetic screening review pending,HIGH,RESOLVED,TEAM_SYN_002,USER_SYN_002_A02,RESOLVED,SYN_RESOLVED,2025-11-17T19:50:00,2025-11-17T21:50:00,FALSE,TRUE
EXC_SYN_0001622,PAY_SYN_0016591,CUST_SYN_000368,ACCT_SYN_000368,2025-12-31T13:18:00,2025-12-31,DUPLICATE,R006,Potential duplicate payment instruction,HIGH,RESOLVED,TEAM_SYN_003,USER_SYN_003_A03,RESOLVED,SYN_RESOLVED,2025-12-31T16:18:00,2025-12-31T17:18:00,TRUE,TRUE
EXC_SYN_0001623,PAY_SYN_0000974,CUST_SYN_000039,ACCT_SYN_000039,2026-01-20T16:32:00,2026-01-20,SYSTEM,R007,Processing system unavailable,MEDIUM,RESOLVED,TEAM_SYN_004,USER_SYN_004_A04,RESOLVED,SYN_RESOLVED,2026-01-20T17:32:00,2026-01-21T00:32:00,TRUE,FALSE
EXC_SYN_0001624,PAY_SYN_0007953,CUST_SYN_000262,ACCT_SYN_000262,2025-11-23T15:58:00,2025-11-23,AUTHORIZATION,R008,Required payment authorization incomplete,HIGH,OPEN,TEAM_SYN_005,USER_SYN_005_A01,UNRESOLVED,,,2025-11-23T19:58:00,TRUE,TRUE
EXC_SYN_0001625,PAY_SYN_0011704,CUST_SYN_000049,ACCT_SYN_001049,2026-01-27T16:48:00,2026-01-27,BENEFICIARY,R009,Beneficiary details require review,MEDIUM,RESOLVED,TEAM_SYN_001,USER_SYN_001_A02,RESOLVED,SYN_RESOLVED,2026-01-27T19:48:00,2026-01-28T00:48:00,FALSE,TRUE
EXC_SYN_0001626,PAY_SYN_0008504,CUST_SYN_000149,ACCT_SYN_001149,2025-12-07T16:41:00,2025-12-07,CURRENCY,R010,Currency handling exception,MEDIUM,RESOLVED,TEAM_SYN_002,USER_SYN_002_A03,RESOLVED,SYN_RESOLVED,2025-12-07T17:41:00,2025-12-08T00:41:00,TRUE,TRUE
EXC_SYN_0001627,PAY_SYN_0017170,CUST_SYN_000791,ACCT_SYN_000791,2026-01-19T12:56:00,2026-01-19,SETTLEMENT,R011,Settlement confirmation delayed,LOW,RESOLVED,TEAM_SYN_003,USER_SYN_003_A04,RESOLVED,SYN_RESOLVED,2026-01-19T14:56:00,2026-01-19T20:56:00,FALSE,FALSE
EXC_SYN_0001628,PAY_SYN_0017947,CUST_SYN_000040,ACCT_SYN_001040,2026-01-04T20:48:00,2026-01-04,VALIDATION,R001,Payment instruction failed validation,MEDIUM,OPEN,TEAM_SYN_004,USER_SYN_004_A01,UNRESOLVED,,,2026-01-05T04:48:00,FALSE,TRUE
EXC_SYN_0001629,PAY_SYN_0004384,CUST_SYN_000209,ACCT_SYN_000209,2026-01-13T17:40:00,2026-01-13,LIQUIDITY,R002,Insufficient synthetic available funds,HIGH,RESOLVED,TEAM_SYN_005,USER_SYN_005_A02,RESOLVED,SYN_RESOLVED,2026-01-13T18:40:00,2026-01-13T21:40:00,FALSE,TRUE
EXC_SYN_0001630,PAY_SYN_0018327,CUST_SYN_000100,ACCT_SYN_000100,2026-01-09T20:34:00,2026-01-09,ROUTING,R003,Beneficiary routing information requires correction,MEDIUM,RESOLVED,TEAM_SYN_001,USER_SYN_001_A03,RESOLVED,SYN_RESOLVED,2026-01-09T22:34:00,2026-01-10T04:34:00,TRUE,TRUE
EXC_SYN_0001631,PAY_SYN_0013427,CUST_SYN_000300,ACCT_SYN_000300,2025-12-25T21:07:00,2025-12-25,CUTOFF,R004,Payment missed the processing cutoff,LOW,RESOLVED,TEAM_SYN_002,USER_SYN_002_A04,RESOLVED,SYN_RESOLVED,2025-12-26T05:48:00,2025-12-26T05:07:00,FALSE,FALSE
EXC_SYN_0001632,PAY_SYN_0003366,CUST_SYN_000043,ACCT_SYN_000043,2025-12-24T20:33:00,2025-12-24,SANCTIONS_SCREENING,R005,Synthetic screening review pending,HIGH,OPEN,TEAM_SYN_003,USER_SYN_003_A01,UNRESOLVED,,,2025-12-25T00:33:00,FALSE,TRUE
EXC_SYN_0001633,PAY_SYN_0015085,CUST_SYN_000146,ACCT_SYN_000146,2025-11-27T19:59:00,2025-11-27,DUPLICATE,R006,Potential duplicate payment instruction,HIGH,RESOLVED,TEAM_SYN_004,USER_SYN_004_A02,RESOLVED,SYN_RESOLVED,2025-11-27T21:59:00,2025-11-27T23:59:00,FALSE,TRUE
EXC_SYN_0001634,PAY_SYN_0004376,CUST_SYN_000413,ACCT_SYN_001413,2026-03-12T14:49:00,2026-03-12,SYSTEM,R007,Processing system unavailable,MEDIUM,RESOLVED,TEAM_SYN_005,USER_SYN_005_A03,RESOLVED,SYN_RESOLVED,2026-03-12T17:49:00,2026-03-12T22:49:00,TRUE,FALSE
EXC_SYN_0001635,PAY_SYN_0018269,CUST_SYN_000954,ACCT_SYN_000954,2026-02-17T17:53:00,2026-02-17,AUTHORIZATION,R008,Required payment authorization incomplete,HIGH,RESOLVED,TEAM_SYN_001,USER_SYN_001_A04,RESOLVED,SYN_RESOLVED,2026-02-17T18:53:00,2026-02-17T21:53:00,TRUE,TRUE
EXC_SYN_0001636,PAY_SYN_0019727,CUST_SYN_000900,ACCT_SYN_000900,2026-02-06T16:12:00,2026-02-06,BENEFICIARY,R009,Beneficiary details require review,MEDIUM,OPEN,TEAM_SYN_002,USER_SYN_002_A01,UNRESOLVED,,,2026-02-07T00:12:00,FALSE,TRUE
EXC_SYN_0001637,PAY_SYN_0012076,CUST_SYN_000313,ACCT_SYN_001313,2025-12-31T15:48:00,2025-12-31,CURRENCY,R010,Currency handling exception,MEDIUM,RESOLVED,TEAM_SYN_003,USER_SYN_003_A02,RESOLVED,SYN_RESOLVED,2025-12-31T18:48:00,2025-12-31T23:48:00,FALSE,TRUE
EXC_SYN_0001638,PAY_SYN_0006909,CUST_SYN_000634,ACCT_SYN_000634,2026-02-19T18:12:00,2026-02-19,SETTLEMENT,R011,Settlement confirmation delayed,LOW,RESOLVED,TEAM_SYN_004,USER_SYN_004_A03,RESOLVED,SYN_RESOLVED,2026-02-20T03:00:00,2026-02-20T02:12:00,TRUE,FALSE
EXC_SYN_0001639,PAY_SYN_0015201,CUST_SYN_000438,ACCT_SYN_001438,2026-02-15T10:49:00,2026-02-15,VALIDATION,R001,Payment instruction failed validation,MEDIUM,RESOLVED,TEAM_SYN_005,USER_SYN_005_A04,RESOLVED,SYN_RESOLVED,2026-02-15T12:49:00,2026-02-15T18:49:00,TRUE,TRUE
EXC_SYN_0001640,PAY_SYN_0006688,CUST_SYN_000457,ACCT_SYN_001457,2025-12-11T17:51:00,2025-12-11,LIQUIDITY,R002,Insufficient synthetic available funds,HIGH,OPEN,TEAM_SYN_001,USER_SYN_001_A01,UNRESOLVED,,,2025-12-11T21:51:00,FALSE,TRUE
EXC_SYN_0001641,PAY_SYN_0011490,CUST_SYN_000631,ACCT_SYN_000631,2025-11-17T10:18:00,2025-11-17,ROUTING,R003,Beneficiary routing information requires correction,MEDIUM,RESOLVED,TEAM_SYN_002,USER_SYN_002_A02,RESOLVED,SYN_RESOLVED,2025-11-17T11:18:00,2025-11-17T18:18:00,TRUE,TRUE
EXC_SYN_0001642,PAY_SYN_0010987,CUST_SYN_000020,ACCT_SYN_000020,2026-03-07T17:50:00,2026-03-07,CUTOFF,R004,Payment missed the processing cutoff,LOW,RESOLVED,TEAM_SYN_003,USER_SYN_003_A03,RESOLVED,SYN_RESOLVED,2026-03-07T19:50:00,2026-03-08T01:50:00,FALSE,FALSE
EXC_SYN_0001643,PAY_SYN_0020624,CUST_SYN_000089,ACCT_SYN_001089,2026-02-17T14:22:00,2026-02-17,SANCTIONS_SCREENING,R005,Synthetic screening review pending,HIGH,RESOLVED,TEAM_SYN_004,USER_SYN_004_A04,RESOLVED,SYN_RESOLVED,2026-02-17T17:22:00,2026-02-17T18:22:00,FALSE,TRUE
EXC_SYN_0001644,PAY_SYN_0011436,CUST_SYN_000133,ACCT_SYN_000133,2026-03-08T16:39:00,2026-03-08,DUPLICATE,R006,Potential duplicate payment instruction,HIGH,OPEN,TEAM_SYN_005,USER_SYN_005_A01,UNRESOLVED,,,2026-03-08T20:39:00,TRUE,TRUE
EXC_SYN_0001645,PAY_SYN_0013026,CUST_SYN_000463,ACCT_SYN_000463,2026-02-20T17:22:00,2026-02-20,SYSTEM,R007,Processing system unavailable,MEDIUM,RESOLVED,TEAM_SYN_001,USER_SYN_001_A02,RESOLVED,SYN_RESOLVED,2026-02-21T02:17:00,2026-02-21T01:22:00,FALSE,FALSE
EXC_SYN_0001646,PAY_SYN_0016847,CUST_SYN_000840,ACCT_SYN_000840,2026-02-15T18:22:00,2026-02-15,AUTHORIZATION,R008,Required payment authorization incomplete,HIGH,RESOLVED,TEAM_SYN_002,USER_SYN_002_A03,RESOLVED,SYN_RESOLVED,2026-02-15T21:22:00,2026-02-15T22:22:00,TRUE,TRUE
EXC_SYN_0001647,PAY_SYN_0011988,CUST_SYN_000057,ACCT_SYN_001057,2025-12-06T19:42:00,2025-12-06,BENEFICIARY,R009,Beneficiary details require review,MEDIUM,RESOLVED,TEAM_SYN_003,USER_SYN_003_A04,RESOLVED,SYN_RESOLVED,2025-12-06T20:42:00,2025-12-07T03:42:00,TRUE,TRUE
EXC_SYN_0001648,PAY_SYN_0001542,CUST_SYN_000055,ACCT_SYN_000055,2025-12-05T14:13:00,2025-12-05,CURRENCY,R010,Currency handling exception,MEDIUM,OPEN,TEAM_SYN_004,USER_SYN_004_A01,UNRESOLVED,,,2025-12-05T22:13:00,TRUE,TRUE
EXC_SYN_0001649,PAY_SYN_0006877,CUST_SYN_000950,ACCT_SYN_000950,2025-11-19T18:51:00,2025-11-19,SETTLEMENT,R011,Settlement confirmation delayed,LOW,RESOLVED,TEAM_SYN_005,USER_SYN_005_A02,RESOLVED,SYN_RESOLVED,2025-11-19T21:51:00,2025-11-20T02:51:00,FALSE,FALSE
EXC_SYN_0001650,PAY_SYN_0017005,CUST_SYN_000686,ACCT_SYN_000686,2025-11-25T17:40:00,2025-11-25,VALIDATION,R001,Payment instruction failed validation,MEDIUM,RESOLVED,TEAM_SYN_001,USER_SYN_001_A03,RESOLVED,SYN_RESOLVED,2025-11-25T18:40:00,2025-11-26T01:40:00,FALSE,TRUE
EXC_SYN_0001651,PAY_SYN_0008390,CUST_SYN_000431,ACCT_SYN_001431,2026-03-15T12:48:00,2026-03-15,LIQUIDITY,R002,Insufficient synthetic available funds,HIGH,RESOLVED,TEAM_SYN_002,USER_SYN_002_A04,RESOLVED,SYN_RESOLVED,2026-03-15T14:48:00,2026-03-15T16:48:00,TRUE,TRUE
EXC_SYN_0001652,PAY_SYN_0023199,CUST_SYN_000364,ACCT_SYN_000364,2025-12-08T21:44:00,2025-12-08,ROUTING,R003,Beneficiary routing information requires correction,MEDIUM,OPEN,TEAM_SYN_003,USER_SYN_003_A01,UNRESOLVED,,,2025-12-09T05:44:00,TRUE,TRUE
EXC_SYN_0001653,PAY_SYN_0004761,CUST_SYN_000658,ACCT_SYN_000658,2025-12-12T13:51:00,2025-12-12,CUTOFF,R004,Payment missed the processing cutoff,LOW,RESOLVED,TEAM_SYN_004,USER_SYN_004_A02,RESOLVED,SYN_RESOLVED,2025-12-12T14:51:00,2025-12-12T21:51:00,FALSE,FALSE
EXC_SYN_0001654,PAY_SYN_0013782,CUST_SYN_000435,ACCT_SYN_001435,2025-12-27T15:31:00,2025-12-27,SANCTIONS_SCREENING,R005,Synthetic screening review pending,HIGH,RESOLVED,TEAM_SYN_005,USER_SYN_005_A03,RESOLVED,SYN_RESOLVED,2025-12-27T17:31:00,2025-12-27T19:31:00,FALSE,TRUE
EXC_SYN_0001655,PAY_SYN_0021998,CUST_SYN_000927,ACCT_SYN_000927,2026-02-11T21:16:00,2026-02-11,DUPLICATE,R006,Potential duplicate payment instruction,HIGH,RESOLVED,TEAM_SYN_001,USER_SYN_001_A04,RESOLVED,SYN_RESOLVED,2026-02-12T00:16:00,2026-02-12T01:16:00,TRUE,TRUE
EXC_SYN_0001656,PAY_SYN_0011715,CUST_SYN_000456,ACCT_SYN_001456,2026-01-06T18:48:00,2026-01-06,SYSTEM,R007,Processing system unavailable,MEDIUM,OPEN,TEAM_SYN_002,USER_SYN_002_A01,UNRESOLVED,,,2026-01-07T02:48:00,FALSE,FALSE
EXC_SYN_0001657,PAY_SYN_0000365,CUST_SYN_000006,ACCT_SYN_000006,2025-11-29T18:51:00,2025-11-29,AUTHORIZATION,R008,Required payment authorization incomplete,HIGH,RESOLVED,TEAM_SYN_003,USER_SYN_003_A02,RESOLVED,SYN_RESOLVED,2025-11-29T20:51:00,2025-11-29T22:51:00,FALSE,TRUE
EXC_SYN_0001658,PAY_SYN_0009764,CUST_SYN_000269,ACCT_SYN_001269,2026-03-06T17:37:00,2026-03-06,BENEFICIARY,R009,Beneficiary details require review,MEDIUM,RESOLVED,TEAM_SYN_004,USER_SYN_004_A03,RESOLVED,SYN_RESOLVED,2026-03-06T20:37:00,2026-03-07T01:37:00,TRUE,TRUE
EXC_SYN_0001659,PAY_SYN_0013114,CUST_SYN_000719,ACCT_SYN_000719,2025-11-18T18:40:00,2025-11-18,CURRENCY,R010,Currency handling exception,MEDIUM,RESOLVED,TEAM_SYN_005,USER_SYN_005_A04,RESOLVED,SYN_RESOLVED,2025-11-19T03:49:00,2025-11-19T02:40:00,TRUE,TRUE
EXC_SYN_0001660,PAY_SYN_0015726,CUST_SYN_000363,ACCT_SYN_001363,2025-12-01T20:37:00,2025-12-01,SETTLEMENT,R011,Settlement confirmation delayed,LOW,OPEN,TEAM_SYN_001,USER_SYN_001_A01,UNRESOLVED,,,2025-12-02T04:37:00,FALSE,FALSE
EXC_SYN_0001661,PAY_SYN_0001068,CUST_SYN_000517,ACCT_SYN_000517,2026-01-28T22:44:00,2026-01-28,VALIDATION,R001,Payment instruction failed validation,MEDIUM,RESOLVED,TEAM_SYN_002,USER_SYN_002_A02,RESOLVED,SYN_RESOLVED,2026-01-29T01:44:00,2026-01-29T06:44:00,TRUE,TRUE
EXC_SYN_0001662,PAY_SYN_0023825,CUST_SYN_000026,ACCT_SYN_001026,2026-03-02T13:56:00,2026-03-02,LIQUIDITY,R002,Insufficient synthetic available funds,HIGH,RESOLVED,TEAM_SYN_003,USER_SYN_003_A03,RESOLVED,SYN_RESOLVED,2026-03-02T14:56:00,2026-03-02T17:56:00,FALSE,TRUE
EXC_SYN_0001663,PAY_SYN_0003753,CUST_SYN_000862,ACCT_SYN_000862,2025-12-24T12:25:00,2025-12-24,ROUTING,R003,Beneficiary routing information requires correction,MEDIUM,RESOLVED,TEAM_SYN_004,USER_SYN_004_A04,RESOLVED,SYN_RESOLVED,2025-12-24T14:25:00,2025-12-24T20:25:00,FALSE,TRUE
EXC_SYN_0001664,PAY_SYN_0012463,CUST_SYN_000632,ACCT_SYN_000632,2026-02-14T11:48:00,2026-02-14,CUTOFF,R004,Payment missed the processing cutoff,LOW,OPEN,TEAM_SYN_005,USER_SYN_005_A01,UNRESOLVED,,,2026-02-14T19:48:00,TRUE,FALSE
EXC_SYN_0001665,PAY_SYN_0011308,CUST_SYN_000397,ACCT_SYN_001397,2025-11-27T17:16:00,2025-11-27,SANCTIONS_SCREENING,R005,Synthetic screening review pending,HIGH,RESOLVED,TEAM_SYN_001,USER_SYN_001_A02,RESOLVED,SYN_RESOLVED,2025-11-27T18:16:00,2025-11-27T21:16:00,TRUE,TRUE
EXC_SYN_0001666,PAY_SYN_0021310,CUST_SYN_000971,ACCT_SYN_000971,2026-01-04T09:23:00,2026-01-04,DUPLICATE,R006,Potential duplicate payment instruction,HIGH,RESOLVED,TEAM_SYN_002,USER_SYN_002_A03,RESOLVED,SYN_RESOLVED,2026-01-04T14:39:00,2026-01-04T13:23:00,FALSE,TRUE
EXC_SYN_0001667,PAY_SYN_0000639,CUST_SYN_000144,ACCT_SYN_001144,2025-12-22T18:59:00,2025-12-22,SYSTEM,R007,Processing system unavailable,MEDIUM,RESOLVED,TEAM_SYN_003,USER_SYN_003_A04,RESOLVED,SYN_RESOLVED,2025-12-22T21:59:00,2025-12-23T02:59:00,TRUE,FALSE
EXC_SYN_0001668,PAY_SYN_0002811,CUST_SYN_000508,ACCT_SYN_000508,2026-01-31T11:36:00,2026-01-31,AUTHORIZATION,R008,Required payment authorization incomplete,HIGH,OPEN,TEAM_SYN_004,USER_SYN_004_A01,UNRESOLVED,,,2026-01-31T15:36:00,FALSE,TRUE
EXC_SYN_0001669,PAY_SYN_0012731,CUST_SYN_000048,ACCT_SYN_000048,2026-02-05T11:09:00,2026-02-05,BENEFICIARY,R009,Beneficiary details require review,MEDIUM,RESOLVED,TEAM_SYN_005,USER_SYN_005_A02,RESOLVED,SYN_RESOLVED,2026-02-05T13:09:00,2026-02-05T19:09:00,FALSE,TRUE
EXC_SYN_0001670,PAY_SYN_0006875,CUST_SYN_000876,ACCT_SYN_000876,2026-01-16T15:10:00,2026-01-16,CURRENCY,R010,Currency handling exception,MEDIUM,RESOLVED,TEAM_SYN_001,USER_SYN_001_A03,RESOLVED,SYN_RESOLVED,2026-01-16T18:10:00,2026-01-16T23:10:00,TRUE,TRUE
EXC_SYN_0001671,PAY_SYN_0012938,CUST_SYN_000207,ACCT_SYN_000207,2025-12-31T18:44:00,2025-12-31,SETTLEMENT,R011,Settlement confirmation delayed,LOW,RESOLVED,TEAM_SYN_002,USER_SYN_002_A04,RESOLVED,SYN_RESOLVED,2025-12-31T19:44:00,2026-01-01T02:44:00,FALSE,FALSE
EXC_SYN_0001672,PAY_SYN_0009211,CUST_SYN_000308,ACCT_SYN_000308,2026-01-20T12:08:00,2026-01-20,VALIDATION,R001,Payment instruction failed validation,MEDIUM,OPEN,TEAM_SYN_003,USER_SYN_003_A01,UNRESOLVED,,,2026-01-20T20:08:00,TRUE,TRUE
EXC_SYN_0001673,PAY_SYN_0010595,CUST_SYN_000516,ACCT_SYN_000516,2026-01-03T15:49:00,2026-01-03,LIQUIDITY,R002,Insufficient synthetic available funds,HIGH,RESOLVED,TEAM_SYN_004,USER_SYN_004_A02,RESOLVED,SYN_RESOLVED,2026-01-03T21:12:00,2026-01-03T19:49:00,FALSE,TRUE
EXC_SYN_0001674,PAY_SYN_0003893,CUST_SYN_000042,ACCT_SYN_000042,2026-03-08T14:08:00,2026-03-08,ROUTING,R003,Beneficiary routing information requires correction,MEDIUM,RESOLVED,TEAM_SYN_005,USER_SYN_005_A03,RESOLVED,SYN_RESOLVED,2026-03-08T15:08:00,2026-03-08T22:08:00,TRUE,TRUE
EXC_SYN_0001675,PAY_SYN_0014353,CUST_SYN_000062,ACCT_SYN_000062,2026-02-17T14:41:00,2026-02-17,CUTOFF,R004,Payment missed the processing cutoff,LOW,RESOLVED,TEAM_SYN_001,USER_SYN_001_A04,RESOLVED,SYN_RESOLVED,2026-02-17T16:41:00,2026-02-17T22:41:00,TRUE,FALSE
EXC_SYN_0001676,PAY_SYN_0024843,CUST_SYN_000192,ACCT_SYN_001192,2026-01-16T14:44:00,2026-01-16,SANCTIONS_SCREENING,R005,Synthetic screening review pending,HIGH,OPEN,TEAM_SYN_002,USER_SYN_002_A01,UNRESOLVED,,,2026-01-16T18:44:00,FALSE,TRUE
EXC_SYN_0001677,PAY_SYN_0014710,CUST_SYN_000271,ACCT_SYN_001271,2025-12-13T11:46:00,2025-12-13,DUPLICATE,R006,Potential duplicate payment instruction,HIGH,RESOLVED,TEAM_SYN_003,USER_SYN_003_A02,RESOLVED,SYN_RESOLVED,2025-12-13T12:46:00,2025-12-13T15:46:00,FALSE,TRUE
EXC_SYN_0001678,PAY_SYN_0008136,CUST_SYN_000033,ACCT_SYN_001033,2026-02-16T18:01:00,2026-02-16,SYSTEM,R007,Processing system unavailable,MEDIUM,RESOLVED,TEAM_SYN_004,USER_SYN_004_A03,RESOLVED,SYN_RESOLVED,2026-02-16T20:01:00,2026-02-17T02:01:00,TRUE,FALSE
EXC_SYN_0001679,PAY_SYN_0011684,CUST_SYN_000309,ACCT_SYN_000309,2026-01-02T16:10:00,2026-01-02,AUTHORIZATION,R008,Required payment authorization incomplete,HIGH,RESOLVED,TEAM_SYN_005,USER_SYN_005_A04,RESOLVED,SYN_RESOLVED,2026-01-02T19:10:00,2026-01-02T20:10:00,TRUE,TRUE
EXC_SYN_0001680,PAY_SYN_0006618,CUST_SYN_000367,ACCT_SYN_000367,2025-12-07T20:21:00,2025-12-07,BENEFICIARY,R009,Beneficiary details require review,MEDIUM,OPEN,TEAM_SYN_001,USER_SYN_001_A01,UNRESOLVED,,,2025-12-08T04:21:00,FALSE,TRUE
EXC_SYN_0001681,PAY_SYN_0019302,CUST_SYN_000175,ACCT_SYN_000175,2026-02-02T15:22:00,2026-02-02,CURRENCY,R010,Currency handling exception,MEDIUM,RESOLVED,TEAM_SYN_002,USER_SYN_002_A02,RESOLVED,SYN_RESOLVED,2026-02-02T17:22:00,2026-02-02T23:22:00,FALSE,TRUE
EXC_SYN_0001682,PAY_SYN_0004510,CUST_SYN_000371,ACCT_SYN_000371,2026-01-15T12:51:00,2026-01-15,SETTLEMENT,R011,Settlement confirmation delayed,LOW,RESOLVED,TEAM_SYN_003,USER_SYN_003_A03,RESOLVED,SYN_RESOLVED,2026-01-15T15:51:00,2026-01-15T20:51:00,FALSE,FALSE
EXC_SYN_0001683,PAY_SYN_0014646,CUST_SYN_000403,ACCT_SYN_000403,2026-03-09T19:36:00,2026-03-09,LIQUIDITY,R002,Insufficient synthetic available funds,HIGH,RESOLVED,TEAM_SYN_004,USER_SYN_004_A04,RESOLVED,SYN_RESOLVED,2026-03-09T20:36:00,2026-03-09T23:36:00,FALSE,TRUE
EXC_SYN_0001684,PAY_SYN_0015246,CUST_SYN_000103,ACCT_SYN_000103,2026-02-08T19:49:00,2026-02-08,LIQUIDITY,R002,Insufficient synthetic available funds,HIGH,OPEN,TEAM_SYN_005,USER_SYN_005_A01,UNRESOLVED,,,2026-02-08T23:49:00,FALSE,TRUE
EXC_SYN_0001685,PAY_SYN_0001708,CUST_SYN_000197,ACCT_SYN_000197,2026-02-23T21:36:00,2026-02-23,ROUTING,R003,Beneficiary routing information requires correction,MEDIUM,RESOLVED,TEAM_SYN_001,USER_SYN_001_A02,RESOLVED,SYN_RESOLVED,2026-02-24T00:36:00,2026-02-24T05:36:00,FALSE,TRUE
EXC_SYN_0001686,PAY_SYN_0012794,CUST_SYN_000879,ACCT_SYN_000879,2026-01-14T18:11:00,2026-01-14,CUTOFF,R004,Payment missed the processing cutoff,LOW,RESOLVED,TEAM_SYN_002,USER_SYN_002_A03,RESOLVED,SYN_RESOLVED,2026-01-14T19:11:00,2026-01-15T02:11:00,TRUE,FALSE
EXC_SYN_0001687,PAY_SYN_0012456,CUST_SYN_000373,ACCT_SYN_000373,2026-01-30T19:58:00,2026-01-30,SANCTIONS_SCREENING,R005,Synthetic screening review pending,HIGH,RESOLVED,TEAM_SYN_003,USER_SYN_003_A04,RESOLVED,SYN_RESOLVED,2026-01-31T01:35:00,2026-01-30T23:58:00,FALSE,TRUE
EXC_SYN_0001688,PAY_SYN_0002372,CUST_SYN_000765,ACCT_SYN_000765,2025-12-11T16:43:00,2025-12-11,DUPLICATE,R006,Potential duplicate payment instruction,HIGH,OPEN,TEAM_SYN_004,USER_SYN_004_A01,UNRESOLVED,,,2025-12-11T20:43:00,FALSE,TRUE
EXC_SYN_0001689,PAY_SYN_0001819,CUST_SYN_000304,ACCT_SYN_001304,2025-12-09T23:25:00,2025-12-09,SYSTEM,R007,Processing system unavailable,MEDIUM,RESOLVED,TEAM_SYN_005,USER_SYN_005_A02,RESOLVED,SYN_RESOLVED,2025-12-10T00:25:00,2025-12-10T07:25:00,TRUE,FALSE
EXC_SYN_0001690,PAY_SYN_0014863,CUST_SYN_000932,ACCT_SYN_000932,2025-12-26T11:26:00,2025-12-26,AUTHORIZATION,R008,Required payment authorization incomplete,HIGH,RESOLVED,TEAM_SYN_001,USER_SYN_001_A03,RESOLVED,SYN_RESOLVED,2025-12-26T13:26:00,2025-12-26T15:26:00,TRUE,TRUE
EXC_SYN_0001691,PAY_SYN_0013522,CUST_SYN_000815,ACCT_SYN_000815,2026-02-06T11:12:00,2026-02-06,BENEFICIARY,R009,Beneficiary details require review,MEDIUM,RESOLVED,TEAM_SYN_002,USER_SYN_002_A04,RESOLVED,SYN_RESOLVED,2026-02-06T14:12:00,2026-02-06T19:12:00,FALSE,TRUE
EXC_SYN_0001692,PAY_SYN_0007480,CUST_SYN_000761,ACCT_SYN_000761,2026-01-14T09:31:00,2026-01-14,CURRENCY,R010,Currency handling exception,MEDIUM,OPEN,TEAM_SYN_003,USER_SYN_003_A01,UNRESOLVED,,,2026-01-14T17:31:00,FALSE,TRUE
EXC_SYN_0001693,PAY_SYN_0022046,CUST_SYN_000203,ACCT_SYN_001203,2026-01-10T15:06:00,2026-01-10,SETTLEMENT,R011,Settlement confirmation delayed,LOW,RESOLVED,TEAM_SYN_004,USER_SYN_004_A02,RESOLVED,SYN_RESOLVED,2026-01-10T17:06:00,2026-01-10T23:06:00,TRUE,FALSE
EXC_SYN_0001694,PAY_SYN_0024497,CUST_SYN_000390,ACCT_SYN_000390,2026-01-02T17:16:00,2026-01-02,VALIDATION,R001,Payment instruction failed validation,MEDIUM,RESOLVED,TEAM_SYN_005,USER_SYN_005_A03,RESOLVED,SYN_RESOLVED,2026-01-03T03:00:00,2026-01-03T01:16:00,FALSE,TRUE
EXC_SYN_0001695,PAY_SYN_0004693,CUST_SYN_000142,ACCT_SYN_001142,2026-03-14T13:01:00,2026-03-14,LIQUIDITY,R002,Insufficient synthetic available funds,HIGH,RESOLVED,TEAM_SYN_001,USER_SYN_001_A04,RESOLVED,SYN_RESOLVED,2026-03-14T14:01:00,2026-03-14T17:01:00,FALSE,TRUE
EXC_SYN_0001696,PAY_SYN_0010889,CUST_SYN_000894,ACCT_SYN_000894,2026-03-14T19:06:00,2026-03-14,ROUTING,R003,Beneficiary routing information requires correction,MEDIUM,OPEN,TEAM_SYN_002,USER_SYN_002_A01,UNRESOLVED,,,2026-03-15T03:06:00,TRUE,TRUE
EXC_SYN_0001697,PAY_SYN_0016271,CUST_SYN_000528,ACCT_SYN_000528,2025-11-16T11:13:00,2025-11-16,CUTOFF,R004,Payment missed the processing cutoff,LOW,RESOLVED,TEAM_SYN_003,USER_SYN_003_A02,RESOLVED,SYN_RESOLVED,2025-11-16T14:13:00,2025-11-16T19:13:00,FALSE,FALSE
EXC_SYN_0001698,PAY_SYN_0010264,CUST_SYN_000269,ACCT_SYN_000269,2026-01-11T14:37:00,2026-01-11,SANCTIONS_SCREENING,R005,Synthetic screening review pending,HIGH,RESOLVED,TEAM_SYN_004,USER_SYN_004_A03,RESOLVED,SYN_RESOLVED,2026-01-11T15:37:00,2026-01-11T18:37:00,TRUE,TRUE
EXC_SYN_0001699,PAY_SYN_0009173,CUST_SYN_000402,ACCT_SYN_000402,2025-12-14T13:33:00,2025-12-14,DUPLICATE,R006,Potential duplicate payment instruction,HIGH,RESOLVED,TEAM_SYN_005,USER_SYN_005_A04,RESOLVED,SYN_RESOLVED,2025-12-14T15:33:00,2025-12-14T17:33:00,TRUE,TRUE
EXC_SYN_0001700,PAY_SYN_0009936,CUST_SYN_000133,ACCT_SYN_000133,2026-01-21T16:47:00,2026-01-21,SYSTEM,R007,Processing system unavailable,MEDIUM,OPEN,TEAM_SYN_001,USER_SYN_001_A01,UNRESOLVED,,,2026-01-22T00:47:00,TRUE,FALSE
EXC_SYN_0001701,PAY_SYN_0008040,CUST_SYN_000481,ACCT_SYN_000481,2025-12-18T10:48:00,2025-12-18,AUTHORIZATION,R008,Required payment authorization incomplete,HIGH,RESOLVED,TEAM_SYN_002,USER_SYN_002_A02,RESOLVED,SYN_RESOLVED,2025-12-18T16:39:00,2025-12-18T14:48:00,TRUE,TRUE
EXC_SYN_0001702,PAY_SYN_0016192,CUST_SYN_000605,ACCT_SYN_000605,2026-02-23T13:05:00,2026-02-23,BENEFICIARY,R009,Beneficiary details require review,MEDIUM,RESOLVED,TEAM_SYN_003,USER_SYN_003_A03,RESOLVED,SYN_RESOLVED,2026-02-23T15:05:00,2026-02-23T21:05:00,FALSE,TRUE
EXC_SYN_0001703,PAY_SYN_0005577,CUST_SYN_000850,ACCT_SYN_000850,2025-11-23T18:53:00,2025-11-23,CURRENCY,R010,Currency handling exception,MEDIUM,RESOLVED,TEAM_SYN_004,USER_SYN_004_A04,RESOLVED,SYN_RESOLVED,2025-11-23T21:53:00,2025-11-24T02:53:00,FALSE,TRUE
EXC_SYN_0001704,PAY_SYN_0010815,CUST_SYN_000156,ACCT_SYN_001156,2025-12-01T17:12:00,2025-12-01,SETTLEMENT,R011,Settlement confirmation delayed,LOW,OPEN,TEAM_SYN_005,USER_SYN_005_A01,UNRESOLVED,,,2025-12-02T01:12:00,TRUE,FALSE
EXC_SYN_0001705,PAY_SYN_0004475,CUST_SYN_000576,ACCT_SYN_000576,2025-12-13T16:45:00,2025-12-13,VALIDATION,R001,Payment instruction failed validation,MEDIUM,RESOLVED,TEAM_SYN_001,USER_SYN_001_A02,RESOLVED,SYN_RESOLVED,2025-12-13T18:45:00,2025-12-14T00:45:00,FALSE,TRUE
EXC_SYN_0001706,PAY_SYN_0011949,CUST_SYN_000114,ACCT_SYN_001114,2026-02-03T20:56:00,2026-02-03,LIQUIDITY,R002,Insufficient synthetic available funds,HIGH,RESOLVED,TEAM_SYN_002,USER_SYN_002_A03,RESOLVED,SYN_RESOLVED,2026-02-03T23:56:00,2026-02-04T00:56:00,FALSE,TRUE
EXC_SYN_0001707,PAY_SYN_0003477,CUST_SYN_000150,ACCT_SYN_001150,2026-01-19T19:45:00,2026-01-19,ROUTING,R003,Beneficiary routing information requires correction,MEDIUM,RESOLVED,TEAM_SYN_003,USER_SYN_003_A04,RESOLVED,SYN_RESOLVED,2026-01-19T20:45:00,2026-01-20T03:45:00,TRUE,TRUE
EXC_SYN_0001708,PAY_SYN_0020456,CUST_SYN_000873,ACCT_SYN_000873,2026-02-25T18:51:00,2026-02-25,CUTOFF,R004,Payment missed the processing cutoff,LOW,OPEN,TEAM_SYN_004,USER_SYN_004_A01,UNRESOLVED,,,2026-02-26T02:51:00,FALSE,FALSE
EXC_SYN_0001709,PAY_SYN_0011437,CUST_SYN_000170,ACCT_SYN_000170,2026-03-12T19:51:00,2026-03-12,SYSTEM,R007,Processing system unavailable,MEDIUM,RESOLVED,TEAM_SYN_005,USER_SYN_005_A02,RESOLVED,SYN_RESOLVED,2026-03-12T22:51:00,2026-03-13T03:51:00,TRUE,FALSE
EXC_SYN_0001710,PAY_SYN_0002580,CUST_SYN_000961,ACCT_SYN_000961,2025-12-15T12:45:00,2025-12-15,DUPLICATE,R006,Potential duplicate payment instruction,HIGH,RESOLVED,TEAM_SYN_001,USER_SYN_001_A03,RESOLVED,SYN_RESOLVED,2025-12-15T13:45:00,2025-12-15T16:45:00,TRUE,TRUE
EXC_SYN_0001711,PAY_SYN_0013920,CUST_SYN_000541,ACCT_SYN_000541,2025-12-09T12:58:00,2025-12-09,SYSTEM,R007,Processing system unavailable,MEDIUM,RESOLVED,TEAM_SYN_002,USER_SYN_002_A04,RESOLVED,SYN_RESOLVED,2025-12-09T14:58:00,2025-12-09T20:58:00,TRUE,FALSE
EXC_SYN_0001712,PAY_SYN_0013446,CUST_SYN_000003,ACCT_SYN_001003,2025-12-16T19:53:00,2025-12-16,AUTHORIZATION,R008,Required payment authorization incomplete,HIGH,OPEN,TEAM_SYN_003,USER_SYN_003_A01,UNRESOLVED,,,2025-12-16T23:53:00,FALSE,TRUE
EXC_SYN_0001713,PAY_SYN_0018396,CUST_SYN_000153,ACCT_SYN_001153,2026-02-11T19:36:00,2026-02-11,BENEFICIARY,R009,Beneficiary details require review,MEDIUM,RESOLVED,TEAM_SYN_004,USER_SYN_004_A02,RESOLVED,SYN_RESOLVED,2026-02-11T20:36:00,2026-02-12T03:36:00,TRUE,TRUE
EXC_SYN_0001714,PAY_SYN_0003209,CUST_SYN_000234,ACCT_SYN_000234,2025-11-23T23:00:00,2025-11-23,CURRENCY,R010,Currency handling exception,MEDIUM,RESOLVED,TEAM_SYN_005,USER_SYN_005_A03,RESOLVED,SYN_RESOLVED,2025-11-24T01:00:00,2025-11-24T07:00:00,TRUE,TRUE
EXC_SYN_0001715,PAY_SYN_0012917,CUST_SYN_000930,ACCT_SYN_000930,2026-02-21T21:49:00,2026-02-21,SETTLEMENT,R011,Settlement confirmation delayed,LOW,RESOLVED,TEAM_SYN_001,USER_SYN_001_A04,RESOLVED,SYN_RESOLVED,2026-02-22T07:54:00,2026-02-22T05:49:00,FALSE,FALSE
EXC_SYN_0001716,PAY_SYN_0002447,CUST_SYN_000540,ACCT_SYN_000540,2025-12-02T21:32:00,2025-12-02,VALIDATION,R001,Payment instruction failed validation,MEDIUM,OPEN,TEAM_SYN_002,USER_SYN_002_A01,UNRESOLVED,,,2025-12-03T05:32:00,FALSE,TRUE
EXC_SYN_0001717,PAY_SYN_0014953,CUST_SYN_000262,ACCT_SYN_001262,2026-01-20T11:47:00,2026-01-20,LIQUIDITY,R002,Insufficient synthetic available funds,HIGH,RESOLVED,TEAM_SYN_003,USER_SYN_003_A02,RESOLVED,SYN_RESOLVED,2026-01-20T13:47:00,2026-01-20T15:47:00,FALSE,TRUE
EXC_SYN_0001718,PAY_SYN_0010438,CUST_SYN_000707,ACCT_SYN_000707,2026-02-05T17:15:00,2026-02-05,ROUTING,R003,Beneficiary routing information requires correction,MEDIUM,RESOLVED,TEAM_SYN_004,USER_SYN_004_A03,RESOLVED,SYN_RESOLVED,2026-02-05T20:15:00,2026-02-06T01:15:00,TRUE,TRUE
EXC_SYN_0001719,PAY_SYN_0009257,CUST_SYN_000510,ACCT_SYN_000510,2025-12-31T16:41:00,2025-12-31,CUTOFF,R004,Payment missed the processing cutoff,LOW,RESOLVED,TEAM_SYN_005,USER_SYN_005_A04,RESOLVED,SYN_RESOLVED,2025-12-31T17:41:00,2026-01-01T00:41:00,TRUE,FALSE
EXC_SYN_0001720,PAY_SYN_0020063,CUST_SYN_000332,ACCT_SYN_001332,2026-03-15T12:36:00,2026-03-15,SANCTIONS_SCREENING,R005,Synthetic screening review pending,HIGH,OPEN,TEAM_SYN_001,USER_SYN_001_A01,UNRESOLVED,,,2026-03-15T16:36:00,FALSE,TRUE
EXC_SYN_0001721,PAY_SYN_0019485,CUST_SYN_000946,ACCT_SYN_000946,2026-01-16T14:23:00,2026-01-16,DUPLICATE,R006,Potential duplicate payment instruction,HIGH,RESOLVED,TEAM_SYN_002,USER_SYN_002_A02,RESOLVED,SYN_RESOLVED,2026-01-16T17:23:00,2026-01-16T18:23:00,TRUE,TRUE
EXC_SYN_0001722,PAY_SYN_0012840,CUST_SYN_000081,ACCT_SYN_001081,2026-02-03T09:21:00,2026-02-03,SYSTEM,R007,Processing system unavailable,MEDIUM,RESOLVED,TEAM_SYN_003,USER_SYN_003_A03,RESOLVED,SYN_RESOLVED,2026-02-03T19:33:00,2026-02-03T17:21:00,TRUE,FALSE
EXC_SYN_0001723,PAY_SYN_0019371,CUST_SYN_000228,ACCT_SYN_001228,2026-02-19T11:31:00,2026-02-19,AUTHORIZATION,R008,Required payment authorization incomplete,HIGH,RESOLVED,TEAM_SYN_004,USER_SYN_004_A04,RESOLVED,SYN_RESOLVED,2026-02-19T13:31:00,2026-02-19T15:31:00,FALSE,TRUE
EXC_SYN_0001724,PAY_SYN_0013714,CUST_SYN_000419,ACCT_SYN_000419,2025-12-28T14:45:00,2025-12-28,BENEFICIARY,R009,Beneficiary details require review,MEDIUM,OPEN,TEAM_SYN_005,USER_SYN_005_A01,UNRESOLVED,,,2025-12-28T22:45:00,TRUE,TRUE
EXC_SYN_0001725,PAY_SYN_0022254,CUST_SYN_000399,ACCT_SYN_001399,2026-01-06T14:18:00,2026-01-06,CURRENCY,R010,Currency handling exception,MEDIUM,RESOLVED,TEAM_SYN_001,USER_SYN_001_A02,RESOLVED,SYN_RESOLVED,2026-01-06T15:18:00,2026-01-06T22:18:00,FALSE,TRUE
EXC_SYN_0001726,PAY_SYN_0005263,CUST_SYN_000232,ACCT_SYN_001232,2025-12-21T13:14:00,2025-12-21,SETTLEMENT,R011,Settlement confirmation delayed,LOW,RESOLVED,TEAM_SYN_002,USER_SYN_002_A03,RESOLVED,SYN_RESOLVED,2025-12-21T15:14:00,2025-12-21T21:14:00,TRUE,FALSE
EXC_SYN_0001727,PAY_SYN_0014199,CUST_SYN_000364,ACCT_SYN_000364,2025-11-22T19:59:00,2025-11-22,VALIDATION,R001,Payment instruction failed validation,MEDIUM,RESOLVED,TEAM_SYN_003,USER_SYN_003_A04,RESOLVED,SYN_RESOLVED,2025-11-22T22:59:00,2025-11-23T03:59:00,TRUE,TRUE
EXC_SYN_0001728,PAY_SYN_0011403,CUST_SYN_000412,ACCT_SYN_000412,2026-02-23T14:00:00,2026-02-23,LIQUIDITY,R002,Insufficient synthetic available funds,HIGH,OPEN,TEAM_SYN_004,USER_SYN_004_A01,UNRESOLVED,,,2026-02-23T18:00:00,TRUE,TRUE
EXC_SYN_0001729,PAY_SYN_0023619,CUST_SYN_000904,ACCT_SYN_000904,2025-12-17T20:25:00,2025-12-17,ROUTING,R003,Beneficiary routing information requires correction,MEDIUM,RESOLVED,TEAM_SYN_005,USER_SYN_005_A02,RESOLVED,SYN_RESOLVED,2025-12-18T06:44:00,2025-12-18T04:25:00,FALSE,TRUE
EXC_SYN_0001730,PAY_SYN_0002393,CUST_SYN_000042,ACCT_SYN_000042,2026-01-03T14:16:00,2026-01-03,CUTOFF,R004,Payment missed the processing cutoff,LOW,RESOLVED,TEAM_SYN_001,USER_SYN_001_A03,RESOLVED,SYN_RESOLVED,2026-01-03T17:16:00,2026-01-03T22:16:00,FALSE,FALSE
EXC_SYN_0001731,PAY_SYN_0008323,CUST_SYN_000452,ACCT_SYN_000452,2025-11-25T14:19:00,2025-11-25,SANCTIONS_SCREENING,R005,Synthetic screening review pending,HIGH,RESOLVED,TEAM_SYN_002,USER_SYN_002_A04,RESOLVED,SYN_RESOLVED,2025-11-25T15:19:00,2025-11-25T18:19:00,FALSE,TRUE
EXC_SYN_0001732,PAY_SYN_0012552,CUST_SYN_000925,ACCT_SYN_000925,2026-01-21T13:55:00,2026-01-21,DUPLICATE,R006,Potential duplicate payment instruction,HIGH,OPEN,TEAM_SYN_003,USER_SYN_003_A01,UNRESOLVED,,,2026-01-21T17:55:00,TRUE,TRUE
EXC_SYN_0001733,PAY_SYN_0019072,CUST_SYN_000665,ACCT_SYN_000665,2026-03-14T13:48:00,2026-03-14,SYSTEM,R007,Processing system unavailable,MEDIUM,RESOLVED,TEAM_SYN_004,USER_SYN_004_A02,RESOLVED,SYN_RESOLVED,2026-03-14T16:48:00,2026-03-14T21:48:00,TRUE,FALSE
EXC_SYN_0001734,PAY_SYN_0018939,CUST_SYN_000244,ACCT_SYN_000244,2025-12-22T21:30:00,2025-12-22,AUTHORIZATION,R008,Required payment authorization incomplete,HIGH,RESOLVED,TEAM_SYN_005,USER_SYN_005_A03,RESOLVED,SYN_RESOLVED,2025-12-22T22:30:00,2025-12-23T01:30:00,TRUE,TRUE
EXC_SYN_0001735,PAY_SYN_0002962,CUST_SYN_000095,ACCT_SYN_000095,2026-01-05T14:44:00,2026-01-05,BENEFICIARY,R009,Beneficiary details require review,MEDIUM,RESOLVED,TEAM_SYN_001,USER_SYN_001_A04,RESOLVED,SYN_RESOLVED,2026-01-05T16:44:00,2026-01-05T22:44:00,TRUE,TRUE
EXC_SYN_0001736,PAY_SYN_0000047,CUST_SYN_000240,ACCT_SYN_000240,2026-02-11T19:52:00,2026-02-11,CURRENCY,R010,Currency handling exception,MEDIUM,OPEN,TEAM_SYN_002,USER_SYN_002_A01,UNRESOLVED,,,2026-02-12T03:52:00,TRUE,TRUE
EXC_SYN_0001737,PAY_SYN_0008376,CUST_SYN_000913,ACCT_SYN_000913,2026-01-11T18:48:00,2026-01-11,SETTLEMENT,R011,Settlement confirmation delayed,LOW,RESOLVED,TEAM_SYN_003,USER_SYN_003_A02,RESOLVED,SYN_RESOLVED,2026-01-11T19:48:00,2026-01-12T02:48:00,FALSE,FALSE
EXC_SYN_0001738,PAY_SYN_0002142,CUST_SYN_000255,ACCT_SYN_001255,2026-03-06T15:43:00,2026-03-06,VALIDATION,R001,Payment instruction failed validation,MEDIUM,RESOLVED,TEAM_SYN_004,USER_SYN_004_A03,RESOLVED,SYN_RESOLVED,2026-03-06T17:43:00,2026-03-06T23:43:00,TRUE,TRUE
EXC_SYN_0001739,PAY_SYN_0010685,CUST_SYN_000846,ACCT_SYN_000846,2026-01-16T18:37:00,2026-01-16,LIQUIDITY,R002,Insufficient synthetic available funds,HIGH,RESOLVED,TEAM_SYN_005,USER_SYN_005_A04,RESOLVED,SYN_RESOLVED,2026-01-16T21:37:00,2026-01-16T22:37:00,TRUE,TRUE
EXC_SYN_0001740,PAY_SYN_0020301,CUST_SYN_000138,ACCT_SYN_001138,2025-12-29T14:42:00,2025-12-29,ROUTING,R003,Beneficiary routing information requires correction,MEDIUM,OPEN,TEAM_SYN_001,USER_SYN_001_A01,UNRESOLVED,,,2025-12-29T22:42:00,FALSE,TRUE
EXC_SYN_0001741,PAY_SYN_0000979,CUST_SYN_000224,ACCT_SYN_000224,2025-12-08T22:41:00,2025-12-08,CUTOFF,R004,Payment missed the processing cutoff,LOW,RESOLVED,TEAM_SYN_002,USER_SYN_002_A02,RESOLVED,SYN_RESOLVED,2025-12-09T00:41:00,2025-12-09T06:41:00,TRUE,FALSE
EXC_SYN_0001742,PAY_SYN_0021223,CUST_SYN_000752,ACCT_SYN_000752,2026-03-03T16:42:00,2026-03-03,SANCTIONS_SCREENING,R005,Synthetic screening review pending,HIGH,RESOLVED,TEAM_SYN_003,USER_SYN_003_A03,RESOLVED,SYN_RESOLVED,2026-03-03T19:42:00,2026-03-03T20:42:00,FALSE,TRUE
EXC_SYN_0001743,PAY_SYN_0021759,CUST_SYN_000084,ACCT_SYN_001084,2026-02-17T23:27:00,2026-02-17,DUPLICATE,R006,Potential duplicate payment instruction,HIGH,RESOLVED,TEAM_SYN_004,USER_SYN_004_A04,RESOLVED,SYN_RESOLVED,2026-02-18T06:00:00,2026-02-18T03:27:00,FALSE,TRUE
EXC_SYN_0001744,PAY_SYN_0005928,CUST_SYN_000337,ACCT_SYN_000337,2025-12-07T22:43:00,2025-12-07,SYSTEM,R007,Processing system unavailable,MEDIUM,OPEN,TEAM_SYN_005,USER_SYN_005_A01,UNRESOLVED,,,2025-12-08T06:43:00,FALSE,FALSE
EXC_SYN_0001745,PAY_SYN_0019431,CUST_SYN_000448,ACCT_SYN_000448,2026-02-15T10:17:00,2026-02-15,AUTHORIZATION,R008,Required payment authorization incomplete,HIGH,RESOLVED,TEAM_SYN_001,USER_SYN_001_A02,RESOLVED,SYN_RESOLVED,2026-02-15T13:17:00,2026-02-15T14:17:00,TRUE,TRUE
EXC_SYN_0001746,PAY_SYN_0022616,CUST_SYN_000293,ACCT_SYN_001293,2025-12-14T15:05:00,2025-12-14,BENEFICIARY,R009,Beneficiary details require review,MEDIUM,RESOLVED,TEAM_SYN_002,USER_SYN_002_A03,RESOLVED,SYN_RESOLVED,2025-12-14T16:05:00,2025-12-14T23:05:00,TRUE,TRUE
EXC_SYN_0001747,PAY_SYN_0021176,CUST_SYN_000513,ACCT_SYN_000513,2026-02-23T15:18:00,2026-02-23,CURRENCY,R010,Currency handling exception,MEDIUM,RESOLVED,TEAM_SYN_003,USER_SYN_003_A04,RESOLVED,SYN_RESOLVED,2026-02-23T17:18:00,2026-02-23T23:18:00,TRUE,TRUE
EXC_SYN_0001748,PAY_SYN_0008725,CUST_SYN_000326,ACCT_SYN_000326,2026-03-12T14:54:00,2026-03-12,LIQUIDITY,R002,Insufficient synthetic available funds,HIGH,OPEN,TEAM_SYN_004,USER_SYN_004_A01,UNRESOLVED,,,2026-03-12T18:54:00,TRUE,TRUE
EXC_SYN_0001749,PAY_SYN_0009688,CUST_SYN_000457,ACCT_SYN_001457,2026-02-10T17:28:00,2026-02-10,VALIDATION,R001,Payment instruction failed validation,MEDIUM,RESOLVED,TEAM_SYN_005,USER_SYN_005_A02,RESOLVED,SYN_RESOLVED,2026-02-10T18:28:00,2026-02-11T01:28:00,FALSE,TRUE
EXC_SYN_0001750,PAY_SYN_0015747,CUST_SYN_000640,ACCT_SYN_000640,2025-12-19T16:34:00,2025-12-19,LIQUIDITY,R002,Insufficient synthetic available funds,HIGH,RESOLVED,TEAM_SYN_001,USER_SYN_001_A03,RESOLVED,SYN_RESOLVED,2025-12-19T23:14:00,2025-12-19T20:34:00,FALSE,TRUE
EXC_SYN_0001751,PAY_SYN_0013601,CUST_SYN_000738,ACCT_SYN_000738,2026-02-16T11:25:00,2026-02-16,ROUTING,R003,Beneficiary routing information requires correction,MEDIUM,RESOLVED,TEAM_SYN_002,USER_SYN_002_A04,RESOLVED,SYN_RESOLVED,2026-02-16T14:25:00,2026-02-16T19:25:00,FALSE,TRUE
EXC_SYN_0001752,PAY_SYN_0008221,CUST_SYN_000178,ACCT_SYN_001178,2025-11-18T10:58:00,2025-11-18,CUTOFF,R004,Payment missed the processing cutoff,LOW,OPEN,TEAM_SYN_003,USER_SYN_003_A01,UNRESOLVED,,,2025-11-18T18:58:00,TRUE,FALSE
EXC_SYN_0001753,PAY_SYN_0024083,CUST_SYN_000072,ACCT_SYN_000072,2026-01-04T13:45:00,2026-01-04,SANCTIONS_SCREENING,R005,Synthetic screening review pending,HIGH,RESOLVED,TEAM_SYN_004,USER_SYN_004_A02,RESOLVED,SYN_RESOLVED,2026-01-04T15:45:00,2026-01-04T17:45:00,FALSE,TRUE
EXC_SYN_0001754,PAY_SYN_0015464,CUST_SYN_000669,ACCT_SYN_000669,2026-01-22T14:25:00,2026-01-22,DUPLICATE,R006,Potential duplicate payment instruction,HIGH,RESOLVED,TEAM_SYN_005,USER_SYN_005_A03,RESOLVED,SYN_RESOLVED,2026-01-22T17:25:00,2026-01-22T18:25:00,FALSE,TRUE
EXC_SYN_0001755,PAY_SYN_0000791,CUST_SYN_000768,ACCT_SYN_000768,2026-01-11T11:47:00,2026-01-11,SYSTEM,R007,Processing system unavailable,MEDIUM,RESOLVED,TEAM_SYN_001,USER_SYN_001_A04,RESOLVED,SYN_RESOLVED,2026-01-11T12:47:00,2026-01-11T19:47:00,TRUE,FALSE
EXC_SYN_0001756,PAY_SYN_0012673,CUST_SYN_000902,ACCT_SYN_000902,2025-11-22T14:14:00,2025-11-22,AUTHORIZATION,R008,Required payment authorization incomplete,HIGH,OPEN,TEAM_SYN_002,USER_SYN_002_A01,UNRESOLVED,,,2025-11-22T18:14:00,FALSE,TRUE
EXC_SYN_0001757,PAY_SYN_0004780,CUST_SYN_000361,ACCT_SYN_001361,2026-02-07T11:36:00,2026-02-07,BENEFICIARY,R009,Beneficiary details require review,MEDIUM,RESOLVED,TEAM_SYN_003,USER_SYN_003_A02,RESOLVED,SYN_RESOLVED,2026-02-07T22:23:00,2026-02-07T19:36:00,TRUE,TRUE
EXC_SYN_0001758,PAY_SYN_0019321,CUST_SYN_000878,ACCT_SYN_000878,2025-12-11T12:16:00,2025-12-11,CURRENCY,R010,Currency handling exception,MEDIUM,RESOLVED,TEAM_SYN_004,USER_SYN_004_A03,RESOLVED,SYN_RESOLVED,2025-12-11T13:16:00,2025-12-11T20:16:00,TRUE,TRUE
EXC_SYN_0001759,PAY_SYN_0013932,CUST_SYN_000985,ACCT_SYN_000985,2026-01-08T13:46:00,2026-01-08,SETTLEMENT,R011,Settlement confirmation delayed,LOW,RESOLVED,TEAM_SYN_005,USER_SYN_005_A04,RESOLVED,SYN_RESOLVED,2026-01-08T15:46:00,2026-01-08T21:46:00,FALSE,FALSE
EXC_SYN_0001760,PAY_SYN_0022625,CUST_SYN_000126,ACCT_SYN_000126,2025-11-18T17:10:00,2025-11-18,VALIDATION,R001,Payment instruction failed validation,MEDIUM,OPEN,TEAM_SYN_001,USER_SYN_001_A01,UNRESOLVED,,,2025-11-19T01:10:00,FALSE,TRUE
EXC_SYN_0001761,PAY_SYN_0015512,CUST_SYN_000945,ACCT_SYN_000945,2026-01-28T14:32:00,2026-01-28,LIQUIDITY,R002,Insufficient synthetic available funds,HIGH,RESOLVED,TEAM_SYN_002,USER_SYN_002_A02,RESOLVED,SYN_RESOLVED,2026-01-28T15:32:00,2026-01-28T18:32:00,TRUE,TRUE
EXC_SYN_0001762,PAY_SYN_0018855,CUST_SYN_000136,ACCT_SYN_000136,2026-01-21T17:46:00,2026-01-21,ROUTING,R003,Beneficiary routing information requires correction,MEDIUM,RESOLVED,TEAM_SYN_003,USER_SYN_003_A03,RESOLVED,SYN_RESOLVED,2026-01-21T19:46:00,2026-01-22T01:46:00,TRUE,TRUE
EXC_SYN_0001763,PAY_SYN_0024202,CUST_SYN_000475,ACCT_SYN_001475,2026-02-26T14:48:00,2026-02-26,CUTOFF,R004,Payment missed the processing cutoff,LOW,RESOLVED,TEAM_SYN_004,USER_SYN_004_A04,RESOLVED,SYN_RESOLVED,2026-02-26T17:48:00,2026-02-26T22:48:00,TRUE,FALSE
EXC_SYN_0001764,PAY_SYN_0007749,CUST_SYN_000214,ACCT_SYN_000214,2026-01-24T21:30:00,2026-01-24,SANCTIONS_SCREENING,R005,Synthetic screening review pending,HIGH,OPEN,TEAM_SYN_005,USER_SYN_005_A01,UNRESOLVED,,,2026-01-25T01:30:00,FALSE,TRUE
EXC_SYN_0001765,PAY_SYN_0004080,CUST_SYN_000961,ACCT_SYN_000961,2025-12-24T12:40:00,2025-12-24,DUPLICATE,R006,Potential duplicate payment instruction,HIGH,RESOLVED,TEAM_SYN_001,USER_SYN_001_A02,RESOLVED,SYN_RESOLVED,2025-12-24T14:40:00,2025-12-24T16:40:00,TRUE,TRUE
EXC_SYN_0001766,PAY_SYN_0011594,CUST_SYN_000479,ACCT_SYN_001479,2025-12-18T17:31:00,2025-12-18,SYSTEM,R007,Processing system unavailable,MEDIUM,RESOLVED,TEAM_SYN_002,USER_SYN_002_A03,RESOLVED,SYN_RESOLVED,2025-12-18T20:31:00,2025-12-19T01:31:00,FALSE,FALSE
EXC_SYN_0001767,PAY_SYN_0012590,CUST_SYN_000831,ACCT_SYN_000831,2026-03-11T13:56:00,2026-03-11,LIQUIDITY,R002,Insufficient synthetic available funds,HIGH,RESOLVED,TEAM_SYN_003,USER_SYN_003_A04,RESOLVED,SYN_RESOLVED,2026-03-11T14:56:00,2026-03-11T17:56:00,FALSE,TRUE
EXC_SYN_0001768,PAY_SYN_0021758,CUST_SYN_000047,ACCT_SYN_001047,2026-03-15T21:45:00,2026-03-15,BENEFICIARY,R009,Beneficiary details require review,MEDIUM,OPEN,TEAM_SYN_004,USER_SYN_004_A01,UNRESOLVED,,,2026-03-16T05:45:00,TRUE,TRUE
EXC_SYN_0001769,PAY_SYN_0021889,CUST_SYN_000394,ACCT_SYN_001394,2026-02-22T23:15:00,2026-02-22,CURRENCY,R010,Currency handling exception,MEDIUM,RESOLVED,TEAM_SYN_005,USER_SYN_005_A02,RESOLVED,SYN_RESOLVED,2026-02-23T02:15:00,2026-02-23T07:15:00,TRUE,TRUE
EXC_SYN_0001770,PAY_SYN_0016714,CUST_SYN_000419,ACCT_SYN_000419,2025-11-22T18:43:00,2025-11-22,SETTLEMENT,R011,Settlement confirmation delayed,LOW,RESOLVED,TEAM_SYN_001,USER_SYN_001_A03,RESOLVED,SYN_RESOLVED,2025-11-22T19:43:00,2025-11-23T02:43:00,FALSE,FALSE
EXC_SYN_0001771,PAY_SYN_0007194,CUST_SYN_000679,ACCT_SYN_000679,2026-01-20T18:16:00,2026-01-20,VALIDATION,R001,Payment instruction failed validation,MEDIUM,RESOLVED,TEAM_SYN_002,USER_SYN_002_A04,RESOLVED,SYN_RESOLVED,2026-01-21T05:17:00,2026-01-21T02:16:00,TRUE,TRUE
EXC_SYN_0001772,PAY_SYN_0006476,CUST_SYN_000113,ACCT_SYN_001113,2026-02-27T20:43:00,2026-02-27,LIQUIDITY,R002,Insufficient synthetic available funds,HIGH,OPEN,TEAM_SYN_003,USER_SYN_003_A01,UNRESOLVED,,,2026-02-28T00:43:00,FALSE,TRUE
EXC_SYN_0001773,PAY_SYN_0017106,CUST_SYN_000423,ACCT_SYN_001423,2025-11-27T15:06:00,2025-11-27,ROUTING,R003,Beneficiary routing information requires correction,MEDIUM,RESOLVED,TEAM_SYN_004,USER_SYN_004_A02,RESOLVED,SYN_RESOLVED,2025-11-27T16:06:00,2025-11-27T23:06:00,FALSE,TRUE
EXC_SYN_0001774,PAY_SYN_0014045,CUST_SYN_000666,ACCT_SYN_000666,2026-02-11T14:12:00,2026-02-11,CUTOFF,R004,Payment missed the processing cutoff,LOW,RESOLVED,TEAM_SYN_005,USER_SYN_005_A03,RESOLVED,SYN_RESOLVED,2026-02-11T16:12:00,2026-02-11T22:12:00,TRUE,FALSE
EXC_SYN_0001775,PAY_SYN_0019123,CUST_SYN_000052,ACCT_SYN_001052,2026-02-14T11:51:00,2026-02-14,SANCTIONS_SCREENING,R005,Synthetic screening review pending,HIGH,RESOLVED,TEAM_SYN_001,USER_SYN_001_A04,RESOLVED,SYN_RESOLVED,2026-02-14T14:51:00,2026-02-14T15:51:00,FALSE,TRUE
EXC_SYN_0001776,PAY_SYN_0006991,CUST_SYN_000668,ACCT_SYN_000668,2025-12-27T10:40:00,2025-12-27,DUPLICATE,R006,Potential duplicate payment instruction,HIGH,OPEN,TEAM_SYN_002,USER_SYN_002_A01,UNRESOLVED,,,2025-12-27T14:40:00,TRUE,TRUE
EXC_SYN_0001777,PAY_SYN_0004219,CUST_SYN_000104,ACCT_SYN_000104,2026-01-20T18:29:00,2026-01-20,SYSTEM,R007,Processing system unavailable,MEDIUM,RESOLVED,TEAM_SYN_003,USER_SYN_003_A02,RESOLVED,SYN_RESOLVED,2026-01-20T20:29:00,2026-01-21T02:29:00,FALSE,FALSE
EXC_SYN_0001778,PAY_SYN_0016904,CUST_SYN_000449,ACCT_SYN_001449,2026-02-13T13:37:00,2026-02-13,AUTHORIZATION,R008,Required payment authorization incomplete,HIGH,RESOLVED,TEAM_SYN_004,USER_SYN_004_A03,RESOLVED,SYN_RESOLVED,2026-02-13T20:45:00,2026-02-13T17:37:00,FALSE,TRUE
EXC_SYN_0001779,PAY_SYN_0005799,CUST_SYN_000064,ACCT_SYN_000064,2025-12-02T19:15:00,2025-12-02,BENEFICIARY,R009,Beneficiary details require review,MEDIUM,RESOLVED,TEAM_SYN_005,USER_SYN_005_A04,RESOLVED,SYN_RESOLVED,2025-12-02T20:15:00,2025-12-03T03:15:00,TRUE,TRUE
EXC_SYN_0001780,PAY_SYN_0018303,CUST_SYN_000712,ACCT_SYN_000712,2026-02-28T13:16:00,2026-02-28,CURRENCY,R010,Currency handling exception,MEDIUM,OPEN,TEAM_SYN_001,USER_SYN_001_A01,UNRESOLVED,,,2026-02-28T21:16:00,TRUE,TRUE
EXC_SYN_0001781,PAY_SYN_0008576,CUST_SYN_000813,ACCT_SYN_000813,2026-03-02T16:40:00,2026-03-02,SETTLEMENT,R011,Settlement confirmation delayed,LOW,RESOLVED,TEAM_SYN_002,USER_SYN_002_A02,RESOLVED,SYN_RESOLVED,2026-03-02T19:40:00,2026-03-03T00:40:00,TRUE,FALSE
EXC_SYN_0001782,PAY_SYN_0015851,CUST_SYN_000488,ACCT_SYN_001488,2026-01-04T11:38:00,2026-01-04,VALIDATION,R001,Payment instruction failed validation,MEDIUM,RESOLVED,TEAM_SYN_003,USER_SYN_003_A03,RESOLVED,SYN_RESOLVED,2026-01-04T12:38:00,2026-01-04T19:38:00,TRUE,TRUE
EXC_SYN_0001783,PAY_SYN_0003389,CUST_SYN_000894,ACCT_SYN_000894,2025-12-12T19:57:00,2025-12-12,LIQUIDITY,R002,Insufficient synthetic available funds,HIGH,RESOLVED,TEAM_SYN_004,USER_SYN_004_A04,RESOLVED,SYN_RESOLVED,2025-12-12T21:57:00,2025-12-12T23:57:00,FALSE,TRUE
EXC_SYN_0001784,PAY_SYN_0018836,CUST_SYN_000933,ACCT_SYN_000933,2026-02-07T17:19:00,2026-02-07,ROUTING,R003,Beneficiary routing information requires correction,MEDIUM,OPEN,TEAM_SYN_005,USER_SYN_005_A01,UNRESOLVED,,,2026-02-08T01:19:00,FALSE,TRUE
EXC_SYN_0001785,PAY_SYN_0000258,CUST_SYN_000547,ACCT_SYN_000547,2026-01-17T19:06:00,2026-01-17,CUTOFF,R004,Payment missed the processing cutoff,LOW,RESOLVED,TEAM_SYN_001,USER_SYN_001_A02,RESOLVED,SYN_RESOLVED,2026-01-18T06:21:00,2026-01-18T03:06:00,FALSE,FALSE
EXC_SYN_0001786,PAY_SYN_0023980,CUST_SYN_000761,ACCT_SYN_000761,2026-03-10T11:53:00,2026-03-10,SANCTIONS_SCREENING,R005,Synthetic screening review pending,HIGH,RESOLVED,TEAM_SYN_002,USER_SYN_002_A03,RESOLVED,SYN_RESOLVED,2026-03-10T13:53:00,2026-03-10T15:53:00,TRUE,TRUE
EXC_SYN_0001787,PAY_SYN_0002751,CUST_SYN_000288,ACCT_SYN_001288,2025-11-25T13:23:00,2025-11-25,DUPLICATE,R006,Potential duplicate payment instruction,HIGH,RESOLVED,TEAM_SYN_003,USER_SYN_003_A04,RESOLVED,SYN_RESOLVED,2025-11-25T16:23:00,2025-11-25T17:23:00,TRUE,TRUE
EXC_SYN_0001788,PAY_SYN_0012224,CUST_SYN_000789,ACCT_SYN_000789,2025-12-23T15:47:00,2025-12-23,SYSTEM,R007,Processing system unavailable,MEDIUM,OPEN,TEAM_SYN_004,USER_SYN_004_A01,UNRESOLVED,,,2025-12-23T23:47:00,TRUE,FALSE
EXC_SYN_0001789,PAY_SYN_0018995,CUST_SYN_000816,ACCT_SYN_000816,2025-11-19T16:57:00,2025-11-19,AUTHORIZATION,R008,Required payment authorization incomplete,HIGH,RESOLVED,TEAM_SYN_005,USER_SYN_005_A02,RESOLVED,SYN_RESOLVED,2025-11-19T18:57:00,2025-11-19T20:57:00,TRUE,TRUE
EXC_SYN_0001790,PAY_SYN_0018255,CUST_SYN_000436,ACCT_SYN_000436,2026-02-27T17:50:00,2026-02-27,BENEFICIARY,R009,Beneficiary details require review,MEDIUM,RESOLVED,TEAM_SYN_001,USER_SYN_001_A03,RESOLVED,SYN_RESOLVED,2026-02-27T20:50:00,2026-02-28T01:50:00,TRUE,TRUE
EXC_SYN_0001791,PAY_SYN_0000656,CUST_SYN_000273,ACCT_SYN_000273,2026-01-12T18:50:00,2026-01-12,CURRENCY,R010,Currency handling exception,MEDIUM,RESOLVED,TEAM_SYN_002,USER_SYN_002_A04,RESOLVED,SYN_RESOLVED,2026-01-12T19:50:00,2026-01-13T02:50:00,TRUE,TRUE
EXC_SYN_0001792,PAY_SYN_0012729,CUST_SYN_000474,ACCT_SYN_001474,2026-01-22T21:34:00,2026-01-22,SETTLEMENT,R011,Settlement confirmation delayed,LOW,OPEN,TEAM_SYN_003,USER_SYN_003_A01,UNRESOLVED,,,2026-01-23T05:34:00,TRUE,FALSE
EXC_SYN_0001793,PAY_SYN_0022844,CUST_SYN_000729,ACCT_SYN_000729,2026-01-30T16:52:00,2026-01-30,VALIDATION,R001,Payment instruction failed validation,MEDIUM,RESOLVED,TEAM_SYN_004,USER_SYN_004_A02,RESOLVED,SYN_RESOLVED,2026-01-30T19:52:00,2026-01-31T00:52:00,TRUE,TRUE
EXC_SYN_0001794,PAY_SYN_0013656,CUST_SYN_000273,ACCT_SYN_001273,2025-11-16T19:09:00,2025-11-16,LIQUIDITY,R002,Insufficient synthetic available funds,HIGH,RESOLVED,TEAM_SYN_005,USER_SYN_005_A03,RESOLVED,SYN_RESOLVED,2025-11-16T20:09:00,2025-11-16T23:09:00,FALSE,TRUE
EXC_SYN_0001795,PAY_SYN_0023772,CUST_SYN_000565,ACCT_SYN_000565,2026-01-06T15:34:00,2026-01-06,ROUTING,R003,Beneficiary routing information requires correction,MEDIUM,RESOLVED,TEAM_SYN_001,USER_SYN_001_A04,RESOLVED,SYN_RESOLVED,2026-01-06T17:34:00,2026-01-06T23:34:00,FALSE,TRUE
EXC_SYN_0001796,PAY_SYN_0023782,CUST_SYN_000935,ACCT_SYN_000935,2026-02-17T15:57:00,2026-02-17,CUTOFF,R004,Payment missed the processing cutoff,LOW,OPEN,TEAM_SYN_002,USER_SYN_002_A01,UNRESOLVED,,,2026-02-17T23:57:00,TRUE,FALSE
EXC_SYN_0001797,PAY_SYN_0021993,CUST_SYN_000742,ACCT_SYN_000742,2025-12-16T17:27:00,2025-12-16,SANCTIONS_SCREENING,R005,Synthetic screening review pending,HIGH,RESOLVED,TEAM_SYN_003,USER_SYN_003_A02,RESOLVED,SYN_RESOLVED,2025-12-16T18:27:00,2025-12-16T21:27:00,FALSE,TRUE
EXC_SYN_0001798,PAY_SYN_0007201,CUST_SYN_000938,ACCT_SYN_000938,2025-12-08T14:56:00,2025-12-08,DUPLICATE,R006,Potential duplicate payment instruction,HIGH,RESOLVED,TEAM_SYN_004,USER_SYN_004_A03,RESOLVED,SYN_RESOLVED,2025-12-08T16:56:00,2025-12-08T18:56:00,TRUE,TRUE
EXC_SYN_0001799,PAY_SYN_0015416,CUST_SYN_000393,ACCT_SYN_000393,2026-01-20T20:34:00,2026-01-20,SYSTEM,R007,Processing system unavailable,MEDIUM,RESOLVED,TEAM_SYN_005,USER_SYN_005_A04,RESOLVED,SYN_RESOLVED,2026-01-21T08:03:00,2026-01-21T04:34:00,FALSE,FALSE
EXC_SYN_0001800,PAY_SYN_0018588,CUST_SYN_000757,ACCT_SYN_000757,2026-01-16T16:51:00,2026-01-16,AUTHORIZATION,R008,Required payment authorization incomplete,HIGH,OPEN,TEAM_SYN_001,USER_SYN_001_A01,UNRESOLVED,,,2026-01-16T20:51:00,FALSE,TRUE
EXC_SYN_0001801,PAY_SYN_0005877,CUST_SYN_000450,ACCT_SYN_001450,2026-03-11T16:07:00,2026-03-11,BENEFICIARY,R009,Beneficiary details require review,MEDIUM,RESOLVED,TEAM_SYN_002,USER_SYN_002_A02,RESOLVED,SYN_RESOLVED,2026-03-11T18:07:00,2026-03-12T00:07:00,TRUE,TRUE
EXC_SYN_0001802,PAY_SYN_0010829,CUST_SYN_000174,ACCT_SYN_000174,2026-01-06T18:04:00,2026-01-06,CURRENCY,R010,Currency handling exception,MEDIUM,RESOLVED,TEAM_SYN_003,USER_SYN_003_A03,RESOLVED,SYN_RESOLVED,2026-01-06T21:04:00,2026-01-07T02:04:00,FALSE,TRUE
EXC_SYN_0001803,PAY_SYN_0017207,CUST_SYN_000660,ACCT_SYN_000660,2026-01-31T16:23:00,2026-01-31,SETTLEMENT,R011,Settlement confirmation delayed,LOW,RESOLVED,TEAM_SYN_004,USER_SYN_004_A04,RESOLVED,SYN_RESOLVED,2026-01-31T17:23:00,2026-02-01T00:23:00,TRUE,FALSE
EXC_SYN_0001804,PAY_SYN_0000621,CUST_SYN_000478,ACCT_SYN_000478,2026-02-09T10:34:00,2026-02-09,VALIDATION,R001,Payment instruction failed validation,MEDIUM,OPEN,TEAM_SYN_005,USER_SYN_005_A01,UNRESOLVED,,,2026-02-09T18:34:00,TRUE,TRUE
EXC_SYN_0001805,PAY_SYN_0011325,CUST_SYN_000526,ACCT_SYN_000526,2026-03-07T14:35:00,2026-03-07,LIQUIDITY,R002,Insufficient synthetic available funds,HIGH,RESOLVED,TEAM_SYN_001,USER_SYN_001_A02,RESOLVED,SYN_RESOLVED,2026-03-07T17:35:00,2026-03-07T18:35:00,FALSE,TRUE
EXC_SYN_0001806,PAY_SYN_0023872,CUST_SYN_000265,ACCT_SYN_001265,2026-03-15T11:37:00,2026-03-15,LIQUIDITY,R002,Insufficient synthetic available funds,HIGH,RESOLVED,TEAM_SYN_002,USER_SYN_002_A03,RESOLVED,SYN_RESOLVED,2026-03-15T16:13:00,2026-03-15T15:37:00,TRUE,TRUE
EXC_SYN_0001807,PAY_SYN_0001131,CUST_SYN_000348,ACCT_SYN_001348,2026-01-24T11:43:00,2026-01-24,CUTOFF,R004,Payment missed the processing cutoff,LOW,RESOLVED,TEAM_SYN_003,USER_SYN_003_A04,RESOLVED,SYN_RESOLVED,2026-01-24T13:43:00,2026-01-24T19:43:00,TRUE,FALSE
EXC_SYN_0001808,PAY_SYN_0022209,CUST_SYN_000234,ACCT_SYN_001234,2026-03-15T19:02:00,2026-03-15,SANCTIONS_SCREENING,R005,Synthetic screening review pending,HIGH,OPEN,TEAM_SYN_004,USER_SYN_004_A01,UNRESOLVED,,,2026-03-15T23:02:00,TRUE,TRUE
EXC_SYN_0001809,PAY_SYN_0019673,CUST_SYN_000402,ACCT_SYN_000402,2026-01-08T13:23:00,2026-01-08,DUPLICATE,R006,Potential duplicate payment instruction,HIGH,RESOLVED,TEAM_SYN_005,USER_SYN_005_A02,RESOLVED,SYN_RESOLVED,2026-01-08T14:23:00,2026-01-08T17:23:00,TRUE,TRUE
EXC_SYN_0001810,PAY_SYN_0019744,CUST_SYN_000029,ACCT_SYN_000029,2026-03-13T14:53:00,2026-03-13,SYSTEM,R007,Processing system unavailable,MEDIUM,RESOLVED,TEAM_SYN_001,USER_SYN_001_A03,RESOLVED,SYN_RESOLVED,2026-03-13T16:53:00,2026-03-13T22:53:00,TRUE,FALSE
EXC_SYN_0001811,PAY_SYN_0017132,CUST_SYN_000885,ACCT_SYN_000885,2026-01-04T13:22:00,2026-01-04,AUTHORIZATION,R008,Required payment authorization incomplete,HIGH,RESOLVED,TEAM_SYN_002,USER_SYN_002_A04,RESOLVED,SYN_RESOLVED,2026-01-04T16:22:00,2026-01-04T17:22:00,TRUE,TRUE
EXC_SYN_0001812,PAY_SYN_0006857,CUST_SYN_000210,ACCT_SYN_000210,2026-01-27T18:50:00,2026-01-27,BENEFICIARY,R009,Beneficiary details require review,MEDIUM,OPEN,TEAM_SYN_003,USER_SYN_003_A01,UNRESOLVED,,,2026-01-28T02:50:00,FALSE,TRUE
EXC_SYN_0001813,PAY_SYN_0008167,CUST_SYN_000680,ACCT_SYN_000680,2026-03-09T18:53:00,2026-03-09,CURRENCY,R010,Currency handling exception,MEDIUM,RESOLVED,TEAM_SYN_004,USER_SYN_004_A02,RESOLVED,SYN_RESOLVED,2026-03-10T03:36:00,2026-03-10T02:53:00,TRUE,TRUE
EXC_SYN_0001814,PAY_SYN_0021365,CUST_SYN_000006,ACCT_SYN_000006,2026-01-21T16:52:00,2026-01-21,SETTLEMENT,R011,Settlement confirmation delayed,LOW,RESOLVED,TEAM_SYN_005,USER_SYN_005_A03,RESOLVED,SYN_RESOLVED,2026-01-21T19:52:00,2026-01-22T00:52:00,TRUE,FALSE
EXC_SYN_0001815,PAY_SYN_0019558,CUST_SYN_000647,ACCT_SYN_000647,2025-11-22T20:16:00,2025-11-22,VALIDATION,R001,Payment instruction failed validation,MEDIUM,RESOLVED,TEAM_SYN_001,USER_SYN_001_A04,RESOLVED,SYN_RESOLVED,2025-11-22T21:16:00,2025-11-23T04:16:00,FALSE,TRUE
EXC_SYN_0001816,PAY_SYN_0024084,CUST_SYN_000109,ACCT_SYN_000109,2025-11-16T16:31:00,2025-11-16,LIQUIDITY,R002,Insufficient synthetic available funds,HIGH,OPEN,TEAM_SYN_002,USER_SYN_002_A01,UNRESOLVED,,,2025-11-16T20:31:00,FALSE,TRUE
EXC_SYN_0001817,PAY_SYN_0014569,CUST_SYN_000554,ACCT_SYN_000554,2026-01-19T21:39:00,2026-01-19,ROUTING,R003,Beneficiary routing information requires correction,MEDIUM,RESOLVED,TEAM_SYN_003,USER_SYN_003_A02,RESOLVED,SYN_RESOLVED,2026-01-20T00:39:00,2026-01-20T05:39:00,TRUE,TRUE
EXC_SYN_0001818,PAY_SYN_0008080,CUST_SYN_000461,ACCT_SYN_000461,2026-01-13T12:49:00,2026-01-13,CUTOFF,R004,Payment missed the processing cutoff,LOW,RESOLVED,TEAM_SYN_004,USER_SYN_004_A03,RESOLVED,SYN_RESOLVED,2026-01-13T13:49:00,2026-01-13T20:49:00,FALSE,FALSE
EXC_SYN_0001819,PAY_SYN_0012940,CUST_SYN_000281,ACCT_SYN_000281,2025-12-14T13:02:00,2025-12-14,SANCTIONS_SCREENING,R005,Synthetic screening review pending,HIGH,RESOLVED,TEAM_SYN_005,USER_SYN_005_A04,RESOLVED,SYN_RESOLVED,2025-12-14T15:02:00,2025-12-14T17:02:00,FALSE,TRUE
EXC_SYN_0001820,PAY_SYN_0015806,CUST_SYN_000323,ACCT_SYN_001323,2025-11-25T18:37:00,2025-11-25,DUPLICATE,R006,Potential duplicate payment instruction,HIGH,OPEN,TEAM_SYN_001,USER_SYN_001_A01,UNRESOLVED,,,2025-11-25T22:37:00,TRUE,TRUE
EXC_SYN_0001821,PAY_SYN_0012953,CUST_SYN_000762,ACCT_SYN_000762,2026-02-09T15:59:00,2026-02-09,SYSTEM,R007,Processing system unavailable,MEDIUM,RESOLVED,TEAM_SYN_002,USER_SYN_002_A02,RESOLVED,SYN_RESOLVED,2026-02-09T16:59:00,2026-02-09T23:59:00,TRUE,FALSE
EXC_SYN_0001822,PAY_SYN_0022268,CUST_SYN_000417,ACCT_SYN_000417,2025-12-09T21:57:00,2025-12-09,AUTHORIZATION,R008,Required payment authorization incomplete,HIGH,RESOLVED,TEAM_SYN_003,USER_SYN_003_A03,RESOLVED,SYN_RESOLVED,2025-12-09T23:57:00,2025-12-10T01:57:00,TRUE,TRUE
EXC_SYN_0001823,PAY_SYN_0023565,CUST_SYN_000406,ACCT_SYN_000406,2025-11-22T18:29:00,2025-11-22,BENEFICIARY,R009,Beneficiary details require review,MEDIUM,RESOLVED,TEAM_SYN_004,USER_SYN_004_A04,RESOLVED,SYN_RESOLVED,2025-11-22T21:29:00,2025-11-23T02:29:00,TRUE,TRUE
EXC_SYN_0001824,PAY_SYN_0009104,CUST_SYN_000849,ACCT_SYN_000849,2026-02-03T17:35:00,2026-02-03,CURRENCY,R010,Currency handling exception,MEDIUM,OPEN,TEAM_SYN_005,USER_SYN_005_A01,UNRESOLVED,,,2026-02-04T01:35:00,TRUE,TRUE
EXC_SYN_0001825,PAY_SYN_0013185,CUST_SYN_000346,ACCT_SYN_000346,2026-03-08T18:55:00,2026-03-08,SETTLEMENT,R011,Settlement confirmation delayed,LOW,RESOLVED,TEAM_SYN_001,USER_SYN_001_A02,RESOLVED,SYN_RESOLVED,2026-03-08T20:55:00,2026-03-09T02:55:00,FALSE,FALSE
EXC_SYN_0001826,PAY_SYN_0011714,CUST_SYN_000419,ACCT_SYN_001419,2026-02-19T18:31:00,2026-02-19,VALIDATION,R001,Payment instruction failed validation,MEDIUM,RESOLVED,TEAM_SYN_002,USER_SYN_002_A03,RESOLVED,SYN_RESOLVED,2026-02-19T21:31:00,2026-02-20T02:31:00,FALSE,TRUE
EXC_SYN_0001827,PAY_SYN_0005903,CUST_SYN_000912,ACCT_SYN_000912,2025-12-27T17:47:00,2025-12-27,LIQUIDITY,R002,Insufficient synthetic available funds,HIGH,RESOLVED,TEAM_SYN_003,USER_SYN_003_A04,RESOLVED,SYN_RESOLVED,2025-12-27T22:44:00,2025-12-27T21:47:00,TRUE,TRUE
EXC_SYN_0001828,PAY_SYN_0023758,CUST_SYN_000047,ACCT_SYN_000047,2025-12-03T17:05:00,2025-12-03,ROUTING,R003,Beneficiary routing information requires correction,MEDIUM,OPEN,TEAM_SYN_004,USER_SYN_004_A01,UNRESOLVED,,,2025-12-04T01:05:00,FALSE,TRUE
EXC_SYN_0001829,PAY_SYN_0002412,CUST_SYN_000745,ACCT_SYN_000745,2026-03-10T10:56:00,2026-03-10,CUTOFF,R004,Payment missed the processing cutoff,LOW,RESOLVED,TEAM_SYN_005,USER_SYN_005_A02,RESOLVED,SYN_RESOLVED,2026-03-10T13:56:00,2026-03-10T18:56:00,TRUE,FALSE
EXC_SYN_0001830,PAY_SYN_0002645,CUST_SYN_000366,ACCT_SYN_000366,2025-12-18T14:20:00,2025-12-18,SANCTIONS_SCREENING,R005,Synthetic screening review pending,HIGH,RESOLVED,TEAM_SYN_001,USER_SYN_001_A03,RESOLVED,SYN_RESOLVED,2025-12-18T15:20:00,2025-12-18T18:20:00,TRUE,TRUE
EXC_SYN_0001831,PAY_SYN_0011056,CUST_SYN_000073,ACCT_SYN_001073,2026-01-25T15:50:00,2026-01-25,DUPLICATE,R006,Potential duplicate payment instruction,HIGH,RESOLVED,TEAM_SYN_002,USER_SYN_002_A04,RESOLVED,SYN_RESOLVED,2026-01-25T17:50:00,2026-01-25T19:50:00,TRUE,TRUE
EXC_SYN_0001832,PAY_SYN_0021316,CUST_SYN_000193,ACCT_SYN_001193,2026-02-16T16:03:00,2026-02-16,SYSTEM,R007,Processing system unavailable,MEDIUM,OPEN,TEAM_SYN_003,USER_SYN_003_A01,UNRESOLVED,,,2026-02-17T00:03:00,TRUE,FALSE
EXC_SYN_0001833,PAY_SYN_0009940,CUST_SYN_000281,ACCT_SYN_000281,2026-01-06T10:04:00,2026-01-06,AUTHORIZATION,R008,Required payment authorization incomplete,HIGH,RESOLVED,TEAM_SYN_004,USER_SYN_004_A02,RESOLVED,SYN_RESOLVED,2026-01-06T11:04:00,2026-01-06T14:04:00,TRUE,TRUE
EXC_SYN_0001834,PAY_SYN_0018005,CUST_SYN_000186,ACCT_SYN_000186,2025-11-29T15:12:00,2025-11-29,BENEFICIARY,R009,Beneficiary details require review,MEDIUM,RESOLVED,TEAM_SYN_005,USER_SYN_005_A03,RESOLVED,SYN_RESOLVED,2025-11-30T00:16:00,2025-11-29T23:12:00,TRUE,TRUE
EXC_SYN_0001835,PAY_SYN_0013883,CUST_SYN_000672,ACCT_SYN_000672,2025-11-25T13:31:00,2025-11-25,CURRENCY,R010,Currency handling exception,MEDIUM,RESOLVED,TEAM_SYN_001,USER_SYN_001_A04,RESOLVED,SYN_RESOLVED,2025-11-25T16:31:00,2025-11-25T21:31:00,FALSE,TRUE
EXC_SYN_0001836,PAY_SYN_0009014,CUST_SYN_000519,ACCT_SYN_000519,2026-02-12T14:41:00,2026-02-12,SETTLEMENT,R011,Settlement confirmation delayed,LOW,OPEN,TEAM_SYN_002,USER_SYN_002_A01,UNRESOLVED,,,2026-02-12T22:41:00,FALSE,FALSE
EXC_SYN_0001837,PAY_SYN_0018647,CUST_SYN_000440,ACCT_SYN_001440,2026-02-01T17:45:00,2026-02-01,VALIDATION,R001,Payment instruction failed validation,MEDIUM,RESOLVED,TEAM_SYN_003,USER_SYN_003_A02,RESOLVED,SYN_RESOLVED,2026-02-01T19:45:00,2026-02-02T01:45:00,FALSE,TRUE
EXC_SYN_0001838,PAY_SYN_0017692,CUST_SYN_000605,ACCT_SYN_000605,2026-01-27T12:33:00,2026-01-27,LIQUIDITY,R002,Insufficient synthetic available funds,HIGH,RESOLVED,TEAM_SYN_004,USER_SYN_004_A03,RESOLVED,SYN_RESOLVED,2026-01-27T15:33:00,2026-01-27T16:33:00,TRUE,TRUE
EXC_SYN_0001839,PAY_SYN_0012686,CUST_SYN_000383,ACCT_SYN_001383,2026-02-06T16:44:00,2026-02-06,ROUTING,R003,Beneficiary routing information requires correction,MEDIUM,RESOLVED,TEAM_SYN_005,USER_SYN_005_A04,RESOLVED,SYN_RESOLVED,2026-02-06T17:44:00,2026-02-07T00:44:00,FALSE,TRUE
EXC_SYN_0001840,PAY_SYN_0016752,CUST_SYN_000325,ACCT_SYN_000325,2025-12-11T13:19:00,2025-12-11,CUTOFF,R004,Payment missed the processing cutoff,LOW,OPEN,TEAM_SYN_001,USER_SYN_001_A01,UNRESOLVED,,,2025-12-11T21:19:00,TRUE,FALSE
EXC_SYN_0001841,PAY_SYN_0020219,CUST_SYN_000104,ACCT_SYN_001104,2025-12-20T21:01:00,2025-12-20,SANCTIONS_SCREENING,R005,Synthetic screening review pending,HIGH,RESOLVED,TEAM_SYN_002,USER_SYN_002_A02,RESOLVED,SYN_RESOLVED,2025-12-21T02:12:00,2025-12-21T01:01:00,TRUE,TRUE
EXC_SYN_0001842,PAY_SYN_0015457,CUST_SYN_000410,ACCT_SYN_000410,2025-12-19T18:40:00,2025-12-19,DUPLICATE,R006,Potential duplicate payment instruction,HIGH,RESOLVED,TEAM_SYN_003,USER_SYN_003_A03,RESOLVED,SYN_RESOLVED,2025-12-19T19:40:00,2025-12-19T22:40:00,FALSE,TRUE
EXC_SYN_0001843,PAY_SYN_0000267,CUST_SYN_000880,ACCT_SYN_000880,2025-12-19T18:43:00,2025-12-19,SYSTEM,R007,Processing system unavailable,MEDIUM,RESOLVED,TEAM_SYN_004,USER_SYN_004_A04,RESOLVED,SYN_RESOLVED,2025-12-19T20:43:00,2025-12-20T02:43:00,TRUE,FALSE
EXC_SYN_0001844,PAY_SYN_0001252,CUST_SYN_000325,ACCT_SYN_001325,2026-01-14T13:51:00,2026-01-14,AUTHORIZATION,R008,Required payment authorization incomplete,HIGH,OPEN,TEAM_SYN_005,USER_SYN_005_A01,UNRESOLVED,,,2026-01-14T17:51:00,TRUE,TRUE
EXC_SYN_0001845,PAY_SYN_0004770,CUST_SYN_000991,ACCT_SYN_000991,2026-03-04T12:30:00,2026-03-04,BENEFICIARY,R009,Beneficiary details require review,MEDIUM,RESOLVED,TEAM_SYN_001,USER_SYN_001_A02,RESOLVED,SYN_RESOLVED,2026-03-04T13:30:00,2026-03-04T20:30:00,TRUE,TRUE
EXC_SYN_0001846,PAY_SYN_0006400,CUST_SYN_000301,ACCT_SYN_001301,2025-12-10T12:53:00,2025-12-10,CURRENCY,R010,Currency handling exception,MEDIUM,RESOLVED,TEAM_SYN_002,USER_SYN_002_A03,RESOLVED,SYN_RESOLVED,2025-12-10T14:53:00,2025-12-10T20:53:00,FALSE,TRUE
EXC_SYN_0001847,PAY_SYN_0013412,CUST_SYN_000245,ACCT_SYN_001245,2025-12-04T15:10:00,2025-12-04,SETTLEMENT,R011,Settlement confirmation delayed,LOW,RESOLVED,TEAM_SYN_003,USER_SYN_003_A04,RESOLVED,SYN_RESOLVED,2025-12-04T18:10:00,2025-12-04T23:10:00,TRUE,FALSE
EXC_SYN_0001848,PAY_SYN_0020948,CUST_SYN_000077,ACCT_SYN_001077,2025-12-15T21:35:00,2025-12-15,VALIDATION,R001,Payment instruction failed validation,MEDIUM,OPEN,TEAM_SYN_004,USER_SYN_004_A01,UNRESOLVED,,,2025-12-16T05:35:00,TRUE,TRUE
EXC_SYN_0001849,PAY_SYN_0003472,CUST_SYN_000965,ACCT_SYN_000965,2025-12-20T14:56:00,2025-12-20,LIQUIDITY,R002,Insufficient synthetic available funds,HIGH,RESOLVED,TEAM_SYN_005,USER_SYN_005_A02,RESOLVED,SYN_RESOLVED,2025-12-20T16:56:00,2025-12-20T18:56:00,TRUE,TRUE
EXC_SYN_0001850,PAY_SYN_0012804,CUST_SYN_000249,ACCT_SYN_001249,2026-02-09T17:53:00,2026-02-09,ROUTING,R003,Beneficiary routing information requires correction,MEDIUM,RESOLVED,TEAM_SYN_001,USER_SYN_001_A03,RESOLVED,SYN_RESOLVED,2026-02-09T20:53:00,2026-02-10T01:53:00,FALSE,TRUE
EXC_SYN_0001851,PAY_SYN_0021715,CUST_SYN_000956,ACCT_SYN_000956,2026-02-14T18:43:00,2026-02-14,CUTOFF,R004,Payment missed the processing cutoff,LOW,RESOLVED,TEAM_SYN_002,USER_SYN_002_A04,RESOLVED,SYN_RESOLVED,2026-02-14T19:43:00,2026-02-15T02:43:00,FALSE,FALSE
EXC_SYN_0001852,PAY_SYN_0022706,CUST_SYN_000123,ACCT_SYN_000123,2026-03-14T19:33:00,2026-03-14,SANCTIONS_SCREENING,R005,Synthetic screening review pending,HIGH,OPEN,TEAM_SYN_003,USER_SYN_003_A01,UNRESOLVED,,,2026-03-14T23:33:00,TRUE,TRUE
EXC_SYN_0001853,PAY_SYN_0002442,CUST_SYN_000355,ACCT_SYN_000355,2026-01-12T16:38:00,2026-01-12,DUPLICATE,R006,Potential duplicate payment instruction,HIGH,RESOLVED,TEAM_SYN_004,USER_SYN_004_A02,RESOLVED,SYN_RESOLVED,2026-01-12T19:38:00,2026-01-12T20:38:00,FALSE,TRUE
EXC_SYN_0001854,PAY_SYN_0006661,CUST_SYN_000458,ACCT_SYN_000458,2026-01-15T15:04:00,2026-01-15,SYSTEM,R007,Processing system unavailable,MEDIUM,RESOLVED,TEAM_SYN_005,USER_SYN_005_A03,RESOLVED,SYN_RESOLVED,2026-01-15T16:04:00,2026-01-15T23:04:00,TRUE,FALSE
EXC_SYN_0001855,PAY_SYN_0014041,CUST_SYN_000518,ACCT_SYN_000518,2025-11-20T15:17:00,2025-11-20,AUTHORIZATION,R008,Required payment authorization incomplete,HIGH,RESOLVED,TEAM_SYN_001,USER_SYN_001_A04,RESOLVED,SYN_RESOLVED,2025-11-20T20:42:00,2025-11-20T19:17:00,TRUE,TRUE
EXC_SYN_0001856,PAY_SYN_0022390,CUST_SYN_000431,ACCT_SYN_000431,2026-02-20T08:33:00,2026-02-20,BENEFICIARY,R009,Beneficiary details require review,MEDIUM,OPEN,TEAM_SYN_002,USER_SYN_002_A01,UNRESOLVED,,,2026-02-20T16:33:00,TRUE,TRUE
EXC_SYN_0001857,PAY_SYN_0024030,CUST_SYN_000111,ACCT_SYN_001111,2025-12-07T09:06:00,2025-12-07,CURRENCY,R010,Currency handling exception,MEDIUM,RESOLVED,TEAM_SYN_003,USER_SYN_003_A02,RESOLVED,SYN_RESOLVED,2025-12-07T10:06:00,2025-12-07T17:06:00,FALSE,TRUE
EXC_SYN_0001858,PAY_SYN_0009551,CUST_SYN_000888,ACCT_SYN_000888,2026-03-07T10:06:00,2026-03-07,SETTLEMENT,R011,Settlement confirmation delayed,LOW,RESOLVED,TEAM_SYN_004,USER_SYN_004_A03,RESOLVED,SYN_RESOLVED,2026-03-07T12:06:00,2026-03-07T18:06:00,FALSE,FALSE
EXC_SYN_0001859,PAY_SYN_0015233,CUST_SYN_000122,ACCT_SYN_001122,2026-01-18T12:13:00,2026-01-18,VALIDATION,R001,Payment instruction failed validation,MEDIUM,RESOLVED,TEAM_SYN_005,USER_SYN_005_A04,RESOLVED,SYN_RESOLVED,2026-01-18T15:13:00,2026-01-18T20:13:00,FALSE,TRUE
EXC_SYN_0001860,PAY_SYN_0013267,CUST_SYN_000380,ACCT_SYN_000380,2026-03-11T17:04:00,2026-03-11,LIQUIDITY,R002,Insufficient synthetic available funds,HIGH,OPEN,TEAM_SYN_001,USER_SYN_001_A01,UNRESOLVED,,,2026-03-11T21:04:00,TRUE,TRUE
EXC_SYN_0001861,PAY_SYN_0021829,CUST_SYN_000674,ACCT_SYN_000674,2025-12-22T19:11:00,2025-12-22,ROUTING,R003,Beneficiary routing information requires correction,MEDIUM,RESOLVED,TEAM_SYN_002,USER_SYN_002_A02,RESOLVED,SYN_RESOLVED,2025-12-22T21:11:00,2025-12-23T03:11:00,TRUE,TRUE
EXC_SYN_0001862,PAY_SYN_0015403,CUST_SYN_000412,ACCT_SYN_001412,2026-01-09T12:42:00,2026-01-09,CUTOFF,R004,Payment missed the processing cutoff,LOW,RESOLVED,TEAM_SYN_003,USER_SYN_003_A03,RESOLVED,SYN_RESOLVED,2026-01-09T22:14:00,2026-01-09T20:42:00,TRUE,FALSE
EXC_SYN_0001863,PAY_SYN_0012397,CUST_SYN_000190,ACCT_SYN_001190,2026-01-27T17:13:00,2026-01-27,SANCTIONS_SCREENING,R005,Synthetic screening review pending,HIGH,RESOLVED,TEAM_SYN_004,USER_SYN_004_A04,RESOLVED,SYN_RESOLVED,2026-01-27T18:13:00,2026-01-27T21:13:00,TRUE,TRUE
EXC_SYN_0001864,PAY_SYN_0021123,CUST_SYN_000052,ACCT_SYN_000052,2026-02-20T13:28:00,2026-02-20,DUPLICATE,R006,Potential duplicate payment instruction,HIGH,OPEN,TEAM_SYN_005,USER_SYN_005_A01,UNRESOLVED,,,2026-02-20T17:28:00,FALSE,TRUE
EXC_SYN_0001865,PAY_SYN_0020730,CUST_SYN_000511,ACCT_SYN_000511,2026-02-04T10:50:00,2026-02-04,SYSTEM,R007,Processing system unavailable,MEDIUM,RESOLVED,TEAM_SYN_001,USER_SYN_001_A02,RESOLVED,SYN_RESOLVED,2026-02-04T13:50:00,2026-02-04T18:50:00,TRUE,FALSE
EXC_SYN_0001866,PAY_SYN_0007467,CUST_SYN_000280,ACCT_SYN_000280,2026-03-11T17:42:00,2026-03-11,LIQUIDITY,R002,Insufficient synthetic available funds,HIGH,RESOLVED,TEAM_SYN_002,USER_SYN_002_A03,RESOLVED,SYN_RESOLVED,2026-03-11T18:42:00,2026-03-11T21:42:00,TRUE,TRUE
EXC_SYN_0001867,PAY_SYN_0022441,CUST_SYN_000818,ACCT_SYN_000818,2026-03-10T11:53:00,2026-03-10,SYSTEM,R007,Processing system unavailable,MEDIUM,RESOLVED,TEAM_SYN_003,USER_SYN_003_A04,RESOLVED,SYN_RESOLVED,2026-03-10T13:53:00,2026-03-10T19:53:00,TRUE,FALSE
EXC_SYN_0001868,PAY_SYN_0005412,CUST_SYN_000745,ACCT_SYN_000745,2025-12-29T13:23:00,2025-12-29,CURRENCY,R010,Currency handling exception,MEDIUM,OPEN,TEAM_SYN_004,USER_SYN_004_A01,UNRESOLVED,,,2025-12-29T21:23:00,FALSE,TRUE
EXC_SYN_0001869,PAY_SYN_0023840,CUST_SYN_000081,ACCT_SYN_000081,2025-12-02T11:32:00,2025-12-02,SETTLEMENT,R011,Settlement confirmation delayed,LOW,RESOLVED,TEAM_SYN_005,USER_SYN_005_A02,RESOLVED,SYN_RESOLVED,2025-12-02T21:11:00,2025-12-02T19:32:00,FALSE,FALSE
EXC_SYN_0001870,PAY_SYN_0003165,CUST_SYN_000106,ACCT_SYN_000106,2026-02-19T16:40:00,2026-02-19,VALIDATION,R001,Payment instruction failed validation,MEDIUM,RESOLVED,TEAM_SYN_001,USER_SYN_001_A03,RESOLVED,SYN_RESOLVED,2026-02-19T18:40:00,2026-02-20T00:40:00,FALSE,TRUE
EXC_SYN_0001871,PAY_SYN_0000699,CUST_SYN_000364,ACCT_SYN_000364,2026-03-01T21:11:00,2026-03-01,LIQUIDITY,R002,Insufficient synthetic available funds,HIGH,RESOLVED,TEAM_SYN_002,USER_SYN_002_A04,RESOLVED,SYN_RESOLVED,2026-03-02T00:11:00,2026-03-02T01:11:00,TRUE,TRUE
EXC_SYN_0001872,PAY_SYN_0015096,CUST_SYN_000553,ACCT_SYN_000553,2026-01-19T18:03:00,2026-01-19,ROUTING,R003,Beneficiary routing information requires correction,MEDIUM,OPEN,TEAM_SYN_003,USER_SYN_003_A01,UNRESOLVED,,,2026-01-20T02:03:00,FALSE,TRUE
EXC_SYN_0001873,PAY_SYN_0012691,CUST_SYN_000068,ACCT_SYN_000068,2026-02-01T13:41:00,2026-02-01,CUTOFF,R004,Payment missed the processing cutoff,LOW,RESOLVED,TEAM_SYN_004,USER_SYN_004_A02,RESOLVED,SYN_RESOLVED,2026-02-01T15:41:00,2026-02-01T21:41:00,TRUE,FALSE
EXC_SYN_0001874,PAY_SYN_0003159,CUST_SYN_000384,ACCT_SYN_001384,2025-12-05T21:50:00,2025-12-05,SANCTIONS_SCREENING,R005,Synthetic screening review pending,HIGH,RESOLVED,TEAM_SYN_005,USER_SYN_005_A03,RESOLVED,SYN_RESOLVED,2025-12-06T00:50:00,2025-12-06T01:50:00,TRUE,TRUE
EXC_SYN_0001875,PAY_SYN_0010326,CUST_SYN_000063,ACCT_SYN_001063,2025-12-16T19:12:00,2025-12-16,DUPLICATE,R006,Potential duplicate payment instruction,HIGH,RESOLVED,TEAM_SYN_001,USER_SYN_001_A04,RESOLVED,SYN_RESOLVED,2025-12-16T20:12:00,2025-12-16T23:12:00,TRUE,TRUE
EXC_SYN_0001876,PAY_SYN_0023857,CUST_SYN_000710,ACCT_SYN_000710,2026-03-15T20:02:00,2026-03-15,LIQUIDITY,R002,Insufficient synthetic available funds,HIGH,OPEN,TEAM_SYN_002,USER_SYN_002_A01,UNRESOLVED,,,2026-03-16T00:02:00,TRUE,TRUE
EXC_SYN_0001877,PAY_SYN_0005304,CUST_SYN_000249,ACCT_SYN_001249,2025-12-05T17:44:00,2025-12-05,AUTHORIZATION,R008,Required payment authorization incomplete,HIGH,RESOLVED,TEAM_SYN_003,USER_SYN_003_A02,RESOLVED,SYN_RESOLVED,2025-12-05T20:44:00,2025-12-05T21:44:00,TRUE,TRUE
EXC_SYN_0001878,PAY_SYN_0017706,CUST_SYN_000123,ACCT_SYN_001123,2026-01-11T19:51:00,2026-01-11,BENEFICIARY,R009,Beneficiary details require review,MEDIUM,RESOLVED,TEAM_SYN_004,USER_SYN_004_A03,RESOLVED,SYN_RESOLVED,2026-01-11T20:51:00,2026-01-12T03:51:00,TRUE,TRUE
EXC_SYN_0001879,PAY_SYN_0006545,CUST_SYN_000666,ACCT_SYN_000666,2025-11-19T18:57:00,2025-11-19,CURRENCY,R010,Currency handling exception,MEDIUM,RESOLVED,TEAM_SYN_005,USER_SYN_005_A04,RESOLVED,SYN_RESOLVED,2025-11-19T20:57:00,2025-11-20T02:57:00,TRUE,TRUE
EXC_SYN_0001880,PAY_SYN_0013935,CUST_SYN_000096,ACCT_SYN_001096,2026-01-25T19:20:00,2026-01-25,SETTLEMENT,R011,Settlement confirmation delayed,LOW,OPEN,TEAM_SYN_001,USER_SYN_001_A01,UNRESOLVED,,,2026-01-26T03:20:00,TRUE,FALSE
EXC_SYN_0001881,PAY_SYN_0021560,CUST_SYN_000221,ACCT_SYN_001221,2025-12-11T14:08:00,2025-12-11,VALIDATION,R001,Payment instruction failed validation,MEDIUM,RESOLVED,TEAM_SYN_002,USER_SYN_002_A02,RESOLVED,SYN_RESOLVED,2025-12-11T15:08:00,2025-12-11T22:08:00,TRUE,TRUE
EXC_SYN_0001882,PAY_SYN_0018924,CUST_SYN_000189,ACCT_SYN_001189,2025-12-16T18:49:00,2025-12-16,LIQUIDITY,R002,Insufficient synthetic available funds,HIGH,RESOLVED,TEAM_SYN_003,USER_SYN_003_A03,RESOLVED,SYN_RESOLVED,2025-12-16T20:49:00,2025-12-16T22:49:00,TRUE,TRUE
EXC_SYN_0001883,PAY_SYN_0000381,CUST_SYN_000598,ACCT_SYN_000598,2025-12-02T15:41:00,2025-12-02,ROUTING,R003,Beneficiary routing information requires correction,MEDIUM,RESOLVED,TEAM_SYN_004,USER_SYN_004_A04,RESOLVED,SYN_RESOLVED,2025-12-03T01:34:00,2025-12-02T23:41:00,FALSE,TRUE
EXC_SYN_0001884,PAY_SYN_0024122,CUST_SYN_000015,ACCT_SYN_000015,2026-02-02T10:41:00,2026-02-02,CUTOFF,R004,Payment missed the processing cutoff,LOW,OPEN,TEAM_SYN_005,USER_SYN_005_A01,UNRESOLVED,,,2026-02-02T18:41:00,FALSE,FALSE
EXC_SYN_0001885,PAY_SYN_0009668,CUST_SYN_000717,ACCT_SYN_000717,2026-02-11T17:36:00,2026-02-11,SANCTIONS_SCREENING,R005,Synthetic screening review pending,HIGH,RESOLVED,TEAM_SYN_001,USER_SYN_001_A02,RESOLVED,SYN_RESOLVED,2026-02-11T19:36:00,2026-02-11T21:36:00,TRUE,TRUE
EXC_SYN_0001886,PAY_SYN_0021110,CUST_SYN_000071,ACCT_SYN_001071,2025-12-12T09:43:00,2025-12-12,DUPLICATE,R006,Potential duplicate payment instruction,HIGH,RESOLVED,TEAM_SYN_002,USER_SYN_002_A03,RESOLVED,SYN_RESOLVED,2025-12-12T12:43:00,2025-12-12T13:43:00,TRUE,TRUE
EXC_SYN_0001887,PAY_SYN_0003013,CUST_SYN_000482,ACCT_SYN_000482,2026-02-01T12:37:00,2026-02-01,SYSTEM,R007,Processing system unavailable,MEDIUM,RESOLVED,TEAM_SYN_003,USER_SYN_003_A04,RESOLVED,SYN_RESOLVED,2026-02-01T13:37:00,2026-02-01T20:37:00,TRUE,FALSE
EXC_SYN_0001888,PAY_SYN_0018902,CUST_SYN_000375,ACCT_SYN_000375,2025-12-24T11:33:00,2025-12-24,AUTHORIZATION,R008,Required payment authorization incomplete,HIGH,OPEN,TEAM_SYN_004,USER_SYN_004_A01,UNRESOLVED,,,2025-12-24T15:33:00,FALSE,TRUE
EXC_SYN_0001889,PAY_SYN_0018027,CUST_SYN_001000,ACCT_SYN_001000,2026-01-11T16:41:00,2026-01-11,BENEFICIARY,R009,Beneficiary details require review,MEDIUM,RESOLVED,TEAM_SYN_005,USER_SYN_005_A02,RESOLVED,SYN_RESOLVED,2026-01-11T19:41:00,2026-01-12T00:41:00,FALSE,TRUE
EXC_SYN_0001890,PAY_SYN_0002285,CUST_SYN_000546,ACCT_SYN_000546,2025-12-28T15:20:00,2025-12-28,CURRENCY,R010,Currency handling exception,MEDIUM,RESOLVED,TEAM_SYN_001,USER_SYN_001_A03,RESOLVED,SYN_RESOLVED,2025-12-29T01:20:00,2025-12-28T23:20:00,TRUE,TRUE
EXC_SYN_0001891,PAY_SYN_0001462,CUST_SYN_000095,ACCT_SYN_000095,2026-03-11T12:32:00,2026-03-11,SETTLEMENT,R011,Settlement confirmation delayed,LOW,RESOLVED,TEAM_SYN_002,USER_SYN_002_A04,RESOLVED,SYN_RESOLVED,2026-03-11T14:32:00,2026-03-11T20:32:00,TRUE,FALSE
EXC_SYN_0001892,PAY_SYN_0006660,CUST_SYN_000421,ACCT_SYN_000421,2026-02-27T10:11:00,2026-02-27,VALIDATION,R001,Payment instruction failed validation,MEDIUM,OPEN,TEAM_SYN_003,USER_SYN_003_A01,UNRESOLVED,,,2026-02-27T18:11:00,TRUE,TRUE
EXC_SYN_0001893,PAY_SYN_0009418,CUST_SYN_000467,ACCT_SYN_000467,2026-02-18T19:10:00,2026-02-18,LIQUIDITY,R002,Insufficient synthetic available funds,HIGH,RESOLVED,TEAM_SYN_004,USER_SYN_004_A02,RESOLVED,SYN_RESOLVED,2026-02-18T20:10:00,2026-02-18T23:10:00,TRUE,TRUE
EXC_SYN_0001894,PAY_SYN_0003510,CUST_SYN_000871,ACCT_SYN_000871,2026-01-02T11:07:00,2026-01-02,ROUTING,R003,Beneficiary routing information requires correction,MEDIUM,RESOLVED,TEAM_SYN_005,USER_SYN_005_A03,RESOLVED,SYN_RESOLVED,2026-01-02T13:07:00,2026-01-02T19:07:00,TRUE,TRUE
EXC_SYN_0001895,PAY_SYN_0005790,CUST_SYN_000231,ACCT_SYN_001231,2026-01-12T11:20:00,2026-01-12,CUTOFF,R004,Payment missed the processing cutoff,LOW,RESOLVED,TEAM_SYN_001,USER_SYN_001_A04,RESOLVED,SYN_RESOLVED,2026-01-12T14:20:00,2026-01-12T19:20:00,TRUE,FALSE
EXC_SYN_0001896,PAY_SYN_0004922,CUST_SYN_000615,ACCT_SYN_000615,2025-12-15T13:17:00,2025-12-15,SANCTIONS_SCREENING,R005,Synthetic screening review pending,HIGH,OPEN,TEAM_SYN_002,USER_SYN_002_A01,UNRESOLVED,,,2025-12-15T17:17:00,TRUE,TRUE
EXC_SYN_0001897,PAY_SYN_0003041,CUST_SYN_000018,ACCT_SYN_000018,2026-02-10T13:03:00,2026-02-10,DUPLICATE,R006,Potential duplicate payment instruction,HIGH,RESOLVED,TEAM_SYN_003,USER_SYN_003_A02,RESOLVED,SYN_RESOLVED,2026-02-10T19:10:00,2026-02-10T17:03:00,TRUE,TRUE
EXC_SYN_0001898,PAY_SYN_0022873,CUST_SYN_000302,ACCT_SYN_000302,2025-12-30T15:00:00,2025-12-30,SYSTEM,R007,Processing system unavailable,MEDIUM,RESOLVED,TEAM_SYN_004,USER_SYN_004_A03,RESOLVED,SYN_RESOLVED,2025-12-30T18:00:00,2025-12-30T23:00:00,FALSE,FALSE
EXC_SYN_0001899,PAY_SYN_0019417,CUST_SYN_000430,ACCT_SYN_001430,2026-03-13T19:01:00,2026-03-13,SYSTEM,R007,Processing system unavailable,MEDIUM,RESOLVED,TEAM_SYN_005,USER_SYN_005_A04,RESOLVED,SYN_RESOLVED,2026-03-13T20:01:00,2026-03-14T03:01:00,TRUE,FALSE
EXC_SYN_0001900,PAY_SYN_0011596,CUST_SYN_000053,ACCT_SYN_000053,2026-01-24T18:47:00,2026-01-24,BENEFICIARY,R009,Beneficiary details require review,MEDIUM,OPEN,TEAM_SYN_001,USER_SYN_001_A01,UNRESOLVED,,,2026-01-25T02:47:00,TRUE,TRUE
EXC_SYN_0001901,PAY_SYN_0019920,CUST_SYN_000541,ACCT_SYN_000541,2026-02-23T12:08:00,2026-02-23,CURRENCY,R010,Currency handling exception,MEDIUM,RESOLVED,TEAM_SYN_002,USER_SYN_002_A02,RESOLVED,SYN_RESOLVED,2026-02-23T15:08:00,2026-02-23T20:08:00,TRUE,TRUE
EXC_SYN_0001902,PAY_SYN_0005981,CUST_SYN_000798,ACCT_SYN_000798,2025-12-24T14:08:00,2025-12-24,SETTLEMENT,R011,Settlement confirmation delayed,LOW,RESOLVED,TEAM_SYN_003,USER_SYN_003_A03,RESOLVED,SYN_RESOLVED,2025-12-24T15:08:00,2025-12-24T22:08:00,FALSE,FALSE
EXC_SYN_0001903,PAY_SYN_0013015,CUST_SYN_000056,ACCT_SYN_000056,2026-03-09T17:59:00,2026-03-09,VALIDATION,R001,Payment instruction failed validation,MEDIUM,RESOLVED,TEAM_SYN_004,USER_SYN_004_A04,RESOLVED,SYN_RESOLVED,2026-03-09T19:59:00,2026-03-10T01:59:00,TRUE,TRUE
EXC_SYN_0001904,PAY_SYN_0004569,CUST_SYN_000054,ACCT_SYN_001054,2026-03-05T21:50:00,2026-03-05,LIQUIDITY,R002,Insufficient synthetic available funds,HIGH,OPEN,TEAM_SYN_005,USER_SYN_005_A01,UNRESOLVED,,,2026-03-06T01:50:00,TRUE,TRUE
EXC_SYN_0001905,PAY_SYN_0012803,CUST_SYN_000212,ACCT_SYN_001212,2025-12-29T16:41:00,2025-12-29,ROUTING,R003,Beneficiary routing information requires correction,MEDIUM,RESOLVED,TEAM_SYN_001,USER_SYN_001_A02,RESOLVED,SYN_RESOLVED,2025-12-29T17:41:00,2025-12-30T00:41:00,TRUE,TRUE
EXC_SYN_0001906,PAY_SYN_0012099,CUST_SYN_000664,ACCT_SYN_000664,2025-12-21T22:46:00,2025-12-21,CUTOFF,R004,Payment missed the processing cutoff,LOW,RESOLVED,TEAM_SYN_002,USER_SYN_002_A03,RESOLVED,SYN_RESOLVED,2025-12-22T00:46:00,2025-12-22T06:46:00,TRUE,FALSE
EXC_SYN_0001907,PAY_SYN_0011236,CUST_SYN_000233,ACCT_SYN_000233,2025-12-06T20:18:00,2025-12-06,SANCTIONS_SCREENING,R005,Synthetic screening review pending,HIGH,RESOLVED,TEAM_SYN_003,USER_SYN_003_A04,RESOLVED,SYN_RESOLVED,2025-12-06T23:18:00,2025-12-07T00:18:00,FALSE,TRUE
EXC_SYN_0001908,PAY_SYN_0002481,CUST_SYN_000298,ACCT_SYN_000298,2025-12-12T15:06:00,2025-12-12,DUPLICATE,R006,Potential duplicate payment instruction,HIGH,OPEN,TEAM_SYN_004,USER_SYN_004_A01,UNRESOLVED,,,2025-12-12T19:06:00,FALSE,TRUE
EXC_SYN_0001909,PAY_SYN_0015417,CUST_SYN_000430,ACCT_SYN_000430,2026-03-10T21:31:00,2026-03-10,SYSTEM,R007,Processing system unavailable,MEDIUM,RESOLVED,TEAM_SYN_005,USER_SYN_005_A02,RESOLVED,SYN_RESOLVED,2026-03-10T23:31:00,2026-03-11T05:31:00,TRUE,FALSE
EXC_SYN_0001910,PAY_SYN_0016770,CUST_SYN_000991,ACCT_SYN_000991,2026-03-03T14:35:00,2026-03-03,AUTHORIZATION,R008,Required payment authorization incomplete,HIGH,RESOLVED,TEAM_SYN_001,USER_SYN_001_A03,RESOLVED,SYN_RESOLVED,2026-03-03T17:35:00,2026-03-03T18:35:00,TRUE,TRUE
EXC_SYN_0001911,PAY_SYN_0008700,CUST_SYN_000901,ACCT_SYN_000901,2026-03-04T08:18:00,2026-03-04,BENEFICIARY,R009,Beneficiary details require review,MEDIUM,RESOLVED,TEAM_SYN_002,USER_SYN_002_A04,RESOLVED,SYN_RESOLVED,2026-03-04T18:39:00,2026-03-04T16:18:00,TRUE,TRUE
EXC_SYN_0001912,PAY_SYN_0009491,CUST_SYN_000168,ACCT_SYN_000168,2026-02-03T09:48:00,2026-02-03,CURRENCY,R010,Currency handling exception,MEDIUM,OPEN,TEAM_SYN_003,USER_SYN_003_A01,UNRESOLVED,,,2026-02-03T17:48:00,FALSE,TRUE
EXC_SYN_0001913,PAY_SYN_0023907,CUST_SYN_000060,ACCT_SYN_001060,2025-12-01T15:53:00,2025-12-01,SETTLEMENT,R011,Settlement confirmation delayed,LOW,RESOLVED,TEAM_SYN_004,USER_SYN_004_A02,RESOLVED,SYN_RESOLVED,2025-12-01T18:53:00,2025-12-01T23:53:00,TRUE,FALSE
EXC_SYN_0001914,PAY_SYN_0020531,CUST_SYN_000648,ACCT_SYN_000648,2026-03-13T10:14:00,2026-03-13,LIQUIDITY,R002,Insufficient synthetic available funds,HIGH,RESOLVED,TEAM_SYN_005,USER_SYN_005_A03,RESOLVED,SYN_RESOLVED,2026-03-13T11:14:00,2026-03-13T14:14:00,TRUE,TRUE
EXC_SYN_0001915,PAY_SYN_0006136,CUST_SYN_000533,ACCT_SYN_000533,2025-12-07T16:02:00,2025-12-07,LIQUIDITY,R002,Insufficient synthetic available funds,HIGH,RESOLVED,TEAM_SYN_001,USER_SYN_001_A04,RESOLVED,SYN_RESOLVED,2025-12-07T18:02:00,2025-12-07T20:02:00,FALSE,TRUE
EXC_SYN_0001916,PAY_SYN_0007402,CUST_SYN_000875,ACCT_SYN_000875,2025-12-23T11:57:00,2025-12-23,ROUTING,R003,Beneficiary routing information requires correction,MEDIUM,OPEN,TEAM_SYN_002,USER_SYN_002_A01,UNRESOLVED,,,2025-12-23T19:57:00,FALSE,TRUE
EXC_SYN_0001917,PAY_SYN_0005428,CUST_SYN_000337,ACCT_SYN_001337,2025-11-18T17:52:00,2025-11-18,CUTOFF,R004,Payment missed the processing cutoff,LOW,RESOLVED,TEAM_SYN_003,USER_SYN_003_A02,RESOLVED,SYN_RESOLVED,2025-11-18T18:52:00,2025-11-19T01:52:00,FALSE,FALSE
EXC_SYN_0001918,PAY_SYN_0007084,CUST_SYN_000109,ACCT_SYN_001109,2025-12-15T14:17:00,2025-12-15,SANCTIONS_SCREENING,R005,Synthetic screening review pending,HIGH,RESOLVED,TEAM_SYN_004,USER_SYN_004_A03,RESOLVED,SYN_RESOLVED,2025-12-15T20:45:00,2025-12-15T18:17:00,TRUE,TRUE
EXC_SYN_0001919,PAY_SYN_0009784,CUST_SYN_000509,ACCT_SYN_000509,2025-11-23T14:30:00,2025-11-23,DUPLICATE,R006,Potential duplicate payment instruction,HIGH,RESOLVED,TEAM_SYN_005,USER_SYN_005_A04,RESOLVED,SYN_RESOLVED,2025-11-23T17:30:00,2025-11-23T18:30:00,TRUE,TRUE
EXC_SYN_0001920,PAY_SYN_0001251,CUST_SYN_000288,ACCT_SYN_001288,2026-03-05T12:12:00,2026-03-05,SYSTEM,R007,Processing system unavailable,MEDIUM,OPEN,TEAM_SYN_001,USER_SYN_001_A01,UNRESOLVED,,,2026-03-05T20:12:00,FALSE,FALSE
EXC_SYN_0001921,PAY_SYN_0009514,CUST_SYN_000019,ACCT_SYN_001019,2025-11-30T15:26:00,2025-11-30,AUTHORIZATION,R008,Required payment authorization incomplete,HIGH,RESOLVED,TEAM_SYN_002,USER_SYN_002_A02,RESOLVED,SYN_RESOLVED,2025-11-30T17:26:00,2025-11-30T19:26:00,TRUE,TRUE
EXC_SYN_0001922,PAY_SYN_0002401,CUST_SYN_000338,ACCT_SYN_000338,2026-02-09T11:48:00,2026-02-09,BENEFICIARY,R009,Beneficiary details require review,MEDIUM,RESOLVED,TEAM_SYN_003,USER_SYN_003_A03,RESOLVED,SYN_RESOLVED,2026-02-09T14:48:00,2026-02-09T19:48:00,FALSE,TRUE
EXC_SYN_0001923,PAY_SYN_0021550,CUST_SYN_000851,ACCT_SYN_000851,2025-12-03T11:04:00,2025-12-03,CURRENCY,R010,Currency handling exception,MEDIUM,RESOLVED,TEAM_SYN_004,USER_SYN_004_A04,RESOLVED,SYN_RESOLVED,2025-12-03T12:04:00,2025-12-03T19:04:00,TRUE,TRUE
EXC_SYN_0001924,PAY_SYN_0015021,CUST_SYN_000778,ACCT_SYN_000778,2025-12-08T12:34:00,2025-12-08,SETTLEMENT,R011,Settlement confirmation delayed,LOW,OPEN,TEAM_SYN_005,USER_SYN_005_A01,UNRESOLVED,,,2025-12-08T20:34:00,FALSE,FALSE
EXC_SYN_0001925,PAY_SYN_0019109,CUST_SYN_000534,ACCT_SYN_000534,2025-11-28T20:43:00,2025-11-28,VALIDATION,R001,Payment instruction failed validation,MEDIUM,RESOLVED,TEAM_SYN_001,USER_SYN_001_A02,RESOLVED,SYN_RESOLVED,2025-11-29T07:18:00,2025-11-29T04:43:00,FALSE,TRUE
EXC_SYN_0001926,PAY_SYN_0021410,CUST_SYN_000171,ACCT_SYN_000171,2026-01-31T12:23:00,2026-01-31,LIQUIDITY,R002,Insufficient synthetic available funds,HIGH,RESOLVED,TEAM_SYN_002,USER_SYN_002_A03,RESOLVED,SYN_RESOLVED,2026-01-31T13:23:00,2026-01-31T16:23:00,TRUE,TRUE
EXC_SYN_0001927,PAY_SYN_0020396,CUST_SYN_000153,ACCT_SYN_000153,2026-02-03T18:18:00,2026-02-03,ROUTING,R003,Beneficiary routing information requires correction,MEDIUM,RESOLVED,TEAM_SYN_003,USER_SYN_003_A04,RESOLVED,SYN_RESOLVED,2026-02-03T20:18:00,2026-02-04T02:18:00,TRUE,TRUE
EXC_SYN_0001928,PAY_SYN_0014514,CUST_SYN_000019,ACCT_SYN_000019,2026-02-08T16:17:00,2026-02-08,CUTOFF,R004,Payment missed the processing cutoff,LOW,OPEN,TEAM_SYN_004,USER_SYN_004_A01,UNRESOLVED,,,2026-02-09T00:17:00,FALSE,FALSE
EXC_SYN_0001929,PAY_SYN_0014730,CUST_SYN_000511,ACCT_SYN_000511,2025-11-27T12:42:00,2025-11-27,SANCTIONS_SCREENING,R005,Synthetic screening review pending,HIGH,RESOLVED,TEAM_SYN_005,USER_SYN_005_A02,RESOLVED,SYN_RESOLVED,2025-11-27T13:42:00,2025-11-27T16:42:00,TRUE,TRUE
EXC_SYN_0001930,PAY_SYN_0011814,CUST_SYN_000619,ACCT_SYN_000619,2026-01-16T16:43:00,2026-01-16,DUPLICATE,R006,Potential duplicate payment instruction,HIGH,RESOLVED,TEAM_SYN_001,USER_SYN_001_A03,RESOLVED,SYN_RESOLVED,2026-01-16T18:43:00,2026-01-16T20:43:00,FALSE,TRUE
EXC_SYN_0001931,PAY_SYN_0013936,CUST_SYN_000133,ACCT_SYN_001133,2025-11-28T19:30:00,2025-11-28,SYSTEM,R007,Processing system unavailable,MEDIUM,RESOLVED,TEAM_SYN_002,USER_SYN_002_A04,RESOLVED,SYN_RESOLVED,2025-11-28T22:30:00,2025-11-29T03:30:00,FALSE,FALSE
EXC_SYN_0001932,PAY_SYN_0021913,CUST_SYN_000782,ACCT_SYN_000782,2026-02-26T16:22:00,2026-02-26,AUTHORIZATION,R008,Required payment authorization incomplete,HIGH,OPEN,TEAM_SYN_003,USER_SYN_003_A01,UNRESOLVED,,,2026-02-26T20:22:00,FALSE,TRUE
EXC_SYN_0001933,PAY_SYN_0001389,CUST_SYN_000394,ACCT_SYN_000394,2025-12-23T22:07:00,2025-12-23,BENEFICIARY,R009,Beneficiary details require review,MEDIUM,RESOLVED,TEAM_SYN_004,USER_SYN_004_A02,RESOLVED,SYN_RESOLVED,2025-12-24T00:07:00,2025-12-24T06:07:00,FALSE,TRUE
EXC_SYN_0001934,PAY_SYN_0004921,CUST_SYN_000578,ACCT_SYN_000578,2026-03-08T14:24:00,2026-03-08,CURRENCY,R010,Currency handling exception,MEDIUM,RESOLVED,TEAM_SYN_005,USER_SYN_005_A03,RESOLVED,SYN_RESOLVED,2026-03-08T17:24:00,2026-03-08T22:24:00,FALSE,TRUE
EXC_SYN_0001935,PAY_SYN_0011108,CUST_SYN_000497,ACCT_SYN_001497,2026-03-14T22:26:00,2026-03-14,LIQUIDITY,R002,Insufficient synthetic available funds,HIGH,RESOLVED,TEAM_SYN_001,USER_SYN_001_A04,RESOLVED,SYN_RESOLVED,2026-03-14T23:26:00,2026-03-15T02:26:00,TRUE,TRUE
EXC_SYN_0001936,PAY_SYN_0010532,CUST_SYN_000185,ACCT_SYN_001185,2025-12-18T16:27:00,2025-12-18,VALIDATION,R001,Payment instruction failed validation,MEDIUM,OPEN,TEAM_SYN_002,USER_SYN_002_A01,UNRESOLVED,,,2025-12-19T00:27:00,TRUE,TRUE
EXC_SYN_0001937,PAY_SYN_0005490,CUST_SYN_000631,ACCT_SYN_000631,2026-01-10T14:26:00,2026-01-10,LIQUIDITY,R002,Insufficient synthetic available funds,HIGH,RESOLVED,TEAM_SYN_003,USER_SYN_003_A02,RESOLVED,SYN_RESOLVED,2026-01-10T17:26:00,2026-01-10T18:26:00,TRUE,TRUE
EXC_SYN_0001938,PAY_SYN_0020327,CUST_SYN_000600,ACCT_SYN_000600,2026-02-01T21:38:00,2026-02-01,ROUTING,R003,Beneficiary routing information requires correction,MEDIUM,RESOLVED,TEAM_SYN_004,USER_SYN_004_A03,RESOLVED,SYN_RESOLVED,2026-02-01T22:38:00,2026-02-02T05:38:00,TRUE,TRUE
EXC_SYN_0001939,PAY_SYN_0004076,CUST_SYN_000813,ACCT_SYN_000813,2026-01-02T14:54:00,2026-01-02,CUTOFF,R004,Payment missed the processing cutoff,LOW,RESOLVED,TEAM_SYN_005,USER_SYN_005_A04,RESOLVED,SYN_RESOLVED,2026-01-03T01:43:00,2026-01-02T22:54:00,FALSE,FALSE
EXC_SYN_0001940,PAY_SYN_0008153,CUST_SYN_000162,ACCT_SYN_000162,2025-12-11T11:46:00,2025-12-11,SANCTIONS_SCREENING,R005,Synthetic screening review pending,HIGH,OPEN,TEAM_SYN_001,USER_SYN_001_A01,UNRESOLVED,,,2025-12-11T15:46:00,FALSE,TRUE
EXC_SYN_0001941,PAY_SYN_0023716,CUST_SYN_000493,ACCT_SYN_001493,2026-01-29T15:40:00,2026-01-29,DUPLICATE,R006,Potential duplicate payment instruction,HIGH,RESOLVED,TEAM_SYN_002,USER_SYN_002_A02,RESOLVED,SYN_RESOLVED,2026-01-29T16:40:00,2026-01-29T19:40:00,FALSE,TRUE
EXC_SYN_0001942,PAY_SYN_0000362,CUST_SYN_000395,ACCT_SYN_001395,2026-02-19T11:15:00,2026-02-19,SYSTEM,R007,Processing system unavailable,MEDIUM,RESOLVED,TEAM_SYN_003,USER_SYN_003_A03,RESOLVED,SYN_RESOLVED,2026-02-19T13:15:00,2026-02-19T19:15:00,TRUE,FALSE
EXC_SYN_0001943,PAY_SYN_0024502,CUST_SYN_000575,ACCT_SYN_000575,2026-03-14T11:48:00,2026-03-14,AUTHORIZATION,R008,Required payment authorization incomplete,HIGH,RESOLVED,TEAM_SYN_004,USER_SYN_004_A04,RESOLVED,SYN_RESOLVED,2026-03-14T14:48:00,2026-03-14T15:48:00,FALSE,TRUE
EXC_SYN_0001944,PAY_SYN_0014205,CUST_SYN_000586,ACCT_SYN_000586,2025-12-29T14:42:00,2025-12-29,BENEFICIARY,R009,Beneficiary details require review,MEDIUM,OPEN,TEAM_SYN_005,USER_SYN_005_A01,UNRESOLVED,,,2025-12-29T22:42:00,TRUE,TRUE
EXC_SYN_0001945,PAY_SYN_0009893,CUST_SYN_000042,ACCT_SYN_000042,2026-01-10T12:51:00,2026-01-10,CURRENCY,R010,Currency handling exception,MEDIUM,RESOLVED,TEAM_SYN_001,USER_SYN_001_A02,RESOLVED,SYN_RESOLVED,2026-01-10T14:51:00,2026-01-10T20:51:00,TRUE,TRUE
EXC_SYN_0001946,PAY_SYN_0011254,CUST_SYN_000899,ACCT_SYN_000899,2026-01-13T14:51:00,2026-01-13,SETTLEMENT,R011,Settlement confirmation delayed,LOW,RESOLVED,TEAM_SYN_002,USER_SYN_002_A03,RESOLVED,SYN_RESOLVED,2026-01-14T01:47:00,2026-01-13T22:51:00,FALSE,FALSE
EXC_SYN_0001947,PAY_SYN_0003902,CUST_SYN_000375,ACCT_SYN_000375,2026-02-22T12:20:00,2026-02-22,VALIDATION,R001,Payment instruction failed validation,MEDIUM,RESOLVED,TEAM_SYN_003,USER_SYN_003_A04,RESOLVED,SYN_RESOLVED,2026-02-22T13:20:00,2026-02-22T20:20:00,TRUE,TRUE
EXC_SYN_0001948,PAY_SYN_0011219,CUST_SYN_000104,ACCT_SYN_001104,2026-02-19T20:12:00,2026-02-19,LIQUIDITY,R002,Insufficient synthetic available funds,HIGH,OPEN,TEAM_SYN_004,USER_SYN_004_A01,UNRESOLVED,,,2026-02-20T00:12:00,TRUE,TRUE
EXC_SYN_0001949,PAY_SYN_0024771,CUST_SYN_000028,ACCT_SYN_000028,2026-01-04T12:29:00,2026-01-04,ROUTING,R003,Beneficiary routing information requires correction,MEDIUM,RESOLVED,TEAM_SYN_005,USER_SYN_005_A02,RESOLVED,SYN_RESOLVED,2026-01-04T15:29:00,2026-01-04T20:29:00,FALSE,TRUE
EXC_SYN_0001950,PAY_SYN_0016055,CUST_SYN_000036,ACCT_SYN_000036,2026-01-12T15:50:00,2026-01-12,CUTOFF,R004,Payment missed the processing cutoff,LOW,RESOLVED,TEAM_SYN_001,USER_SYN_001_A03,RESOLVED,SYN_RESOLVED,2026-01-12T16:50:00,2026-01-12T23:50:00,FALSE,FALSE
EXC_SYN_0001951,PAY_SYN_0019944,CUST_SYN_000429,ACCT_SYN_001429,2026-03-12T15:46:00,2026-03-12,SANCTIONS_SCREENING,R005,Synthetic screening review pending,HIGH,RESOLVED,TEAM_SYN_002,USER_SYN_002_A04,RESOLVED,SYN_RESOLVED,2026-03-12T17:46:00,2026-03-12T19:46:00,FALSE,TRUE
EXC_SYN_0001952,PAY_SYN_0018580,CUST_SYN_000461,ACCT_SYN_000461,2026-03-09T11:51:00,2026-03-09,DUPLICATE,R006,Potential duplicate payment instruction,HIGH,OPEN,TEAM_SYN_003,USER_SYN_003_A01,UNRESOLVED,,,2026-03-09T15:51:00,TRUE,TRUE
EXC_SYN_0001953,PAY_SYN_0024779,CUST_SYN_000324,ACCT_SYN_000324,2025-12-06T21:17:00,2025-12-06,SYSTEM,R007,Processing system unavailable,MEDIUM,RESOLVED,TEAM_SYN_004,USER_SYN_004_A02,RESOLVED,SYN_RESOLVED,2025-12-07T08:20:00,2025-12-07T05:17:00,FALSE,FALSE
EXC_SYN_0001954,PAY_SYN_0020288,CUST_SYN_000657,ACCT_SYN_000657,2025-12-31T20:33:00,2025-12-31,AUTHORIZATION,R008,Required payment authorization incomplete,HIGH,RESOLVED,TEAM_SYN_005,USER_SYN_005_A03,RESOLVED,SYN_RESOLVED,2025-12-31T22:33:00,2026-01-01T00:33:00,TRUE,TRUE
EXC_SYN_0001955,PAY_SYN_0010218,CUST_SYN_000067,ACCT_SYN_000067,2026-01-17T19:56:00,2026-01-17,BENEFICIARY,R009,Beneficiary details require review,MEDIUM,RESOLVED,TEAM_SYN_001,USER_SYN_001_A04,RESOLVED,SYN_RESOLVED,2026-01-17T22:56:00,2026-01-18T03:56:00,FALSE,TRUE
EXC_SYN_0001956,PAY_SYN_0014563,CUST_SYN_000332,ACCT_SYN_000332,2025-12-08T15:04:00,2025-12-08,CURRENCY,R010,Currency handling exception,MEDIUM,OPEN,TEAM_SYN_002,USER_SYN_002_A01,UNRESOLVED,,,2025-12-08T23:04:00,FALSE,TRUE
EXC_SYN_0001957,PAY_SYN_0015954,CUST_SYN_000799,ACCT_SYN_000799,2026-02-02T16:34:00,2026-02-02,SETTLEMENT,R011,Settlement confirmation delayed,LOW,RESOLVED,TEAM_SYN_003,USER_SYN_003_A02,RESOLVED,SYN_RESOLVED,2026-02-02T18:34:00,2026-02-03T00:34:00,FALSE,FALSE
EXC_SYN_0001958,PAY_SYN_0013064,CUST_SYN_000369,ACCT_SYN_000369,2025-11-16T16:37:00,2025-11-16,VALIDATION,R001,Payment instruction failed validation,MEDIUM,RESOLVED,TEAM_SYN_004,USER_SYN_004_A03,RESOLVED,SYN_RESOLVED,2025-11-16T19:37:00,2025-11-17T00:37:00,TRUE,TRUE
EXC_SYN_0001959,PAY_SYN_0001707,CUST_SYN_000160,ACCT_SYN_000160,2026-02-04T19:51:00,2026-02-04,LIQUIDITY,R002,Insufficient synthetic available funds,HIGH,RESOLVED,TEAM_SYN_005,USER_SYN_005_A04,RESOLVED,SYN_RESOLVED,2026-02-04T20:51:00,2026-02-04T23:51:00,FALSE,TRUE
EXC_SYN_0001960,PAY_SYN_0009084,CUST_SYN_000109,ACCT_SYN_000109,2026-02-05T17:43:00,2026-02-05,ROUTING,R003,Beneficiary routing information requires correction,MEDIUM,OPEN,TEAM_SYN_001,USER_SYN_001_A01,UNRESOLVED,,,2026-02-06T01:43:00,TRUE,TRUE
EXC_SYN_0001961,PAY_SYN_0012104,CUST_SYN_000849,ACCT_SYN_000849,2026-03-12T17:16:00,2026-03-12,CUTOFF,R004,Payment missed the processing cutoff,LOW,RESOLVED,TEAM_SYN_002,USER_SYN_002_A02,RESOLVED,SYN_RESOLVED,2026-03-12T20:16:00,2026-03-13T01:16:00,FALSE,FALSE
EXC_SYN_0001962,PAY_SYN_0003458,CUST_SYN_000447,ACCT_SYN_000447,2026-01-21T21:47:00,2026-01-21,SANCTIONS_SCREENING,R005,Synthetic screening review pending,HIGH,RESOLVED,TEAM_SYN_003,USER_SYN_003_A03,RESOLVED,SYN_RESOLVED,2026-01-21T22:47:00,2026-01-22T01:47:00,FALSE,TRUE
EXC_SYN_0001963,PAY_SYN_0004000,CUST_DEMO_001,ACCT_SYN_001001,2026-01-26T14:14:00,2026-01-26,DUPLICATE,R006,Potential duplicate payment instruction,HIGH,RESOLVED,TEAM_SYN_004,USER_SYN_004_A04,RESOLVED,SYN_RESOLVED,2026-01-26T16:14:00,2026-01-26T18:14:00,FALSE,TRUE
EXC_SYN_0001964,PAY_SYN_0023323,CUST_SYN_000452,ACCT_SYN_000452,2026-02-11T16:48:00,2026-02-11,SYSTEM,R007,Processing system unavailable,MEDIUM,OPEN,TEAM_SYN_005,USER_SYN_005_A01,UNRESOLVED,,,2026-02-12T00:48:00,TRUE,FALSE
EXC_SYN_0001965,PAY_SYN_0021192,CUST_SYN_000105,ACCT_SYN_001105,2026-02-14T16:24:00,2026-02-14,AUTHORIZATION,R008,Required payment authorization incomplete,HIGH,RESOLVED,TEAM_SYN_001,USER_SYN_001_A02,RESOLVED,SYN_RESOLVED,2026-02-14T17:24:00,2026-02-14T20:24:00,TRUE,TRUE
EXC_SYN_0001966,PAY_SYN_0001867,CUST_SYN_000080,ACCT_SYN_000080,2026-02-26T22:02:00,2026-02-26,BENEFICIARY,R009,Beneficiary details require review,MEDIUM,RESOLVED,TEAM_SYN_002,USER_SYN_002_A03,RESOLVED,SYN_RESOLVED,2026-02-27T00:02:00,2026-02-27T06:02:00,FALSE,TRUE
EXC_SYN_0001967,PAY_SYN_0018598,CUST_SYN_000127,ACCT_SYN_001127,2026-03-08T17:12:00,2026-03-08,CURRENCY,R010,Currency handling exception,MEDIUM,RESOLVED,TEAM_SYN_003,USER_SYN_003_A04,RESOLVED,SYN_RESOLVED,2026-03-09T04:29:00,2026-03-09T01:12:00,TRUE,TRUE
EXC_SYN_0001968,PAY_SYN_0014371,CUST_SYN_000728,ACCT_SYN_000728,2026-03-02T10:16:00,2026-03-02,SETTLEMENT,R011,Settlement confirmation delayed,LOW,OPEN,TEAM_SYN_004,USER_SYN_004_A01,UNRESOLVED,,,2026-03-02T18:16:00,TRUE,FALSE
EXC_SYN_0001969,PAY_SYN_0020604,CUST_SYN_000349,ACCT_SYN_000349,2026-01-22T13:40:00,2026-01-22,VALIDATION,R001,Payment instruction failed validation,MEDIUM,RESOLVED,TEAM_SYN_005,USER_SYN_005_A02,RESOLVED,SYN_RESOLVED,2026-01-22T15:40:00,2026-01-22T21:40:00,TRUE,TRUE
EXC_SYN_0001970,PAY_SYN_0010158,CUST_SYN_000847,ACCT_SYN_000847,2025-12-29T17:11:00,2025-12-29,LIQUIDITY,R002,Insufficient synthetic available funds,HIGH,RESOLVED,TEAM_SYN_001,USER_SYN_001_A03,RESOLVED,SYN_RESOLVED,2025-12-29T20:11:00,2025-12-29T21:11:00,TRUE,TRUE
EXC_SYN_0001971,PAY_SYN_0012062,CUST_SYN_000795,ACCT_SYN_000795,2026-01-10T11:32:00,2026-01-10,ROUTING,R003,Beneficiary routing information requires correction,MEDIUM,RESOLVED,TEAM_SYN_002,USER_SYN_002_A04,RESOLVED,SYN_RESOLVED,2026-01-10T12:32:00,2026-01-10T19:32:00,TRUE,TRUE
EXC_SYN_0001972,PAY_SYN_0000295,CUST_SYN_000416,ACCT_SYN_000416,2026-03-11T14:56:00,2026-03-11,CUTOFF,R004,Payment missed the processing cutoff,LOW,OPEN,TEAM_SYN_003,USER_SYN_003_A01,UNRESOLVED,,,2026-03-11T22:56:00,TRUE,FALSE
EXC_SYN_0001973,PAY_SYN_0011517,CUST_SYN_000130,ACCT_SYN_000130,2026-02-26T17:23:00,2026-02-26,SANCTIONS_SCREENING,R005,Synthetic screening review pending,HIGH,RESOLVED,TEAM_SYN_004,USER_SYN_004_A02,RESOLVED,SYN_RESOLVED,2026-02-26T20:23:00,2026-02-26T21:23:00,FALSE,TRUE
EXC_SYN_0001974,PAY_SYN_0011916,CUST_SYN_000393,ACCT_SYN_001393,2025-11-23T16:09:00,2025-11-23,DUPLICATE,R006,Potential duplicate payment instruction,HIGH,RESOLVED,TEAM_SYN_005,USER_SYN_005_A03,RESOLVED,SYN_RESOLVED,2025-11-23T23:33:00,2025-11-23T20:09:00,FALSE,TRUE
EXC_SYN_0001975,PAY_SYN_0003255,CUST_SYN_000436,ACCT_SYN_000436,2025-12-25T15:55:00,2025-12-25,SYSTEM,R007,Processing system unavailable,MEDIUM,RESOLVED,TEAM_SYN_001,USER_SYN_001_A04,RESOLVED,SYN_RESOLVED,2025-12-25T17:55:00,2025-12-25T23:55:00,FALSE,FALSE
EXC_SYN_0001976,PAY_SYN_0001837,CUST_SYN_000470,ACCT_SYN_000470,2026-02-20T17:42:00,2026-02-20,AUTHORIZATION,R008,Required payment authorization incomplete,HIGH,OPEN,TEAM_SYN_002,USER_SYN_002_A01,UNRESOLVED,,,2026-02-20T21:42:00,TRUE,TRUE
EXC_SYN_0001977,PAY_SYN_0012135,CUST_SYN_000496,ACCT_SYN_000496,2026-02-25T16:21:00,2026-02-25,BENEFICIARY,R009,Beneficiary details require review,MEDIUM,RESOLVED,TEAM_SYN_003,USER_SYN_003_A02,RESOLVED,SYN_RESOLVED,2026-02-25T17:21:00,2026-02-26T00:21:00,FALSE,TRUE
EXC_SYN_0001978,PAY_SYN_0016175,CUST_SYN_000476,ACCT_SYN_001476,2026-02-02T15:54:00,2026-02-02,CURRENCY,R010,Currency handling exception,MEDIUM,RESOLVED,TEAM_SYN_004,USER_SYN_004_A03,RESOLVED,SYN_RESOLVED,2026-02-02T17:54:00,2026-02-02T23:54:00,TRUE,TRUE
EXC_SYN_0001979,PAY_SYN_0004423,CUST_SYN_000152,ACCT_SYN_000152,2026-01-13T14:03:00,2026-01-13,SETTLEMENT,R011,Settlement confirmation delayed,LOW,RESOLVED,TEAM_SYN_005,USER_SYN_005_A04,RESOLVED,SYN_RESOLVED,2026-01-13T17:03:00,2026-01-13T22:03:00,TRUE,FALSE
EXC_SYN_0001980,PAY_SYN_0007206,CUST_SYN_000123,ACCT_SYN_001123,2026-01-16T17:57:00,2026-01-16,VALIDATION,R001,Payment instruction failed validation,MEDIUM,OPEN,TEAM_SYN_001,USER_SYN_001_A01,UNRESOLVED,,,2026-01-17T01:57:00,FALSE,TRUE
EXC_SYN_0001981,PAY_SYN_0020856,CUST_SYN_000673,ACCT_SYN_000673,2026-02-21T17:40:00,2026-02-21,LIQUIDITY,R002,Insufficient synthetic available funds,HIGH,RESOLVED,TEAM_SYN_002,USER_SYN_002_A02,RESOLVED,SYN_RESOLVED,2026-02-21T22:11:00,2026-02-21T21:40:00,TRUE,TRUE
EXC_SYN_0001982,PAY_SYN_0008078,CUST_SYN_000387,ACCT_SYN_000387,2026-03-02T20:07:00,2026-03-02,ROUTING,R003,Beneficiary routing information requires correction,MEDIUM,RESOLVED,TEAM_SYN_003,USER_SYN_003_A03,RESOLVED,SYN_RESOLVED,2026-03-02T23:07:00,2026-03-03T04:07:00,TRUE,TRUE
EXC_SYN_0001983,PAY_SYN_0018171,CUST_SYN_000328,ACCT_SYN_000328,2026-02-23T13:51:00,2026-02-23,CUTOFF,R004,Payment missed the processing cutoff,LOW,RESOLVED,TEAM_SYN_004,USER_SYN_004_A04,RESOLVED,SYN_RESOLVED,2026-02-23T14:51:00,2026-02-23T21:51:00,TRUE,FALSE
EXC_SYN_0001984,PAY_SYN_0003004,CUST_SYN_000149,ACCT_SYN_000149,2025-11-25T16:35:00,2025-11-25,SANCTIONS_SCREENING,R005,Synthetic screening review pending,HIGH,OPEN,TEAM_SYN_005,USER_SYN_005_A01,UNRESOLVED,,,2025-11-25T20:35:00,FALSE,TRUE
EXC_SYN_0001985,PAY_SYN_0015071,CUST_SYN_000128,ACCT_SYN_001128,2026-03-10T13:37:00,2026-03-10,DUPLICATE,R006,Potential duplicate payment instruction,HIGH,RESOLVED,TEAM_SYN_001,USER_SYN_001_A02,RESOLVED,SYN_RESOLVED,2026-03-10T16:37:00,2026-03-10T17:37:00,FALSE,TRUE
EXC_SYN_0001986,PAY_SYN_0009461,CUST_SYN_000558,ACCT_SYN_000558,2026-02-06T14:20:00,2026-02-06,SYSTEM,R007,Processing system unavailable,MEDIUM,RESOLVED,TEAM_SYN_002,USER_SYN_002_A03,RESOLVED,SYN_RESOLVED,2026-02-06T15:20:00,2026-02-06T22:20:00,FALSE,FALSE
EXC_SYN_0001987,PAY_SYN_0001562,CUST_SYN_000795,ACCT_SYN_000795,2025-12-29T15:00:00,2025-12-29,AUTHORIZATION,R008,Required payment authorization incomplete,HIGH,RESOLVED,TEAM_SYN_003,USER_SYN_003_A04,RESOLVED,SYN_RESOLVED,2025-12-29T17:00:00,2025-12-29T19:00:00,TRUE,TRUE
EXC_SYN_0001988,PAY_SYN_0022628,CUST_SYN_000237,ACCT_SYN_000237,2026-01-04T21:55:00,2026-01-04,BENEFICIARY,R009,Beneficiary details require review,MEDIUM,OPEN,TEAM_SYN_004,USER_SYN_004_A01,UNRESOLVED,,,2026-01-05T05:55:00,TRUE,TRUE
EXC_SYN_0001989,PAY_SYN_0018828,CUST_SYN_000637,ACCT_SYN_000637,2026-02-25T21:48:00,2026-02-25,CURRENCY,R010,Currency handling exception,MEDIUM,RESOLVED,TEAM_SYN_005,USER_SYN_005_A02,RESOLVED,SYN_RESOLVED,2026-02-25T22:48:00,2026-02-26T05:48:00,TRUE,TRUE
EXC_SYN_0001990,PAY_SYN_0002642,CUST_SYN_000255,ACCT_SYN_000255,2025-12-05T15:39:00,2025-12-05,SETTLEMENT,R011,Settlement confirmation delayed,LOW,RESOLVED,TEAM_SYN_001,USER_SYN_001_A03,RESOLVED,SYN_RESOLVED,2025-12-05T17:39:00,2025-12-05T23:39:00,FALSE,FALSE
EXC_SYN_0001991,PAY_SYN_0006052,CUST_SYN_000425,ACCT_SYN_000425,2025-12-08T15:42:00,2025-12-08,VALIDATION,R001,Payment instruction failed validation,MEDIUM,RESOLVED,TEAM_SYN_002,USER_SYN_002_A04,RESOLVED,SYN_RESOLVED,2025-12-08T18:42:00,2025-12-08T23:42:00,TRUE,TRUE
EXC_SYN_0001992,PAY_SYN_0000010,CUST_SYN_000371,ACCT_SYN_000371,2026-02-20T14:01:00,2026-02-20,LIQUIDITY,R002,Insufficient synthetic available funds,HIGH,OPEN,TEAM_SYN_003,USER_SYN_003_A01,UNRESOLVED,,,2026-02-20T18:01:00,FALSE,TRUE
EXC_SYN_0001993,PAY_SYN_0012681,CUST_SYN_000198,ACCT_SYN_001198,2026-03-09T15:31:00,2026-03-09,ROUTING,R003,Beneficiary routing information requires correction,MEDIUM,RESOLVED,TEAM_SYN_004,USER_SYN_004_A02,RESOLVED,SYN_RESOLVED,2026-03-09T17:31:00,2026-03-09T23:31:00,TRUE,TRUE
EXC_SYN_0001994,PAY_SYN_0018317,CUST_SYN_000230,ACCT_SYN_001230,2026-01-19T16:16:00,2026-01-19,CUTOFF,R004,Payment missed the processing cutoff,LOW,RESOLVED,TEAM_SYN_005,USER_SYN_005_A03,RESOLVED,SYN_RESOLVED,2026-01-19T19:16:00,2026-01-20T00:16:00,TRUE,FALSE
EXC_SYN_0001995,PAY_SYN_0023890,CUST_SYN_000431,ACCT_SYN_000431,2026-03-04T08:40:00,2026-03-04,SANCTIONS_SCREENING,R005,Synthetic screening review pending,HIGH,RESOLVED,TEAM_SYN_001,USER_SYN_001_A04,RESOLVED,SYN_RESOLVED,2026-03-04T13:25:00,2026-03-04T12:40:00,TRUE,TRUE
EXC_SYN_0001996,PAY_SYN_0015653,CUST_SYN_000162,ACCT_SYN_000162,2026-01-24T11:54:00,2026-01-24,DUPLICATE,R006,Potential duplicate payment instruction,HIGH,OPEN,TEAM_SYN_002,USER_SYN_002_A01,UNRESOLVED,,,2026-01-24T15:54:00,FALSE,TRUE
EXC_SYN_0001997,PAY_SYN_0000245,CUST_SYN_000066,ACCT_SYN_000066,2025-12-08T14:31:00,2025-12-08,SYSTEM,R007,Processing system unavailable,MEDIUM,RESOLVED,TEAM_SYN_003,USER_SYN_003_A02,RESOLVED,SYN_RESOLVED,2025-12-08T17:31:00,2025-12-08T22:31:00,FALSE,FALSE
EXC_SYN_0001998,PAY_SYN_0014073,CUST_SYN_000202,ACCT_SYN_000202,2026-02-22T13:00:00,2026-02-22,AUTHORIZATION,R008,Required payment authorization incomplete,HIGH,RESOLVED,TEAM_SYN_004,USER_SYN_004_A03,RESOLVED,SYN_RESOLVED,2026-02-22T14:00:00,2026-02-22T17:00:00,TRUE,TRUE
EXC_SYN_0001999,PAY_SYN_0005356,CUST_SYN_000173,ACCT_SYN_000173,2026-03-13T16:14:00,2026-03-13,BENEFICIARY,R009,Beneficiary details require review,MEDIUM,RESOLVED,TEAM_SYN_005,USER_SYN_005_A04,RESOLVED,SYN_RESOLVED,2026-03-13T18:14:00,2026-03-14T00:14:00,TRUE,TRUE
EXC_SYN_0002000,PAY_SYN_0008702,CUST_SYN_000975,ACCT_SYN_000975,2025-12-19T11:49:00,2025-12-19,CURRENCY,R010,Currency handling exception,MEDIUM,OPEN,TEAM_SYN_001,USER_SYN_001_A01,UNRESOLVED,,,2025-12-19T19:49:00,TRUE,TRUE
EXC_SYN_0002001,PAY_SYN_0018622,CUST_SYN_000515,ACCT_SYN_000515,2025-12-07T12:22:00,2025-12-07,SETTLEMENT,R011,Settlement confirmation delayed,LOW,RESOLVED,TEAM_SYN_002,USER_SYN_002_A02,RESOLVED,SYN_RESOLVED,2025-12-07T13:22:00,2025-12-07T20:22:00,TRUE,FALSE
EXC_SYN_0002002,PAY_SYN_0015042,CUST_SYN_000055,ACCT_SYN_000055,2025-12-31T12:55:00,2025-12-31,VALIDATION,R001,Payment instruction failed validation,MEDIUM,RESOLVED,TEAM_SYN_003,USER_SYN_003_A03,RESOLVED,SYN_RESOLVED,2025-12-31T21:47:00,2025-12-31T20:55:00,TRUE,TRUE
EXC_SYN_0002003,PAY_SYN_0017263,CUST_SYN_000232,ACCT_SYN_001232,2026-01-31T13:15:00,2026-01-31,LIQUIDITY,R002,Insufficient synthetic available funds,HIGH,RESOLVED,TEAM_SYN_004,USER_SYN_004_A04,RESOLVED,SYN_RESOLVED,2026-01-31T16:15:00,2026-01-31T17:15:00,TRUE,TRUE
EXC_SYN_0002004,PAY_SYN_0013517,CUST_SYN_000630,ACCT_SYN_000630,2025-12-19T18:26:00,2025-12-19,ROUTING,R003,Beneficiary routing information requires correction,MEDIUM,OPEN,TEAM_SYN_005,USER_SYN_005_A01,UNRESOLVED,,,2025-12-20T02:26:00,FALSE,TRUE
EXC_SYN_0002005,PAY_SYN_0010974,CUST_SYN_000039,ACCT_SYN_001039,2026-02-14T14:58:00,2026-02-14,CUTOFF,R004,Payment missed the processing cutoff,LOW,RESOLVED,TEAM_SYN_001,USER_SYN_001_A02,RESOLVED,SYN_RESOLVED,2026-02-14T16:58:00,2026-02-14T22:58:00,FALSE,FALSE
EXC_SYN_0002006,PAY_SYN_0020549,CUST_SYN_000314,ACCT_SYN_001314,2025-11-29T20:16:00,2025-11-29,SANCTIONS_SCREENING,R005,Synthetic screening review pending,HIGH,RESOLVED,TEAM_SYN_002,USER_SYN_002_A03,RESOLVED,SYN_RESOLVED,2025-11-29T23:16:00,2025-11-30T00:16:00,FALSE,TRUE
EXC_SYN_0002007,PAY_SYN_0009636,CUST_SYN_000033,ACCT_SYN_001033,2026-01-24T17:18:00,2026-01-24,DUPLICATE,R006,Potential duplicate payment instruction,HIGH,RESOLVED,TEAM_SYN_003,USER_SYN_003_A04,RESOLVED,SYN_RESOLVED,2026-01-24T18:18:00,2026-01-24T21:18:00,TRUE,TRUE
EXC_SYN_0002008,PAY_SYN_0013754,CUST_SYN_000399,ACCT_SYN_000399,2026-01-03T15:57:00,2026-01-03,SYSTEM,R007,Processing system unavailable,MEDIUM,OPEN,TEAM_SYN_004,USER_SYN_004_A01,UNRESOLVED,,,2026-01-03T23:57:00,FALSE,FALSE
EXC_SYN_0002009,PAY_SYN_0010251,CUST_SYN_000288,ACCT_SYN_001288,2026-03-15T13:29:00,2026-03-15,AUTHORIZATION,R008,Required payment authorization incomplete,HIGH,RESOLVED,TEAM_SYN_005,USER_SYN_005_A02,RESOLVED,SYN_RESOLVED,2026-03-15T18:28:00,2026-03-15T17:29:00,FALSE,TRUE
EXC_SYN_0002010,PAY_SYN_0000039,CUST_SYN_000444,ACCT_SYN_001444,2026-02-17T21:18:00,2026-02-17,BENEFICIARY,R009,Beneficiary details require review,MEDIUM,RESOLVED,TEAM_SYN_001,USER_SYN_001_A03,RESOLVED,SYN_RESOLVED,2026-02-17T22:18:00,2026-02-18T05:18:00,FALSE,TRUE
EXC_SYN_0002011,PAY_SYN_0024516,CUST_SYN_000093,ACCT_SYN_001093,2026-02-05T18:10:00,2026-02-05,CURRENCY,R010,Currency handling exception,MEDIUM,RESOLVED,TEAM_SYN_002,USER_SYN_002_A04,RESOLVED,SYN_RESOLVED,2026-02-05T20:10:00,2026-02-06T02:10:00,TRUE,TRUE
EXC_SYN_0002012,PAY_SYN_0020613,CUST_SYN_000682,ACCT_SYN_000682,2025-12-06T16:02:00,2025-12-06,SETTLEMENT,R011,Settlement confirmation delayed,LOW,OPEN,TEAM_SYN_003,USER_SYN_003_A01,UNRESOLVED,,,2025-12-07T00:02:00,TRUE,FALSE
EXC_SYN_0002013,PAY_SYN_0009821,CUST_SYN_000378,ACCT_SYN_000378,2026-01-13T14:11:00,2026-01-13,VALIDATION,R001,Payment instruction failed validation,MEDIUM,RESOLVED,TEAM_SYN_004,USER_SYN_004_A02,RESOLVED,SYN_RESOLVED,2026-01-13T15:11:00,2026-01-13T22:11:00,TRUE,TRUE
EXC_SYN_0002014,PAY_SYN_0018745,CUST_SYN_000566,ACCT_SYN_000566,2025-12-06T18:32:00,2025-12-06,LIQUIDITY,R002,Insufficient synthetic available funds,HIGH,RESOLVED,TEAM_SYN_005,USER_SYN_005_A03,RESOLVED,SYN_RESOLVED,2025-12-06T20:32:00,2025-12-06T22:32:00,FALSE,TRUE
EXC_SYN_0002015,PAY_SYN_0012722,CUST_SYN_000215,ACCT_SYN_001215,2026-03-14T15:04:00,2026-03-14,ROUTING,R003,Beneficiary routing information requires correction,MEDIUM,RESOLVED,TEAM_SYN_001,USER_SYN_001_A04,RESOLVED,SYN_RESOLVED,2026-03-14T18:04:00,2026-03-14T23:04:00,FALSE,TRUE
EXC_SYN_0002016,PAY_SYN_0007660,CUST_SYN_000421,ACCT_SYN_001421,2026-01-17T13:43:00,2026-01-17,CUTOFF,R004,Payment missed the processing cutoff,LOW,OPEN,TEAM_SYN_002,USER_SYN_002_A01,UNRESOLVED,,,2026-01-17T21:43:00,FALSE,FALSE
EXC_SYN_0002017,PAY_SYN_0009962,CUST_SYN_000095,ACCT_SYN_001095,2025-11-30T15:30:00,2025-11-30,SANCTIONS_SCREENING,R005,Synthetic screening review pending,HIGH,RESOLVED,TEAM_SYN_003,USER_SYN_003_A02,RESOLVED,SYN_RESOLVED,2025-11-30T17:30:00,2025-11-30T19:30:00,FALSE,TRUE
EXC_SYN_0002018,PAY_SYN_0009633,CUST_SYN_000922,ACCT_SYN_000922,2026-03-08T17:20:00,2026-03-08,DUPLICATE,R006,Potential duplicate payment instruction,HIGH,RESOLVED,TEAM_SYN_004,USER_SYN_004_A03,RESOLVED,SYN_RESOLVED,2026-03-08T20:20:00,2026-03-08T21:20:00,TRUE,TRUE
EXC_SYN_0002019,PAY_SYN_0001511,CUST_SYN_000408,ACCT_SYN_000408,2026-03-05T14:59:00,2026-03-05,SYSTEM,R007,Processing system unavailable,MEDIUM,RESOLVED,TEAM_SYN_005,USER_SYN_005_A04,RESOLVED,SYN_RESOLVED,2026-03-05T15:59:00,2026-03-05T22:59:00,TRUE,FALSE
EXC_SYN_0002020,PAY_SYN_0013458,CUST_SYN_000447,ACCT_SYN_001447,2026-01-10T22:01:00,2026-01-10,AUTHORIZATION,R008,Required payment authorization incomplete,HIGH,OPEN,TEAM_SYN_001,USER_SYN_001_A01,UNRESOLVED,,,2026-01-11T02:01:00,TRUE,TRUE
EXC_SYN_0002021,PAY_SYN_0017464,CUST_SYN_000169,ACCT_SYN_001169,2025-12-26T18:36:00,2025-12-26,BENEFICIARY,R009,Beneficiary details require review,MEDIUM,RESOLVED,TEAM_SYN_002,USER_SYN_002_A02,RESOLVED,SYN_RESOLVED,2025-12-26T21:36:00,2025-12-27T02:36:00,FALSE,TRUE
EXC_SYN_0002022,PAY_SYN_0011291,CUST_SYN_000768,ACCT_SYN_000768,2026-03-08T09:38:00,2026-03-08,CURRENCY,R010,Currency handling exception,MEDIUM,RESOLVED,TEAM_SYN_003,USER_SYN_003_A03,RESOLVED,SYN_RESOLVED,2026-03-08T10:38:00,2026-03-08T17:38:00,FALSE,TRUE
EXC_SYN_0002023,PAY_SYN_0014340,CUST_SYN_000081,ACCT_SYN_001081,2026-02-22T08:34:00,2026-02-22,SETTLEMENT,R011,Settlement confirmation delayed,LOW,RESOLVED,TEAM_SYN_004,USER_SYN_004_A04,RESOLVED,SYN_RESOLVED,2026-02-22T17:47:00,2026-02-22T16:34:00,FALSE,FALSE
EXC_SYN_0002024,PAY_SYN_0023726,CUST_SYN_000363,ACCT_SYN_000363,2026-02-17T14:49:00,2026-02-17,VALIDATION,R001,Payment instruction failed validation,MEDIUM,OPEN,TEAM_SYN_005,USER_SYN_005_A01,UNRESOLVED,,,2026-02-17T22:49:00,TRUE,TRUE
EXC_SYN_0002025,PAY_SYN_0010624,CUST_SYN_000089,ACCT_SYN_000089,2025-12-30T13:28:00,2025-12-30,LIQUIDITY,R002,Insufficient synthetic available funds,HIGH,RESOLVED,TEAM_SYN_001,USER_SYN_001_A02,RESOLVED,SYN_RESOLVED,2025-12-30T14:28:00,2025-12-30T17:28:00,FALSE,TRUE
EXC_SYN_0002026,PAY_SYN_0011992,CUST_SYN_000205,ACCT_SYN_001205,2026-01-19T11:17:00,2026-01-19,ROUTING,R003,Beneficiary routing information requires correction,MEDIUM,RESOLVED,TEAM_SYN_002,USER_SYN_002_A03,RESOLVED,SYN_RESOLVED,2026-01-19T13:17:00,2026-01-19T19:17:00,FALSE,TRUE
EXC_SYN_0002027,PAY_SYN_0015971,CUST_SYN_000428,ACCT_SYN_001428,2026-01-22T10:43:00,2026-01-22,CUTOFF,R004,Payment missed the processing cutoff,LOW,RESOLVED,TEAM_SYN_003,USER_SYN_003_A04,RESOLVED,SYN_RESOLVED,2026-01-22T13:43:00,2026-01-22T18:43:00,FALSE,FALSE
EXC_SYN_0002028,PAY_SYN_0013903,CUST_SYN_000412,ACCT_SYN_001412,2026-02-27T12:40:00,2026-02-27,SANCTIONS_SCREENING,R005,Synthetic screening review pending,HIGH,OPEN,TEAM_SYN_004,USER_SYN_004_A01,UNRESOLVED,,,2026-02-27T16:40:00,TRUE,TRUE
EXC_SYN_0002029,PAY_SYN_0016362,CUST_SYN_000895,ACCT_SYN_000895,2026-01-03T12:46:00,2026-01-03,DUPLICATE,R006,Potential duplicate payment instruction,HIGH,RESOLVED,TEAM_SYN_005,USER_SYN_005_A02,RESOLVED,SYN_RESOLVED,2026-01-03T14:46:00,2026-01-03T16:46:00,TRUE,TRUE
EXC_SYN_0002030,PAY_SYN_0007991,CUST_SYN_000168,ACCT_SYN_000168,2025-12-06T11:22:00,2025-12-06,SYSTEM,R007,Processing system unavailable,MEDIUM,RESOLVED,TEAM_SYN_001,USER_SYN_001_A03,RESOLVED,SYN_RESOLVED,2025-12-06T20:42:00,2025-12-06T19:22:00,TRUE,FALSE
EXC_SYN_0002031,PAY_SYN_0007161,CUST_SYN_000958,ACCT_SYN_000958,2025-11-18T11:45:00,2025-11-18,AUTHORIZATION,R008,Required payment authorization incomplete,HIGH,RESOLVED,TEAM_SYN_002,USER_SYN_002_A04,RESOLVED,SYN_RESOLVED,2025-11-18T12:45:00,2025-11-18T15:45:00,TRUE,TRUE
EXC_SYN_0002032,PAY_SYN_0013594,CUST_SYN_000479,ACCT_SYN_000479,2026-01-21T15:29:00,2026-01-21,BENEFICIARY,R009,Beneficiary details require review,MEDIUM,OPEN,TEAM_SYN_003,USER_SYN_003_A01,UNRESOLVED,,,2026-01-21T23:29:00,FALSE,TRUE
EXC_SYN_0002033,PAY_SYN_0012226,CUST_SYN_000863,ACCT_SYN_000863,2026-02-20T17:06:00,2026-02-20,CURRENCY,R010,Currency handling exception,MEDIUM,RESOLVED,TEAM_SYN_004,USER_SYN_004_A02,RESOLVED,SYN_RESOLVED,2026-02-20T20:06:00,2026-02-21T01:06:00,TRUE,TRUE
EXC_SYN_0002034,PAY_SYN_0014284,CUST_SYN_000509,ACCT_SYN_000509,2025-11-17T15:25:00,2025-11-17,SETTLEMENT,R011,Settlement confirmation delayed,LOW,RESOLVED,TEAM_SYN_005,USER_SYN_005_A03,RESOLVED,SYN_RESOLVED,2025-11-17T16:25:00,2025-11-17T23:25:00,TRUE,FALSE
EXC_SYN_0002035,PAY_SYN_0024438,CUST_SYN_000207,ACCT_SYN_001207,2026-02-05T19:16:00,2026-02-05,VALIDATION,R001,Payment instruction failed validation,MEDIUM,RESOLVED,TEAM_SYN_001,USER_SYN_001_A04,RESOLVED,SYN_RESOLVED,2026-02-05T21:16:00,2026-02-06T03:16:00,TRUE,TRUE
EXC_SYN_0002036,PAY_SYN_0000228,CUST_SYN_000937,ACCT_SYN_000937,2026-02-16T19:59:00,2026-02-16,LIQUIDITY,R002,Insufficient synthetic available funds,HIGH,OPEN,TEAM_SYN_002,USER_SYN_002_A01,UNRESOLVED,,,2026-02-16T23:59:00,TRUE,TRUE
EXC_SYN_0002037,PAY_SYN_0004621,CUST_SYN_000478,ACCT_SYN_001478,2026-01-08T12:43:00,2026-01-08,ROUTING,R003,Beneficiary routing information requires correction,MEDIUM,RESOLVED,TEAM_SYN_003,USER_SYN_003_A02,RESOLVED,SYN_RESOLVED,2026-01-08T22:10:00,2026-01-08T20:43:00,FALSE,TRUE
EXC_SYN_0002038,PAY_SYN_0013738,CUST_SYN_000307,ACCT_SYN_001307,2025-12-15T20:35:00,2025-12-15,CUTOFF,R004,Payment missed the processing cutoff,LOW,RESOLVED,TEAM_SYN_004,USER_SYN_004_A03,RESOLVED,SYN_RESOLVED,2025-12-15T22:35:00,2025-12-16T04:35:00,FALSE,FALSE
EXC_SYN_0002039,PAY_SYN_0017566,CUST_SYN_000443,ACCT_SYN_000443,2025-12-12T18:24:00,2025-12-12,SANCTIONS_SCREENING,R005,Synthetic screening review pending,HIGH,RESOLVED,TEAM_SYN_005,USER_SYN_005_A04,RESOLVED,SYN_RESOLVED,2025-12-12T21:24:00,2025-12-12T22:24:00,FALSE,TRUE
EXC_SYN_0002040,PAY_SYN_0024125,CUST_SYN_000126,ACCT_SYN_000126,2025-11-20T17:50:00,2025-11-20,DUPLICATE,R006,Potential duplicate payment instruction,HIGH,OPEN,TEAM_SYN_001,USER_SYN_001_A01,UNRESOLVED,,,2025-11-20T21:50:00,FALSE,TRUE
EXC_SYN_0002041,PAY_SYN_0024720,CUST_SYN_000141,ACCT_SYN_001141,2025-12-13T12:28:00,2025-12-13,SYSTEM,R007,Processing system unavailable,MEDIUM,RESOLVED,TEAM_SYN_002,USER_SYN_002_A02,RESOLVED,SYN_RESOLVED,2025-12-13T14:28:00,2025-12-13T20:28:00,TRUE,FALSE
EXC_SYN_0002042,PAY_SYN_0009595,CUST_SYN_000016,ACCT_SYN_001016,2026-02-07T18:06:00,2026-02-07,AUTHORIZATION,R008,Required payment authorization incomplete,HIGH,RESOLVED,TEAM_SYN_003,USER_SYN_003_A03,RESOLVED,SYN_RESOLVED,2026-02-07T21:06:00,2026-02-07T22:06:00,TRUE,TRUE
EXC_SYN_0002043,PAY_SYN_0005079,CUST_SYN_000424,ACCT_SYN_000424,2026-01-04T22:27:00,2026-01-04,BENEFICIARY,R009,Beneficiary details require review,MEDIUM,RESOLVED,TEAM_SYN_004,USER_SYN_004_A04,RESOLVED,SYN_RESOLVED,2026-01-04T23:27:00,2026-01-05T06:27:00,TRUE,TRUE
EXC_SYN_0002044,PAY_SYN_0008304,CUST_SYN_000249,ACCT_SYN_001249,2026-01-30T17:55:00,2026-01-30,CURRENCY,R010,Currency handling exception,MEDIUM,OPEN,TEAM_SYN_005,USER_SYN_005_A01,UNRESOLVED,,,2026-01-31T01:55:00,FALSE,TRUE
EXC_SYN_0002045,PAY_SYN_0015809,CUST_SYN_000434,ACCT_SYN_001434,2026-02-19T22:43:00,2026-02-19,SETTLEMENT,R011,Settlement confirmation delayed,LOW,RESOLVED,TEAM_SYN_001,USER_SYN_001_A02,RESOLVED,SYN_RESOLVED,2026-02-20T01:43:00,2026-02-20T06:43:00,TRUE,FALSE
EXC_SYN_0002046,PAY_SYN_0023967,CUST_SYN_000280,ACCT_SYN_000280,2026-01-21T20:42:00,2026-01-21,VALIDATION,R001,Payment instruction failed validation,MEDIUM,RESOLVED,TEAM_SYN_002,USER_SYN_002_A03,RESOLVED,SYN_RESOLVED,2026-01-21T21:42:00,2026-01-22T04:42:00,FALSE,TRUE
EXC_SYN_0002047,PAY_SYN_0010491,CUST_SYN_000168,ACCT_SYN_001168,2026-03-04T15:43:00,2026-03-04,LIQUIDITY,R002,Insufficient synthetic available funds,HIGH,RESOLVED,TEAM_SYN_003,USER_SYN_003_A04,RESOLVED,SYN_RESOLVED,2026-03-04T17:43:00,2026-03-04T19:43:00,TRUE,TRUE
EXC_SYN_0002048,PAY_SYN_0016214,CUST_SYN_000419,ACCT_SYN_001419,2025-11-24T18:37:00,2025-11-24,ROUTING,R003,Beneficiary routing information requires correction,MEDIUM,OPEN,TEAM_SYN_004,USER_SYN_004_A01,UNRESOLVED,,,2025-11-25T02:37:00,FALSE,TRUE
EXC_SYN_0002049,PAY_SYN_0006348,CUST_SYN_000877,ACCT_SYN_000877,2025-11-20T22:48:00,2025-11-20,CUTOFF,R004,Payment missed the processing cutoff,LOW,RESOLVED,TEAM_SYN_005,USER_SYN_005_A02,RESOLVED,SYN_RESOLVED,2025-11-20T23:48:00,2025-11-21T06:48:00,FALSE,FALSE
EXC_SYN_0002050,PAY_SYN_0014949,CUST_SYN_000114,ACCT_SYN_001114,2026-02-21T17:28:00,2026-02-21,SANCTIONS_SCREENING,R005,Synthetic screening review pending,HIGH,RESOLVED,TEAM_SYN_001,USER_SYN_001_A03,RESOLVED,SYN_RESOLVED,2026-02-21T19:28:00,2026-02-21T21:28:00,TRUE,TRUE
EXC_SYN_0002051,PAY_SYN_0000478,CUST_SYN_000187,ACCT_SYN_001187,2026-02-06T17:24:00,2026-02-06,DUPLICATE,R006,Potential duplicate payment instruction,HIGH,RESOLVED,TEAM_SYN_002,USER_SYN_002_A04,RESOLVED,SYN_RESOLVED,2026-02-06T23:05:00,2026-02-06T21:24:00,FALSE,TRUE
EXC_SYN_0002052,PAY_SYN_0019755,CUST_SYN_000436,ACCT_SYN_000436,2025-12-24T14:36:00,2025-12-24,SYSTEM,R007,Processing system unavailable,MEDIUM,OPEN,TEAM_SYN_003,USER_SYN_003_A01,UNRESOLVED,,,2025-12-24T22:36:00,TRUE,FALSE
EXC_SYN_0002053,PAY_SYN_0011349,CUST_SYN_000414,ACCT_SYN_001414,2026-01-23T18:07:00,2026-01-23,AUTHORIZATION,R008,Required payment authorization incomplete,HIGH,RESOLVED,TEAM_SYN_004,USER_SYN_004_A02,RESOLVED,SYN_RESOLVED,2026-01-23T20:07:00,2026-01-23T22:07:00,TRUE,TRUE
EXC_SYN_0002054,PAY_SYN_0001156,CUST_SYN_000773,ACCT_SYN_000773,2026-02-19T16:09:00,2026-02-19,BENEFICIARY,R009,Beneficiary details require review,MEDIUM,RESOLVED,TEAM_SYN_005,USER_SYN_005_A03,RESOLVED,SYN_RESOLVED,2026-02-19T19:09:00,2026-02-20T00:09:00,TRUE,TRUE
EXC_SYN_0002055,PAY_SYN_0015107,CUST_SYN_000960,ACCT_SYN_000960,2025-12-02T16:59:00,2025-12-02,CURRENCY,R010,Currency handling exception,MEDIUM,RESOLVED,TEAM_SYN_001,USER_SYN_001_A04,RESOLVED,SYN_RESOLVED,2025-12-02T17:59:00,2025-12-03T00:59:00,TRUE,TRUE
EXC_SYN_0002056,PAY_SYN_0006632,CUST_SYN_000885,ACCT_SYN_000885,2025-12-24T12:27:00,2025-12-24,SETTLEMENT,R011,Settlement confirmation delayed,LOW,OPEN,TEAM_SYN_002,USER_SYN_002_A01,UNRESOLVED,,,2025-12-24T20:27:00,FALSE,FALSE
EXC_SYN_0002057,PAY_SYN_0017922,CUST_SYN_000115,ACCT_SYN_000115,2026-03-12T12:50:00,2026-03-12,VALIDATION,R001,Payment instruction failed validation,MEDIUM,RESOLVED,TEAM_SYN_003,USER_SYN_003_A02,RESOLVED,SYN_RESOLVED,2026-03-12T15:50:00,2026-03-12T20:50:00,FALSE,TRUE
EXC_SYN_0002058,PAY_SYN_0019783,CUST_SYN_000472,ACCT_SYN_001472,2026-02-21T13:10:00,2026-02-21,LIQUIDITY,R002,Insufficient synthetic available funds,HIGH,RESOLVED,TEAM_SYN_004,USER_SYN_004_A03,RESOLVED,SYN_RESOLVED,2026-02-21T18:58:00,2026-02-21T17:10:00,FALSE,TRUE
EXC_SYN_0002059,PAY_SYN_0010273,CUST_SYN_000602,ACCT_SYN_000602,2026-01-01T13:53:00,2026-01-01,ROUTING,R003,Beneficiary routing information requires correction,MEDIUM,RESOLVED,TEAM_SYN_005,USER_SYN_005_A04,RESOLVED,SYN_RESOLVED,2026-01-01T15:53:00,2026-01-01T21:53:00,FALSE,TRUE
EXC_SYN_0002060,PAY_SYN_0007952,CUST_SYN_000225,ACCT_SYN_000225,2025-12-14T13:19:00,2025-12-14,CUTOFF,R004,Payment missed the processing cutoff,LOW,OPEN,TEAM_SYN_001,USER_SYN_001_A01,UNRESOLVED,,,2025-12-14T21:19:00,FALSE,FALSE
EXC_SYN_0002061,PAY_SYN_0020252,CUST_SYN_000825,ACCT_SYN_000825,2026-01-08T13:32:00,2026-01-08,SANCTIONS_SCREENING,R005,Synthetic screening review pending,HIGH,RESOLVED,TEAM_SYN_002,USER_SYN_002_A02,RESOLVED,SYN_RESOLVED,2026-01-08T14:32:00,2026-01-08T17:32:00,FALSE,TRUE
EXC_SYN_0002062,PAY_SYN_0011924,CUST_SYN_000189,ACCT_SYN_000189,2025-12-15T15:09:00,2025-12-15,DUPLICATE,R006,Potential duplicate payment instruction,HIGH,RESOLVED,TEAM_SYN_003,USER_SYN_003_A03,RESOLVED,SYN_RESOLVED,2025-12-15T17:09:00,2025-12-15T19:09:00,TRUE,TRUE
EXC_SYN_0002063,PAY_SYN_0012933,CUST_SYN_000022,ACCT_SYN_000022,2025-11-20T15:05:00,2025-11-20,SYSTEM,R007,Processing system unavailable,MEDIUM,RESOLVED,TEAM_SYN_004,USER_SYN_004_A04,RESOLVED,SYN_RESOLVED,2025-11-20T18:05:00,2025-11-20T23:05:00,FALSE,FALSE
EXC_SYN_0002064,PAY_SYN_0002512,CUST_SYN_000445,ACCT_SYN_001445,2025-12-14T13:31:00,2025-12-14,AUTHORIZATION,R008,Required payment authorization incomplete,HIGH,OPEN,TEAM_SYN_005,USER_SYN_005_A01,UNRESOLVED,,,2025-12-14T17:31:00,FALSE,TRUE
EXC_SYN_0002065,PAY_SYN_0018324,CUST_SYN_000489,ACCT_SYN_001489,2025-11-19T16:28:00,2025-11-19,BENEFICIARY,R009,Beneficiary details require review,MEDIUM,RESOLVED,TEAM_SYN_001,USER_SYN_001_A02,RESOLVED,SYN_RESOLVED,2025-11-20T02:23:00,2025-11-20T00:28:00,FALSE,TRUE
EXC_SYN_0002066,PAY_SYN_0000107,CUST_SYN_000960,ACCT_SYN_000960,2025-11-21T19:22:00,2025-11-21,CURRENCY,R010,Currency handling exception,MEDIUM,RESOLVED,TEAM_SYN_002,USER_SYN_002_A03,RESOLVED,SYN_RESOLVED,2025-11-21T22:22:00,2025-11-22T03:22:00,TRUE,TRUE
EXC_SYN_0002067,PAY_SYN_0004645,CUST_SYN_000866,ACCT_SYN_000866,2025-12-09T18:01:00,2025-12-09,SETTLEMENT,R011,Settlement confirmation delayed,LOW,RESOLVED,TEAM_SYN_003,USER_SYN_003_A04,RESOLVED,SYN_RESOLVED,2025-12-09T19:01:00,2025-12-10T02:01:00,TRUE,FALSE
EXC_SYN_0002068,PAY_SYN_0010365,CUST_SYN_000006,ACCT_SYN_001006,2025-12-07T17:34:00,2025-12-07,VALIDATION,R001,Payment instruction failed validation,MEDIUM,OPEN,TEAM_SYN_004,USER_SYN_004_A01,UNRESOLVED,,,2025-12-08T01:34:00,TRUE,TRUE
EXC_SYN_0002069,PAY_SYN_0007182,CUST_SYN_000235,ACCT_SYN_000235,2026-03-11T15:26:00,2026-03-11,LIQUIDITY,R002,Insufficient synthetic available funds,HIGH,RESOLVED,TEAM_SYN_005,USER_SYN_005_A02,RESOLVED,SYN_RESOLVED,2026-03-11T18:26:00,2026-03-11T19:26:00,FALSE,TRUE
EXC_SYN_0002070,PAY_SYN_0000493,CUST_SYN_000242,ACCT_SYN_000242,2025-12-17T16:16:00,2025-12-17,ROUTING,R003,Beneficiary routing information requires correction,MEDIUM,RESOLVED,TEAM_SYN_001,USER_SYN_001_A03,RESOLVED,SYN_RESOLVED,2025-12-17T17:16:00,2025-12-18T00:16:00,TRUE,TRUE
EXC_SYN_0002071,PAY_SYN_0008682,CUST_SYN_000235,ACCT_SYN_000235,2025-11-22T15:52:00,2025-11-22,CUTOFF,R004,Payment missed the processing cutoff,LOW,RESOLVED,TEAM_SYN_002,USER_SYN_002_A04,RESOLVED,SYN_RESOLVED,2025-11-22T17:52:00,2025-11-22T23:52:00,TRUE,FALSE
EXC_SYN_0002072,PAY_SYN_0020763,CUST_SYN_000232,ACCT_SYN_000232,2026-02-05T16:32:00,2026-02-05,SANCTIONS_SCREENING,R005,Synthetic screening review pending,HIGH,OPEN,TEAM_SYN_003,USER_SYN_003_A01,UNRESOLVED,,,2026-02-05T20:32:00,TRUE,TRUE
EXC_SYN_0002073,PAY_SYN_0010838,CUST_SYN_000507,ACCT_SYN_000507,2025-12-30T21:50:00,2025-12-30,DUPLICATE,R006,Potential duplicate payment instruction,HIGH,RESOLVED,TEAM_SYN_004,USER_SYN_004_A02,RESOLVED,SYN_RESOLVED,2025-12-30T22:50:00,2025-12-31T01:50:00,TRUE,TRUE
EXC_SYN_0002074,PAY_SYN_0017360,CUST_SYN_000321,ACCT_SYN_000321,2025-11-28T13:57:00,2025-11-28,SYSTEM,R007,Processing system unavailable,MEDIUM,RESOLVED,TEAM_SYN_005,USER_SYN_005_A03,RESOLVED,SYN_RESOLVED,2025-11-28T15:57:00,2025-11-28T21:57:00,TRUE,FALSE
EXC_SYN_0002075,PAY_SYN_0011409,CUST_SYN_000634,ACCT_SYN_000634,2026-02-18T22:53:00,2026-02-18,AUTHORIZATION,R008,Required payment authorization incomplete,HIGH,RESOLVED,TEAM_SYN_001,USER_SYN_001_A04,RESOLVED,SYN_RESOLVED,2026-02-19T01:53:00,2026-02-19T02:53:00,TRUE,TRUE
EXC_SYN_0002076,PAY_SYN_0023775,CUST_SYN_000676,ACCT_SYN_000676,2026-02-11T19:48:00,2026-02-11,BENEFICIARY,R009,Beneficiary details require review,MEDIUM,OPEN,TEAM_SYN_002,USER_SYN_002_A01,UNRESOLVED,,,2026-02-12T03:48:00,FALSE,TRUE
EXC_SYN_0002077,PAY_SYN_0009573,CUST_SYN_000202,ACCT_SYN_000202,2026-01-03T12:07:00,2026-01-03,CURRENCY,R010,Currency handling exception,MEDIUM,RESOLVED,TEAM_SYN_003,USER_SYN_003_A02,RESOLVED,SYN_RESOLVED,2026-01-03T14:07:00,2026-01-03T20:07:00,TRUE,TRUE
EXC_SYN_0002078,PAY_SYN_0018743,CUST_SYN_000492,ACCT_SYN_000492,2026-01-23T12:10:00,2026-01-23,SETTLEMENT,R011,Settlement confirmation delayed,LOW,RESOLVED,TEAM_SYN_004,USER_SYN_004_A03,RESOLVED,SYN_RESOLVED,2026-01-23T15:10:00,2026-01-23T20:10:00,FALSE,FALSE
EXC_SYN_0002079,PAY_SYN_0012855,CUST_SYN_000136,ACCT_SYN_000136,2025-12-24T14:27:00,2025-12-24,VALIDATION,R001,Payment instruction failed validation,MEDIUM,RESOLVED,TEAM_SYN_005,USER_SYN_005_A04,RESOLVED,SYN_RESOLVED,2025-12-25T00:36:00,2025-12-24T22:27:00,FALSE,TRUE
EXC_SYN_0002080,PAY_SYN_0003482,CUST_SYN_000335,ACCT_SYN_001335,2025-12-23T11:09:00,2025-12-23,LIQUIDITY,R002,Insufficient synthetic available funds,HIGH,OPEN,TEAM_SYN_001,USER_SYN_001_A01,UNRESOLVED,,,2025-12-23T15:09:00,FALSE,TRUE
EXC_SYN_0002081,PAY_SYN_0003473,CUST_SYN_000002,ACCT_SYN_001002,2026-01-18T12:19:00,2026-01-18,ROUTING,R003,Beneficiary routing information requires correction,MEDIUM,RESOLVED,TEAM_SYN_002,USER_SYN_002_A02,RESOLVED,SYN_RESOLVED,2026-01-18T15:19:00,2026-01-18T20:19:00,FALSE,TRUE
EXC_SYN_0002082,PAY_SYN_0014612,CUST_SYN_000645,ACCT_SYN_000645,2025-12-15T12:05:00,2025-12-15,CUTOFF,R004,Payment missed the processing cutoff,LOW,RESOLVED,TEAM_SYN_003,USER_SYN_003_A03,RESOLVED,SYN_RESOLVED,2025-12-15T13:05:00,2025-12-15T20:05:00,TRUE,FALSE
EXC_SYN_0002083,PAY_SYN_0014048,CUST_SYN_000777,ACCT_SYN_000777,2026-03-12T18:30:00,2026-03-12,SANCTIONS_SCREENING,R005,Synthetic screening review pending,HIGH,RESOLVED,TEAM_SYN_004,USER_SYN_004_A04,RESOLVED,SYN_RESOLVED,2026-03-12T20:30:00,2026-03-12T22:30:00,FALSE,TRUE
EXC_SYN_0002084,PAY_SYN_0003653,CUST_SYN_000162,ACCT_SYN_000162,2025-12-05T12:58:00,2025-12-05,DUPLICATE,R006,Potential duplicate payment instruction,HIGH,OPEN,TEAM_SYN_005,USER_SYN_005_A01,UNRESOLVED,,,2025-12-05T16:58:00,TRUE,TRUE
EXC_SYN_0002085,PAY_SYN_0004684,CUST_SYN_000809,ACCT_SYN_000809,2026-02-12T14:28:00,2026-02-12,SYSTEM,R007,Processing system unavailable,MEDIUM,RESOLVED,TEAM_SYN_001,USER_SYN_001_A02,RESOLVED,SYN_RESOLVED,2026-02-12T15:28:00,2026-02-12T22:28:00,FALSE,FALSE
EXC_SYN_0002086,PAY_SYN_0017413,CUST_SYN_000782,ACCT_SYN_000782,2025-12-04T13:44:00,2025-12-04,AUTHORIZATION,R008,Required payment authorization incomplete,HIGH,RESOLVED,TEAM_SYN_002,USER_SYN_002_A03,RESOLVED,SYN_RESOLVED,2025-12-04T20:00:00,2025-12-04T17:44:00,TRUE,TRUE
EXC_SYN_0002087,PAY_SYN_0017780,CUST_SYN_000861,ACCT_SYN_000861,2025-12-06T10:46:00,2025-12-06,BENEFICIARY,R009,Beneficiary details require review,MEDIUM,RESOLVED,TEAM_SYN_003,USER_SYN_003_A04,RESOLVED,SYN_RESOLVED,2025-12-06T13:46:00,2025-12-06T18:46:00,FALSE,TRUE
EXC_SYN_0002088,PAY_SYN_0024663,CUST_SYN_000532,ACCT_SYN_000532,2025-12-16T14:00:00,2025-12-16,CURRENCY,R010,Currency handling exception,MEDIUM,OPEN,TEAM_SYN_004,USER_SYN_004_A01,UNRESOLVED,,,2025-12-16T22:00:00,FALSE,TRUE
EXC_SYN_0002089,PAY_SYN_0008758,CUST_SYN_000047,ACCT_SYN_000047,2026-02-03T19:38:00,2026-02-03,SETTLEMENT,R011,Settlement confirmation delayed,LOW,RESOLVED,TEAM_SYN_005,USER_SYN_005_A02,RESOLVED,SYN_RESOLVED,2026-02-03T21:38:00,2026-02-04T03:38:00,FALSE,FALSE
EXC_SYN_0002090,PAY_SYN_0000669,CUST_SYN_000754,ACCT_SYN_000754,2025-11-19T20:08:00,2025-11-19,VALIDATION,R001,Payment instruction failed validation,MEDIUM,RESOLVED,TEAM_SYN_001,USER_SYN_001_A03,RESOLVED,SYN_RESOLVED,2025-11-19T23:08:00,2025-11-20T04:08:00,FALSE,TRUE
EXC_SYN_0002091,PAY_SYN_0006554,CUST_SYN_000999,ACCT_SYN_000999,2026-02-19T15:56:00,2026-02-19,LIQUIDITY,R002,Insufficient synthetic available funds,HIGH,RESOLVED,TEAM_SYN_002,USER_SYN_002_A04,RESOLVED,SYN_RESOLVED,2026-02-19T16:56:00,2026-02-19T19:56:00,TRUE,TRUE
EXC_SYN_0002092,PAY_SYN_0010403,CUST_SYN_000912,ACCT_SYN_000912,2026-01-30T15:12:00,2026-01-30,ROUTING,R003,Beneficiary routing information requires correction,MEDIUM,OPEN,TEAM_SYN_003,USER_SYN_003_A01,UNRESOLVED,,,2026-01-30T23:12:00,TRUE,TRUE
EXC_SYN_0002093,PAY_SYN_0008795,CUST_SYN_000416,ACCT_SYN_001416,2026-01-12T16:49:00,2026-01-12,CUTOFF,R004,Payment missed the processing cutoff,LOW,RESOLVED,TEAM_SYN_004,USER_SYN_004_A02,RESOLVED,SYN_RESOLVED,2026-01-13T03:12:00,2026-01-13T00:49:00,TRUE,FALSE
EXC_SYN_0002094,PAY_SYN_0004942,CUST_SYN_000355,ACCT_SYN_001355,2025-12-30T14:31:00,2025-12-30,SANCTIONS_SCREENING,R005,Synthetic screening review pending,HIGH,RESOLVED,TEAM_SYN_005,USER_SYN_005_A03,RESOLVED,SYN_RESOLVED,2025-12-30T15:31:00,2025-12-30T18:31:00,TRUE,TRUE
EXC_SYN_0002095,PAY_SYN_0003660,CUST_SYN_000421,ACCT_SYN_000421,2026-03-10T12:10:00,2026-03-10,DUPLICATE,R006,Potential duplicate payment instruction,HIGH,RESOLVED,TEAM_SYN_001,USER_SYN_001_A04,RESOLVED,SYN_RESOLVED,2026-03-10T14:10:00,2026-03-10T16:10:00,FALSE,TRUE
EXC_SYN_0002096,PAY_SYN_0006418,CUST_SYN_000467,ACCT_SYN_000467,2026-01-01T21:09:00,2026-01-01,SYSTEM,R007,Processing system unavailable,MEDIUM,OPEN,TEAM_SYN_002,USER_SYN_002_A01,UNRESOLVED,,,2026-01-02T05:09:00,FALSE,FALSE
EXC_SYN_0002097,PAY_SYN_0022124,CUST_SYN_000089,ACCT_SYN_001089,2026-02-24T16:44:00,2026-02-24,AUTHORIZATION,R008,Required payment authorization incomplete,HIGH,RESOLVED,TEAM_SYN_003,USER_SYN_003_A02,RESOLVED,SYN_RESOLVED,2026-02-24T17:44:00,2026-02-24T20:44:00,FALSE,TRUE
EXC_SYN_0002098,PAY_SYN_0019916,CUST_SYN_000393,ACCT_SYN_000393,2026-01-13T19:21:00,2026-01-13,BENEFICIARY,R009,Beneficiary details require review,MEDIUM,RESOLVED,TEAM_SYN_004,USER_SYN_004_A03,RESOLVED,SYN_RESOLVED,2026-01-13T21:21:00,2026-01-14T03:21:00,TRUE,TRUE
EXC_SYN_0002099,PAY_SYN_0015255,CUST_SYN_000436,ACCT_SYN_000436,2026-01-11T18:47:00,2026-01-11,CURRENCY,R010,Currency handling exception,MEDIUM,RESOLVED,TEAM_SYN_005,USER_SYN_005_A04,RESOLVED,SYN_RESOLVED,2026-01-11T21:47:00,2026-01-12T02:47:00,TRUE,TRUE
EXC_SYN_0002100,PAY_SYN_0018681,CUST_SYN_000198,ACCT_SYN_001198,2025-11-18T14:42:00,2025-11-18,SETTLEMENT,R011,Settlement confirmation delayed,LOW,OPEN,TEAM_SYN_001,USER_SYN_001_A01,UNRESOLVED,,,2025-11-18T22:42:00,TRUE,FALSE
EXC_SYN_0002101,PAY_SYN_0022823,CUST_SYN_000452,ACCT_SYN_001452,2025-12-13T17:09:00,2025-12-13,VALIDATION,R001,Payment instruction failed validation,MEDIUM,RESOLVED,TEAM_SYN_002,USER_SYN_002_A02,RESOLVED,SYN_RESOLVED,2025-12-13T19:09:00,2025-12-14T01:09:00,TRUE,TRUE
EXC_SYN_0002102,PAY_SYN_0024229,CUST_SYN_000974,ACCT_SYN_000974,2025-11-28T23:24:00,2025-11-28,LIQUIDITY,R002,Insufficient synthetic available funds,HIGH,RESOLVED,TEAM_SYN_003,USER_SYN_003_A03,RESOLVED,SYN_RESOLVED,2025-11-29T02:24:00,2025-11-29T03:24:00,FALSE,TRUE
EXC_SYN_0002103,PAY_SYN_0012846,CUST_SYN_000303,ACCT_SYN_001303,2025-11-22T20:36:00,2025-11-22,ROUTING,R003,Beneficiary routing information requires correction,MEDIUM,RESOLVED,TEAM_SYN_004,USER_SYN_004_A04,RESOLVED,SYN_RESOLVED,2025-11-22T21:36:00,2025-11-23T04:36:00,FALSE,TRUE
EXC_SYN_0002104,PAY_SYN_0011779,CUST_SYN_000824,ACCT_SYN_000824,2026-02-09T23:20:00,2026-02-09,CUTOFF,R004,Payment missed the processing cutoff,LOW,OPEN,TEAM_SYN_005,USER_SYN_005_A01,UNRESOLVED,,,2026-02-10T07:20:00,TRUE,FALSE
EXC_SYN_0002105,PAY_SYN_0000681,CUST_SYN_000198,ACCT_SYN_001198,2026-01-14T09:47:00,2026-01-14,SANCTIONS_SCREENING,R005,Synthetic screening review pending,HIGH,RESOLVED,TEAM_SYN_001,USER_SYN_001_A02,RESOLVED,SYN_RESOLVED,2026-01-14T12:47:00,2026-01-14T13:47:00,TRUE,TRUE
EXC_SYN_0002106,PAY_SYN_0014605,CUST_SYN_000386,ACCT_SYN_000386,2026-01-11T14:28:00,2026-01-11,DUPLICATE,R006,Potential duplicate payment instruction,HIGH,RESOLVED,TEAM_SYN_002,USER_SYN_002_A03,RESOLVED,SYN_RESOLVED,2026-01-11T15:28:00,2026-01-11T18:28:00,TRUE,TRUE
EXC_SYN_0002107,PAY_SYN_0018846,CUST_SYN_000303,ACCT_SYN_001303,2026-01-31T15:28:00,2026-01-31,SYSTEM,R007,Processing system unavailable,MEDIUM,RESOLVED,TEAM_SYN_003,USER_SYN_003_A04,RESOLVED,SYN_RESOLVED,2026-02-01T02:05:00,2026-01-31T23:28:00,FALSE,FALSE
EXC_SYN_0002108,PAY_SYN_0015406,CUST_SYN_000023,ACCT_SYN_000023,2026-01-29T15:21:00,2026-01-29,AUTHORIZATION,R008,Required payment authorization incomplete,HIGH,OPEN,TEAM_SYN_004,USER_SYN_004_A01,UNRESOLVED,,,2026-01-29T19:21:00,TRUE,TRUE
EXC_SYN_0002109,PAY_SYN_0016779,CUST_SYN_000324,ACCT_SYN_001324,2026-02-07T18:45:00,2026-02-07,BENEFICIARY,R009,Beneficiary details require review,MEDIUM,RESOLVED,TEAM_SYN_005,USER_SYN_005_A02,RESOLVED,SYN_RESOLVED,2026-02-07T19:45:00,2026-02-08T02:45:00,TRUE,TRUE
EXC_SYN_0002110,PAY_SYN_0017715,CUST_SYN_000456,ACCT_SYN_001456,2026-01-04T15:10:00,2026-01-04,CURRENCY,R010,Currency handling exception,MEDIUM,RESOLVED,TEAM_SYN_001,USER_SYN_001_A03,RESOLVED,SYN_RESOLVED,2026-01-04T17:10:00,2026-01-04T23:10:00,TRUE,TRUE
EXC_SYN_0002111,PAY_SYN_0002611,CUST_SYN_000608,ACCT_SYN_000608,2025-11-19T11:15:00,2025-11-19,SETTLEMENT,R011,Settlement confirmation delayed,LOW,RESOLVED,TEAM_SYN_002,USER_SYN_002_A04,RESOLVED,SYN_RESOLVED,2025-11-19T14:15:00,2025-11-19T19:15:00,TRUE,FALSE
EXC_SYN_0002112,PAY_SYN_0012238,CUST_SYN_000307,ACCT_SYN_001307,2026-01-29T18:37:00,2026-01-29,VALIDATION,R001,Payment instruction failed validation,MEDIUM,OPEN,TEAM_SYN_003,USER_SYN_003_A01,UNRESOLVED,,,2026-01-30T02:37:00,TRUE,TRUE
EXC_SYN_0002113,PAY_SYN_0009793,CUST_SYN_000842,ACCT_SYN_000842,2025-11-25T13:35:00,2025-11-25,LIQUIDITY,R002,Insufficient synthetic available funds,HIGH,RESOLVED,TEAM_SYN_004,USER_SYN_004_A02,RESOLVED,SYN_RESOLVED,2025-11-25T15:35:00,2025-11-25T17:35:00,FALSE,TRUE
EXC_SYN_0002114,PAY_SYN_0016446,CUST_SYN_000003,ACCT_SYN_001003,2025-12-20T16:59:00,2025-12-20,ROUTING,R003,Beneficiary routing information requires correction,MEDIUM,RESOLVED,TEAM_SYN_005,USER_SYN_005_A03,RESOLVED,SYN_RESOLVED,2025-12-21T03:43:00,2025-12-21T00:59:00,TRUE,TRUE
EXC_SYN_0002115,PAY_SYN_0005689,CUST_SYN_000494,ACCT_SYN_000494,2025-12-11T20:13:00,2025-12-11,CUTOFF,R004,Payment missed the processing cutoff,LOW,RESOLVED,TEAM_SYN_001,USER_SYN_001_A04,RESOLVED,SYN_RESOLVED,2025-12-11T21:13:00,2025-12-12T04:13:00,FALSE,FALSE
EXC_SYN_0002116,PAY_SYN_0009457,CUST_SYN_000410,ACCT_SYN_000410,2025-11-30T18:02:00,2025-11-30,SANCTIONS_SCREENING,R005,Synthetic screening review pending,HIGH,OPEN,TEAM_SYN_002,USER_SYN_002_A01,UNRESOLVED,,,2025-11-30T22:02:00,FALSE,TRUE
EXC_SYN_0002117,PAY_SYN_0008957,CUST_SYN_000410,ACCT_SYN_001410,2026-01-31T18:55:00,2026-01-31,DUPLICATE,R006,Potential duplicate payment instruction,HIGH,RESOLVED,TEAM_SYN_003,USER_SYN_003_A02,RESOLVED,SYN_RESOLVED,2026-01-31T21:55:00,2026-01-31T22:55:00,FALSE,TRUE
EXC_SYN_0002118,PAY_SYN_0004293,CUST_SYN_000342,ACCT_SYN_001342,2026-01-07T15:00:00,2026-01-07,SYSTEM,R007,Processing system unavailable,MEDIUM,RESOLVED,TEAM_SYN_004,USER_SYN_004_A03,RESOLVED,SYN_RESOLVED,2026-01-07T16:00:00,2026-01-07T23:00:00,TRUE,FALSE
EXC_SYN_0002119,PAY_SYN_0017752,CUST_SYN_000325,ACCT_SYN_001325,2026-01-20T13:26:00,2026-01-20,AUTHORIZATION,R008,Required payment authorization incomplete,HIGH,RESOLVED,TEAM_SYN_005,USER_SYN_005_A04,RESOLVED,SYN_RESOLVED,2026-01-20T15:26:00,2026-01-20T17:26:00,TRUE,TRUE
EXC_SYN_0002120,PAY_SYN_0021987,CUST_SYN_000520,ACCT_SYN_000520,2025-12-09T18:44:00,2025-12-09,BENEFICIARY,R009,Beneficiary details require review,MEDIUM,OPEN,TEAM_SYN_001,USER_SYN_001_A01,UNRESOLVED,,,2025-12-10T02:44:00,FALSE,TRUE
EXC_SYN_0002121,PAY_SYN_0012370,CUST_SYN_000191,ACCT_SYN_000191,2026-01-06T11:58:00,2026-01-06,CURRENCY,R010,Currency handling exception,MEDIUM,RESOLVED,TEAM_SYN_002,USER_SYN_002_A02,RESOLVED,SYN_RESOLVED,2026-01-06T22:49:00,2026-01-06T19:58:00,TRUE,TRUE
EXC_SYN_0002122,PAY_SYN_0020416,CUST_SYN_000893,ACCT_SYN_000893,2026-01-14T18:53:00,2026-01-14,SETTLEMENT,R011,Settlement confirmation delayed,LOW,RESOLVED,TEAM_SYN_003,USER_SYN_003_A03,RESOLVED,SYN_RESOLVED,2026-01-14T20:53:00,2026-01-15T02:53:00,FALSE,FALSE
EXC_SYN_0002123,PAY_SYN_0002207,CUST_SYN_000660,ACCT_SYN_000660,2025-12-28T19:43:00,2025-12-28,VALIDATION,R001,Payment instruction failed validation,MEDIUM,RESOLVED,TEAM_SYN_004,USER_SYN_004_A04,RESOLVED,SYN_RESOLVED,2025-12-28T22:43:00,2025-12-29T03:43:00,TRUE,TRUE
EXC_SYN_0002124,PAY_SYN_0018699,CUST_SYN_000364,ACCT_SYN_000364,2025-11-21T22:00:00,2025-11-21,LIQUIDITY,R002,Insufficient synthetic available funds,HIGH,OPEN,TEAM_SYN_005,USER_SYN_005_A01,UNRESOLVED,,,2025-11-22T02:00:00,FALSE,TRUE
EXC_SYN_0002125,PAY_SYN_0010876,CUST_SYN_000413,ACCT_SYN_000413,2026-03-13T19:32:00,2026-03-13,ROUTING,R003,Beneficiary routing information requires correction,MEDIUM,RESOLVED,TEAM_SYN_001,USER_SYN_001_A02,RESOLVED,SYN_RESOLVED,2026-03-13T21:32:00,2026-03-14T03:32:00,TRUE,TRUE
EXC_SYN_0002126,PAY_SYN_0014234,CUST_SYN_000159,ACCT_SYN_000159,2026-01-13T17:31:00,2026-01-13,CUTOFF,R004,Payment missed the processing cutoff,LOW,RESOLVED,TEAM_SYN_002,USER_SYN_002_A03,RESOLVED,SYN_RESOLVED,2026-01-13T20:31:00,2026-01-14T01:31:00,FALSE,FALSE
EXC_SYN_0002127,PAY_SYN_0019630,CUST_SYN_000311,ACCT_SYN_000311,2025-12-27T13:16:00,2025-12-27,SANCTIONS_SCREENING,R005,Synthetic screening review pending,HIGH,RESOLVED,TEAM_SYN_003,USER_SYN_003_A04,RESOLVED,SYN_RESOLVED,2025-12-27T14:16:00,2025-12-27T17:16:00,TRUE,TRUE
EXC_SYN_0002128,PAY_SYN_0006185,CUST_SYN_000846,ACCT_SYN_000846,2026-03-11T18:54:00,2026-03-11,DUPLICATE,R006,Potential duplicate payment instruction,HIGH,OPEN,TEAM_SYN_004,USER_SYN_004_A01,UNRESOLVED,,,2026-03-11T22:54:00,FALSE,TRUE
EXC_SYN_0002129,PAY_SYN_0014755,CUST_SYN_000436,ACCT_SYN_001436,2026-03-13T18:57:00,2026-03-13,SYSTEM,R007,Processing system unavailable,MEDIUM,RESOLVED,TEAM_SYN_005,USER_SYN_005_A02,RESOLVED,SYN_RESOLVED,2026-03-13T21:57:00,2026-03-14T02:57:00,TRUE,FALSE
EXC_SYN_0002130,PAY_SYN_0013181,CUST_SYN_000198,ACCT_SYN_000198,2025-12-02T15:32:00,2025-12-02,AUTHORIZATION,R008,Required payment authorization incomplete,HIGH,RESOLVED,TEAM_SYN_001,USER_SYN_001_A03,RESOLVED,SYN_RESOLVED,2025-12-02T16:32:00,2025-12-02T19:32:00,FALSE,TRUE
EXC_SYN_0002131,PAY_SYN_0020538,CUST_SYN_000907,ACCT_SYN_000907,2026-01-07T22:04:00,2026-01-07,BENEFICIARY,R009,Beneficiary details require review,MEDIUM,RESOLVED,TEAM_SYN_002,USER_SYN_002_A04,RESOLVED,SYN_RESOLVED,2026-01-08T00:04:00,2026-01-08T06:04:00,FALSE,TRUE
EXC_SYN_0002132,PAY_SYN_0014564,CUST_SYN_000369,ACCT_SYN_000369,2026-01-11T18:19:00,2026-01-11,CURRENCY,R010,Currency handling exception,MEDIUM,OPEN,TEAM_SYN_003,USER_SYN_003_A01,UNRESOLVED,,,2026-01-12T02:19:00,FALSE,TRUE
EXC_SYN_0002133,PAY_SYN_0015482,CUST_SYN_000335,ACCT_SYN_001335,2025-11-24T10:38:00,2025-11-24,SETTLEMENT,R011,Settlement confirmation delayed,LOW,RESOLVED,TEAM_SYN_004,USER_SYN_004_A02,RESOLVED,SYN_RESOLVED,2025-11-24T11:38:00,2025-11-24T18:38:00,TRUE,FALSE
EXC_SYN_0002134,PAY_SYN_0008428,CUST_SYN_000337,ACCT_SYN_001337,2025-12-12T16:53:00,2025-12-12,VALIDATION,R001,Payment instruction failed validation,MEDIUM,RESOLVED,TEAM_SYN_005,USER_SYN_005_A03,RESOLVED,SYN_RESOLVED,2025-12-12T18:53:00,2025-12-13T00:53:00,FALSE,TRUE
EXC_SYN_0002135,PAY_SYN_0017628,CUST_SYN_000237,ACCT_SYN_001237,2026-02-18T17:26:00,2026-02-18,LIQUIDITY,R002,Insufficient synthetic available funds,HIGH,RESOLVED,TEAM_SYN_001,USER_SYN_001_A04,RESOLVED,SYN_RESOLVED,2026-02-19T00:31:00,2026-02-18T21:26:00,FALSE,TRUE
EXC_SYN_0002136,PAY_SYN_0007050,CUST_SYN_000351,ACCT_SYN_001351,2025-12-07T09:33:00,2025-12-07,ROUTING,R003,Beneficiary routing information requires correction,MEDIUM,OPEN,TEAM_SYN_002,USER_SYN_002_A01,UNRESOLVED,,,2025-12-07T17:33:00,FALSE,TRUE
EXC_SYN_0002137,PAY_SYN_0015569,CUST_SYN_000054,ACCT_SYN_000054,2025-11-26T18:39:00,2025-11-26,CUTOFF,R004,Payment missed the processing cutoff,LOW,RESOLVED,TEAM_SYN_003,USER_SYN_003_A02,RESOLVED,SYN_RESOLVED,2025-11-26T20:39:00,2025-11-27T02:39:00,TRUE,FALSE
EXC_SYN_0002138,PAY_SYN_0012707,CUST_SYN_000660,ACCT_SYN_000660,2026-03-07T16:58:00,2026-03-07,SANCTIONS_SCREENING,R005,Synthetic screening review pending,HIGH,RESOLVED,TEAM_SYN_004,USER_SYN_004_A03,RESOLVED,SYN_RESOLVED,2026-03-07T19:58:00,2026-03-07T20:58:00,FALSE,TRUE
EXC_SYN_0002139,PAY_SYN_0017206,CUST_SYN_000623,ACCT_SYN_000623,2026-01-25T16:04:00,2026-01-25,DUPLICATE,R006,Potential duplicate payment instruction,HIGH,RESOLVED,TEAM_SYN_005,USER_SYN_005_A04,RESOLVED,SYN_RESOLVED,2026-01-25T17:04:00,2026-01-25T20:04:00,TRUE,TRUE
EXC_SYN_0002140,PAY_SYN_0010083,CUST_SYN_000072,ACCT_SYN_001072,2025-11-18T13:16:00,2025-11-18,SYSTEM,R007,Processing system unavailable,MEDIUM,OPEN,TEAM_SYN_001,USER_SYN_001_A01,UNRESOLVED,,,2025-11-18T21:16:00,FALSE,FALSE
EXC_SYN_0002141,PAY_SYN_0007447,CUST_SYN_000040,ACCT_SYN_001040,2025-11-21T17:57:00,2025-11-21,AUTHORIZATION,R008,Required payment authorization incomplete,HIGH,RESOLVED,TEAM_SYN_002,USER_SYN_002_A02,RESOLVED,SYN_RESOLVED,2025-11-21T20:57:00,2025-11-21T21:57:00,TRUE,TRUE
EXC_SYN_0002142,PAY_SYN_0021954,CUST_SYN_000799,ACCT_SYN_000799,2026-01-04T14:39:00,2026-01-04,BENEFICIARY,R009,Beneficiary details require review,MEDIUM,RESOLVED,TEAM_SYN_003,USER_SYN_003_A03,RESOLVED,SYN_RESOLVED,2026-01-05T01:51:00,2026-01-04T22:39:00,FALSE,TRUE
EXC_SYN_0002143,PAY_SYN_0020621,CUST_SYN_000978,ACCT_SYN_000978,2026-01-02T12:21:00,2026-01-02,CURRENCY,R010,Currency handling exception,MEDIUM,RESOLVED,TEAM_SYN_004,USER_SYN_004_A04,RESOLVED,SYN_RESOLVED,2026-01-02T14:21:00,2026-01-02T20:21:00,TRUE,TRUE
EXC_SYN_0002144,PAY_SYN_0022862,CUST_SYN_000395,ACCT_SYN_001395,2025-12-30T13:01:00,2025-12-30,SETTLEMENT,R011,Settlement confirmation delayed,LOW,OPEN,TEAM_SYN_005,USER_SYN_005_A01,UNRESOLVED,,,2025-12-30T21:01:00,FALSE,FALSE
EXC_SYN_0002145,PAY_SYN_0024287,CUST_SYN_000120,ACCT_SYN_000120,2025-12-23T18:29:00,2025-12-23,VALIDATION,R001,Payment instruction failed validation,MEDIUM,RESOLVED,TEAM_SYN_001,USER_SYN_001_A02,RESOLVED,SYN_RESOLVED,2025-12-23T19:29:00,2025-12-24T02:29:00,TRUE,TRUE
EXC_SYN_0002146,PAY_SYN_0018679,CUST_SYN_000124,ACCT_SYN_001124,2025-11-24T20:26:00,2025-11-24,LIQUIDITY,R002,Insufficient synthetic available funds,HIGH,RESOLVED,TEAM_SYN_002,USER_SYN_002_A03,RESOLVED,SYN_RESOLVED,2025-11-24T22:26:00,2025-11-25T00:26:00,TRUE,TRUE
EXC_SYN_0002147,PAY_SYN_0017686,CUST_SYN_000383,ACCT_SYN_000383,2026-03-11T17:48:00,2026-03-11,ROUTING,R003,Beneficiary routing information requires correction,MEDIUM,RESOLVED,TEAM_SYN_003,USER_SYN_003_A04,RESOLVED,SYN_RESOLVED,2026-03-11T20:48:00,2026-03-12T01:48:00,TRUE,TRUE
EXC_SYN_0002148,PAY_SYN_0019211,CUST_SYN_000308,ACCT_SYN_001308,2026-02-28T12:56:00,2026-02-28,CUTOFF,R004,Payment missed the processing cutoff,LOW,OPEN,TEAM_SYN_004,USER_SYN_004_A01,UNRESOLVED,,,2026-02-28T20:56:00,FALSE,FALSE
EXC_SYN_0002149,PAY_SYN_0014450,CUST_SYN_000651,ACCT_SYN_000651,2026-03-13T12:42:00,2026-03-13,SANCTIONS_SCREENING,R005,Synthetic screening review pending,HIGH,RESOLVED,TEAM_SYN_005,USER_SYN_005_A02,RESOLVED,SYN_RESOLVED,2026-03-13T20:01:00,2026-03-13T16:42:00,TRUE,TRUE
EXC_SYN_0002150,PAY_SYN_0021585,CUST_SYN_000646,ACCT_SYN_000646,2026-01-04T17:20:00,2026-01-04,DUPLICATE,R006,Potential duplicate payment instruction,HIGH,RESOLVED,TEAM_SYN_001,USER_SYN_001_A03,RESOLVED,SYN_RESOLVED,2026-01-04T20:20:00,2026-01-04T21:20:00,FALSE,TRUE
EXC_SYN_0002151,PAY_SYN_0014291,CUST_SYN_000768,ACCT_SYN_000768,2025-12-14T13:35:00,2025-12-14,SYSTEM,R007,Processing system unavailable,MEDIUM,RESOLVED,TEAM_SYN_002,USER_SYN_002_A04,RESOLVED,SYN_RESOLVED,2025-12-14T14:35:00,2025-12-14T21:35:00,FALSE,FALSE
EXC_SYN_0002152,PAY_SYN_0009033,CUST_SYN_000222,ACCT_SYN_001222,2026-01-08T16:22:00,2026-01-08,AUTHORIZATION,R008,Required payment authorization incomplete,HIGH,OPEN,TEAM_SYN_003,USER_SYN_003_A01,UNRESOLVED,,,2026-01-08T20:22:00,TRUE,TRUE
EXC_SYN_0002153,PAY_SYN_0022537,CUST_SYN_000370,ACCT_SYN_001370,2025-12-12T20:03:00,2025-12-12,BENEFICIARY,R009,Beneficiary details require review,MEDIUM,RESOLVED,TEAM_SYN_004,USER_SYN_004_A02,RESOLVED,SYN_RESOLVED,2025-12-12T23:03:00,2025-12-13T04:03:00,TRUE,TRUE
EXC_SYN_0002154,PAY_SYN_0023563,CUST_SYN_000332,ACCT_SYN_000332,2025-12-12T15:58:00,2025-12-12,CURRENCY,R010,Currency handling exception,MEDIUM,RESOLVED,TEAM_SYN_005,USER_SYN_005_A03,RESOLVED,SYN_RESOLVED,2025-12-12T16:58:00,2025-12-12T23:58:00,TRUE,TRUE
EXC_SYN_0002155,PAY_SYN_0012607,CUST_SYN_000460,ACCT_SYN_001460,2026-02-27T20:59:00,2026-02-27,SETTLEMENT,R011,Settlement confirmation delayed,LOW,RESOLVED,TEAM_SYN_001,USER_SYN_001_A04,RESOLVED,SYN_RESOLVED,2026-02-27T22:59:00,2026-02-28T04:59:00,FALSE,FALSE
EXC_SYN_0002156,PAY_SYN_0005822,CUST_SYN_000915,ACCT_SYN_000915,2025-11-19T15:37:00,2025-11-19,VALIDATION,R001,Payment instruction failed validation,MEDIUM,OPEN,TEAM_SYN_002,USER_SYN_002_A01,UNRESOLVED,,,2025-11-19T23:37:00,TRUE,TRUE
EXC_SYN_0002157,PAY_SYN_0007174,CUST_SYN_000439,ACCT_SYN_001439,2026-02-25T18:34:00,2026-02-25,LIQUIDITY,R002,Insufficient synthetic available funds,HIGH,RESOLVED,TEAM_SYN_003,USER_SYN_003_A02,RESOLVED,SYN_RESOLVED,2026-02-25T19:34:00,2026-02-25T22:34:00,FALSE,TRUE
EXC_SYN_0002158,PAY_SYN_0001137,CUST_SYN_000070,ACCT_SYN_000070,2025-12-08T21:28:00,2025-12-08,ROUTING,R003,Beneficiary routing information requires correction,MEDIUM,RESOLVED,TEAM_SYN_004,USER_SYN_004_A03,RESOLVED,SYN_RESOLVED,2025-12-08T23:28:00,2025-12-09T05:28:00,FALSE,TRUE
EXC_SYN_0002159,PAY_SYN_0021961,CUST_SYN_000058,ACCT_SYN_001058,2026-02-24T15:09:00,2026-02-24,CUTOFF,R004,Payment missed the processing cutoff,LOW,RESOLVED,TEAM_SYN_005,USER_SYN_005_A04,RESOLVED,SYN_RESOLVED,2026-02-24T18:09:00,2026-02-24T23:09:00,TRUE,FALSE
EXC_SYN_0002160,PAY_SYN_0010743,CUST_SYN_000492,ACCT_SYN_001492,2025-12-01T11:36:00,2025-12-01,SANCTIONS_SCREENING,R005,Synthetic screening review pending,HIGH,OPEN,TEAM_SYN_001,USER_SYN_001_A01,UNRESOLVED,,,2025-12-01T15:36:00,TRUE,TRUE
EXC_SYN_0002161,PAY_SYN_0019209,CUST_SYN_000234,ACCT_SYN_001234,2025-12-28T17:31:00,2025-12-28,DUPLICATE,R006,Potential duplicate payment instruction,HIGH,RESOLVED,TEAM_SYN_002,USER_SYN_002_A02,RESOLVED,SYN_RESOLVED,2025-12-28T19:31:00,2025-12-28T21:31:00,FALSE,TRUE
EXC_SYN_0002162,PAY_SYN_0016711,CUST_SYN_000308,ACCT_SYN_000308,2026-03-08T10:18:00,2026-03-08,SYSTEM,R007,Processing system unavailable,MEDIUM,RESOLVED,TEAM_SYN_003,USER_SYN_003_A03,RESOLVED,SYN_RESOLVED,2026-03-08T13:18:00,2026-03-08T18:18:00,FALSE,FALSE
EXC_SYN_0002163,PAY_SYN_0009582,CUST_SYN_000535,ACCT_SYN_000535,2026-01-11T11:48:00,2026-01-11,AUTHORIZATION,R008,Required payment authorization incomplete,HIGH,RESOLVED,TEAM_SYN_004,USER_SYN_004_A04,RESOLVED,SYN_RESOLVED,2026-01-11T16:21:00,2026-01-11T15:48:00,FALSE,TRUE
EXC_SYN_0002164,PAY_SYN_0000427,CUST_SYN_000800,ACCT_SYN_000800,2026-02-23T16:56:00,2026-02-23,BENEFICIARY,R009,Beneficiary details require review,MEDIUM,OPEN,TEAM_SYN_005,USER_SYN_005_A01,UNRESOLVED,,,2026-02-24T00:56:00,TRUE,TRUE
EXC_SYN_0002165,PAY_SYN_0000142,CUST_SYN_000755,ACCT_SYN_000755,2026-01-03T11:54:00,2026-01-03,CURRENCY,R010,Currency handling exception,MEDIUM,RESOLVED,TEAM_SYN_001,USER_SYN_001_A02,RESOLVED,SYN_RESOLVED,2026-01-03T14:54:00,2026-01-03T19:54:00,TRUE,TRUE
EXC_SYN_0002166,PAY_SYN_0002966,CUST_SYN_000243,ACCT_SYN_000243,2025-12-30T15:35:00,2025-12-30,SETTLEMENT,R011,Settlement confirmation delayed,LOW,RESOLVED,TEAM_SYN_002,USER_SYN_002_A03,RESOLVED,SYN_RESOLVED,2025-12-30T16:35:00,2025-12-30T23:35:00,TRUE,FALSE
EXC_SYN_0002167,PAY_SYN_0014296,CUST_SYN_000953,ACCT_SYN_000953,2026-01-17T16:38:00,2026-01-17,VALIDATION,R001,Payment instruction failed validation,MEDIUM,RESOLVED,TEAM_SYN_003,USER_SYN_003_A04,RESOLVED,SYN_RESOLVED,2026-01-17T18:38:00,2026-01-18T00:38:00,FALSE,TRUE
EXC_SYN_0002168,PAY_SYN_0005941,CUST_SYN_000818,ACCT_SYN_000818,2026-02-22T11:06:00,2026-02-22,LIQUIDITY,R002,Insufficient synthetic available funds,HIGH,OPEN,TEAM_SYN_004,USER_SYN_004_A01,UNRESOLVED,,,2026-02-22T15:06:00,TRUE,TRUE
EXC_SYN_0002169,PAY_SYN_0023370,CUST_SYN_000691,ACCT_SYN_000691,2026-01-02T10:42:00,2026-01-02,ROUTING,R003,Beneficiary routing information requires correction,MEDIUM,RESOLVED,TEAM_SYN_005,USER_SYN_005_A02,RESOLVED,SYN_RESOLVED,2026-01-02T11:42:00,2026-01-02T18:42:00,TRUE,TRUE
EXC_SYN_0002170,PAY_SYN_0017430,CUST_SYN_000411,ACCT_SYN_001411,2026-02-13T10:55:00,2026-02-13,CUTOFF,R004,Payment missed the processing cutoff,LOW,RESOLVED,TEAM_SYN_001,USER_SYN_001_A03,RESOLVED,SYN_RESOLVED,2026-02-13T19:35:00,2026-02-13T18:55:00,FALSE,FALSE
EXC_SYN_0002171,PAY_SYN_0024293,CUST_SYN_000342,ACCT_SYN_000342,2026-01-26T13:49:00,2026-01-26,SANCTIONS_SCREENING,R005,Synthetic screening review pending,HIGH,RESOLVED,TEAM_SYN_002,USER_SYN_002_A04,RESOLVED,SYN_RESOLVED,2026-01-26T16:49:00,2026-01-26T17:49:00,FALSE,TRUE
EXC_SYN_0002172,PAY_SYN_0006555,CUST_SYN_000036,ACCT_SYN_001036,2025-11-18T16:36:00,2025-11-18,DUPLICATE,R006,Potential duplicate payment instruction,HIGH,OPEN,TEAM_SYN_003,USER_SYN_003_A01,UNRESOLVED,,,2025-11-18T20:36:00,FALSE,TRUE
EXC_SYN_0002173,PAY_SYN_0011307,CUST_SYN_000360,ACCT_SYN_001360,2026-02-17T18:13:00,2026-02-17,SYSTEM,R007,Processing system unavailable,MEDIUM,RESOLVED,TEAM_SYN_004,USER_SYN_004_A02,RESOLVED,SYN_RESOLVED,2026-02-17T20:13:00,2026-02-18T02:13:00,FALSE,FALSE
EXC_SYN_0002174,PAY_SYN_0024683,CUST_SYN_000272,ACCT_SYN_001272,2025-12-12T14:58:00,2025-12-12,AUTHORIZATION,R008,Required payment authorization incomplete,HIGH,RESOLVED,TEAM_SYN_005,USER_SYN_005_A03,RESOLVED,SYN_RESOLVED,2025-12-12T17:58:00,2025-12-12T18:58:00,TRUE,TRUE
EXC_SYN_0002175,PAY_SYN_0021877,CUST_SYN_000950,ACCT_SYN_000950,2026-02-02T18:49:00,2026-02-02,BENEFICIARY,R009,Beneficiary details require review,MEDIUM,RESOLVED,TEAM_SYN_001,USER_SYN_001_A04,RESOLVED,SYN_RESOLVED,2026-02-02T19:49:00,2026-02-03T02:49:00,FALSE,TRUE
EXC_SYN_0002176,PAY_SYN_0008765,CUST_SYN_000306,ACCT_SYN_000306,2025-12-11T17:18:00,2025-12-11,CURRENCY,R010,Currency handling exception,MEDIUM,OPEN,TEAM_SYN_002,USER_SYN_002_A01,UNRESOLVED,,,2025-12-12T01:18:00,FALSE,TRUE
EXC_SYN_0002177,PAY_SYN_0021776,CUST_SYN_000213,ACCT_SYN_000213,2026-01-29T18:28:00,2026-01-29,SETTLEMENT,R011,Settlement confirmation delayed,LOW,RESOLVED,TEAM_SYN_003,USER_SYN_003_A02,RESOLVED,SYN_RESOLVED,2026-01-30T03:15:00,2026-01-30T02:28:00,TRUE,FALSE
EXC_SYN_0002178,PAY_SYN_0023998,CUST_SYN_000427,ACCT_SYN_001427,2026-02-13T20:55:00,2026-02-13,VALIDATION,R001,Payment instruction failed validation,MEDIUM,RESOLVED,TEAM_SYN_004,USER_SYN_004_A03,RESOLVED,SYN_RESOLVED,2026-02-13T21:55:00,2026-02-14T04:55:00,TRUE,TRUE
EXC_SYN_0002179,PAY_SYN_0010659,CUST_SYN_000384,ACCT_SYN_001384,2025-11-26T21:55:00,2025-11-26,LIQUIDITY,R002,Insufficient synthetic available funds,HIGH,RESOLVED,TEAM_SYN_005,USER_SYN_005_A04,RESOLVED,SYN_RESOLVED,2025-11-26T23:55:00,2025-11-27T01:55:00,TRUE,TRUE
EXC_SYN_0002180,PAY_SYN_0011718,CUST_SYN_000067,ACCT_SYN_000067,2026-03-02T20:41:00,2026-03-02,ROUTING,R003,Beneficiary routing information requires correction,MEDIUM,OPEN,TEAM_SYN_001,USER_SYN_001_A01,UNRESOLVED,,,2026-03-03T04:41:00,TRUE,TRUE
EXC_SYN_0002181,PAY_SYN_0024851,CUST_SYN_000488,ACCT_SYN_001488,2025-12-30T14:05:00,2025-12-30,CUTOFF,R004,Payment missed the processing cutoff,LOW,RESOLVED,TEAM_SYN_002,USER_SYN_002_A02,RESOLVED,SYN_RESOLVED,2025-12-30T15:05:00,2025-12-30T22:05:00,TRUE,FALSE
EXC_SYN_0002182,PAY_SYN_0000538,CUST_SYN_000407,ACCT_SYN_000407,2025-12-26T21:47:00,2025-12-26,SANCTIONS_SCREENING,R005,Synthetic screening review pending,HIGH,RESOLVED,TEAM_SYN_003,USER_SYN_003_A03,RESOLVED,SYN_RESOLVED,2025-12-26T23:47:00,2025-12-27T01:47:00,TRUE,TRUE
EXC_SYN_0002183,PAY_SYN_0007008,CUST_SYN_000297,ACCT_SYN_001297,2026-02-06T21:50:00,2026-02-06,DUPLICATE,R006,Potential duplicate payment instruction,HIGH,RESOLVED,TEAM_SYN_004,USER_SYN_004_A04,RESOLVED,SYN_RESOLVED,2026-02-07T00:50:00,2026-02-07T01:50:00,TRUE,TRUE
EXC_SYN_0002184,PAY_SYN_0011489,CUST_SYN_000594,ACCT_SYN_000594,2026-03-07T22:50:00,2026-03-07,SYSTEM,R007,Processing system unavailable,MEDIUM,OPEN,TEAM_SYN_005,USER_SYN_005_A01,UNRESOLVED,,,2026-03-08T06:50:00,FALSE,FALSE
EXC_SYN_0002185,PAY_SYN_0018132,CUST_SYN_000385,ACCT_SYN_000385,2026-02-22T16:04:00,2026-02-22,AUTHORIZATION,R008,Required payment authorization incomplete,HIGH,RESOLVED,TEAM_SYN_001,USER_SYN_001_A02,RESOLVED,SYN_RESOLVED,2026-02-22T18:04:00,2026-02-22T20:04:00,TRUE,TRUE
EXC_SYN_0002186,PAY_SYN_0018687,CUST_SYN_000420,ACCT_SYN_001420,2025-12-28T21:02:00,2025-12-28,BENEFICIARY,R009,Beneficiary details require review,MEDIUM,RESOLVED,TEAM_SYN_002,USER_SYN_002_A03,RESOLVED,SYN_RESOLVED,2025-12-29T00:02:00,2025-12-29T05:02:00,FALSE,TRUE
EXC_SYN_0002187,PAY_SYN_0004711,CUST_SYN_000308,ACCT_SYN_000308,2025-12-20T15:43:00,2025-12-20,CURRENCY,R010,Currency handling exception,MEDIUM,RESOLVED,TEAM_SYN_003,USER_SYN_003_A04,RESOLVED,SYN_RESOLVED,2025-12-20T16:43:00,2025-12-20T23:43:00,FALSE,TRUE
EXC_SYN_0002188,PAY_SYN_0012333,CUST_SYN_000322,ACCT_SYN_000322,2026-03-06T12:10:00,2026-03-06,SETTLEMENT,R011,Settlement confirmation delayed,LOW,OPEN,TEAM_SYN_004,USER_SYN_004_A01,UNRESOLVED,,,2026-03-06T20:10:00,TRUE,FALSE
EXC_SYN_0002189,PAY_SYN_0012451,CUST_SYN_000188,ACCT_SYN_000188,2026-01-23T10:09:00,2026-01-23,VALIDATION,R001,Payment instruction failed validation,MEDIUM,RESOLVED,TEAM_SYN_005,USER_SYN_005_A02,RESOLVED,SYN_RESOLVED,2026-01-23T13:09:00,2026-01-23T18:09:00,FALSE,TRUE
EXC_SYN_0002190,PAY_SYN_0013262,CUST_SYN_000195,ACCT_SYN_000195,2026-01-09T10:59:00,2026-01-09,LIQUIDITY,R002,Insufficient synthetic available funds,HIGH,RESOLVED,TEAM_SYN_001,USER_SYN_001_A03,RESOLVED,SYN_RESOLVED,2026-01-09T11:59:00,2026-01-09T14:59:00,TRUE,TRUE
EXC_SYN_0002191,PAY_SYN_0021521,CUST_SYN_000278,ACCT_SYN_001278,2025-11-24T10:45:00,2025-11-24,ROUTING,R003,Beneficiary routing information requires correction,MEDIUM,RESOLVED,TEAM_SYN_002,USER_SYN_002_A04,RESOLVED,SYN_RESOLVED,2025-11-24T19:46:00,2025-11-24T18:45:00,TRUE,TRUE
EXC_SYN_0002192,PAY_SYN_0012452,CUST_SYN_000225,ACCT_SYN_000225,2026-03-15T11:55:00,2026-03-15,CUTOFF,R004,Payment missed the processing cutoff,LOW,OPEN,TEAM_SYN_003,USER_SYN_003_A01,UNRESOLVED,,,2026-03-15T19:55:00,TRUE,FALSE
EXC_SYN_0002193,PAY_SYN_0023005,CUST_SYN_000686,ACCT_SYN_000686,2026-03-02T15:19:00,2026-03-02,SANCTIONS_SCREENING,R005,Synthetic screening review pending,HIGH,RESOLVED,TEAM_SYN_004,USER_SYN_004_A02,RESOLVED,SYN_RESOLVED,2026-03-02T16:19:00,2026-03-02T19:19:00,FALSE,TRUE
EXC_SYN_0002194,PAY_SYN_0021167,CUST_SYN_000180,ACCT_SYN_000180,2026-01-16T17:06:00,2026-01-16,DUPLICATE,R006,Potential duplicate payment instruction,HIGH,RESOLVED,TEAM_SYN_005,USER_SYN_005_A03,RESOLVED,SYN_RESOLVED,2026-01-16T19:06:00,2026-01-16T21:06:00,FALSE,TRUE
EXC_SYN_0002195,PAY_SYN_0021008,CUST_SYN_000297,ACCT_SYN_000297,2025-12-25T18:46:00,2025-12-25,SYSTEM,R007,Processing system unavailable,MEDIUM,RESOLVED,TEAM_SYN_001,USER_SYN_001_A04,RESOLVED,SYN_RESOLVED,2025-12-25T21:46:00,2025-12-26T02:46:00,FALSE,FALSE
EXC_SYN_0002196,PAY_SYN_0001887,CUST_SYN_000820,ACCT_SYN_000820,2026-01-20T17:12:00,2026-01-20,AUTHORIZATION,R008,Required payment authorization incomplete,HIGH,OPEN,TEAM_SYN_002,USER_SYN_002_A01,UNRESOLVED,,,2026-01-20T21:12:00,FALSE,TRUE
EXC_SYN_0002197,PAY_SYN_0011474,CUST_SYN_000039,ACCT_SYN_000039,2025-11-21T14:54:00,2025-11-21,BENEFICIARY,R009,Beneficiary details require review,MEDIUM,RESOLVED,TEAM_SYN_003,USER_SYN_003_A02,RESOLVED,SYN_RESOLVED,2025-11-21T16:54:00,2025-11-21T22:54:00,FALSE,TRUE
EXC_SYN_0002198,PAY_SYN_0005355,CUST_SYN_000136,ACCT_SYN_000136,2026-02-07T16:14:00,2026-02-07,CURRENCY,R010,Currency handling exception,MEDIUM,RESOLVED,TEAM_SYN_004,USER_SYN_004_A03,RESOLVED,SYN_RESOLVED,2026-02-08T01:22:00,2026-02-08T00:14:00,FALSE,TRUE
EXC_SYN_0002199,PAY_SYN_0011890,CUST_SYN_000431,ACCT_SYN_000431,2025-11-28T10:52:00,2025-11-28,SETTLEMENT,R011,Settlement confirmation delayed,LOW,RESOLVED,TEAM_SYN_005,USER_SYN_005_A04,RESOLVED,SYN_RESOLVED,2025-11-28T11:52:00,2025-11-28T18:52:00,FALSE,FALSE
EXC_SYN_0002200,PAY_SYN_0023309,CUST_SYN_000434,ACCT_SYN_001434,2026-01-16T20:18:00,2026-01-16,VALIDATION,R001,Payment instruction failed validation,MEDIUM,OPEN,TEAM_SYN_001,USER_SYN_001_A01,UNRESOLVED,,,2026-01-17T04:18:00,FALSE,TRUE
EXC_SYN_0002201,PAY_SYN_0013662,CUST_SYN_000495,ACCT_SYN_001495,2026-01-16T14:02:00,2026-01-16,LIQUIDITY,R002,Insufficient synthetic available funds,HIGH,RESOLVED,TEAM_SYN_002,USER_SYN_002_A02,RESOLVED,SYN_RESOLVED,2026-01-16T17:02:00,2026-01-16T18:02:00,FALSE,TRUE
EXC_SYN_0002202,PAY_SYN_0015527,CUST_SYN_000500,ACCT_SYN_001500,2025-12-17T18:50:00,2025-12-17,ROUTING,R003,Beneficiary routing information requires correction,MEDIUM,RESOLVED,TEAM_SYN_003,USER_SYN_003_A03,RESOLVED,SYN_RESOLVED,2025-12-17T19:50:00,2025-12-18T02:50:00,TRUE,TRUE
EXC_SYN_0002203,PAY_SYN_0024411,CUST_SYN_000208,ACCT_SYN_000208,2025-12-03T13:31:00,2025-12-03,CUTOFF,R004,Payment missed the processing cutoff,LOW,RESOLVED,TEAM_SYN_004,USER_SYN_004_A04,RESOLVED,SYN_RESOLVED,2025-12-03T15:31:00,2025-12-03T21:31:00,TRUE,FALSE
EXC_SYN_0002204,PAY_SYN_0002493,CUST_SYN_000742,ACCT_SYN_000742,2026-02-20T15:38:00,2026-02-20,SANCTIONS_SCREENING,R005,Synthetic screening review pending,HIGH,OPEN,TEAM_SYN_005,USER_SYN_005_A01,UNRESOLVED,,,2026-02-20T19:38:00,FALSE,TRUE
EXC_SYN_0002205,PAY_SYN_0003559,CUST_SYN_000184,ACCT_SYN_001184,2026-02-01T21:13:00,2026-02-01,DUPLICATE,R006,Potential duplicate payment instruction,HIGH,RESOLVED,TEAM_SYN_001,USER_SYN_001_A02,RESOLVED,SYN_RESOLVED,2026-02-02T02:28:00,2026-02-02T01:13:00,FALSE,TRUE
EXC_SYN_0002206,PAY_SYN_0019427,CUST_SYN_000300,ACCT_SYN_000300,2026-02-03T19:42:00,2026-02-03,SYSTEM,R007,Processing system unavailable,MEDIUM,RESOLVED,TEAM_SYN_002,USER_SYN_002_A03,RESOLVED,SYN_RESOLVED,2026-02-03T21:42:00,2026-02-04T03:42:00,FALSE,FALSE
EXC_SYN_0002207,PAY_SYN_0008151,CUST_SYN_000088,ACCT_SYN_000088,2026-01-27T14:23:00,2026-01-27,AUTHORIZATION,R008,Required payment authorization incomplete,HIGH,RESOLVED,TEAM_SYN_003,USER_SYN_003_A04,RESOLVED,SYN_RESOLVED,2026-01-27T17:23:00,2026-01-27T18:23:00,TRUE,TRUE
EXC_SYN_0002208,PAY_SYN_0000023,CUST_SYN_000852,ACCT_SYN_000852,2026-03-08T16:20:00,2026-03-08,BENEFICIARY,R009,Beneficiary details require review,MEDIUM,OPEN,TEAM_SYN_004,USER_SYN_004_A01,UNRESOLVED,,,2026-03-09T00:20:00,FALSE,TRUE
EXC_SYN_0002209,PAY_SYN_0006867,CUST_SYN_000580,ACCT_SYN_000580,2025-12-20T20:01:00,2025-12-20,CURRENCY,R010,Currency handling exception,MEDIUM,RESOLVED,TEAM_SYN_005,USER_SYN_005_A02,RESOLVED,SYN_RESOLVED,2025-12-20T22:01:00,2025-12-21T04:01:00,TRUE,TRUE
EXC_SYN_0002210,PAY_SYN_0018891,CUST_SYN_000468,ACCT_SYN_001468,2026-01-09T15:02:00,2026-01-09,SETTLEMENT,R011,Settlement confirmation delayed,LOW,RESOLVED,TEAM_SYN_001,USER_SYN_001_A03,RESOLVED,SYN_RESOLVED,2026-01-09T18:02:00,2026-01-09T23:02:00,FALSE,FALSE
EXC_SYN_0002211,PAY_SYN_0006609,CUST_SYN_000034,ACCT_SYN_000034,2026-02-03T22:21:00,2026-02-03,VALIDATION,R001,Payment instruction failed validation,MEDIUM,RESOLVED,TEAM_SYN_002,USER_SYN_002_A04,RESOLVED,SYN_RESOLVED,2026-02-03T23:21:00,2026-02-04T06:21:00,TRUE,TRUE
EXC_SYN_0002212,PAY_SYN_0005370,CUST_SYN_000691,ACCT_SYN_000691,2025-12-23T14:01:00,2025-12-23,LIQUIDITY,R002,Insufficient synthetic available funds,HIGH,OPEN,TEAM_SYN_003,USER_SYN_003_A01,UNRESOLVED,,,2025-12-23T18:01:00,FALSE,TRUE
EXC_SYN_0002213,PAY_SYN_0016384,CUST_SYN_000209,ACCT_SYN_000209,2026-01-20T18:12:00,2026-01-20,ROUTING,R003,Beneficiary routing information requires correction,MEDIUM,RESOLVED,TEAM_SYN_004,USER_SYN_004_A02,RESOLVED,SYN_RESOLVED,2026-01-20T21:12:00,2026-01-21T02:12:00,TRUE,TRUE
EXC_SYN_0002214,PAY_SYN_0010395,CUST_SYN_000616,ACCT_SYN_000616,2025-11-22T19:42:00,2025-11-22,CUTOFF,R004,Payment missed the processing cutoff,LOW,RESOLVED,TEAM_SYN_005,USER_SYN_005_A03,RESOLVED,SYN_RESOLVED,2025-11-22T20:42:00,2025-11-23T03:42:00,TRUE,FALSE
EXC_SYN_0002215,PAY_SYN_0017060,CUST_SYN_000221,ACCT_SYN_001221,2026-02-07T14:30:00,2026-02-07,SANCTIONS_SCREENING,R005,Synthetic screening review pending,HIGH,RESOLVED,TEAM_SYN_001,USER_SYN_001_A04,RESOLVED,SYN_RESOLVED,2026-02-07T16:30:00,2026-02-07T18:30:00,TRUE,TRUE
EXC_SYN_0002216,PAY_SYN_0011281,CUST_SYN_000398,ACCT_SYN_000398,2025-11-29T09:30:00,2025-11-29,DUPLICATE,R006,Potential duplicate payment instruction,HIGH,OPEN,TEAM_SYN_002,USER_SYN_002_A01,UNRESOLVED,,,2025-11-29T13:30:00,FALSE,TRUE
EXC_SYN_0002217,PAY_SYN_0008385,CUST_SYN_000246,ACCT_SYN_001246,2026-01-13T13:51:00,2026-01-13,SYSTEM,R007,Processing system unavailable,MEDIUM,RESOLVED,TEAM_SYN_003,USER_SYN_003_A02,RESOLVED,SYN_RESOLVED,2026-01-13T14:51:00,2026-01-13T21:51:00,FALSE,FALSE
EXC_SYN_0002218,PAY_SYN_0024174,CUST_SYN_000439,ACCT_SYN_000439,2026-01-08T13:07:00,2026-01-08,AUTHORIZATION,R008,Required payment authorization incomplete,HIGH,RESOLVED,TEAM_SYN_004,USER_SYN_004_A03,RESOLVED,SYN_RESOLVED,2026-01-08T15:07:00,2026-01-08T17:07:00,FALSE,TRUE
EXC_SYN_0002219,PAY_SYN_0008927,CUST_SYN_000300,ACCT_SYN_000300,2026-01-11T16:31:00,2026-01-11,BENEFICIARY,R009,Beneficiary details require review,MEDIUM,RESOLVED,TEAM_SYN_005,USER_SYN_005_A04,RESOLVED,SYN_RESOLVED,2026-01-12T02:00:00,2026-01-12T00:31:00,TRUE,TRUE
EXC_SYN_0002220,PAY_SYN_0012148,CUST_SYN_000977,ACCT_SYN_000977,2025-12-18T17:31:00,2025-12-18,CURRENCY,R010,Currency handling exception,MEDIUM,OPEN,TEAM_SYN_001,USER_SYN_001_A01,UNRESOLVED,,,2025-12-19T01:31:00,FALSE,TRUE
EXC_SYN_0002221,PAY_SYN_0002918,CUST_SYN_000467,ACCT_SYN_001467,2026-02-13T17:54:00,2026-02-13,SETTLEMENT,R011,Settlement confirmation delayed,LOW,RESOLVED,TEAM_SYN_002,USER_SYN_002_A02,RESOLVED,SYN_RESOLVED,2026-02-13T19:54:00,2026-02-14T01:54:00,FALSE,FALSE
EXC_SYN_0002222,PAY_SYN_0000619,CUST_SYN_000404,ACCT_SYN_000404,2025-12-03T18:54:00,2025-12-03,VALIDATION,R001,Payment instruction failed validation,MEDIUM,RESOLVED,TEAM_SYN_003,USER_SYN_003_A03,RESOLVED,SYN_RESOLVED,2025-12-03T21:54:00,2025-12-04T02:54:00,TRUE,TRUE
EXC_SYN_0002223,PAY_SYN_0009527,CUST_SYN_000500,ACCT_SYN_001500,2025-11-18T17:23:00,2025-11-18,LIQUIDITY,R002,Insufficient synthetic available funds,HIGH,RESOLVED,TEAM_SYN_004,USER_SYN_004_A04,RESOLVED,SYN_RESOLVED,2025-11-18T18:23:00,2025-11-18T21:23:00,TRUE,TRUE
EXC_SYN_0002224,PAY_SYN_0012136,CUST_SYN_000533,ACCT_SYN_000533,2026-03-01T16:59:00,2026-03-01,ROUTING,R003,Beneficiary routing information requires correction,MEDIUM,OPEN,TEAM_SYN_005,USER_SYN_005_A01,UNRESOLVED,,,2026-03-02T00:59:00,TRUE,TRUE
EXC_SYN_0002225,PAY_SYN_0006815,CUST_SYN_000156,ACCT_SYN_000156,2026-02-09T15:25:00,2026-02-09,CUTOFF,R004,Payment missed the processing cutoff,LOW,RESOLVED,TEAM_SYN_001,USER_SYN_001_A02,RESOLVED,SYN_RESOLVED,2026-02-09T18:25:00,2026-02-09T23:25:00,TRUE,FALSE
EXC_SYN_0002226,PAY_SYN_0024586,CUST_SYN_000683,ACCT_SYN_000683,2026-03-14T16:55:00,2026-03-14,LIQUIDITY,R002,Insufficient synthetic available funds,HIGH,RESOLVED,TEAM_SYN_002,USER_SYN_002_A03,RESOLVED,SYN_RESOLVED,2026-03-14T22:31:00,2026-03-14T20:55:00,TRUE,TRUE
EXC_SYN_0002227,PAY_SYN_0014791,CUST_SYN_000268,ACCT_SYN_001268,2026-01-22T12:23:00,2026-01-22,DUPLICATE,R006,Potential duplicate payment instruction,HIGH,RESOLVED,TEAM_SYN_003,USER_SYN_003_A04,RESOLVED,SYN_RESOLVED,2026-01-22T14:23:00,2026-01-22T16:23:00,TRUE,TRUE
EXC_SYN_0002228,PAY_SYN_0009131,CUST_SYN_000348,ACCT_SYN_000348,2026-01-20T12:16:00,2026-01-20,SYSTEM,R007,Processing system unavailable,MEDIUM,OPEN,TEAM_SYN_004,USER_SYN_004_A01,UNRESOLVED,,,2026-01-20T20:16:00,TRUE,FALSE
EXC_SYN_0002229,PAY_SYN_0000492,CUST_SYN_000205,ACCT_SYN_000205,2026-03-03T13:36:00,2026-03-03,AUTHORIZATION,R008,Required payment authorization incomplete,HIGH,RESOLVED,TEAM_SYN_005,USER_SYN_005_A02,RESOLVED,SYN_RESOLVED,2026-03-03T14:36:00,2026-03-03T17:36:00,TRUE,TRUE
EXC_SYN_0002230,PAY_SYN_0024661,CUST_SYN_000458,ACCT_SYN_000458,2026-01-20T12:32:00,2026-01-20,BENEFICIARY,R009,Beneficiary details require review,MEDIUM,RESOLVED,TEAM_SYN_001,USER_SYN_001_A03,RESOLVED,SYN_RESOLVED,2026-01-20T14:32:00,2026-01-20T20:32:00,TRUE,TRUE
EXC_SYN_0002231,PAY_SYN_0005034,CUST_SYN_000259,ACCT_SYN_000259,2026-01-01T15:56:00,2026-01-01,CURRENCY,R010,Currency handling exception,MEDIUM,RESOLVED,TEAM_SYN_002,USER_SYN_002_A04,RESOLVED,SYN_RESOLVED,2026-01-01T18:56:00,2026-01-01T23:56:00,TRUE,TRUE
EXC_SYN_0002232,PAY_SYN_0012149,CUST_SYN_000014,ACCT_SYN_001014,2026-01-29T21:14:00,2026-01-29,SETTLEMENT,R011,Settlement confirmation delayed,LOW,OPEN,TEAM_SYN_003,USER_SYN_003_A01,UNRESOLVED,,,2026-01-30T05:14:00,FALSE,FALSE
EXC_SYN_0002233,PAY_SYN_0019849,CUST_SYN_000914,ACCT_SYN_000914,2026-03-05T21:47:00,2026-03-05,VALIDATION,R001,Payment instruction failed validation,MEDIUM,RESOLVED,TEAM_SYN_004,USER_SYN_004_A02,RESOLVED,SYN_RESOLVED,2026-03-06T07:30:00,2026-03-06T05:47:00,TRUE,TRUE
EXC_SYN_0002234,PAY_SYN_0024483,CUST_SYN_000372,ACCT_SYN_001372,2026-01-14T15:38:00,2026-01-14,LIQUIDITY,R002,Insufficient synthetic available funds,HIGH,RESOLVED,TEAM_SYN_005,USER_SYN_005_A03,RESOLVED,SYN_RESOLVED,2026-01-14T18:38:00,2026-01-14T19:38:00,TRUE,TRUE
EXC_SYN_0002235,PAY_SYN_0008333,CUST_SYN_000822,ACCT_SYN_000822,2025-11-18T15:41:00,2025-11-18,ROUTING,R003,Beneficiary routing information requires correction,MEDIUM,RESOLVED,TEAM_SYN_001,USER_SYN_001_A04,RESOLVED,SYN_RESOLVED,2025-11-18T16:41:00,2025-11-18T23:41:00,FALSE,TRUE
EXC_SYN_0002236,PAY_SYN_0024897,CUST_SYN_000190,ACCT_SYN_000190,2026-02-08T20:22:00,2026-02-08,CUTOFF,R004,Payment missed the processing cutoff,LOW,OPEN,TEAM_SYN_002,USER_SYN_002_A01,UNRESOLVED,,,2026-02-09T04:22:00,FALSE,FALSE
EXC_SYN_0002237,PAY_SYN_0018712,CUST_SYN_000845,ACCT_SYN_000845,2026-02-23T15:00:00,2026-02-23,SANCTIONS_SCREENING,R005,Synthetic screening review pending,HIGH,RESOLVED,TEAM_SYN_003,USER_SYN_003_A02,RESOLVED,SYN_RESOLVED,2026-02-23T18:00:00,2026-02-23T19:00:00,FALSE,TRUE
EXC_SYN_0002238,PAY_SYN_0010248,CUST_SYN_000177,ACCT_SYN_001177,2025-11-24T21:45:00,2025-11-24,DUPLICATE,R006,Potential duplicate payment instruction,HIGH,RESOLVED,TEAM_SYN_004,USER_SYN_004_A03,RESOLVED,SYN_RESOLVED,2025-11-24T22:45:00,2025-11-25T01:45:00,TRUE,TRUE
EXC_SYN_0002239,PAY_SYN_0003950,CUST_SYN_000651,ACCT_SYN_000651,2025-12-12T14:12:00,2025-12-12,SYSTEM,R007,Processing system unavailable,MEDIUM,RESOLVED,TEAM_SYN_005,USER_SYN_005_A04,RESOLVED,SYN_RESOLVED,2025-12-12T16:12:00,2025-12-12T22:12:00,FALSE,FALSE
EXC_SYN_0002240,PAY_SYN_0017268,CUST_SYN_000417,ACCT_SYN_001417,2026-01-31T22:11:00,2026-01-31,AUTHORIZATION,R008,Required payment authorization incomplete,HIGH,OPEN,TEAM_SYN_001,USER_SYN_001_A01,UNRESOLVED,,,2026-02-01T02:11:00,TRUE,TRUE
EXC_SYN_0002241,PAY_SYN_0012296,CUST_SYN_000453,ACCT_SYN_000453,2026-02-08T20:20:00,2026-02-08,BENEFICIARY,R009,Beneficiary details require review,MEDIUM,RESOLVED,TEAM_SYN_002,USER_SYN_002_A02,RESOLVED,SYN_RESOLVED,2026-02-08T21:20:00,2026-02-09T04:20:00,FALSE,TRUE
EXC_SYN_0002242,PAY_SYN_0020234,CUST_SYN_000159,ACCT_SYN_000159,2026-01-23T18:39:00,2026-01-23,CURRENCY,R010,Currency handling exception,MEDIUM,RESOLVED,TEAM_SYN_003,USER_SYN_003_A03,RESOLVED,SYN_RESOLVED,2026-01-23T20:39:00,2026-01-24T02:39:00,FALSE,TRUE
EXC_SYN_0002243,PAY_SYN_0002572,CUST_SYN_000665,ACCT_SYN_000665,2026-01-05T16:18:00,2026-01-05,SETTLEMENT,R011,Settlement confirmation delayed,LOW,RESOLVED,TEAM_SYN_004,USER_SYN_004_A04,RESOLVED,SYN_RESOLVED,2026-01-05T19:18:00,2026-01-06T00:18:00,FALSE,FALSE
EXC_SYN_0002244,PAY_SYN_0014556,CUST_SYN_000073,ACCT_SYN_000073,2025-12-08T14:39:00,2025-12-08,VALIDATION,R001,Payment instruction failed validation,MEDIUM,OPEN,TEAM_SYN_005,USER_SYN_005_A01,UNRESOLVED,,,2025-12-08T22:39:00,TRUE,TRUE
EXC_SYN_0002245,PAY_SYN_0024966,CUST_SYN_000243,ACCT_SYN_001243,2025-12-15T15:22:00,2025-12-15,LIQUIDITY,R002,Insufficient synthetic available funds,HIGH,RESOLVED,TEAM_SYN_001,USER_SYN_001_A02,RESOLVED,SYN_RESOLVED,2025-12-15T17:22:00,2025-12-15T19:22:00,FALSE,TRUE
EXC_SYN_0002246,PAY_SYN_0011450,CUST_SYN_000651,ACCT_SYN_000651,2026-01-28T09:43:00,2026-01-28,ROUTING,R003,Beneficiary routing information requires correction,MEDIUM,RESOLVED,TEAM_SYN_002,USER_SYN_002_A03,RESOLVED,SYN_RESOLVED,2026-01-28T12:43:00,2026-01-28T17:43:00,FALSE,TRUE
EXC_SYN_0002247,PAY_SYN_0010860,CUST_SYN_000321,ACCT_SYN_001321,2025-12-31T09:06:00,2025-12-31,CUTOFF,R004,Payment missed the processing cutoff,LOW,RESOLVED,TEAM_SYN_003,USER_SYN_003_A04,RESOLVED,SYN_RESOLVED,2025-12-31T19:03:00,2025-12-31T17:06:00,FALSE,FALSE
EXC_SYN_0002248,PAY_SYN_0000575,CUST_SYN_000276,ACCT_SYN_000276,2026-01-24T14:24:00,2026-01-24,SANCTIONS_SCREENING,R005,Synthetic screening review pending,HIGH,OPEN,TEAM_SYN_004,USER_SYN_004_A01,UNRESOLVED,,,2026-01-24T18:24:00,TRUE,TRUE
EXC_SYN_0002249,PAY_SYN_0015289,CUST_SYN_000194,ACCT_SYN_000194,2025-11-22T19:15:00,2025-11-22,DUPLICATE,R006,Potential duplicate payment instruction,HIGH,RESOLVED,TEAM_SYN_005,USER_SYN_005_A02,RESOLVED,SYN_RESOLVED,2025-11-22T22:15:00,2025-11-22T23:15:00,TRUE,TRUE
EXC_SYN_0002250,PAY_SYN_0022962,CUST_SYN_000595,ACCT_SYN_000595,2026-02-02T12:39:00,2026-02-02,SYSTEM,R007,Processing system unavailable,MEDIUM,RESOLVED,TEAM_SYN_001,USER_SYN_001_A03,RESOLVED,SYN_RESOLVED,2026-02-02T13:39:00,2026-02-02T20:39:00,FALSE,FALSE
EXC_SYN_0002251,PAY_SYN_0016205,CUST_SYN_000086,ACCT_SYN_001086,2025-12-26T15:33:00,2025-12-26,AUTHORIZATION,R008,Required payment authorization incomplete,HIGH,RESOLVED,TEAM_SYN_002,USER_SYN_002_A04,RESOLVED,SYN_RESOLVED,2025-12-26T17:33:00,2025-12-26T19:33:00,TRUE,TRUE
EXC_SYN_0002252,PAY_SYN_0017140,CUST_SYN_000181,ACCT_SYN_001181,2026-01-28T10:51:00,2026-01-28,BENEFICIARY,R009,Beneficiary details require review,MEDIUM,OPEN,TEAM_SYN_003,USER_SYN_003_A01,UNRESOLVED,,,2026-01-28T18:51:00,TRUE,TRUE
EXC_SYN_0002253,PAY_SYN_0000444,CUST_SYN_000429,ACCT_SYN_001429,2025-12-20T15:12:00,2025-12-20,CURRENCY,R010,Currency handling exception,MEDIUM,RESOLVED,TEAM_SYN_004,USER_SYN_004_A02,RESOLVED,SYN_RESOLVED,2025-12-20T16:12:00,2025-12-20T23:12:00,FALSE,TRUE
EXC_SYN_0002254,PAY_SYN_0010652,CUST_SYN_000125,ACCT_SYN_001125,2026-01-12T13:21:00,2026-01-12,SETTLEMENT,R011,Settlement confirmation delayed,LOW,RESOLVED,TEAM_SYN_005,USER_SYN_005_A03,RESOLVED,SYN_RESOLVED,2026-01-12T23:25:00,2026-01-12T21:21:00,FALSE,FALSE
EXC_SYN_0002255,PAY_SYN_0009791,CUST_SYN_000768,ACCT_SYN_000768,2026-01-19T12:07:00,2026-01-19,VALIDATION,R001,Payment instruction failed validation,MEDIUM,RESOLVED,TEAM_SYN_001,USER_SYN_001_A04,RESOLVED,SYN_RESOLVED,2026-01-19T15:07:00,2026-01-19T20:07:00,FALSE,TRUE
EXC_SYN_0002256,PAY_SYN_0015031,CUST_SYN_000148,ACCT_SYN_001148,2025-12-07T12:40:00,2025-12-07,LIQUIDITY,R002,Insufficient synthetic available funds,HIGH,OPEN,TEAM_SYN_002,USER_SYN_002_A01,UNRESOLVED,,,2025-12-07T16:40:00,TRUE,TRUE
EXC_SYN_0002257,PAY_SYN_0001306,CUST_SYN_000323,ACCT_SYN_000323,2026-01-27T17:38:00,2026-01-27,ROUTING,R003,Beneficiary routing information requires correction,MEDIUM,RESOLVED,TEAM_SYN_003,USER_SYN_003_A02,RESOLVED,SYN_RESOLVED,2026-01-27T19:38:00,2026-01-28T01:38:00,TRUE,TRUE
EXC_SYN_0002258,PAY_SYN_0012229,CUST_SYN_000974,ACCT_SYN_000974,2026-03-11T21:12:00,2026-03-11,LIQUIDITY,R002,Insufficient synthetic available funds,HIGH,RESOLVED,TEAM_SYN_004,USER_SYN_004_A03,RESOLVED,SYN_RESOLVED,2026-03-12T00:12:00,2026-03-12T01:12:00,TRUE,TRUE
EXC_SYN_0002259,PAY_SYN_0007495,CUST_SYN_000316,ACCT_SYN_001316,2025-12-21T17:07:00,2025-12-21,SANCTIONS_SCREENING,R005,Synthetic screening review pending,HIGH,RESOLVED,TEAM_SYN_005,USER_SYN_005_A04,RESOLVED,SYN_RESOLVED,2025-12-21T18:07:00,2025-12-21T21:07:00,FALSE,TRUE
EXC_SYN_0002260,PAY_SYN_0021869,CUST_SYN_000654,ACCT_SYN_000654,2026-01-09T21:18:00,2026-01-09,DUPLICATE,R006,Potential duplicate payment instruction,HIGH,OPEN,TEAM_SYN_001,USER_SYN_001_A01,UNRESOLVED,,,2026-01-10T01:18:00,TRUE,TRUE
EXC_SYN_0002261,PAY_SYN_0015560,CUST_SYN_000221,ACCT_SYN_001221,2026-02-16T12:28:00,2026-02-16,SYSTEM,R007,Processing system unavailable,MEDIUM,RESOLVED,TEAM_SYN_002,USER_SYN_002_A02,RESOLVED,SYN_RESOLVED,2026-02-16T22:39:00,2026-02-16T20:28:00,FALSE,FALSE
EXC_SYN_0002262,PAY_SYN_0009734,CUST_SYN_000159,ACCT_SYN_000159,2025-11-21T16:59:00,2025-11-21,AUTHORIZATION,R008,Required payment authorization incomplete,HIGH,RESOLVED,TEAM_SYN_003,USER_SYN_003_A03,RESOLVED,SYN_RESOLVED,2025-11-21T17:59:00,2025-11-21T20:59:00,TRUE,TRUE
EXC_SYN_0002263,PAY_SYN_0001825,CUST_SYN_000026,ACCT_SYN_000026,2026-03-01T18:29:00,2026-03-01,BENEFICIARY,R009,Beneficiary details require review,MEDIUM,RESOLVED,TEAM_SYN_004,USER_SYN_004_A04,RESOLVED,SYN_RESOLVED,2026-03-01T20:29:00,2026-03-02T02:29:00,TRUE,TRUE
EXC_SYN_0002264,PAY_SYN_0007966,CUST_SYN_000743,ACCT_SYN_000743,2025-11-23T19:09:00,2025-11-23,CURRENCY,R010,Currency handling exception,MEDIUM,OPEN,TEAM_SYN_005,USER_SYN_005_A01,UNRESOLVED,,,2025-11-24T03:09:00,TRUE,TRUE
EXC_SYN_0002265,PAY_SYN_0007097,CUST_SYN_000090,ACCT_SYN_000090,2026-02-22T20:59:00,2026-02-22,SETTLEMENT,R011,Settlement confirmation delayed,LOW,RESOLVED,TEAM_SYN_001,USER_SYN_001_A02,RESOLVED,SYN_RESOLVED,2026-02-22T21:59:00,2026-02-23T04:59:00,FALSE,FALSE
EXC_SYN_0002266,PAY_SYN_0014198,CUST_SYN_000327,ACCT_SYN_000327,2026-03-03T21:39:00,2026-03-03,VALIDATION,R001,Payment instruction failed validation,MEDIUM,RESOLVED,TEAM_SYN_002,USER_SYN_002_A03,RESOLVED,SYN_RESOLVED,2026-03-03T23:39:00,2026-03-04T05:39:00,FALSE,TRUE
EXC_SYN_0002267,PAY_SYN_0006543,CUST_SYN_000592,ACCT_SYN_000592,2025-12-30T16:47:00,2025-12-30,LIQUIDITY,R002,Insufficient synthetic available funds,HIGH,RESOLVED,TEAM_SYN_003,USER_SYN_003_A04,RESOLVED,SYN_RESOLVED,2025-12-30T19:47:00,2025-12-30T20:47:00,FALSE,TRUE
EXC_SYN_0002268,PAY_SYN_0005074,CUST_SYN_000239,ACCT_SYN_000239,2026-01-09T18:37:00,2026-01-09,ROUTING,R003,Beneficiary routing information requires correction,MEDIUM,OPEN,TEAM_SYN_004,USER_SYN_004_A01,UNRESOLVED,,,2026-01-10T02:37:00,FALSE,TRUE
EXC_SYN_0002269,PAY_SYN_0024926,CUST_SYN_000263,ACCT_SYN_001263,2026-02-28T19:54:00,2026-02-28,CUTOFF,R004,Payment missed the processing cutoff,LOW,RESOLVED,TEAM_SYN_005,USER_SYN_005_A02,RESOLVED,SYN_RESOLVED,2026-02-28T21:54:00,2026-03-01T03:54:00,FALSE,FALSE
EXC_SYN_0002270,PAY_SYN_0023498,CUST_SYN_000927,ACCT_SYN_000927,2026-01-28T22:31:00,2026-01-28,SANCTIONS_SCREENING,R005,Synthetic screening review pending,HIGH,RESOLVED,TEAM_SYN_001,USER_SYN_001_A03,RESOLVED,SYN_RESOLVED,2026-01-29T01:31:00,2026-01-29T02:31:00,TRUE,TRUE
EXC_SYN_0002271,PAY_SYN_0009657,CUST_SYN_000310,ACCT_SYN_000310,2026-02-12T15:57:00,2026-02-12,DUPLICATE,R006,Potential duplicate payment instruction,HIGH,RESOLVED,TEAM_SYN_002,USER_SYN_002_A04,RESOLVED,SYN_RESOLVED,2026-02-12T16:57:00,2026-02-12T19:57:00,TRUE,TRUE
EXC_SYN_0002272,PAY_SYN_0013450,CUST_SYN_000151,ACCT_SYN_001151,2026-01-17T08:41:00,2026-01-17,SYSTEM,R007,Processing system unavailable,MEDIUM,OPEN,TEAM_SYN_003,USER_SYN_003_A01,UNRESOLVED,,,2026-01-17T16:41:00,FALSE,FALSE
EXC_SYN_0002273,PAY_SYN_0014021,CUST_SYN_000278,ACCT_SYN_001278,2026-02-26T10:31:00,2026-02-26,AUTHORIZATION,R008,Required payment authorization incomplete,HIGH,RESOLVED,TEAM_SYN_004,USER_SYN_004_A02,RESOLVED,SYN_RESOLVED,2026-02-26T13:31:00,2026-02-26T14:31:00,FALSE,TRUE
EXC_SYN_0002274,PAY_SYN_0005717,CUST_SYN_000030,ACCT_SYN_000030,2025-12-07T16:56:00,2025-12-07,BENEFICIARY,R009,Beneficiary details require review,MEDIUM,RESOLVED,TEAM_SYN_005,USER_SYN_005_A03,RESOLVED,SYN_RESOLVED,2025-12-07T17:56:00,2025-12-08T00:56:00,FALSE,TRUE
EXC_SYN_0002275,PAY_SYN_0010716,CUST_SYN_000493,ACCT_SYN_000493,2025-11-23T15:22:00,2025-11-23,CURRENCY,R010,Currency handling exception,MEDIUM,RESOLVED,TEAM_SYN_001,USER_SYN_001_A04,RESOLVED,SYN_RESOLVED,2025-11-24T01:47:00,2025-11-23T23:22:00,TRUE,TRUE
EXC_SYN_0002276,PAY_SYN_0015925,CUST_SYN_000226,ACCT_SYN_001226,2026-02-02T15:18:00,2026-02-02,SETTLEMENT,R011,Settlement confirmation delayed,LOW,OPEN,TEAM_SYN_002,USER_SYN_002_A01,UNRESOLVED,,,2026-02-02T23:18:00,TRUE,FALSE
EXC_SYN_0002277,PAY_SYN_0005306,CUST_SYN_000323,ACCT_SYN_001323,2026-01-02T15:38:00,2026-01-02,VALIDATION,R001,Payment instruction failed validation,MEDIUM,RESOLVED,TEAM_SYN_003,USER_SYN_003_A02,RESOLVED,SYN_RESOLVED,2026-01-02T16:38:00,2026-01-02T23:38:00,FALSE,TRUE
EXC_SYN_0002278,PAY_SYN_0010076,CUST_SYN_000813,ACCT_SYN_000813,2026-01-15T16:21:00,2026-01-15,LIQUIDITY,R002,Insufficient synthetic available funds,HIGH,RESOLVED,TEAM_SYN_004,USER_SYN_004_A03,RESOLVED,SYN_RESOLVED,2026-01-15T18:21:00,2026-01-15T20:21:00,TRUE,TRUE
EXC_SYN_0002279,PAY_SYN_0004679,CUST_SYN_000624,ACCT_SYN_000624,2025-11-30T19:55:00,2025-11-30,ROUTING,R003,Beneficiary routing information requires correction,MEDIUM,RESOLVED,TEAM_SYN_005,USER_SYN_005_A04,RESOLVED,SYN_RESOLVED,2025-11-30T22:55:00,2025-12-01T03:55:00,TRUE,TRUE
EXC_SYN_0002280,PAY_SYN_0011328,CUST_SYN_000637,ACCT_SYN_000637,2025-12-21T18:51:00,2025-12-21,CUTOFF,R004,Payment missed the processing cutoff,LOW,OPEN,TEAM_SYN_001,USER_SYN_001_A01,UNRESOLVED,,,2025-12-22T02:51:00,FALSE,FALSE
EXC_SYN_0002281,PAY_SYN_0006282,CUST_SYN_000435,ACCT_SYN_001435,2025-12-12T13:22:00,2025-12-12,SANCTIONS_SCREENING,R005,Synthetic screening review pending,HIGH,RESOLVED,TEAM_SYN_002,USER_SYN_002_A02,RESOLVED,SYN_RESOLVED,2025-12-12T15:22:00,2025-12-12T17:22:00,TRUE,TRUE
EXC_SYN_0002282,PAY_SYN_0014807,CUST_SYN_000360,ACCT_SYN_000360,2026-01-21T18:10:00,2026-01-21,DUPLICATE,R006,Potential duplicate payment instruction,HIGH,RESOLVED,TEAM_SYN_003,USER_SYN_003_A03,RESOLVED,SYN_RESOLVED,2026-01-22T00:42:00,2026-01-21T22:10:00,FALSE,TRUE
EXC_SYN_0002283,PAY_SYN_0001483,CUST_SYN_000872,ACCT_SYN_000872,2026-01-30T13:55:00,2026-01-30,SYSTEM,R007,Processing system unavailable,MEDIUM,RESOLVED,TEAM_SYN_004,USER_SYN_004_A04,RESOLVED,SYN_RESOLVED,2026-01-30T14:55:00,2026-01-30T21:55:00,TRUE,FALSE
EXC_SYN_0002284,PAY_SYN_0022911,CUST_SYN_000208,ACCT_SYN_000208,2026-01-24T13:04:00,2026-01-24,AUTHORIZATION,R008,Required payment authorization incomplete,HIGH,OPEN,TEAM_SYN_005,USER_SYN_005_A01,UNRESOLVED,,,2026-01-24T17:04:00,FALSE,TRUE
EXC_SYN_0002285,PAY_SYN_0007166,CUST_SYN_000143,ACCT_SYN_001143,2025-11-22T17:22:00,2025-11-22,BENEFICIARY,R009,Beneficiary details require review,MEDIUM,RESOLVED,TEAM_SYN_001,USER_SYN_001_A02,RESOLVED,SYN_RESOLVED,2025-11-22T20:22:00,2025-11-23T01:22:00,FALSE,TRUE
EXC_SYN_0002286,PAY_SYN_0006919,CUST_SYN_000004,ACCT_SYN_001004,2025-12-07T20:46:00,2025-12-07,CURRENCY,R010,Currency handling exception,MEDIUM,RESOLVED,TEAM_SYN_002,USER_SYN_002_A03,RESOLVED,SYN_RESOLVED,2025-12-07T21:46:00,2025-12-08T04:46:00,TRUE,TRUE
EXC_SYN_0002287,PAY_SYN_0010459,CUST_SYN_000484,ACCT_SYN_001484,2026-02-08T20:59:00,2026-02-08,SETTLEMENT,R011,Settlement confirmation delayed,LOW,RESOLVED,TEAM_SYN_003,USER_SYN_003_A04,RESOLVED,SYN_RESOLVED,2026-02-08T22:59:00,2026-02-09T04:59:00,TRUE,FALSE
EXC_SYN_0002288,PAY_SYN_0008603,CUST_SYN_000312,ACCT_SYN_000312,2026-01-20T15:40:00,2026-01-20,VALIDATION,R001,Payment instruction failed validation,MEDIUM,OPEN,TEAM_SYN_004,USER_SYN_004_A01,UNRESOLVED,,,2026-01-20T23:40:00,TRUE,TRUE
EXC_SYN_0002289,PAY_SYN_0002134,CUST_SYN_000959,ACCT_SYN_000959,2026-02-11T17:10:00,2026-02-11,LIQUIDITY,R002,Insufficient synthetic available funds,HIGH,RESOLVED,TEAM_SYN_005,USER_SYN_005_A02,RESOLVED,SYN_RESOLVED,2026-02-11T23:49:00,2026-02-11T21:10:00,TRUE,TRUE
EXC_SYN_0002290,PAY_SYN_0013023,CUST_SYN_000352,ACCT_SYN_000352,2025-11-27T15:46:00,2025-11-27,ROUTING,R003,Beneficiary routing information requires correction,MEDIUM,RESOLVED,TEAM_SYN_001,USER_SYN_001_A03,RESOLVED,SYN_RESOLVED,2025-11-27T17:46:00,2025-11-27T23:46:00,TRUE,TRUE
EXC_SYN_0002291,PAY_SYN_0017699,CUST_SYN_000864,ACCT_SYN_000864,2025-12-06T22:31:00,2025-12-06,CUTOFF,R004,Payment missed the processing cutoff,LOW,RESOLVED,TEAM_SYN_002,USER_SYN_002_A04,RESOLVED,SYN_RESOLVED,2025-12-07T01:31:00,2025-12-07T06:31:00,FALSE,FALSE
EXC_SYN_0002292,PAY_SYN_0016515,CUST_SYN_000556,ACCT_SYN_000556,2026-01-28T18:36:00,2026-01-28,SANCTIONS_SCREENING,R005,Synthetic screening review pending,HIGH,OPEN,TEAM_SYN_003,USER_SYN_003_A01,UNRESOLVED,,,2026-01-28T22:36:00,TRUE,TRUE
EXC_SYN_0002293,PAY_SYN_0021252,CUST_SYN_000325,ACCT_SYN_000325,2026-02-27T15:28:00,2026-02-27,DUPLICATE,R006,Potential duplicate payment instruction,HIGH,RESOLVED,TEAM_SYN_004,USER_SYN_004_A02,RESOLVED,SYN_RESOLVED,2026-02-27T17:28:00,2026-02-27T19:28:00,FALSE,TRUE
EXC_SYN_0002294,PAY_SYN_0006376,CUST_SYN_000413,ACCT_SYN_000413,2026-01-27T20:09:00,2026-01-27,SYSTEM,R007,Processing system unavailable,MEDIUM,RESOLVED,TEAM_SYN_005,USER_SYN_005_A03,RESOLVED,SYN_RESOLVED,2026-01-27T23:09:00,2026-01-28T04:09:00,FALSE,FALSE
EXC_SYN_0002295,PAY_SYN_0003278,CUST_SYN_000287,ACCT_SYN_001287,2026-03-09T21:56:00,2026-03-09,LIQUIDITY,R002,Insufficient synthetic available funds,HIGH,RESOLVED,TEAM_SYN_001,USER_SYN_001_A04,RESOLVED,SYN_RESOLVED,2026-03-09T22:56:00,2026-03-10T01:56:00,TRUE,TRUE
EXC_SYN_0002296,PAY_SYN_0015149,CUST_SYN_000014,ACCT_SYN_001014,2026-01-25T23:06:00,2026-01-25,BENEFICIARY,R009,Beneficiary details require review,MEDIUM,OPEN,TEAM_SYN_002,USER_SYN_002_A01,UNRESOLVED,,,2026-01-26T07:06:00,FALSE,TRUE
EXC_SYN_0002297,PAY_SYN_0011504,CUST_SYN_000149,ACCT_SYN_001149,2026-01-08T18:04:00,2026-01-08,CURRENCY,R010,Currency handling exception,MEDIUM,RESOLVED,TEAM_SYN_003,USER_SYN_003_A02,RESOLVED,SYN_RESOLVED,2026-01-08T21:04:00,2026-01-09T02:04:00,TRUE,TRUE
EXC_SYN_0002298,PAY_SYN_0003985,CUST_SYN_000446,ACCT_SYN_000446,2025-11-22T20:04:00,2025-11-22,SETTLEMENT,R011,Settlement confirmation delayed,LOW,RESOLVED,TEAM_SYN_004,USER_SYN_004_A03,RESOLVED,SYN_RESOLVED,2025-11-22T21:04:00,2025-11-23T04:04:00,FALSE,FALSE
EXC_SYN_0002299,PAY_SYN_0019996,CUST_SYN_000353,ACCT_SYN_000353,2026-03-04T15:14:00,2026-03-04,VALIDATION,R001,Payment instruction failed validation,MEDIUM,RESOLVED,TEAM_SYN_005,USER_SYN_005_A04,RESOLVED,SYN_RESOLVED,2026-03-04T17:14:00,2026-03-04T23:14:00,TRUE,TRUE
EXC_SYN_0002300,PAY_SYN_0024001,CUST_SYN_000038,ACCT_SYN_000038,2026-02-25T09:42:00,2026-02-25,LIQUIDITY,R002,Insufficient synthetic available funds,HIGH,OPEN,TEAM_SYN_001,USER_SYN_001_A01,UNRESOLVED,,,2026-02-25T13:42:00,TRUE,TRUE
EXC_SYN_0002301,PAY_SYN_0002373,CUST_SYN_000802,ACCT_SYN_000802,2026-02-03T12:39:00,2026-02-03,ROUTING,R003,Beneficiary routing information requires correction,MEDIUM,RESOLVED,TEAM_SYN_002,USER_SYN_002_A02,RESOLVED,SYN_RESOLVED,2026-02-03T13:39:00,2026-02-03T20:39:00,TRUE,TRUE
EXC_SYN_0002302,PAY_SYN_0004777,CUST_SYN_000250,ACCT_SYN_001250,2025-12-11T16:20:00,2025-12-11,CUTOFF,R004,Payment missed the processing cutoff,LOW,RESOLVED,TEAM_SYN_003,USER_SYN_003_A03,RESOLVED,SYN_RESOLVED,2025-12-11T18:20:00,2025-12-12T00:20:00,TRUE,FALSE
EXC_SYN_0002303,PAY_SYN_0000400,CUST_SYN_000301,ACCT_SYN_001301,2026-02-07T09:54:00,2026-02-07,SANCTIONS_SCREENING,R005,Synthetic screening review pending,HIGH,RESOLVED,TEAM_SYN_004,USER_SYN_004_A04,RESOLVED,SYN_RESOLVED,2026-02-07T16:47:00,2026-02-07T13:54:00,TRUE,TRUE
EXC_SYN_0002304,PAY_SYN_0017202,CUST_SYN_000475,ACCT_SYN_000475,2026-01-18T12:21:00,2026-01-18,DUPLICATE,R006,Potential duplicate payment instruction,HIGH,OPEN,TEAM_SYN_005,USER_SYN_005_A01,UNRESOLVED,,,2026-01-18T16:21:00,FALSE,TRUE
EXC_SYN_0002305,PAY_SYN_0018390,CUST_SYN_000931,ACCT_SYN_000931,2025-11-30T10:10:00,2025-11-30,SYSTEM,R007,Processing system unavailable,MEDIUM,RESOLVED,TEAM_SYN_001,USER_SYN_001_A02,RESOLVED,SYN_RESOLVED,2025-11-30T12:10:00,2025-11-30T18:10:00,FALSE,FALSE
EXC_SYN_0002306,PAY_SYN_0009286,CUST_SYN_000083,ACCT_SYN_000083,2025-12-16T16:15:00,2025-12-16,AUTHORIZATION,R008,Required payment authorization incomplete,HIGH,RESOLVED,TEAM_SYN_002,USER_SYN_002_A03,RESOLVED,SYN_RESOLVED,2025-12-16T19:15:00,2025-12-16T20:15:00,FALSE,TRUE
EXC_SYN_0002307,PAY_SYN_0021541,CUST_SYN_000518,ACCT_SYN_000518,2025-12-14T11:13:00,2025-12-14,BENEFICIARY,R009,Beneficiary details require review,MEDIUM,RESOLVED,TEAM_SYN_003,USER_SYN_003_A04,RESOLVED,SYN_RESOLVED,2025-12-14T12:13:00,2025-12-14T19:13:00,TRUE,TRUE
EXC_SYN_0002308,PAY_SYN_0016196,CUST_SYN_000753,ACCT_SYN_000753,2025-11-20T16:51:00,2025-11-20,CURRENCY,R010,Currency handling exception,MEDIUM,OPEN,TEAM_SYN_004,USER_SYN_004_A01,UNRESOLVED,,,2025-11-21T00:51:00,TRUE,TRUE
EXC_SYN_0002309,PAY_SYN_0003513,CUST_SYN_000982,ACCT_SYN_000982,2026-01-20T14:23:00,2026-01-20,SETTLEMENT,R011,Settlement confirmation delayed,LOW,RESOLVED,TEAM_SYN_005,USER_SYN_005_A02,RESOLVED,SYN_RESOLVED,2026-01-20T17:23:00,2026-01-20T22:23:00,FALSE,FALSE
EXC_SYN_0002310,PAY_SYN_0008346,CUST_SYN_000303,ACCT_SYN_001303,2025-12-25T17:27:00,2025-12-25,VALIDATION,R001,Payment instruction failed validation,MEDIUM,RESOLVED,TEAM_SYN_001,USER_SYN_001_A03,RESOLVED,SYN_RESOLVED,2025-12-26T04:27:00,2025-12-26T01:27:00,FALSE,TRUE
EXC_SYN_0002311,PAY_SYN_0016609,CUST_SYN_000034,ACCT_SYN_001034,2025-12-04T20:41:00,2025-12-04,LIQUIDITY,R002,Insufficient synthetic available funds,HIGH,RESOLVED,TEAM_SYN_002,USER_SYN_002_A04,RESOLVED,SYN_RESOLVED,2025-12-04T22:41:00,2025-12-05T00:41:00,FALSE,TRUE
EXC_SYN_0002312,PAY_SYN_0007479,CUST_SYN_000724,ACCT_SYN_000724,2026-01-11T20:44:00,2026-01-11,ROUTING,R003,Beneficiary routing information requires correction,MEDIUM,OPEN,TEAM_SYN_003,USER_SYN_003_A01,UNRESOLVED,,,2026-01-12T04:44:00,FALSE,TRUE
EXC_SYN_0002313,PAY_SYN_0004614,CUST_SYN_000219,ACCT_SYN_001219,2025-12-25T15:42:00,2025-12-25,CUTOFF,R004,Payment missed the processing cutoff,LOW,RESOLVED,TEAM_SYN_004,USER_SYN_004_A02,RESOLVED,SYN_RESOLVED,2025-12-25T16:42:00,2025-12-25T23:42:00,FALSE,FALSE
EXC_SYN_0002314,PAY_SYN_0007858,CUST_SYN_000247,ACCT_SYN_001247,2026-03-08T20:23:00,2026-03-08,SANCTIONS_SCREENING,R005,Synthetic screening review pending,HIGH,RESOLVED,TEAM_SYN_005,USER_SYN_005_A03,RESOLVED,SYN_RESOLVED,2026-03-08T22:23:00,2026-03-09T00:23:00,TRUE,TRUE
EXC_SYN_0002315,PAY_SYN_0005761,CUST_SYN_000158,ACCT_SYN_000158,2026-02-19T12:57:00,2026-02-19,DUPLICATE,R006,Potential duplicate payment instruction,HIGH,RESOLVED,TEAM_SYN_001,USER_SYN_001_A04,RESOLVED,SYN_RESOLVED,2026-02-19T15:57:00,2026-02-19T16:57:00,TRUE,TRUE
EXC_SYN_0002316,PAY_SYN_0010336,CUST_SYN_000433,ACCT_SYN_001433,2025-11-16T18:55:00,2025-11-16,SYSTEM,R007,Processing system unavailable,MEDIUM,OPEN,TEAM_SYN_002,USER_SYN_002_A01,UNRESOLVED,,,2025-11-17T02:55:00,TRUE,FALSE
EXC_SYN_0002317,PAY_SYN_0005813,CUST_SYN_000582,ACCT_SYN_000582,2025-12-09T15:27:00,2025-12-09,AUTHORIZATION,R008,Required payment authorization incomplete,HIGH,RESOLVED,TEAM_SYN_003,USER_SYN_003_A02,RESOLVED,SYN_RESOLVED,2025-12-09T22:34:00,2025-12-09T19:27:00,TRUE,TRUE
EXC_SYN_0002318,PAY_SYN_0007397,CUST_SYN_000690,ACCT_SYN_000690,2026-01-24T20:28:00,2026-01-24,BENEFICIARY,R009,Beneficiary details require review,MEDIUM,RESOLVED,TEAM_SYN_004,USER_SYN_004_A03,RESOLVED,SYN_RESOLVED,2026-01-24T23:28:00,2026-01-25T04:28:00,TRUE,TRUE
EXC_SYN_0002319,PAY_SYN_0023023,CUST_SYN_000352,ACCT_SYN_001352,2026-01-30T15:43:00,2026-01-30,CURRENCY,R010,Currency handling exception,MEDIUM,RESOLVED,TEAM_SYN_005,USER_SYN_005_A04,RESOLVED,SYN_RESOLVED,2026-01-30T16:43:00,2026-01-30T23:43:00,TRUE,TRUE
EXC_SYN_0002320,PAY_SYN_0014315,CUST_SYN_000156,ACCT_SYN_000156,2025-12-26T18:00:00,2025-12-26,SETTLEMENT,R011,Settlement confirmation delayed,LOW,OPEN,TEAM_SYN_001,USER_SYN_001_A01,UNRESOLVED,,,2025-12-27T02:00:00,TRUE,FALSE
EXC_SYN_0002321,PAY_SYN_0020943,CUST_SYN_000892,ACCT_SYN_000892,2025-12-01T16:29:00,2025-12-01,VALIDATION,R001,Payment instruction failed validation,MEDIUM,RESOLVED,TEAM_SYN_002,USER_SYN_002_A02,RESOLVED,SYN_RESOLVED,2025-12-01T19:29:00,2025-12-02T00:29:00,TRUE,TRUE
EXC_SYN_0002322,PAY_SYN_0011528,CUST_SYN_000537,ACCT_SYN_000537,2026-01-08T22:17:00,2026-01-08,LIQUIDITY,R002,Insufficient synthetic available funds,HIGH,RESOLVED,TEAM_SYN_003,USER_SYN_003_A03,RESOLVED,SYN_RESOLVED,2026-01-08T23:17:00,2026-01-09T02:17:00,TRUE,TRUE
EXC_SYN_0002323,PAY_SYN_0003267,CUST_SYN_000880,ACCT_SYN_000880,2025-11-29T20:43:00,2025-11-29,ROUTING,R003,Beneficiary routing information requires correction,MEDIUM,RESOLVED,TEAM_SYN_004,USER_SYN_004_A04,RESOLVED,SYN_RESOLVED,2025-11-29T22:43:00,2025-11-30T04:43:00,TRUE,TRUE
EXC_SYN_0002324,PAY_SYN_0020135,CUST_SYN_000996,ACCT_SYN_000996,2026-02-28T18:52:00,2026-02-28,CUTOFF,R004,Payment missed the processing cutoff,LOW,OPEN,TEAM_SYN_005,USER_SYN_005_A01,UNRESOLVED,,,2026-03-01T02:52:00,TRUE,FALSE
EXC_SYN_0002325,PAY_SYN_0024178,CUST_SYN_000587,ACCT_SYN_000587,2026-01-06T22:46:00,2026-01-06,SANCTIONS_SCREENING,R005,Synthetic screening review pending,HIGH,RESOLVED,TEAM_SYN_001,USER_SYN_001_A02,RESOLVED,SYN_RESOLVED,2026-01-06T23:46:00,2026-01-07T02:46:00,TRUE,TRUE
EXC_SYN_0002326,PAY_SYN_0009077,CUST_SYN_000350,ACCT_SYN_001350,2026-02-03T22:12:00,2026-02-03,DUPLICATE,R006,Potential duplicate payment instruction,HIGH,RESOLVED,TEAM_SYN_002,USER_SYN_002_A03,RESOLVED,SYN_RESOLVED,2026-02-04T00:12:00,2026-02-04T02:12:00,FALSE,TRUE
EXC_SYN_0002327,PAY_SYN_0002770,CUST_SYN_000491,ACCT_SYN_000491,2026-01-03T08:36:00,2026-01-03,SYSTEM,R007,Processing system unavailable,MEDIUM,RESOLVED,TEAM_SYN_003,USER_SYN_003_A04,RESOLVED,SYN_RESOLVED,2026-01-03T11:36:00,2026-01-03T16:36:00,FALSE,FALSE
EXC_SYN_0002328,PAY_SYN_0001324,CUST_SYN_000989,ACCT_SYN_000989,2026-02-26T13:07:00,2026-02-26,AUTHORIZATION,R008,Required payment authorization incomplete,HIGH,OPEN,TEAM_SYN_004,USER_SYN_004_A01,UNRESOLVED,,,2026-02-26T17:07:00,TRUE,TRUE
EXC_SYN_0002329,PAY_SYN_0021669,CUST_SYN_000754,ACCT_SYN_000754,2026-02-17T17:55:00,2026-02-17,BENEFICIARY,R009,Beneficiary details require review,MEDIUM,RESOLVED,TEAM_SYN_005,USER_SYN_005_A02,RESOLVED,SYN_RESOLVED,2026-02-17T19:55:00,2026-02-18T01:55:00,TRUE,TRUE
EXC_SYN_0002330,PAY_SYN_0001358,CUST_SYN_000747,ACCT_SYN_000747,2026-01-15T17:31:00,2026-01-15,CURRENCY,R010,Currency handling exception,MEDIUM,RESOLVED,TEAM_SYN_001,USER_SYN_001_A03,RESOLVED,SYN_RESOLVED,2026-01-15T20:31:00,2026-01-16T01:31:00,FALSE,TRUE
EXC_SYN_0002331,PAY_SYN_0007503,CUST_SYN_000112,ACCT_SYN_000112,2026-01-09T12:39:00,2026-01-09,SETTLEMENT,R011,Settlement confirmation delayed,LOW,RESOLVED,TEAM_SYN_002,USER_SYN_002_A04,RESOLVED,SYN_RESOLVED,2026-01-10T00:00:00,2026-01-09T20:39:00,FALSE,FALSE
EXC_SYN_0002332,PAY_SYN_0018175,CUST_SYN_000476,ACCT_SYN_000476,2025-12-13T14:56:00,2025-12-13,VALIDATION,R001,Payment instruction failed validation,MEDIUM,OPEN,TEAM_SYN_003,USER_SYN_003_A01,UNRESOLVED,,,2025-12-13T22:56:00,TRUE,TRUE
EXC_SYN_0002333,PAY_SYN_0016253,CUST_SYN_000362,ACCT_SYN_001362,2026-03-09T12:55:00,2026-03-09,LIQUIDITY,R002,Insufficient synthetic available funds,HIGH,RESOLVED,TEAM_SYN_004,USER_SYN_004_A02,RESOLVED,SYN_RESOLVED,2026-03-09T15:55:00,2026-03-09T16:55:00,TRUE,TRUE
EXC_SYN_0002334,PAY_SYN_0004763,CUST_SYN_000732,ACCT_SYN_000732,2025-12-17T13:38:00,2025-12-17,ROUTING,R003,Beneficiary routing information requires correction,MEDIUM,RESOLVED,TEAM_SYN_005,USER_SYN_005_A03,RESOLVED,SYN_RESOLVED,2025-12-17T14:38:00,2025-12-17T21:38:00,FALSE,TRUE
EXC_SYN_0002335,PAY_SYN_0001264,CUST_SYN_000269,ACCT_SYN_000269,2026-02-24T14:38:00,2026-02-24,CUTOFF,R004,Payment missed the processing cutoff,LOW,RESOLVED,TEAM_SYN_001,USER_SYN_001_A04,RESOLVED,SYN_RESOLVED,2026-02-24T16:38:00,2026-02-24T22:38:00,FALSE,FALSE
EXC_SYN_0002336,PAY_SYN_0012808,CUST_SYN_000397,ACCT_SYN_001397,2025-12-01T18:39:00,2025-12-01,SANCTIONS_SCREENING,R005,Synthetic screening review pending,HIGH,OPEN,TEAM_SYN_002,USER_SYN_002_A01,UNRESOLVED,,,2025-12-01T22:39:00,TRUE,TRUE
EXC_SYN_0002337,PAY_SYN_0019561,CUST_SYN_000758,ACCT_SYN_000758,2026-02-23T11:43:00,2026-02-23,DUPLICATE,R006,Potential duplicate payment instruction,HIGH,RESOLVED,TEAM_SYN_003,USER_SYN_003_A02,RESOLVED,SYN_RESOLVED,2026-02-23T12:43:00,2026-02-23T15:43:00,TRUE,TRUE
EXC_SYN_0002338,PAY_SYN_0015907,CUST_SYN_000560,ACCT_SYN_000560,2026-02-16T18:38:00,2026-02-16,SYSTEM,R007,Processing system unavailable,MEDIUM,RESOLVED,TEAM_SYN_004,USER_SYN_004_A03,RESOLVED,SYN_RESOLVED,2026-02-17T06:06:00,2026-02-17T02:38:00,TRUE,FALSE
EXC_SYN_0002339,PAY_SYN_0008747,CUST_SYN_000140,ACCT_SYN_001140,2025-12-10T18:31:00,2025-12-10,AUTHORIZATION,R008,Required payment authorization incomplete,HIGH,RESOLVED,TEAM_SYN_005,USER_SYN_005_A04,RESOLVED,SYN_RESOLVED,2025-12-10T21:31:00,2025-12-10T22:31:00,FALSE,TRUE
EXC_SYN_0002340,PAY_SYN_0018137,CUST_SYN_000570,ACCT_SYN_000570,2026-03-02T19:14:00,2026-03-02,BENEFICIARY,R009,Beneficiary details require review,MEDIUM,OPEN,TEAM_SYN_001,USER_SYN_001_A01,UNRESOLVED,,,2026-03-03T03:14:00,TRUE,TRUE
EXC_SYN_0002341,PAY_SYN_0000089,CUST_SYN_000294,ACCT_SYN_000294,2026-02-14T20:51:00,2026-02-14,CURRENCY,R010,Currency handling exception,MEDIUM,RESOLVED,TEAM_SYN_002,USER_SYN_002_A02,RESOLVED,SYN_RESOLVED,2026-02-14T22:51:00,2026-02-15T04:51:00,FALSE,TRUE
EXC_SYN_0002342,PAY_SYN_0014549,CUST_SYN_000314,ACCT_SYN_001314,2026-01-08T21:04:00,2026-01-08,SETTLEMENT,R011,Settlement confirmation delayed,LOW,RESOLVED,TEAM_SYN_003,USER_SYN_003_A03,RESOLVED,SYN_RESOLVED,2026-01-09T00:04:00,2026-01-09T05:04:00,FALSE,FALSE
EXC_SYN_0002343,PAY_SYN_0001337,CUST_SYN_000470,ACCT_SYN_001470,2025-12-06T19:53:00,2025-12-06,VALIDATION,R001,Payment instruction failed validation,MEDIUM,RESOLVED,TEAM_SYN_004,USER_SYN_004_A04,RESOLVED,SYN_RESOLVED,2025-12-06T20:53:00,2025-12-07T03:53:00,TRUE,TRUE
EXC_SYN_0002344,PAY_SYN_0024384,CUST_SYN_000709,ACCT_SYN_000709,2025-12-30T16:55:00,2025-12-30,LIQUIDITY,R002,Insufficient synthetic available funds,HIGH,OPEN,TEAM_SYN_005,USER_SYN_005_A01,UNRESOLVED,,,2025-12-30T20:55:00,TRUE,TRUE
EXC_SYN_0002345,PAY_SYN_0006174,CUST_SYN_000439,ACCT_SYN_000439,2025-12-09T16:38:00,2025-12-09,ROUTING,R003,Beneficiary routing information requires correction,MEDIUM,RESOLVED,TEAM_SYN_001,USER_SYN_001_A02,RESOLVED,SYN_RESOLVED,2025-12-10T01:13:00,2025-12-10T00:38:00,FALSE,TRUE
EXC_SYN_0002346,PAY_SYN_0008824,CUST_SYN_000989,ACCT_SYN_000989,2026-01-01T17:01:00,2026-01-01,CUTOFF,R004,Payment missed the processing cutoff,LOW,RESOLVED,TEAM_SYN_002,USER_SYN_002_A03,RESOLVED,SYN_RESOLVED,2026-01-01T18:01:00,2026-01-02T01:01:00,FALSE,FALSE
EXC_SYN_0002347,PAY_SYN_0024904,CUST_SYN_000449,ACCT_SYN_000449,2026-01-15T17:14:00,2026-01-15,SANCTIONS_SCREENING,R005,Synthetic screening review pending,HIGH,RESOLVED,TEAM_SYN_003,USER_SYN_003_A04,RESOLVED,SYN_RESOLVED,2026-01-15T19:14:00,2026-01-15T21:14:00,FALSE,TRUE
EXC_SYN_0002348,PAY_SYN_0009675,CUST_SYN_000976,ACCT_SYN_000976,2025-11-21T18:44:00,2025-11-21,DUPLICATE,R006,Potential duplicate payment instruction,HIGH,OPEN,TEAM_SYN_004,USER_SYN_004_A01,UNRESOLVED,,,2025-11-21T22:44:00,FALSE,TRUE
EXC_SYN_0002349,PAY_SYN_0000552,CUST_SYN_000925,ACCT_SYN_000925,2025-11-16T15:36:00,2025-11-16,SYSTEM,R007,Processing system unavailable,MEDIUM,RESOLVED,TEAM_SYN_005,USER_SYN_005_A02,RESOLVED,SYN_RESOLVED,2025-11-16T16:36:00,2025-11-16T23:36:00,TRUE,FALSE
EXC_SYN_0002350,PAY_SYN_0002057,CUST_SYN_000110,ACCT_SYN_001110,2025-11-29T21:24:00,2025-11-29,AUTHORIZATION,R008,Required payment authorization incomplete,HIGH,RESOLVED,TEAM_SYN_001,USER_SYN_001_A03,RESOLVED,SYN_RESOLVED,2025-11-29T23:24:00,2025-11-30T01:24:00,FALSE,TRUE
EXC_SYN_0002351,PAY_SYN_0005207,CUST_SYN_000660,ACCT_SYN_000660,2025-12-01T21:07:00,2025-12-01,BENEFICIARY,R009,Beneficiary details require review,MEDIUM,RESOLVED,TEAM_SYN_002,USER_SYN_002_A04,RESOLVED,SYN_RESOLVED,2025-12-02T00:07:00,2025-12-02T05:07:00,FALSE,TRUE
EXC_SYN_0002352,PAY_SYN_0013993,CUST_SYN_000242,ACCT_SYN_000242,2026-02-07T17:22:00,2026-02-07,CURRENCY,R010,Currency handling exception,MEDIUM,OPEN,TEAM_SYN_003,USER_SYN_003_A01,UNRESOLVED,,,2026-02-08T01:22:00,FALSE,TRUE
EXC_SYN_0002353,PAY_SYN_0013201,CUST_SYN_000938,ACCT_SYN_000938,2026-03-10T15:11:00,2026-03-10,SYSTEM,R007,Processing system unavailable,MEDIUM,RESOLVED,TEAM_SYN_004,USER_SYN_004_A02,RESOLVED,SYN_RESOLVED,2026-03-10T17:11:00,2026-03-10T23:11:00,TRUE,FALSE
EXC_SYN_0002354,PAY_SYN_0001506,CUST_SYN_000223,ACCT_SYN_000223,2026-01-16T14:59:00,2026-01-16,VALIDATION,R001,Payment instruction failed validation,MEDIUM,RESOLVED,TEAM_SYN_005,USER_SYN_005_A03,RESOLVED,SYN_RESOLVED,2026-01-16T17:59:00,2026-01-16T22:59:00,FALSE,TRUE
EXC_SYN_0002355,PAY_SYN_0011125,CUST_SYN_000626,ACCT_SYN_000626,2025-11-25T14:25:00,2025-11-25,LIQUIDITY,R002,Insufficient synthetic available funds,HIGH,RESOLVED,TEAM_SYN_001,USER_SYN_001_A04,RESOLVED,SYN_RESOLVED,2025-11-25T15:25:00,2025-11-25T18:25:00,TRUE,TRUE
EXC_SYN_0002356,PAY_SYN_0003359,CUST_SYN_000284,ACCT_SYN_001284,2025-12-13T18:36:00,2025-12-13,ROUTING,R003,Beneficiary routing information requires correction,MEDIUM,OPEN,TEAM_SYN_002,USER_SYN_002_A01,UNRESOLVED,,,2025-12-14T02:36:00,TRUE,TRUE
EXC_SYN_0002357,PAY_SYN_0012228,CUST_SYN_000937,ACCT_SYN_000937,2026-02-05T17:32:00,2026-02-05,CUTOFF,R004,Payment missed the processing cutoff,LOW,RESOLVED,TEAM_SYN_003,USER_SYN_003_A02,RESOLVED,SYN_RESOLVED,2026-02-05T20:32:00,2026-02-06T01:32:00,FALSE,FALSE
EXC_SYN_0002358,PAY_SYN_0008006,CUST_SYN_000723,ACCT_SYN_000723,2026-02-20T15:11:00,2026-02-20,SANCTIONS_SCREENING,R005,Synthetic screening review pending,HIGH,RESOLVED,TEAM_SYN_004,USER_SYN_004_A03,RESOLVED,SYN_RESOLVED,2026-02-20T16:11:00,2026-02-20T19:11:00,FALSE,TRUE
EXC_SYN_0002359,PAY_SYN_0021346,CUST_SYN_000803,ACCT_SYN_000803,2026-01-24T15:44:00,2026-01-24,DUPLICATE,R006,Potential duplicate payment instruction,HIGH,RESOLVED,TEAM_SYN_005,USER_SYN_005_A04,RESOLVED,SYN_RESOLVED,2026-01-24T20:33:00,2026-01-24T19:44:00,TRUE,TRUE
EXC_SYN_0002360,PAY_SYN_0006896,CUST_SYN_000153,ACCT_SYN_000153,2026-01-22T16:07:00,2026-01-22,SYSTEM,R007,Processing system unavailable,MEDIUM,OPEN,TEAM_SYN_001,USER_SYN_001_A01,UNRESOLVED,,,2026-01-23T00:07:00,TRUE,FALSE
EXC_SYN_0002361,PAY_SYN_0006394,CUST_SYN_000079,ACCT_SYN_001079,2026-03-09T14:46:00,2026-03-09,LIQUIDITY,R002,Insufficient synthetic available funds,HIGH,RESOLVED,TEAM_SYN_002,USER_SYN_002_A02,RESOLVED,SYN_RESOLVED,2026-03-09T15:46:00,2026-03-09T18:46:00,TRUE,TRUE
EXC_SYN_0002362,PAY_SYN_0020266,CUST_SYN_000343,ACCT_SYN_001343,2026-02-21T16:23:00,2026-02-21,BENEFICIARY,R009,Beneficiary details require review,MEDIUM,RESOLVED,TEAM_SYN_003,USER_SYN_003_A03,RESOLVED,SYN_RESOLVED,2026-02-21T18:23:00,2026-02-22T00:23:00,TRUE,TRUE
EXC_SYN_0002363,PAY_SYN_0022233,CUST_SYN_000622,ACCT_SYN_000622,2026-03-11T14:05:00,2026-03-11,CURRENCY,R010,Currency handling exception,MEDIUM,RESOLVED,TEAM_SYN_004,USER_SYN_004_A04,RESOLVED,SYN_RESOLVED,2026-03-11T17:05:00,2026-03-11T22:05:00,FALSE,TRUE
EXC_SYN_0002364,PAY_SYN_0014855,CUST_SYN_000636,ACCT_SYN_000636,2025-12-02T15:32:00,2025-12-02,SETTLEMENT,R011,Settlement confirmation delayed,LOW,OPEN,TEAM_SYN_005,USER_SYN_005_A01,UNRESOLVED,,,2025-12-02T23:32:00,TRUE,FALSE
EXC_SYN_0002365,PAY_SYN_0015666,CUST_SYN_000643,ACCT_SYN_000643,2025-12-31T17:22:00,2025-12-31,VALIDATION,R001,Payment instruction failed validation,MEDIUM,RESOLVED,TEAM_SYN_001,USER_SYN_001_A02,RESOLVED,SYN_RESOLVED,2025-12-31T19:22:00,2026-01-01T01:22:00,TRUE,TRUE
EXC_SYN_0002366,PAY_SYN_0009463,CUST_SYN_000632,ACCT_SYN_000632,2026-01-05T13:54:00,2026-01-05,LIQUIDITY,R002,Insufficient synthetic available funds,HIGH,RESOLVED,TEAM_SYN_002,USER_SYN_002_A03,RESOLVED,SYN_RESOLVED,2026-01-05T18:50:00,2026-01-05T17:54:00,FALSE,TRUE
EXC_SYN_0002367,PAY_SYN_0001450,CUST_SYN_000151,ACCT_SYN_001151,2026-01-22T11:16:00,2026-01-22,ROUTING,R003,Beneficiary routing information requires correction,MEDIUM,RESOLVED,TEAM_SYN_003,USER_SYN_003_A04,RESOLVED,SYN_RESOLVED,2026-01-22T12:16:00,2026-01-22T19:16:00,TRUE,TRUE
EXC_SYN_0002368,PAY_SYN_0020175,CUST_SYN_000976,ACCT_SYN_000976,2026-02-09T17:04:00,2026-02-09,CUTOFF,R004,Payment missed the processing cutoff,LOW,OPEN,TEAM_SYN_004,USER_SYN_004_A01,UNRESOLVED,,,2026-02-10T01:04:00,TRUE,FALSE
EXC_SYN_0002369,PAY_SYN_0005929,CUST_SYN_000374,ACCT_SYN_000374,2025-12-05T21:15:00,2025-12-05,SANCTIONS_SCREENING,R005,Synthetic screening review pending,HIGH,RESOLVED,TEAM_SYN_005,USER_SYN_005_A02,RESOLVED,SYN_RESOLVED,2025-12-06T00:15:00,2025-12-06T01:15:00,TRUE,TRUE
EXC_SYN_0002370,PAY_SYN_0016798,CUST_SYN_000527,ACCT_SYN_000527,2026-01-25T20:31:00,2026-01-25,DUPLICATE,R006,Potential duplicate payment instruction,HIGH,RESOLVED,TEAM_SYN_001,USER_SYN_001_A03,RESOLVED,SYN_RESOLVED,2026-01-25T21:31:00,2026-01-26T00:31:00,TRUE,TRUE
EXC_SYN_0002371,PAY_SYN_0024066,CUST_SYN_000943,ACCT_SYN_000943,2025-12-09T18:40:00,2025-12-09,SYSTEM,R007,Processing system unavailable,MEDIUM,RESOLVED,TEAM_SYN_002,USER_SYN_002_A04,RESOLVED,SYN_RESOLVED,2025-12-09T20:40:00,2025-12-10T02:40:00,FALSE,FALSE
EXC_SYN_0002372,PAY_SYN_0010925,CUST_SYN_000726,ACCT_SYN_000726,2025-12-19T17:46:00,2025-12-19,AUTHORIZATION,R008,Required payment authorization incomplete,HIGH,OPEN,TEAM_SYN_003,USER_SYN_003_A01,UNRESOLVED,,,2025-12-19T21:46:00,TRUE,TRUE
EXC_SYN_0002373,PAY_SYN_0021898,CUST_SYN_000227,ACCT_SYN_000227,2025-11-30T21:10:00,2025-11-30,BENEFICIARY,R009,Beneficiary details require review,MEDIUM,RESOLVED,TEAM_SYN_004,USER_SYN_004_A02,RESOLVED,SYN_RESOLVED,2025-12-01T06:13:00,2025-12-01T05:10:00,TRUE,TRUE
EXC_SYN_0002374,PAY_SYN_0002762,CUST_SYN_000195,ACCT_SYN_000195,2025-12-20T14:51:00,2025-12-20,CURRENCY,R010,Currency handling exception,MEDIUM,RESOLVED,TEAM_SYN_005,USER_SYN_005_A03,RESOLVED,SYN_RESOLVED,2025-12-20T16:51:00,2025-12-20T22:51:00,TRUE,TRUE
EXC_SYN_0002375,PAY_SYN_0018217,CUST_SYN_000530,ACCT_SYN_000530,2026-01-17T20:09:00,2026-01-17,SETTLEMENT,R011,Settlement confirmation delayed,LOW,RESOLVED,TEAM_SYN_001,USER_SYN_001_A04,RESOLVED,SYN_RESOLVED,2026-01-17T23:09:00,2026-01-18T04:09:00,FALSE,FALSE
EXC_SYN_0002376,PAY_SYN_0013335,CUST_SYN_000396,ACCT_SYN_001396,2025-12-23T18:48:00,2025-12-23,VALIDATION,R001,Payment instruction failed validation,MEDIUM,OPEN,TEAM_SYN_002,USER_SYN_002_A01,UNRESOLVED,,,2025-12-24T02:48:00,TRUE,TRUE
EXC_SYN_0002377,PAY_SYN_0012885,CUST_SYN_000246,ACCT_SYN_001246,2025-12-07T18:31:00,2025-12-07,LIQUIDITY,R002,Insufficient synthetic available funds,HIGH,RESOLVED,TEAM_SYN_003,USER_SYN_003_A02,RESOLVED,SYN_RESOLVED,2025-12-07T20:31:00,2025-12-07T22:31:00,TRUE,TRUE
EXC_SYN_0002378,PAY_SYN_0020784,CUST_SYN_000009,ACCT_SYN_001009,2026-01-25T18:17:00,2026-01-25,ROUTING,R003,Beneficiary routing information requires correction,MEDIUM,RESOLVED,TEAM_SYN_004,USER_SYN_004_A03,RESOLVED,SYN_RESOLVED,2026-01-25T21:17:00,2026-01-26T02:17:00,FALSE,TRUE
EXC_SYN_0002379,PAY_SYN_0005476,CUST_SYN_000113,ACCT_SYN_000113,2025-12-17T20:34:00,2025-12-17,CUTOFF,R004,Payment missed the processing cutoff,LOW,RESOLVED,TEAM_SYN_005,USER_SYN_005_A04,RESOLVED,SYN_RESOLVED,2025-12-17T21:34:00,2025-12-18T04:34:00,FALSE,FALSE
EXC_SYN_0002380,PAY_SYN_0023287,CUST_SYN_000620,ACCT_SYN_000620,2026-02-14T21:44:00,2026-02-14,SANCTIONS_SCREENING,R005,Synthetic screening review pending,HIGH,OPEN,TEAM_SYN_001,USER_SYN_001_A01,UNRESOLVED,,,2026-02-15T01:44:00,TRUE,TRUE
EXC_SYN_0002381,PAY_SYN_0024272,CUST_SYN_000065,ACCT_SYN_001065,2026-01-22T16:52:00,2026-01-22,DUPLICATE,R006,Potential duplicate payment instruction,HIGH,RESOLVED,TEAM_SYN_002,USER_SYN_002_A02,RESOLVED,SYN_RESOLVED,2026-01-22T19:52:00,2026-01-22T20:52:00,TRUE,TRUE
EXC_SYN_0002382,PAY_SYN_0018611,CUST_SYN_000108,ACCT_SYN_000108,2026-03-01T09:38:00,2026-03-01,SYSTEM,R007,Processing system unavailable,MEDIUM,RESOLVED,TEAM_SYN_003,USER_SYN_003_A03,RESOLVED,SYN_RESOLVED,2026-03-01T10:38:00,2026-03-01T17:38:00,TRUE,FALSE
EXC_SYN_0002383,PAY_SYN_0000930,CUST_SYN_000411,ACCT_SYN_001411,2026-03-05T09:04:00,2026-03-05,AUTHORIZATION,R008,Required payment authorization incomplete,HIGH,RESOLVED,TEAM_SYN_004,USER_SYN_004_A04,RESOLVED,SYN_RESOLVED,2026-03-05T11:04:00,2026-03-05T13:04:00,FALSE,TRUE
EXC_SYN_0002384,PAY_SYN_0008336,CUST_SYN_000933,ACCT_SYN_000933,2026-02-06T15:19:00,2026-02-06,BENEFICIARY,R009,Beneficiary details require review,MEDIUM,OPEN,TEAM_SYN_005,USER_SYN_005_A01,UNRESOLVED,,,2026-02-06T23:19:00,FALSE,TRUE
EXC_SYN_0002385,PAY_SYN_0021840,CUST_SYN_000081,ACCT_SYN_001081,2026-03-03T09:00:00,2026-03-03,CURRENCY,R010,Currency handling exception,MEDIUM,RESOLVED,TEAM_SYN_001,USER_SYN_001_A02,RESOLVED,SYN_RESOLVED,2026-03-03T10:00:00,2026-03-03T17:00:00,FALSE,TRUE
EXC_SYN_0002386,PAY_SYN_0019177,CUST_SYN_000050,ACCT_SYN_000050,2025-11-17T16:32:00,2025-11-17,SETTLEMENT,R011,Settlement confirmation delayed,LOW,RESOLVED,TEAM_SYN_002,USER_SYN_002_A03,RESOLVED,SYN_RESOLVED,2025-11-17T18:32:00,2025-11-18T00:32:00,FALSE,FALSE
EXC_SYN_0002387,PAY_SYN_0014178,CUST_SYN_000087,ACCT_SYN_001087,2026-01-04T17:32:00,2026-01-04,VALIDATION,R001,Payment instruction failed validation,MEDIUM,RESOLVED,TEAM_SYN_003,USER_SYN_003_A04,RESOLVED,SYN_RESOLVED,2026-01-05T02:49:00,2026-01-05T01:32:00,TRUE,TRUE
EXC_SYN_0002388,PAY_SYN_0012566,CUST_SYN_000443,ACCT_SYN_001443,2025-12-20T15:41:00,2025-12-20,LIQUIDITY,R002,Insufficient synthetic available funds,HIGH,OPEN,TEAM_SYN_004,USER_SYN_004_A01,UNRESOLVED,,,2025-12-20T19:41:00,TRUE,TRUE
EXC_SYN_0002389,PAY_SYN_0007339,CUST_SYN_000044,ACCT_SYN_000044,2026-03-13T19:05:00,2026-03-13,ROUTING,R003,Beneficiary routing information requires correction,MEDIUM,RESOLVED,TEAM_SYN_005,USER_SYN_005_A02,RESOLVED,SYN_RESOLVED,2026-03-13T21:05:00,2026-03-14T03:05:00,TRUE,TRUE
EXC_SYN_0002390,PAY_SYN_0020780,CUST_SYN_000861,ACCT_SYN_000861,2026-03-01T10:25:00,2026-03-01,CUTOFF,R004,Payment missed the processing cutoff,LOW,RESOLVED,TEAM_SYN_001,USER_SYN_001_A03,RESOLVED,SYN_RESOLVED,2026-03-01T13:25:00,2026-03-01T18:25:00,TRUE,FALSE
EXC_SYN_0002391,PAY_SYN_0012466,CUST_SYN_000743,ACCT_SYN_000743,2026-02-02T16:40:00,2026-02-02,SANCTIONS_SCREENING,R005,Synthetic screening review pending,HIGH,RESOLVED,TEAM_SYN_002,USER_SYN_002_A04,RESOLVED,SYN_RESOLVED,2026-02-02T17:40:00,2026-02-02T20:40:00,FALSE,TRUE
EXC_SYN_0002392,PAY_SYN_0012009,CUST_SYN_000334,ACCT_SYN_000334,2025-12-19T19:34:00,2025-12-19,DUPLICATE,R006,Potential duplicate payment instruction,HIGH,OPEN,TEAM_SYN_003,USER_SYN_003_A01,UNRESOLVED,,,2025-12-19T23:34:00,TRUE,TRUE
EXC_SYN_0002393,PAY_SYN_0012264,CUST_SYN_000769,ACCT_SYN_000769,2026-01-29T15:32:00,2026-01-29,SYSTEM,R007,Processing system unavailable,MEDIUM,RESOLVED,TEAM_SYN_004,USER_SYN_004_A02,RESOLVED,SYN_RESOLVED,2026-01-29T18:32:00,2026-01-29T23:32:00,TRUE,FALSE
EXC_SYN_0002394,PAY_SYN_0020974,CUST_SYN_000539,ACCT_SYN_000539,2026-03-01T15:55:00,2026-03-01,AUTHORIZATION,R008,Required payment authorization incomplete,HIGH,RESOLVED,TEAM_SYN_005,USER_SYN_005_A03,RESOLVED,SYN_RESOLVED,2026-03-01T21:19:00,2026-03-01T19:55:00,FALSE,TRUE
EXC_SYN_0002395,PAY_SYN_0012258,CUST_SYN_000547,ACCT_SYN_000547,2026-01-31T19:16:00,2026-01-31,BENEFICIARY,R009,Beneficiary details require review,MEDIUM,RESOLVED,TEAM_SYN_001,USER_SYN_001_A04,RESOLVED,SYN_RESOLVED,2026-01-31T21:16:00,2026-02-01T03:16:00,TRUE,TRUE
EXC_SYN_0002396,PAY_SYN_0002760,CUST_SYN_000121,ACCT_SYN_000121,2025-12-11T11:23:00,2025-12-11,CURRENCY,R010,Currency handling exception,MEDIUM,OPEN,TEAM_SYN_002,USER_SYN_002_A01,UNRESOLVED,,,2025-12-11T19:23:00,FALSE,TRUE
EXC_SYN_0002397,PAY_SYN_0020188,CUST_SYN_000457,ACCT_SYN_001457,2026-01-04T19:52:00,2026-01-04,SETTLEMENT,R011,Settlement confirmation delayed,LOW,RESOLVED,TEAM_SYN_003,USER_SYN_003_A02,RESOLVED,SYN_RESOLVED,2026-01-04T20:52:00,2026-01-05T03:52:00,FALSE,FALSE
EXC_SYN_0002398,PAY_SYN_0004371,CUST_SYN_000228,ACCT_SYN_001228,2026-03-15T13:46:00,2026-03-15,VALIDATION,R001,Payment instruction failed validation,MEDIUM,RESOLVED,TEAM_SYN_004,USER_SYN_004_A03,RESOLVED,SYN_RESOLVED,2026-03-15T15:46:00,2026-03-15T21:46:00,TRUE,TRUE
EXC_SYN_0002399,PAY_SYN_0017683,CUST_SYN_000272,ACCT_SYN_000272,2026-01-11T15:03:00,2026-01-11,LIQUIDITY,R002,Insufficient synthetic available funds,HIGH,RESOLVED,TEAM_SYN_005,USER_SYN_005_A04,RESOLVED,SYN_RESOLVED,2026-01-11T18:03:00,2026-01-11T19:03:00,TRUE,TRUE
EXC_SYN_0002400,PAY_SYN_0010449,CUST_SYN_000114,ACCT_SYN_001114,2025-12-14T21:18:00,2025-12-14,ROUTING,R003,Beneficiary routing information requires correction,MEDIUM,OPEN,TEAM_SYN_001,USER_SYN_001_A01,UNRESOLVED,,,2025-12-15T05:18:00,TRUE,TRUE
EXC_SYN_0002401,PAY_SYN_0008719,CUST_SYN_000104,ACCT_SYN_000104,2025-12-01T21:41:00,2025-12-01,CUTOFF,R004,Payment missed the processing cutoff,LOW,RESOLVED,TEAM_SYN_002,USER_SYN_002_A02,RESOLVED,SYN_RESOLVED,2025-12-02T07:12:00,2025-12-02T05:41:00,TRUE,FALSE
EXC_SYN_0002402,PAY_SYN_0002215,CUST_SYN_000956,ACCT_SYN_000956,2026-03-12T18:06:00,2026-03-12,SANCTIONS_SCREENING,R005,Synthetic screening review pending,HIGH,RESOLVED,TEAM_SYN_003,USER_SYN_003_A03,RESOLVED,SYN_RESOLVED,2026-03-12T21:06:00,2026-03-12T22:06:00,TRUE,TRUE
EXC_SYN_0002403,PAY_SYN_0015582,CUST_SYN_000535,ACCT_SYN_000535,2025-12-28T15:48:00,2025-12-28,DUPLICATE,R006,Potential duplicate payment instruction,HIGH,RESOLVED,TEAM_SYN_004,USER_SYN_004_A04,RESOLVED,SYN_RESOLVED,2025-12-28T16:48:00,2025-12-28T19:48:00,TRUE,TRUE
EXC_SYN_0002404,PAY_SYN_0002996,CUST_SYN_000353,ACCT_SYN_001353,2026-01-09T19:39:00,2026-01-09,SYSTEM,R007,Processing system unavailable,MEDIUM,OPEN,TEAM_SYN_005,USER_SYN_005_A01,UNRESOLVED,,,2026-01-10T03:39:00,TRUE,FALSE
EXC_SYN_0002405,PAY_SYN_0009780,CUST_SYN_000361,ACCT_SYN_000361,2025-11-24T13:20:00,2025-11-24,AUTHORIZATION,R008,Required payment authorization incomplete,HIGH,RESOLVED,TEAM_SYN_001,USER_SYN_001_A02,RESOLVED,SYN_RESOLVED,2025-11-24T16:20:00,2025-11-24T17:20:00,FALSE,TRUE
EXC_SYN_0002406,PAY_SYN_0001756,CUST_SYN_000473,ACCT_SYN_000473,2026-02-20T20:25:00,2026-02-20,BENEFICIARY,R009,Beneficiary details require review,MEDIUM,RESOLVED,TEAM_SYN_002,USER_SYN_002_A03,RESOLVED,SYN_RESOLVED,2026-02-20T21:25:00,2026-02-21T04:25:00,TRUE,TRUE
EXC_SYN_0002407,PAY_SYN_0016801,CUST_SYN_000638,ACCT_SYN_000638,2026-03-15T14:53:00,2026-03-15,SYSTEM,R007,Processing system unavailable,MEDIUM,RESOLVED,TEAM_SYN_003,USER_SYN_003_A04,RESOLVED,SYN_RESOLVED,2026-03-15T16:53:00,2026-03-15T22:53:00,TRUE,FALSE
EXC_SYN_0002408,PAY_SYN_0007772,CUST_SYN_000065,ACCT_SYN_001065,2026-03-10T16:43:00,2026-03-10,SETTLEMENT,R011,Settlement confirmation delayed,LOW,OPEN,TEAM_SYN_004,USER_SYN_004_A01,UNRESOLVED,,,2026-03-11T00:43:00,FALSE,FALSE
EXC_SYN_0002409,PAY_SYN_0001311,CUST_SYN_000508,ACCT_SYN_000508,2026-02-27T16:09:00,2026-02-27,VALIDATION,R001,Payment instruction failed validation,MEDIUM,RESOLVED,TEAM_SYN_005,USER_SYN_005_A02,RESOLVED,SYN_RESOLVED,2026-02-27T17:09:00,2026-02-28T00:09:00,TRUE,TRUE
EXC_SYN_0002410,PAY_SYN_0008515,CUST_SYN_000056,ACCT_SYN_000056,2026-01-19T13:50:00,2026-01-19,LIQUIDITY,R002,Insufficient synthetic available funds,HIGH,RESOLVED,TEAM_SYN_001,USER_SYN_001_A03,RESOLVED,SYN_RESOLVED,2026-01-19T15:50:00,2026-01-19T17:50:00,FALSE,TRUE
EXC_SYN_0002411,PAY_SYN_0012569,CUST_SYN_000054,ACCT_SYN_000054,2026-02-03T18:01:00,2026-02-03,ROUTING,R003,Beneficiary routing information requires correction,MEDIUM,RESOLVED,TEAM_SYN_002,USER_SYN_002_A04,RESOLVED,SYN_RESOLVED,2026-02-03T21:01:00,2026-02-04T02:01:00,TRUE,TRUE
EXC_SYN_0002412,PAY_SYN_0016411,CUST_SYN_000208,ACCT_SYN_001208,2026-03-12T10:28:00,2026-03-12,LIQUIDITY,R002,Insufficient synthetic available funds,HIGH,OPEN,TEAM_SYN_003,USER_SYN_003_A01,UNRESOLVED,,,2026-03-12T14:28:00,FALSE,TRUE
EXC_SYN_0002413,PAY_SYN_0016451,CUST_SYN_000188,ACCT_SYN_001188,2026-01-13T10:21:00,2026-01-13,SANCTIONS_SCREENING,R005,Synthetic screening review pending,HIGH,RESOLVED,TEAM_SYN_004,USER_SYN_004_A02,RESOLVED,SYN_RESOLVED,2026-01-13T12:21:00,2026-01-13T14:21:00,FALSE,TRUE
EXC_SYN_0002414,PAY_SYN_0014498,CUST_SYN_000927,ACCT_SYN_000927,2025-12-31T17:43:00,2025-12-31,DUPLICATE,R006,Potential duplicate payment instruction,HIGH,RESOLVED,TEAM_SYN_005,USER_SYN_005_A03,RESOLVED,SYN_RESOLVED,2025-12-31T20:43:00,2025-12-31T21:43:00,FALSE,TRUE
EXC_SYN_0002415,PAY_SYN_0000440,CUST_SYN_000281,ACCT_SYN_001281,2026-01-17T09:50:00,2026-01-17,SYSTEM,R007,Processing system unavailable,MEDIUM,RESOLVED,TEAM_SYN_001,USER_SYN_001_A04,RESOLVED,SYN_RESOLVED,2026-01-17T19:35:00,2026-01-17T17:50:00,FALSE,FALSE
EXC_SYN_0002416,PAY_SYN_0000189,CUST_SYN_000994,ACCT_SYN_000994,2025-12-01T18:46:00,2025-12-01,AUTHORIZATION,R008,Required payment authorization incomplete,HIGH,OPEN,TEAM_SYN_002,USER_SYN_002_A01,UNRESOLVED,,,2025-12-01T22:46:00,TRUE,TRUE
EXC_SYN_0002417,PAY_SYN_0024106,CUST_SYN_000923,ACCT_SYN_000923,2026-03-13T16:18:00,2026-03-13,BENEFICIARY,R009,Beneficiary details require review,MEDIUM,RESOLVED,TEAM_SYN_003,USER_SYN_003_A02,RESOLVED,SYN_RESOLVED,2026-03-13T19:18:00,2026-03-14T00:18:00,FALSE,TRUE
EXC_SYN_0002418,PAY_SYN_0002081,CUST_SYN_000498,ACCT_SYN_000498,2025-12-20T11:56:00,2025-12-20,CURRENCY,R010,Currency handling exception,MEDIUM,RESOLVED,TEAM_SYN_004,USER_SYN_004_A03,RESOLVED,SYN_RESOLVED,2025-12-20T12:56:00,2025-12-20T19:56:00,FALSE,TRUE
EXC_SYN_0002419,PAY_SYN_0021196,CUST_SYN_000253,ACCT_SYN_001253,2025-12-04T17:14:00,2025-12-04,SETTLEMENT,R011,Settlement confirmation delayed,LOW,RESOLVED,TEAM_SYN_005,USER_SYN_005_A04,RESOLVED,SYN_RESOLVED,2025-12-04T19:14:00,2025-12-05T01:14:00,FALSE,FALSE
EXC_SYN_0002420,PAY_SYN_0015919,CUST_SYN_000004,ACCT_SYN_001004,2026-02-09T19:48:00,2026-02-09,VALIDATION,R001,Payment instruction failed validation,MEDIUM,OPEN,TEAM_SYN_001,USER_SYN_001_A01,UNRESOLVED,,,2026-02-10T03:48:00,FALSE,TRUE
EXC_SYN_0002421,PAY_SYN_0021850,CUST_SYN_000451,ACCT_SYN_001451,2026-01-29T10:58:00,2026-01-29,LIQUIDITY,R002,Insufficient synthetic available funds,HIGH,RESOLVED,TEAM_SYN_002,USER_SYN_002_A02,RESOLVED,SYN_RESOLVED,2026-01-29T11:58:00,2026-01-29T14:58:00,FALSE,TRUE
EXC_SYN_0002422,PAY_SYN_0008556,CUST_SYN_000073,ACCT_SYN_000073,2026-02-06T17:13:00,2026-02-06,ROUTING,R003,Beneficiary routing information requires correction,MEDIUM,RESOLVED,TEAM_SYN_003,USER_SYN_003_A03,RESOLVED,SYN_RESOLVED,2026-02-07T03:05:00,2026-02-07T01:13:00,TRUE,TRUE
EXC_SYN_0002423,PAY_SYN_0009395,CUST_SYN_000116,ACCT_SYN_001116,2026-02-26T16:19:00,2026-02-26,CUTOFF,R004,Payment missed the processing cutoff,LOW,RESOLVED,TEAM_SYN_004,USER_SYN_004_A04,RESOLVED,SYN_RESOLVED,2026-02-26T19:19:00,2026-02-27T00:19:00,TRUE,FALSE
EXC_SYN_0002424,PAY_SYN_0007738,CUST_SYN_000307,ACCT_SYN_001307,2026-01-21T20:13:00,2026-01-21,SANCTIONS_SCREENING,R005,Synthetic screening review pending,HIGH,OPEN,TEAM_SYN_005,USER_SYN_005_A01,UNRESOLVED,,,2026-01-22T00:13:00,FALSE,TRUE
EXC_SYN_0002425,PAY_SYN_0015584,CUST_SYN_000609,ACCT_SYN_000609,2026-02-12T15:48:00,2026-02-12,DUPLICATE,R006,Potential duplicate payment instruction,HIGH,RESOLVED,TEAM_SYN_001,USER_SYN_001_A02,RESOLVED,SYN_RESOLVED,2026-02-12T17:48:00,2026-02-12T19:48:00,FALSE,TRUE
EXC_SYN_0002426,PAY_SYN_0002718,CUST_SYN_000067,ACCT_SYN_000067,2026-01-29T19:59:00,2026-01-29,SYSTEM,R007,Processing system unavailable,MEDIUM,RESOLVED,TEAM_SYN_002,USER_SYN_002_A03,RESOLVED,SYN_RESOLVED,2026-01-29T22:59:00,2026-01-30T03:59:00,TRUE,FALSE
EXC_SYN_0002427,PAY_SYN_0023153,CUST_SYN_000162,ACCT_SYN_000162,2026-01-26T15:17:00,2026-01-26,AUTHORIZATION,R008,Required payment authorization incomplete,HIGH,RESOLVED,TEAM_SYN_003,USER_SYN_003_A04,RESOLVED,SYN_RESOLVED,2026-01-26T16:17:00,2026-01-26T19:17:00,TRUE,TRUE
EXC_SYN_0002428,PAY_SYN_0009177,CUST_SYN_000550,ACCT_SYN_000550,2026-03-13T19:58:00,2026-03-13,BENEFICIARY,R009,Beneficiary details require review,MEDIUM,OPEN,TEAM_SYN_004,USER_SYN_004_A01,UNRESOLVED,,,2026-03-14T03:58:00,TRUE,TRUE
EXC_SYN_0002429,PAY_SYN_0022524,CUST_SYN_000889,ACCT_SYN_000889,2026-02-23T17:20:00,2026-02-23,CURRENCY,R010,Currency handling exception,MEDIUM,RESOLVED,TEAM_SYN_005,USER_SYN_005_A02,RESOLVED,SYN_RESOLVED,2026-02-24T03:19:00,2026-02-24T01:20:00,FALSE,TRUE
EXC_SYN_0002430,PAY_SYN_0018489,CUST_SYN_000094,ACCT_SYN_000094,2025-12-03T21:48:00,2025-12-03,SETTLEMENT,R011,Settlement confirmation delayed,LOW,RESOLVED,TEAM_SYN_001,USER_SYN_001_A03,RESOLVED,SYN_RESOLVED,2025-12-03T22:48:00,2025-12-04T05:48:00,FALSE,FALSE
EXC_SYN_0002431,PAY_SYN_0001383,CUST_SYN_000172,ACCT_SYN_000172,2026-01-25T16:19:00,2026-01-25,VALIDATION,R001,Payment instruction failed validation,MEDIUM,RESOLVED,TEAM_SYN_002,USER_SYN_002_A04,RESOLVED,SYN_RESOLVED,2026-01-25T18:19:00,2026-01-26T00:19:00,TRUE,TRUE
EXC_SYN_0002432,PAY_SYN_0010551,CUST_SYN_000388,ACCT_SYN_000388,2026-03-09T15:08:00,2026-03-09,LIQUIDITY,R002,Insufficient synthetic available funds,HIGH,OPEN,TEAM_SYN_003,USER_SYN_003_A01,UNRESOLVED,,,2026-03-09T19:08:00,TRUE,TRUE
EXC_SYN_0002433,PAY_SYN_0021587,CUST_SYN_000720,ACCT_SYN_000720,2026-01-14T20:53:00,2026-01-14,ROUTING,R003,Beneficiary routing information requires correction,MEDIUM,RESOLVED,TEAM_SYN_004,USER_SYN_004_A02,RESOLVED,SYN_RESOLVED,2026-01-14T21:53:00,2026-01-15T04:53:00,FALSE,TRUE
EXC_SYN_0002434,PAY_SYN_0012034,CUST_SYN_000259,ACCT_SYN_001259,2025-12-12T18:35:00,2025-12-12,CUTOFF,R004,Payment missed the processing cutoff,LOW,RESOLVED,TEAM_SYN_005,USER_SYN_005_A03,RESOLVED,SYN_RESOLVED,2025-12-12T20:35:00,2025-12-13T02:35:00,TRUE,FALSE
EXC_SYN_0002435,PAY_SYN_0015835,CUST_SYN_000896,ACCT_SYN_000896,2025-12-03T19:15:00,2025-12-03,SANCTIONS_SCREENING,R005,Synthetic screening review pending,HIGH,RESOLVED,TEAM_SYN_001,USER_SYN_001_A04,RESOLVED,SYN_RESOLVED,2025-12-03T22:15:00,2025-12-03T23:15:00,TRUE,TRUE
EXC_SYN_0002436,PAY_SYN_0012914,CUST_SYN_000819,ACCT_SYN_000819,2026-01-08T18:41:00,2026-01-08,DUPLICATE,R006,Potential duplicate payment instruction,HIGH,OPEN,TEAM_SYN_002,USER_SYN_002_A01,UNRESOLVED,,,2026-01-08T22:41:00,TRUE,TRUE
EXC_SYN_0002437,PAY_SYN_0020046,CUST_SYN_000703,ACCT_SYN_000703,2025-12-26T14:58:00,2025-12-26,SYSTEM,R007,Processing system unavailable,MEDIUM,RESOLVED,TEAM_SYN_003,USER_SYN_003_A02,RESOLVED,SYN_RESOLVED,2025-12-26T16:58:00,2025-12-26T22:58:00,FALSE,FALSE
EXC_SYN_0002438,PAY_SYN_0000214,CUST_SYN_000419,ACCT_SYN_000419,2025-11-18T13:27:00,2025-11-18,AUTHORIZATION,R008,Required payment authorization incomplete,HIGH,RESOLVED,TEAM_SYN_004,USER_SYN_004_A03,RESOLVED,SYN_RESOLVED,2025-11-18T16:27:00,2025-11-18T17:27:00,FALSE,TRUE
EXC_SYN_0002439,PAY_SYN_0008306,CUST_SYN_000323,ACCT_SYN_001323,2026-03-02T14:44:00,2026-03-02,BENEFICIARY,R009,Beneficiary details require review,MEDIUM,RESOLVED,TEAM_SYN_005,USER_SYN_005_A04,RESOLVED,SYN_RESOLVED,2026-03-02T15:44:00,2026-03-02T22:44:00,TRUE,TRUE
EXC_SYN_0002440,PAY_SYN_0008646,CUST_SYN_000403,ACCT_SYN_000403,2026-02-01T15:37:00,2026-02-01,CURRENCY,R010,Currency handling exception,MEDIUM,OPEN,TEAM_SYN_001,USER_SYN_001_A01,UNRESOLVED,,,2026-02-01T23:37:00,FALSE,TRUE
EXC_SYN_0002441,PAY_SYN_0018139,CUST_SYN_000644,ACCT_SYN_000644,2026-01-03T18:21:00,2026-01-03,SETTLEMENT,R011,Settlement confirmation delayed,LOW,RESOLVED,TEAM_SYN_002,USER_SYN_002_A02,RESOLVED,SYN_RESOLVED,2026-01-03T21:21:00,2026-01-04T02:21:00,TRUE,FALSE
EXC_SYN_0002442,PAY_SYN_0018331,CUST_SYN_000248,ACCT_SYN_000248,2026-03-03T10:58:00,2026-03-03,VALIDATION,R001,Payment instruction failed validation,MEDIUM,RESOLVED,TEAM_SYN_003,USER_SYN_003_A03,RESOLVED,SYN_RESOLVED,2026-03-03T11:58:00,2026-03-03T18:58:00,FALSE,TRUE
EXC_SYN_0002443,PAY_SYN_0009320,CUST_SYN_000341,ACCT_SYN_001341,2026-01-29T09:54:00,2026-01-29,LIQUIDITY,R002,Insufficient synthetic available funds,HIGH,RESOLVED,TEAM_SYN_004,USER_SYN_004_A04,RESOLVED,SYN_RESOLVED,2026-01-29T16:07:00,2026-01-29T13:54:00,TRUE,TRUE
EXC_SYN_0002444,PAY_SYN_0014971,CUST_SYN_000428,ACCT_SYN_000428,2025-12-27T11:24:00,2025-12-27,ROUTING,R003,Beneficiary routing information requires correction,MEDIUM,OPEN,TEAM_SYN_005,USER_SYN_005_A01,UNRESOLVED,,,2025-12-27T19:24:00,FALSE,TRUE
EXC_SYN_0002445,PAY_SYN_0007838,CUST_SYN_000507,ACCT_SYN_000507,2025-12-17T18:26:00,2025-12-17,CUTOFF,R004,Payment missed the processing cutoff,LOW,RESOLVED,TEAM_SYN_001,USER_SYN_001_A02,RESOLVED,SYN_RESOLVED,2025-12-17T19:26:00,2025-12-18T02:26:00,TRUE,FALSE
EXC_SYN_0002446,PAY_SYN_0023369,CUST_SYN_000654,ACCT_SYN_000654,2026-02-21T19:36:00,2026-02-21,SANCTIONS_SCREENING,R005,Synthetic screening review pending,HIGH,RESOLVED,TEAM_SYN_002,USER_SYN_002_A03,RESOLVED,SYN_RESOLVED,2026-02-21T21:36:00,2026-02-21T23:36:00,TRUE,TRUE
EXC_SYN_0002447,PAY_SYN_0007274,CUST_SYN_000639,ACCT_SYN_000639,2026-01-29T15:04:00,2026-01-29,DUPLICATE,R006,Potential duplicate payment instruction,HIGH,RESOLVED,TEAM_SYN_003,USER_SYN_003_A04,RESOLVED,SYN_RESOLVED,2026-01-29T18:04:00,2026-01-29T19:04:00,FALSE,TRUE
EXC_SYN_0002448,PAY_SYN_0001354,CUST_SYN_000599,ACCT_SYN_000599,2026-03-13T15:37:00,2026-03-13,LIQUIDITY,R002,Insufficient synthetic available funds,HIGH,OPEN,TEAM_SYN_004,USER_SYN_004_A01,UNRESOLVED,,,2026-03-13T19:37:00,TRUE,TRUE
EXC_SYN_0002449,PAY_SYN_0011179,CUST_SYN_000124,ACCT_SYN_001124,2026-02-09T20:05:00,2026-02-09,AUTHORIZATION,R008,Required payment authorization incomplete,HIGH,RESOLVED,TEAM_SYN_005,USER_SYN_005_A02,RESOLVED,SYN_RESOLVED,2026-02-09T22:05:00,2026-02-10T00:05:00,FALSE,TRUE
EXC_SYN_0002450,PAY_SYN_0006923,CUST_SYN_000152,ACCT_SYN_001152,2026-03-10T14:46:00,2026-03-10,BENEFICIARY,R009,Beneficiary details require review,MEDIUM,RESOLVED,TEAM_SYN_001,USER_SYN_001_A03,RESOLVED,SYN_RESOLVED,2026-03-11T01:06:00,2026-03-10T22:46:00,TRUE,TRUE
EXC_SYN_0002451,PAY_SYN_0012862,CUST_SYN_000395,ACCT_SYN_000395,2026-01-08T13:52:00,2026-01-08,CURRENCY,R010,Currency handling exception,MEDIUM,RESOLVED,TEAM_SYN_002,USER_SYN_002_A04,RESOLVED,SYN_RESOLVED,2026-01-08T14:52:00,2026-01-08T21:52:00,FALSE,TRUE
EXC_SYN_0002452,PAY_SYN_0013365,CUST_SYN_000006,ACCT_SYN_001006,2026-02-09T16:46:00,2026-02-09,SETTLEMENT,R011,Settlement confirmation delayed,LOW,OPEN,TEAM_SYN_003,USER_SYN_003_A01,UNRESOLVED,,,2026-02-10T00:46:00,FALSE,FALSE
EXC_SYN_0002453,PAY_SYN_0010499,CUST_SYN_000464,ACCT_SYN_001464,2026-02-18T21:37:00,2026-02-18,VALIDATION,R001,Payment instruction failed validation,MEDIUM,RESOLVED,TEAM_SYN_004,USER_SYN_004_A02,RESOLVED,SYN_RESOLVED,2026-02-19T00:37:00,2026-02-19T05:37:00,FALSE,TRUE
EXC_SYN_0002454,PAY_SYN_0016101,CUST_SYN_000238,ACCT_SYN_000238,2026-01-27T13:24:00,2026-01-27,LIQUIDITY,R002,Insufficient synthetic available funds,HIGH,RESOLVED,TEAM_SYN_005,USER_SYN_005_A03,RESOLVED,SYN_RESOLVED,2026-01-27T14:24:00,2026-01-27T17:24:00,FALSE,TRUE
EXC_SYN_0002455,PAY_SYN_0015660,CUST_SYN_000421,ACCT_SYN_000421,2025-12-06T12:10:00,2025-12-06,ROUTING,R003,Beneficiary routing information requires correction,MEDIUM,RESOLVED,TEAM_SYN_001,USER_SYN_001_A04,RESOLVED,SYN_RESOLVED,2025-12-06T14:10:00,2025-12-06T20:10:00,FALSE,TRUE
EXC_SYN_0002456,PAY_SYN_0001387,CUST_SYN_000320,ACCT_SYN_000320,2026-03-04T20:12:00,2026-03-04,CUTOFF,R004,Payment missed the processing cutoff,LOW,OPEN,TEAM_SYN_002,USER_SYN_002_A01,UNRESOLVED,,,2026-03-05T04:12:00,FALSE,FALSE
EXC_SYN_0002457,PAY_SYN_0021392,CUST_SYN_000005,ACCT_SYN_001005,2025-11-29T15:20:00,2025-11-29,SANCTIONS_SCREENING,R005,Synthetic screening review pending,HIGH,RESOLVED,TEAM_SYN_003,USER_SYN_003_A02,RESOLVED,SYN_RESOLVED,2025-11-29T21:47:00,2025-11-29T19:20:00,FALSE,TRUE
EXC_SYN_0002458,PAY_SYN_0016358,CUST_SYN_000747,ACCT_SYN_000747,2026-02-15T21:15:00,2026-02-15,DUPLICATE,R006,Potential duplicate payment instruction,HIGH,RESOLVED,TEAM_SYN_004,USER_SYN_004_A03,RESOLVED,SYN_RESOLVED,2026-02-15T23:15:00,2026-02-16T01:15:00,FALSE,TRUE
EXC_SYN_0002459,PAY_SYN_0015742,CUST_SYN_000455,ACCT_SYN_000455,2026-03-09T15:36:00,2026-03-09,SYSTEM,R007,Processing system unavailable,MEDIUM,RESOLVED,TEAM_SYN_005,USER_SYN_005_A04,RESOLVED,SYN_RESOLVED,2026-03-09T18:36:00,2026-03-09T23:36:00,TRUE,FALSE
EXC_SYN_0002460,PAY_SYN_0018831,CUST_SYN_000748,ACCT_SYN_000748,2026-01-04T15:12:00,2026-01-04,AUTHORIZATION,R008,Required payment authorization incomplete,HIGH,OPEN,TEAM_SYN_001,USER_SYN_001_A01,UNRESOLVED,,,2026-01-04T19:12:00,FALSE,TRUE
EXC_SYN_0002461,PAY_SYN_0016442,CUST_SYN_000855,ACCT_SYN_000855,2025-11-21T15:42:00,2025-11-21,BENEFICIARY,R009,Beneficiary details require review,MEDIUM,RESOLVED,TEAM_SYN_002,USER_SYN_002_A02,RESOLVED,SYN_RESOLVED,2025-11-21T17:42:00,2025-11-21T23:42:00,TRUE,TRUE
EXC_SYN_0002462,PAY_SYN_0024711,CUST_SYN_000808,ACCT_SYN_000808,2025-12-06T15:38:00,2025-12-06,CURRENCY,R010,Currency handling exception,MEDIUM,RESOLVED,TEAM_SYN_003,USER_SYN_003_A03,RESOLVED,SYN_RESOLVED,2025-12-06T18:38:00,2025-12-06T23:38:00,TRUE,TRUE
EXC_SYN_0002463,PAY_SYN_0015220,CUST_SYN_000641,ACCT_SYN_000641,2026-01-09T14:34:00,2026-01-09,SETTLEMENT,R011,Settlement confirmation delayed,LOW,RESOLVED,TEAM_SYN_004,USER_SYN_004_A04,RESOLVED,SYN_RESOLVED,2026-01-09T15:34:00,2026-01-09T22:34:00,FALSE,FALSE
EXC_SYN_0002464,PAY_SYN_0022307,CUST_SYN_000360,ACCT_SYN_000360,2026-01-22T21:36:00,2026-01-22,VALIDATION,R001,Payment instruction failed validation,MEDIUM,OPEN,TEAM_SYN_005,USER_SYN_005_A01,UNRESOLVED,,,2026-01-23T05:36:00,TRUE,TRUE
EXC_SYN_0002465,PAY_SYN_0011060,CUST_SYN_000221,ACCT_SYN_001221,2026-01-11T08:40:00,2026-01-11,LIQUIDITY,R002,Insufficient synthetic available funds,HIGH,RESOLVED,TEAM_SYN_001,USER_SYN_001_A02,RESOLVED,SYN_RESOLVED,2026-01-11T11:40:00,2026-01-11T12:40:00,FALSE,TRUE
EXC_SYN_0002466,PAY_SYN_0018315,CUST_SYN_000156,ACCT_SYN_001156,2025-12-25T14:18:00,2025-12-25,ROUTING,R003,Beneficiary routing information requires correction,MEDIUM,RESOLVED,TEAM_SYN_002,USER_SYN_002_A03,RESOLVED,SYN_RESOLVED,2025-12-25T15:18:00,2025-12-25T22:18:00,TRUE,TRUE
EXC_SYN_0002467,PAY_SYN_0015966,CUST_SYN_000243,ACCT_SYN_001243,2026-01-06T15:28:00,2026-01-06,CUTOFF,R004,Payment missed the processing cutoff,LOW,RESOLVED,TEAM_SYN_003,USER_SYN_003_A04,RESOLVED,SYN_RESOLVED,2026-01-06T17:28:00,2026-01-06T23:28:00,FALSE,FALSE
EXC_SYN_0002468,PAY_SYN_0001397,CUST_SYN_000690,ACCT_SYN_000690,2026-01-11T16:58:00,2026-01-11,SANCTIONS_SCREENING,R005,Synthetic screening review pending,HIGH,OPEN,TEAM_SYN_004,USER_SYN_004_A01,UNRESOLVED,,,2026-01-11T20:58:00,TRUE,TRUE
EXC_SYN_0002469,PAY_SYN_0022395,CUST_SYN_000616,ACCT_SYN_000616,2025-12-19T14:57:00,2025-12-19,DUPLICATE,R006,Potential duplicate payment instruction,HIGH,RESOLVED,TEAM_SYN_005,USER_SYN_005_A02,RESOLVED,SYN_RESOLVED,2025-12-19T15:57:00,2025-12-19T18:57:00,TRUE,TRUE
EXC_SYN_0002470,PAY_SYN_0010904,CUST_SYN_000449,ACCT_SYN_001449,2026-02-07T13:33:00,2026-02-07,SYSTEM,R007,Processing system unavailable,MEDIUM,RESOLVED,TEAM_SYN_001,USER_SYN_001_A03,RESOLVED,SYN_RESOLVED,2026-02-07T15:33:00,2026-02-07T21:33:00,TRUE,FALSE
EXC_SYN_0002471,PAY_SYN_0021675,CUST_SYN_000976,ACCT_SYN_000976,2025-12-06T15:23:00,2025-12-06,AUTHORIZATION,R008,Required payment authorization incomplete,HIGH,RESOLVED,TEAM_SYN_002,USER_SYN_002_A04,RESOLVED,SYN_RESOLVED,2025-12-06T22:04:00,2025-12-06T19:23:00,TRUE,TRUE
EXC_SYN_0002472,PAY_SYN_0010263,CUST_SYN_000232,ACCT_SYN_000232,2026-01-14T13:12:00,2026-01-14,BENEFICIARY,R009,Beneficiary details require review,MEDIUM,OPEN,TEAM_SYN_003,USER_SYN_003_A01,UNRESOLVED,,,2026-01-14T21:12:00,TRUE,TRUE
EXC_SYN_0002473,PAY_SYN_0019828,CUST_SYN_000137,ACCT_SYN_000137,2025-12-31T18:20:00,2025-12-31,CURRENCY,R010,Currency handling exception,MEDIUM,RESOLVED,TEAM_SYN_004,USER_SYN_004_A02,RESOLVED,SYN_RESOLVED,2025-12-31T20:20:00,2026-01-01T02:20:00,FALSE,TRUE
EXC_SYN_0002474,PAY_SYN_0003199,CUST_SYN_000364,ACCT_SYN_001364,2026-02-16T19:30:00,2026-02-16,SETTLEMENT,R011,Settlement confirmation delayed,LOW,RESOLVED,TEAM_SYN_005,USER_SYN_005_A03,RESOLVED,SYN_RESOLVED,2026-02-16T22:30:00,2026-02-17T03:30:00,TRUE,FALSE
EXC_SYN_0002475,PAY_SYN_0003704,CUST_SYN_000549,ACCT_SYN_000549,2026-02-22T14:38:00,2026-02-22,VALIDATION,R001,Payment instruction failed validation,MEDIUM,RESOLVED,TEAM_SYN_001,USER_SYN_001_A04,RESOLVED,SYN_RESOLVED,2026-02-22T15:38:00,2026-02-22T22:38:00,FALSE,TRUE
EXC_SYN_0002476,PAY_SYN_0014374,CUST_SYN_000839,ACCT_SYN_000839,2026-03-02T15:41:00,2026-03-02,LIQUIDITY,R002,Insufficient synthetic available funds,HIGH,OPEN,TEAM_SYN_002,USER_SYN_002_A01,UNRESOLVED,,,2026-03-02T19:41:00,TRUE,TRUE
EXC_SYN_0002477,PAY_SYN_0012724,CUST_SYN_000289,ACCT_SYN_001289,2025-12-28T15:24:00,2025-12-28,ROUTING,R003,Beneficiary routing information requires correction,MEDIUM,RESOLVED,TEAM_SYN_003,USER_SYN_003_A02,RESOLVED,SYN_RESOLVED,2025-12-28T18:24:00,2025-12-28T23:24:00,TRUE,TRUE
EXC_SYN_0002478,PAY_SYN_0004560,CUST_SYN_000721,ACCT_SYN_000721,2025-12-09T11:09:00,2025-12-09,CUTOFF,R004,Payment missed the processing cutoff,LOW,RESOLVED,TEAM_SYN_004,USER_SYN_004_A03,RESOLVED,SYN_RESOLVED,2025-12-09T21:57:00,2025-12-09T19:09:00,TRUE,FALSE
EXC_SYN_0002479,PAY_SYN_0007786,CUST_SYN_000083,ACCT_SYN_000083,2025-12-18T17:44:00,2025-12-18,SANCTIONS_SCREENING,R005,Synthetic screening review pending,HIGH,RESOLVED,TEAM_SYN_005,USER_SYN_005_A04,RESOLVED,SYN_RESOLVED,2025-12-18T19:44:00,2025-12-18T21:44:00,TRUE,TRUE
EXC_SYN_0002480,PAY_SYN_0020773,CUST_SYN_000602,ACCT_SYN_000602,2026-02-24T15:06:00,2026-02-24,DUPLICATE,R006,Potential duplicate payment instruction,HIGH,OPEN,TEAM_SYN_001,USER_SYN_001_A01,UNRESOLVED,,,2026-02-24T19:06:00,TRUE,TRUE
EXC_SYN_0002481,PAY_SYN_0017605,CUST_SYN_000386,ACCT_SYN_000386,2026-02-18T17:43:00,2026-02-18,SYSTEM,R007,Processing system unavailable,MEDIUM,RESOLVED,TEAM_SYN_002,USER_SYN_002_A02,RESOLVED,SYN_RESOLVED,2026-02-18T18:43:00,2026-02-19T01:43:00,FALSE,FALSE
EXC_SYN_0002482,PAY_SYN_0020020,CUST_SYN_000241,ACCT_SYN_001241,2025-12-04T12:41:00,2025-12-04,AUTHORIZATION,R008,Required payment authorization incomplete,HIGH,RESOLVED,TEAM_SYN_003,USER_SYN_003_A03,RESOLVED,SYN_RESOLVED,2025-12-04T14:41:00,2025-12-04T16:41:00,TRUE,TRUE
EXC_SYN_0002483,PAY_SYN_0013244,CUST_SYN_000029,ACCT_SYN_001029,2026-02-20T16:22:00,2026-02-20,BENEFICIARY,R009,Beneficiary details require review,MEDIUM,RESOLVED,TEAM_SYN_004,USER_SYN_004_A04,RESOLVED,SYN_RESOLVED,2026-02-20T19:22:00,2026-02-21T00:22:00,TRUE,TRUE
EXC_SYN_0002484,PAY_SYN_0000414,CUST_SYN_000319,ACCT_SYN_000319,2026-01-22T16:45:00,2026-01-22,CURRENCY,R010,Currency handling exception,MEDIUM,OPEN,TEAM_SYN_005,USER_SYN_005_A01,UNRESOLVED,,,2026-01-23T00:45:00,FALSE,TRUE
EXC_SYN_0002485,PAY_SYN_0019752,CUST_SYN_000325,ACCT_SYN_000325,2026-02-28T15:04:00,2026-02-28,SETTLEMENT,R011,Settlement confirmation delayed,LOW,RESOLVED,TEAM_SYN_001,USER_SYN_001_A02,RESOLVED,SYN_RESOLVED,2026-03-01T01:59:00,2026-02-28T23:04:00,FALSE,FALSE
EXC_SYN_0002486,PAY_SYN_0019698,CUST_SYN_000327,ACCT_SYN_001327,2026-01-27T20:59:00,2026-01-27,VALIDATION,R001,Payment instruction failed validation,MEDIUM,RESOLVED,TEAM_SYN_002,USER_SYN_002_A03,RESOLVED,SYN_RESOLVED,2026-01-27T23:59:00,2026-01-28T04:59:00,TRUE,TRUE
EXC_SYN_0002487,PAY_SYN_0007944,CUST_SYN_000429,ACCT_SYN_001429,2026-03-07T17:54:00,2026-03-07,LIQUIDITY,R002,Insufficient synthetic available funds,HIGH,RESOLVED,TEAM_SYN_003,USER_SYN_003_A04,RESOLVED,SYN_RESOLVED,2026-03-07T18:54:00,2026-03-07T21:54:00,TRUE,TRUE
EXC_SYN_0002488,PAY_SYN_0023362,CUST_SYN_000395,ACCT_SYN_000395,2026-03-09T15:53:00,2026-03-09,ROUTING,R003,Beneficiary routing information requires correction,MEDIUM,OPEN,TEAM_SYN_004,USER_SYN_004_A01,UNRESOLVED,,,2026-03-09T23:53:00,TRUE,TRUE
EXC_SYN_0002489,PAY_SYN_0009089,CUST_SYN_000294,ACCT_SYN_000294,2025-12-16T22:55:00,2025-12-16,CUTOFF,R004,Payment missed the processing cutoff,LOW,RESOLVED,TEAM_SYN_005,USER_SYN_005_A02,RESOLVED,SYN_RESOLVED,2025-12-17T01:55:00,2025-12-17T06:55:00,TRUE,FALSE
EXC_SYN_0002490,PAY_SYN_0002723,CUST_SYN_000252,ACCT_SYN_000252,2025-11-16T17:26:00,2025-11-16,SANCTIONS_SCREENING,R005,Synthetic screening review pending,HIGH,RESOLVED,TEAM_SYN_001,USER_SYN_001_A03,RESOLVED,SYN_RESOLVED,2025-11-16T18:26:00,2025-11-16T21:26:00,TRUE,TRUE
EXC_SYN_0002491,PAY_SYN_0005399,CUST_SYN_000264,ACCT_SYN_000264,2026-02-16T23:51:00,2026-02-16,DUPLICATE,R006,Potential duplicate payment instruction,HIGH,RESOLVED,TEAM_SYN_002,USER_SYN_002_A04,RESOLVED,SYN_RESOLVED,2026-02-17T01:51:00,2026-02-17T03:51:00,FALSE,TRUE
EXC_SYN_0002492,PAY_SYN_0006077,CUST_SYN_000350,ACCT_SYN_001350,2025-11-16T22:10:00,2025-11-16,SYSTEM,R007,Processing system unavailable,MEDIUM,OPEN,TEAM_SYN_003,USER_SYN_003_A01,UNRESOLVED,,,2025-11-17T06:10:00,TRUE,FALSE
EXC_SYN_0002493,PAY_SYN_0000778,CUST_SYN_000287,ACCT_SYN_000287,2025-11-22T17:10:00,2025-11-22,AUTHORIZATION,R008,Required payment authorization incomplete,HIGH,RESOLVED,TEAM_SYN_004,USER_SYN_004_A02,RESOLVED,SYN_RESOLVED,2025-11-22T18:10:00,2025-11-22T21:10:00,TRUE,TRUE
EXC_SYN_0002494,PAY_SYN_0006134,CUST_SYN_000459,ACCT_SYN_000459,2026-03-10T13:15:00,2026-03-10,BENEFICIARY,R009,Beneficiary details require review,MEDIUM,RESOLVED,TEAM_SYN_005,USER_SYN_005_A03,RESOLVED,SYN_RESOLVED,2026-03-10T15:15:00,2026-03-10T21:15:00,TRUE,TRUE
EXC_SYN_0002495,PAY_SYN_0015837,CUST_SYN_000970,ACCT_SYN_000970,2025-12-25T16:29:00,2025-12-25,CURRENCY,R010,Currency handling exception,MEDIUM,RESOLVED,TEAM_SYN_001,USER_SYN_001_A04,RESOLVED,SYN_RESOLVED,2025-12-25T19:29:00,2025-12-26T00:29:00,TRUE,TRUE
EXC_SYN_0002496,PAY_SYN_0004385,CUST_SYN_000246,ACCT_SYN_000246,2026-02-25T14:38:00,2026-02-25,SETTLEMENT,R011,Settlement confirmation delayed,LOW,OPEN,TEAM_SYN_002,USER_SYN_002_A01,UNRESOLVED,,,2026-02-25T22:38:00,FALSE,FALSE
EXC_SYN_0002497,PAY_SYN_0012609,CUST_SYN_000034,ACCT_SYN_000034,2025-12-02T18:19:00,2025-12-02,VALIDATION,R001,Payment instruction failed validation,MEDIUM,RESOLVED,TEAM_SYN_003,USER_SYN_003_A02,RESOLVED,SYN_RESOLVED,2025-12-02T20:19:00,2025-12-02T17:19:00,FALSE,TRUE
EXC_DQ_EXPIRED_REF_001,PAY_SYN_0006131,CUST_SYN_000348,ACCT_SYN_000348,2026-03-14T10:46:00,2026-03-14,LIQUIDITY,R_EXP,Expired legacy exception definition,HIGH,RESOLVED,TEAM_SYN_004,USER_SYN_004_A03,RESOLVED,SYN_RESOLVED,2026-03-14T13:46:00,2026-03-14T14:46:00,TRUE,TRUE
EXC_DQ_REASON_001,PAY_SYN_0019678,CUST_SYN_000587,ACCT_SYN_000587,2025-12-29T18:28:00,2025-12-29,ROUTING,,,MEDIUM,RESOLVED,TEAM_SYN_005,USER_SYN_005_A04,RESOLVED,SYN_RESOLVED,2025-12-30T05:37:00,2025-12-30T02:28:00,FALSE,TRUE
EXC_DQ_TIMESTAMP_001,PAY_SYN_0003844,CUST_SYN_000229,ACCT_SYN_001229,2026-02-12T10:28:00,2026-02-12,CUTOFF,R001,Payment instruction failed validation,LOW,OPEN,TEAM_SYN_001,USER_SYN_001_A01,UNRESOLVED,,,2026-02-12T22:23:00,FALSE,FALSE
