sla_event_id,exception_id,sla_type,sla_start_timestamp,sla_due_timestamp,sla_breached_flag,breach_minutes,escalation_required,sla_status
SLA_DEMO_BREACH_001,EXC_DEMO_001,PAYMENT_EXCEPTION_RESOLUTION,2026-03-11T09:35:00,2026-03-11T13:35:00,TRUE,75,TRUE,BREACHED
SLA_SYN_0000002,EXC_SYN_0000002,PAYMENT_EXCEPTION_RESOLUTION,2025-12-18T14:26:00,2025-12-18T22:26:00,FALSE,0,FALSE,MET
SLA_SYN_0000003,EXC_SYN_0000003,PAYMENT_EXCEPTION_RESOLUTION,2026-01-17T13:22:00,2026-01-17T21:22:00,FALSE,0,FALSE,MET
SLA_SYN_0000004,EXC_SYN_0000004,PAYMENT_EXCEPTION_RESOLUTION,2025-11-25T11:31:00,2025-11-25T15:31:00,TRUE,158909,TRUE,BREACHED
SLA_SYN_0000005,EXC_SYN_0000005,PAYMENT_EXCEPTION_RESOLUTION,2025-11-19T15:52:00,2025-11-19T19:52:00,FALSE,0,FALSE,MET
SLA_SYN_0000006,EXC_SYN_0000006,PAYMENT_EXCEPTION_RESOLUTION,2025-11-25T11:30:00,2025-11-25T19:30:00,FALSE,0,FALSE,MET
SLA_SYN_0000007,EXC_SYN_0000007,PAYMENT_EXCEPTION_RESOLUTION,2026-01-20T13:17:00,2026-01-20T17:17:00,TRUE,37,TRUE,BREACHED
SLA_SYN_0000008,EXC_SYN_0000008,PAYMENT_EXCEPTION_RESOLUTION,2026-03-05T14:07:00,2026-03-05T22:07:00,TRUE,14513,FALSE,BREACHED
SLA_SYN_0000009,EXC_SYN_0000009,PAYMENT_EXCEPTION_RESOLUTION,2026-02-03T12:36:00,2026-02-03T20:36:00,FALSE,0,FALSE,MET
SLA_SYN_0000010,EXC_SYN_0000010,PAYMENT_EXCEPTION_RESOLUTION,2026-01-28T12:12:00,2026-01-28T20:12:00,FALSE,0,FALSE,MET
SLA_SYN_0000011,EXC_SYN_0000011,PAYMENT_EXCEPTION_RESOLUTION,2026-02-04T18:44:00,2026-02-05T02:44:00,FALSE,0,FALSE,MET
SLA_SYN_0000012,EXC_SYN_0000012,PAYMENT_EXCEPTION_RESOLUTION,2026-03-01T17:43:00,2026-03-01T21:43:00,TRUE,20297,TRUE,BREACHED
SLA_SYN_0000013,EXC_SYN_0000013,PAYMENT_EXCEPTION_RESOLUTION,2025-12-01T19:50:00,2025-12-02T03:50:00,FALSE,0,FALSE,MET
SLA_SYN_0000014,EXC_SYN_0000014,PAYMENT_EXCEPTION_RESOLUTION,2026-01-26T19:33:00,2026-01-27T03:33:00,TRUE,44,FALSE,BREACHED
SLA_SYN_0000015,EXC_SYN_0000015,PAYMENT_EXCEPTION_RESOLUTION,2026-02-23T12:20:00,2026-02-23T16:20:00,FALSE,0,FALSE,MET
SLA_SYN_0000016,EXC_SYN_0000016,PAYMENT_EXCEPTION_RESOLUTION,2026-02-28T18:35:00,2026-02-28T22:35:00,TRUE,21685,TRUE,BREACHED
SLA_SYN_0000017,EXC_SYN_0000017,PAYMENT_EXCEPTION_RESOLUTION,2025-11-28T16:54:00,2025-11-29T00:54:00,FALSE,0,FALSE,MET
SLA_SYN_0000018,EXC_SYN_0000018,PAYMENT_EXCEPTION_RESOLUTION,2026-01-26T12:29:00,2026-01-26T16:29:00,FALSE,0,FALSE,MET
SLA_SYN_0000019,EXC_SYN_0000019,PAYMENT_EXCEPTION_RESOLUTION,2025-12-24T13:59:00,2025-12-24T21:59:00,FALSE,0,FALSE,MET
SLA_SYN_0000020,EXC_SYN_0000020,PAYMENT_EXCEPTION_RESOLUTION,2026-03-13T19:07:00,2026-03-14T03:07:00,TRUE,2693,FALSE,BREACHED
SLA_SYN_0000021,EXC_SYN_0000021,PAYMENT_EXCEPTION_RESOLUTION,2026-01-02T18:13:00,2026-01-03T02:13:00,TRUE,51,FALSE,BREACHED
SLA_SYN_0000022,EXC_SYN_0000022,PAYMENT_EXCEPTION_RESOLUTION,2026-02-20T20:30:00,2026-02-21T04:30:00,FALSE,0,FALSE,MET
SLA_SYN_0000023,EXC_SYN_0000023,PAYMENT_EXCEPTION_RESOLUTION,2026-03-05T21:20:00,2026-03-06T01:20:00,FALSE,0,FALSE,MET
SLA_SYN_0000024,EXC_SYN_0000024,PAYMENT_EXCEPTION_RESOLUTION,2025-11-28T13:57:00,2025-11-28T21:57:00,TRUE,154203,FALSE,BREACHED
SLA_SYN_0000025,EXC_SYN_0000025,PAYMENT_EXCEPTION_RESOLUTION,2026-01-27T14:00:00,2026-01-27T22:00:00,FALSE,0,FALSE,MET
SLA_SYN_0000026,EXC_SYN_0000026,PAYMENT_EXCEPTION_RESOLUTION,2026-03-09T20:05:00,2026-03-10T00:05:00,FALSE,0,FALSE,MET
SLA_SYN_0000027,EXC_SYN_0000027,PAYMENT_EXCEPTION_RESOLUTION,2026-03-01T20:01:00,2026-03-02T00:01:00,FALSE,0,FALSE,MET
SLA_SYN_0000028,EXC_SYN_0000028,PAYMENT_EXCEPTION_RESOLUTION,2025-12-31T11:20:00,2025-12-31T19:20:00,TRUE,106840,FALSE,BREACHED
SLA_SYN_0000029,EXC_SYN_0000029,PAYMENT_EXCEPTION_RESOLUTION,2026-01-19T17:08:00,2026-01-19T21:08:00,FALSE,0,FALSE,MET
SLA_SYN_0000030,EXC_SYN_0000030,PAYMENT_EXCEPTION_RESOLUTION,2026-03-11T12:36:00,2026-03-11T16:36:00,FALSE,0,FALSE,MET
SLA_SYN_0000031,EXC_SYN_0000031,PAYMENT_EXCEPTION_RESOLUTION,2026-01-01T14:53:00,2026-01-01T22:53:00,FALSE,0,FALSE,MET
SLA_SYN_0000032,EXC_SYN_0000032,PAYMENT_EXCEPTION_RESOLUTION,2025-11-29T15:23:00,2025-11-29T23:23:00,TRUE,152677,FALSE,BREACHED
SLA_SYN_0000033,EXC_SYN_0000033,PAYMENT_EXCEPTION_RESOLUTION,2026-02-28T19:17:00,2026-03-01T03:17:00,FALSE,0,FALSE,MET
SLA_SYN_0000034,EXC_SYN_0000034,PAYMENT_EXCEPTION_RESOLUTION,2026-01-20T17:06:00,2026-01-20T21:06:00,FALSE,0,FALSE,MET
SLA_SYN_0000035,EXC_SYN_0000035,PAYMENT_EXCEPTION_RESOLUTION,2026-01-14T10:10:00,2026-01-14T18:10:00,TRUE,65,FALSE,BREACHED
SLA_SYN_0000036,EXC_SYN_0000036,PAYMENT_EXCEPTION_RESOLUTION,2026-01-22T15:18:00,2026-01-22T23:18:00,TRUE,74922,FALSE,BREACHED
SLA_SYN_0000037,EXC_SYN_0000037,PAYMENT_EXCEPTION_RESOLUTION,2026-03-13T14:34:00,2026-03-13T18:34:00,FALSE,0,FALSE,MET
SLA_SYN_0000038,EXC_SYN_0000038,PAYMENT_EXCEPTION_RESOLUTION,2025-12-10T17:48:00,2025-12-10T21:48:00,FALSE,0,FALSE,MET
SLA_SYN_0000039,EXC_SYN_0000039,PAYMENT_EXCEPTION_RESOLUTION,2026-03-03T15:57:00,2026-03-03T23:57:00,FALSE,0,FALSE,MET
SLA_SYN_0000040,EXC_SYN_0000040,PAYMENT_EXCEPTION_RESOLUTION,2025-11-24T18:04:00,2025-11-24T22:04:00,TRUE,159956,TRUE,BREACHED
SLA_SYN_0000041,EXC_SYN_0000041,PAYMENT_EXCEPTION_RESOLUTION,2025-11-28T20:31:00,2025-11-29T04:31:00,FALSE,0,FALSE,MET
SLA_SYN_0000042,EXC_SYN_0000042,PAYMENT_EXCEPTION_RESOLUTION,2026-03-14T12:01:00,2026-03-14T16:01:00,TRUE,72,TRUE,BREACHED
SLA_SYN_0000043,EXC_SYN_0000043,PAYMENT_EXCEPTION_RESOLUTION,2025-12-03T16:12:00,2025-12-04T00:12:00,FALSE,0,FALSE,MET
SLA_SYN_0000044,EXC_SYN_0000044,PAYMENT_EXCEPTION_RESOLUTION,2025-12-10T19:46:00,2025-12-11T03:46:00,TRUE,136574,FALSE,BREACHED
SLA_SYN_0000045,EXC_SYN_0000045,PAYMENT_EXCEPTION_RESOLUTION,2026-03-15T13:07:00,2026-03-15T21:07:00,FALSE,0,FALSE,MET
SLA_SYN_0000046,EXC_SYN_0000046,PAYMENT_EXCEPTION_RESOLUTION,2026-01-09T17:11:00,2026-01-10T01:11:00,FALSE,0,FALSE,MET
SLA_SYN_0000047,EXC_SYN_0000047,PAYMENT_EXCEPTION_RESOLUTION,2026-01-12T20:32:00,2026-01-13T04:32:00,FALSE,0,FALSE,MET
SLA_SYN_0000048,EXC_SYN_0000048,PAYMENT_EXCEPTION_RESOLUTION,2026-02-09T17:07:00,2026-02-09T21:07:00,TRUE,49133,TRUE,BREACHED
SLA_SYN_0000049,EXC_SYN_0000049,PAYMENT_EXCEPTION_RESOLUTION,2025-11-23T13:22:00,2025-11-23T17:22:00,TRUE,79,TRUE,BREACHED
SLA_SYN_0000050,EXC_SYN_0000050,PAYMENT_EXCEPTION_RESOLUTION,2026-03-10T14:32:00,2026-03-10T22:32:00,FALSE,0,FALSE,MET
SLA_SYN_0000051,EXC_SYN_0000051,PAYMENT_EXCEPTION_RESOLUTION,2026-03-10T21:34:00,2026-03-11T01:34:00,FALSE,0,FALSE,MET
SLA_SYN_0000052,EXC_SYN_0000052,PAYMENT_EXCEPTION_RESOLUTION,2026-01-07T13:41:00,2026-01-07T21:41:00,TRUE,96619,FALSE,BREACHED
SLA_SYN_0000053,EXC_SYN_0000053,PAYMENT_EXCEPTION_RESOLUTION,2025-12-19T19:29:00,2025-12-20T03:29:00,FALSE,0,FALSE,MET
SLA_SYN_0000054,EXC_SYN_0000054,PAYMENT_EXCEPTION_RESOLUTION,2025-12-05T19:32:00,2025-12-06T03:32:00,FALSE,0,FALSE,MET
SLA_SYN_0000055,EXC_SYN_0000055,PAYMENT_EXCEPTION_RESOLUTION,2026-03-14T19:15:00,2026-03-15T03:15:00,FALSE,0,FALSE,MET
SLA_SYN_0000056,EXC_SYN_0000056,PAYMENT_EXCEPTION_RESOLUTION,2026-03-10T18:06:00,2026-03-10T22:06:00,TRUE,7314,TRUE,BREACHED
SLA_SYN_0000057,EXC_SYN_0000057,PAYMENT_EXCEPTION_RESOLUTION,2026-01-16T16:35:00,2026-01-17T00:35:00,FALSE,0,FALSE,MET
SLA_SYN_0000058,EXC_SYN_0000058,PAYMENT_EXCEPTION_RESOLUTION,2026-02-04T14:34:00,2026-02-04T22:34:00,FALSE,0,FALSE,MET
SLA_SYN_0000059,EXC_SYN_0000059,PAYMENT_EXCEPTION_RESOLUTION,2026-01-27T13:10:00,2026-01-27T17:10:00,FALSE,0,FALSE,MET
SLA_SYN_0000060,EXC_SYN_0000060,PAYMENT_EXCEPTION_RESOLUTION,2026-02-11T14:50:00,2026-02-11T18:50:00,TRUE,46390,TRUE,BREACHED
SLA_SYN_0000061,EXC_SYN_0000061,PAYMENT_EXCEPTION_RESOLUTION,2026-03-05T18:24:00,2026-03-06T02:24:00,FALSE,0,FALSE,MET
SLA_SYN_0000062,EXC_SYN_0000062,PAYMENT_EXCEPTION_RESOLUTION,2025-11-16T18:07:00,2025-11-16T22:07:00,FALSE,0,FALSE,MET
SLA_SYN_0000063,EXC_SYN_0000063,PAYMENT_EXCEPTION_RESOLUTION,2026-02-16T11:21:00,2026-02-16T19:21:00,TRUE,93,FALSE,BREACHED
SLA_SYN_0000064,EXC_SYN_0000064,PAYMENT_EXCEPTION_RESOLUTION,2026-02-27T17:36:00,2026-02-28T01:36:00,TRUE,22944,FALSE,BREACHED
SLA_SYN_0000065,EXC_SYN_0000065,PAYMENT_EXCEPTION_RESOLUTION,2025-12-30T19:16:00,2025-12-31T03:16:00,FALSE,0,FALSE,MET
SLA_SYN_0000066,EXC_SYN_0000066,PAYMENT_EXCEPTION_RESOLUTION,2025-12-28T12:20:00,2025-12-28T20:20:00,FALSE,0,FALSE,MET
SLA_SYN_0000067,EXC_SYN_0000067,PAYMENT_EXCEPTION_RESOLUTION,2025-12-25T11:06:00,2025-12-25T15:06:00,FALSE,0,FALSE,MET
SLA_SYN_0000068,EXC_SYN_0000068,PAYMENT_EXCEPTION_RESOLUTION,2026-02-19T11:49:00,2026-02-19T19:49:00,TRUE,34811,FALSE,BREACHED
SLA_SYN_0000069,EXC_SYN_0000069,PAYMENT_EXCEPTION_RESOLUTION,2026-03-06T14:23:00,2026-03-06T22:23:00,FALSE,0,FALSE,MET
SLA_SYN_0000070,EXC_SYN_0000070,PAYMENT_EXCEPTION_RESOLUTION,2026-01-14T16:30:00,2026-01-14T20:30:00,TRUE,100,TRUE,BREACHED
SLA_SYN_0000071,EXC_SYN_0000071,PAYMENT_EXCEPTION_RESOLUTION,2026-01-02T17:33:00,2026-01-02T21:33:00,FALSE,0,FALSE,MET
SLA_SYN_0000072,EXC_SYN_0000072,PAYMENT_EXCEPTION_RESOLUTION,2026-02-14T18:43:00,2026-02-15T02:43:00,TRUE,41597,FALSE,BREACHED
SLA_SYN_0000073,EXC_SYN_0000073,PAYMENT_EXCEPTION_RESOLUTION,2025-11-29T15:25:00,2025-11-29T19:25:00,FALSE,0,FALSE,MET
SLA_SYN_0000074,EXC_SYN_0000074,PAYMENT_EXCEPTION_RESOLUTION,2026-01-18T20:23:00,2026-01-19T04:23:00,FALSE,0,FALSE,MET
SLA_SYN_0000075,EXC_SYN_0000075,PAYMENT_EXCEPTION_RESOLUTION,2026-02-15T19:02:00,2026-02-16T03:02:00,FALSE,0,FALSE,MET
SLA_SYN_0000076,EXC_SYN_0000076,PAYMENT_EXCEPTION_RESOLUTION,2025-12-07T14:30:00,2025-12-07T22:30:00,TRUE,141210,FALSE,BREACHED
SLA_SYN_0000077,EXC_SYN_0000077,PAYMENT_EXCEPTION_RESOLUTION,2025-11-21T13:26:00,2025-11-21T21:26:00,TRUE,107,FALSE,BREACHED
SLA_SYN_0000078,EXC_SYN_0000078,PAYMENT_EXCEPTION_RESOLUTION,2026-03-13T20:01:00,2026-03-14T00:01:00,FALSE,0,FALSE,MET
SLA_SYN_0000079,EXC_SYN_0000079,PAYMENT_EXCEPTION_RESOLUTION,2026-01-14T16:16:00,2026-01-15T00:16:00,FALSE,0,FALSE,MET
SLA_SYN_0000080,EXC_SYN_0000080,PAYMENT_EXCEPTION_RESOLUTION,2025-12-11T15:12:00,2025-12-11T23:12:00,TRUE,135408,FALSE,BREACHED
SLA_SYN_0000081,EXC_SYN_0000081,PAYMENT_EXCEPTION_RESOLUTION,2026-01-15T21:54:00,2026-01-16T01:54:00,FALSE,0,FALSE,MET
SLA_SYN_0000082,EXC_SYN_0000082,PAYMENT_EXCEPTION_RESOLUTION,2025-12-14T22:27:00,2025-12-15T02:27:00,FALSE,0,FALSE,MET
SLA_SYN_0000083,EXC_SYN_0000083,PAYMENT_EXCEPTION_RESOLUTION,2026-01-28T19:49:00,2026-01-29T03:49:00,FALSE,0,FALSE,MET
SLA_SYN_0000084,EXC_SYN_0000084,PAYMENT_EXCEPTION_RESOLUTION,2026-01-23T09:07:00,2026-01-23T13:07:00,TRUE,74093,TRUE,BREACHED
SLA_SYN_0000085,EXC_SYN_0000085,PAYMENT_EXCEPTION_RESOLUTION,2025-12-16T12:11:00,2025-12-16T20:11:00,FALSE,0,FALSE,MET
SLA_SYN_0000086,EXC_SYN_0000086,PAYMENT_EXCEPTION_RESOLUTION,2026-03-10T17:56:00,2026-03-11T01:56:00,FALSE,0,FALSE,MET
SLA_SYN_0000087,EXC_SYN_0000087,PAYMENT_EXCEPTION_RESOLUTION,2026-03-12T14:21:00,2026-03-12T18:21:00,FALSE,0,FALSE,MET
SLA_SYN_0000088,EXC_SYN_0000088,PAYMENT_EXCEPTION_RESOLUTION,2025-12-16T18:22:00,2025-12-17T02:22:00,TRUE,128018,FALSE,BREACHED
SLA_SYN_0000089,EXC_SYN_0000089,PAYMENT_EXCEPTION_RESOLUTION,2026-02-10T12:43:00,2026-02-10T16:43:00,FALSE,0,FALSE,MET
SLA_SYN_0000090,EXC_SYN_0000090,PAYMENT_EXCEPTION_RESOLUTION,2025-12-27T12:39:00,2025-12-27T20:39:00,FALSE,0,FALSE,MET
SLA_SYN_0000091,EXC_SYN_0000091,PAYMENT_EXCEPTION_RESOLUTION,2025-11-25T09:58:00,2025-11-25T17:58:00,TRUE,121,FALSE,BREACHED
SLA_SYN_0000092,EXC_SYN_0000092,PAYMENT_EXCEPTION_RESOLUTION,2025-12-09T19:24:00,2025-12-09T23:24:00,TRUE,138276,TRUE,BREACHED
SLA_SYN_0000093,EXC_SYN_0000093,PAYMENT_EXCEPTION_RESOLUTION,2026-01-29T18:03:00,2026-01-29T22:03:00,FALSE,0,FALSE,MET
SLA_SYN_0000094,EXC_SYN_0000094,PAYMENT_EXCEPTION_RESOLUTION,2026-01-15T14:08:00,2026-01-15T22:08:00,FALSE,0,FALSE,MET
SLA_SYN_0000095,EXC_SYN_0000095,PAYMENT_EXCEPTION_RESOLUTION,2025-12-20T16:25:00,2025-12-20T20:25:00,FALSE,0,FALSE,MET
SLA_SYN_0000096,EXC_SYN_0000096,PAYMENT_EXCEPTION_RESOLUTION,2026-01-29T20:06:00,2026-01-30T04:06:00,TRUE,64554,FALSE,BREACHED
SLA_SYN_0000097,EXC_SYN_0000097,PAYMENT_EXCEPTION_RESOLUTION,2026-01-09T19:52:00,2026-01-10T03:52:00,FALSE,0,FALSE,MET
SLA_SYN_0000098,EXC_SYN_0000098,PAYMENT_EXCEPTION_RESOLUTION,2025-12-27T20:05:00,2025-12-28T04:05:00,TRUE,128,FALSE,BREACHED
SLA_SYN_0000099,EXC_SYN_0000099,PAYMENT_EXCEPTION_RESOLUTION,2026-03-09T12:32:00,2026-03-09T16:32:00,FALSE,0,FALSE,MET
SLA_SYN_0000100,EXC_SYN_0000100,PAYMENT_EXCEPTION_RESOLUTION,2026-02-01T18:17:00,2026-02-01T22:17:00,TRUE,60583,TRUE,BREACHED
SLA_SYN_0000101,EXC_SYN_0000101,PAYMENT_EXCEPTION_RESOLUTION,2026-02-08T14:12:00,2026-02-08T22:12:00,FALSE,0,FALSE,MET
SLA_SYN_0000102,EXC_SYN_0000102,PAYMENT_EXCEPTION_RESOLUTION,2026-03-03T17:09:00,2026-03-04T01:09:00,FALSE,0,FALSE,MET
SLA_SYN_0000103,EXC_SYN_0000103,PAYMENT_EXCEPTION_RESOLUTION,2025-11-19T21:57:00,2025-11-20T01:57:00,FALSE,0,FALSE,MET
SLA_SYN_0000104,EXC_SYN_0000104,PAYMENT_EXCEPTION_RESOLUTION,2026-01-27T18:49:00,2026-01-27T22:49:00,TRUE,67751,TRUE,BREACHED
SLA_SYN_0000105,EXC_SYN_0000105,PAYMENT_EXCEPTION_RESOLUTION,2026-02-26T20:09:00,2026-02-27T04:09:00,TRUE,135,FALSE,BREACHED
SLA_SYN_0000106,EXC_SYN_0000106,PAYMENT_EXCEPTION_RESOLUTION,2026-02-09T15:00:00,2026-02-09T19:00:00,FALSE,0,FALSE,MET
SLA_SYN_0000107,EXC_SYN_0000107,PAYMENT_EXCEPTION_RESOLUTION,2026-01-16T18:04:00,2026-01-17T02:04:00,FALSE,0,FALSE,MET
SLA_SYN_0000108,EXC_SYN_0000108,PAYMENT_EXCEPTION_RESOLUTION,2026-02-28T15:53:00,2026-02-28T23:53:00,TRUE,21607,FALSE,BREACHED
SLA_SYN_0000109,EXC_SYN_0000109,PAYMENT_EXCEPTION_RESOLUTION,2026-02-14T23:05:00,2026-02-15T07:05:00,FALSE,0,FALSE,MET
SLA_SYN_0000110,EXC_SYN_0000110,PAYMENT_EXCEPTION_RESOLUTION,2025-11-28T21:24:00,2025-11-29T05:24:00,FALSE,0,FALSE,MET
SLA_SYN_0000111,EXC_SYN_0000111,PAYMENT_EXCEPTION_RESOLUTION,2026-03-05T10:22:00,2026-03-05T14:22:00,FALSE,0,FALSE,MET
SLA_SYN_0000112,EXC_SYN_0000112,PAYMENT_EXCEPTION_RESOLUTION,2026-03-02T17:07:00,2026-03-03T01:07:00,TRUE,18653,FALSE,BREACHED
SLA_SYN_0000113,EXC_SYN_0000113,PAYMENT_EXCEPTION_RESOLUTION,2025-12-16T10:41:00,2025-12-16T18:41:00,FALSE,0,FALSE,MET
SLA_SYN_0000114,EXC_SYN_0000114,PAYMENT_EXCEPTION_RESOLUTION,2026-03-11T12:18:00,2026-03-11T16:18:00,FALSE,0,FALSE,MET
SLA_SYN_0000115,EXC_SYN_0000115,PAYMENT_EXCEPTION_RESOLUTION,2025-12-19T09:30:00,2025-12-19T13:30:00,FALSE,0,FALSE,MET
SLA_SYN_0000116,EXC_SYN_0000116,PAYMENT_EXCEPTION_RESOLUTION,2026-01-08T18:26:00,2026-01-09T02:26:00,TRUE,94894,FALSE,BREACHED
SLA_SYN_0000117,EXC_SYN_0000117,PAYMENT_EXCEPTION_RESOLUTION,2025-11-30T11:03:00,2025-11-30T15:03:00,FALSE,0,FALSE,MET
SLA_SYN_0000118,EXC_SYN_0000118,PAYMENT_EXCEPTION_RESOLUTION,2025-12-13T12:13:00,2025-12-13T20:13:00,FALSE,0,FALSE,MET
SLA_SYN_0000119,EXC_SYN_0000119,PAYMENT_EXCEPTION_RESOLUTION,2026-02-02T17:31:00,2026-02-03T01:31:00,TRUE,149,FALSE,BREACHED
SLA_SYN_0000120,EXC_SYN_0000120,PAYMENT_EXCEPTION_RESOLUTION,2026-01-12T16:00:00,2026-01-13T00:00:00,TRUE,89280,FALSE,BREACHED
SLA_SYN_0000121,EXC_SYN_0000121,PAYMENT_EXCEPTION_RESOLUTION,2026-01-24T19:51:00,2026-01-25T03:51:00,FALSE,0,FALSE,MET
SLA_SYN_0000122,EXC_SYN_0000122,PAYMENT_EXCEPTION_RESOLUTION,2026-01-18T14:32:00,2026-01-18T18:32:00,FALSE,0,FALSE,MET
SLA_SYN_0000123,EXC_SYN_0000123,PAYMENT_EXCEPTION_RESOLUTION,2026-02-05T18:13:00,2026-02-06T02:13:00,FALSE,0,FALSE,MET
SLA_SYN_0000124,EXC_SYN_0000124,PAYMENT_EXCEPTION_RESOLUTION,2025-12-25T20:30:00,2025-12-26T04:30:00,TRUE,114930,FALSE,BREACHED
SLA_SYN_0000125,EXC_SYN_0000125,PAYMENT_EXCEPTION_RESOLUTION,2026-02-10T16:08:00,2026-02-10T20:08:00,FALSE,0,FALSE,MET
SLA_SYN_0000126,EXC_SYN_0000126,PAYMENT_EXCEPTION_RESOLUTION,2026-03-13T12:03:00,2026-03-13T16:03:00,TRUE,156,TRUE,BREACHED
SLA_SYN_0000127,EXC_SYN_0000127,PAYMENT_EXCEPTION_RESOLUTION,2026-03-09T13:33:00,2026-03-09T21:33:00,FALSE,0,FALSE,MET
SLA_SYN_0000128,EXC_SYN_0000128,PAYMENT_EXCEPTION_RESOLUTION,2025-12-29T17:34:00,2025-12-29T21:34:00,TRUE,109586,TRUE,BREACHED
SLA_SYN_0000129,EXC_SYN_0000129,PAYMENT_EXCEPTION_RESOLUTION,2026-03-03T17:17:00,2026-03-04T01:17:00,FALSE,0,FALSE,MET
SLA_SYN_0000130,EXC_SYN_0000130,PAYMENT_EXCEPTION_RESOLUTION,2026-01-14T18:47:00,2026-01-15T02:47:00,FALSE,0,FALSE,MET
SLA_SYN_0000131,EXC_SYN_0000131,PAYMENT_EXCEPTION_RESOLUTION,2026-01-18T15:22:00,2026-01-18T23:22:00,FALSE,0,FALSE,MET
SLA_SYN_0000132,EXC_SYN_0000132,PAYMENT_EXCEPTION_RESOLUTION,2026-03-08T20:10:00,2026-03-09T04:10:00,TRUE,9830,FALSE,BREACHED
SLA_SYN_0000133,EXC_SYN_0000133,PAYMENT_EXCEPTION_RESOLUTION,2026-01-18T13:24:00,2026-01-18T17:24:00,TRUE,163,TRUE,BREACHED
SLA_SYN_0000134,EXC_SYN_0000134,PAYMENT_EXCEPTION_RESOLUTION,2025-12-24T19:49:00,2025-12-25T03:49:00,FALSE,0,FALSE,MET
SLA_SYN_0000135,EXC_SYN_0000135,PAYMENT_EXCEPTION_RESOLUTION,2026-03-05T18:08:00,2026-03-06T02:08:00,FALSE,0,FALSE,MET
SLA_SYN_0000136,EXC_SYN_0000136,PAYMENT_EXCEPTION_RESOLUTION,2025-12-28T15:10:00,2025-12-28T19:10:00,TRUE,111170,TRUE,BREACHED
SLA_SYN_0000137,EXC_SYN_0000137,PAYMENT_EXCEPTION_RESOLUTION,2025-11-21T19:11:00,2025-11-21T23:11:00,FALSE,0,FALSE,MET
SLA_SYN_0000138,EXC_SYN_0000138,PAYMENT_EXCEPTION_RESOLUTION,2026-03-05T20:21:00,2026-03-06T04:21:00,FALSE,0,FALSE,MET
SLA_SYN_0000139,EXC_SYN_0000139,PAYMENT_EXCEPTION_RESOLUTION,2026-01-10T10:56:00,2026-01-10T14:56:00,FALSE,0,FALSE,MET
SLA_SYN_0000140,EXC_SYN_0000140,PAYMENT_EXCEPTION_RESOLUTION,2026-01-24T10:59:00,2026-01-24T18:59:00,TRUE,72301,FALSE,BREACHED
SLA_SYN_0000141,EXC_SYN_0000141,PAYMENT_EXCEPTION_RESOLUTION,2026-02-04T10:35:00,2026-02-04T18:35:00,FALSE,0,FALSE,MET
SLA_SYN_0000142,EXC_SYN_0000142,PAYMENT_EXCEPTION_RESOLUTION,2026-03-02T10:58:00,2026-03-02T18:58:00,FALSE,0,FALSE,MET
SLA_SYN_0000143,EXC_SYN_0000143,PAYMENT_EXCEPTION_RESOLUTION,2026-01-02T18:17:00,2026-01-03T02:17:00,FALSE,0,FALSE,MET
SLA_SYN_0000144,EXC_SYN_0000144,PAYMENT_EXCEPTION_RESOLUTION,2025-12-26T19:20:00,2025-12-26T23:20:00,TRUE,113800,TRUE,BREACHED
SLA_SYN_0000145,EXC_SYN_0000145,PAYMENT_EXCEPTION_RESOLUTION,2026-01-14T13:48:00,2026-01-14T21:48:00,FALSE,0,FALSE,MET
SLA_SYN_0000146,EXC_SYN_0000146,PAYMENT_EXCEPTION_RESOLUTION,2025-12-15T11:20:00,2025-12-15T19:20:00,FALSE,0,FALSE,MET
SLA_SYN_0000147,EXC_SYN_0000147,PAYMENT_EXCEPTION_RESOLUTION,2025-12-03T13:00:00,2025-12-03T17:00:00,TRUE,177,TRUE,BREACHED
SLA_SYN_0000148,EXC_SYN_0000148,PAYMENT_EXCEPTION_RESOLUTION,2025-11-28T12:43:00,2025-11-28T16:43:00,TRUE,154517,TRUE,BREACHED
SLA_SYN_0000149,EXC_SYN_0000149,PAYMENT_EXCEPTION_RESOLUTION,2026-01-12T18:21:00,2026-01-13T02:21:00,FALSE,0,FALSE,MET
SLA_SYN_0000150,EXC_SYN_0000150,PAYMENT_EXCEPTION_RESOLUTION,2026-02-06T19:58:00,2026-02-06T23:58:00,FALSE,0,FALSE,MET
SLA_SYN_0000151,EXC_SYN_0000151,PAYMENT_EXCEPTION_RESOLUTION,2026-01-07T13:42:00,2026-01-07T21:42:00,FALSE,0,FALSE,MET
SLA_SYN_0000152,EXC_SYN_0000152,PAYMENT_EXCEPTION_RESOLUTION,2026-02-26T20:44:00,2026-02-27T04:44:00,TRUE,24196,FALSE,BREACHED
SLA_SYN_0000153,EXC_SYN_0000153,PAYMENT_EXCEPTION_RESOLUTION,2026-03-07T16:29:00,2026-03-08T00:29:00,FALSE,0,FALSE,MET
SLA_SYN_0000154,EXC_SYN_0000154,PAYMENT_EXCEPTION_RESOLUTION,2025-12-21T15:08:00,2025-12-21T23:08:00,TRUE,184,FALSE,BREACHED
SLA_SYN_0000155,EXC_SYN_0000155,PAYMENT_EXCEPTION_RESOLUTION,2025-12-16T19:49:00,2025-12-16T23:49:00,FALSE,0,FALSE,MET
SLA_SYN_0000156,EXC_SYN_0000156,PAYMENT_EXCEPTION_RESOLUTION,2026-03-10T19:52:00,2026-03-10T23:52:00,TRUE,7208,TRUE,BREACHED
SLA_SYN_0000157,EXC_SYN_0000157,PAYMENT_EXCEPTION_RESOLUTION,2025-12-20T15:10:00,2025-12-20T23:10:00,FALSE,0,FALSE,MET
SLA_SYN_0000158,EXC_SYN_0000158,PAYMENT_EXCEPTION_RESOLUTION,2026-01-15T14:26:00,2026-01-15T18:26:00,FALSE,0,FALSE,MET
SLA_SYN_0000159,EXC_SYN_0000159,PAYMENT_EXCEPTION_RESOLUTION,2026-02-13T17:00:00,2026-02-13T21:00:00,FALSE,0,FALSE,MET
SLA_SYN_0000160,EXC_SYN_0000160,PAYMENT_EXCEPTION_RESOLUTION,2025-11-21T14:52:00,2025-11-21T22:52:00,TRUE,164228,FALSE,BREACHED
SLA_SYN_0000161,EXC_SYN_0000161,PAYMENT_EXCEPTION_RESOLUTION,2026-01-20T21:07:00,2026-01-21T01:07:00,TRUE,191,TRUE,BREACHED
SLA_SYN_0000162,EXC_SYN_0000162,PAYMENT_EXCEPTION_RESOLUTION,2026-02-16T17:29:00,2026-02-17T01:29:00,FALSE,0,FALSE,MET
SLA_SYN_0000163,EXC_SYN_0000163,PAYMENT_EXCEPTION_RESOLUTION,2026-02-05T14:24:00,2026-02-05T22:24:00,FALSE,0,FALSE,MET
SLA_SYN_0000164,EXC_SYN_0000164,PAYMENT_EXCEPTION_RESOLUTION,2025-12-13T19:22:00,2025-12-14T03:22:00,TRUE,132278,FALSE,BREACHED
SLA_SYN_0000165,EXC_SYN_0000165,PAYMENT_EXCEPTION_RESOLUTION,2025-11-23T17:21:00,2025-11-24T01:21:00,FALSE,0,FALSE,MET
SLA_SYN_0000166,EXC_SYN_0000166,PAYMENT_EXCEPTION_RESOLUTION,2026-01-07T21:22:00,2026-01-08T01:22:00,FALSE,0,FALSE,MET
SLA_SYN_0000167,EXC_SYN_0000167,PAYMENT_EXCEPTION_RESOLUTION,2025-12-29T17:49:00,2025-12-30T01:49:00,FALSE,0,FALSE,MET
SLA_SYN_0000168,EXC_SYN_0000168,PAYMENT_EXCEPTION_RESOLUTION,2026-02-11T16:45:00,2026-02-12T00:45:00,TRUE,46035,FALSE,BREACHED
SLA_SYN_0000169,EXC_SYN_0000169,PAYMENT_EXCEPTION_RESOLUTION,2026-03-05T11:26:00,2026-03-05T15:26:00,FALSE,0,FALSE,MET
SLA_SYN_0000170,EXC_SYN_0000170,PAYMENT_EXCEPTION_RESOLUTION,2025-11-22T17:11:00,2025-11-22T21:11:00,FALSE,0,FALSE,MET
SLA_SYN_0000171,EXC_SYN_0000171,PAYMENT_EXCEPTION_RESOLUTION,2025-12-12T12:29:00,2025-12-12T20:29:00,FALSE,0,FALSE,MET
SLA_SYN_0000172,EXC_SYN_0000172,PAYMENT_EXCEPTION_RESOLUTION,2026-03-15T16:03:00,2026-03-15T20:03:00,TRUE,237,TRUE,BREACHED
SLA_SYN_0000173,EXC_SYN_0000173,PAYMENT_EXCEPTION_RESOLUTION,2025-12-24T14:22:00,2025-12-24T22:22:00,FALSE,0,FALSE,MET
SLA_SYN_0000174,EXC_SYN_0000174,PAYMENT_EXCEPTION_RESOLUTION,2026-02-23T10:47:00,2026-02-23T18:47:00,FALSE,0,FALSE,MET
SLA_SYN_0000175,EXC_SYN_0000175,PAYMENT_EXCEPTION_RESOLUTION,2025-11-16T11:37:00,2025-11-16T19:37:00,TRUE,205,FALSE,BREACHED
SLA_SYN_0000176,EXC_SYN_0000176,PAYMENT_EXCEPTION_RESOLUTION,2026-03-10T15:48:00,2026-03-10T23:48:00,TRUE,7212,FALSE,BREACHED
SLA_SYN_0000177,EXC_SYN_0000177,PAYMENT_EXCEPTION_RESOLUTION,2026-02-21T11:06:00,2026-02-21T15:06:00,FALSE,0,FALSE,MET
SLA_SYN_0000178,EXC_SYN_0000178,PAYMENT_EXCEPTION_RESOLUTION,2026-02-16T13:50:00,2026-02-16T21:50:00,FALSE,0,FALSE,MET
SLA_SYN_0000179,EXC_SYN_0000179,PAYMENT_EXCEPTION_RESOLUTION,2025-11-17T12:09:00,2025-11-17T20:09:00,FALSE,0,FALSE,MET
SLA_SYN_0000180,EXC_SYN_0000180,PAYMENT_EXCEPTION_RESOLUTION,2026-02-19T12:52:00,2026-02-19T16:52:00,TRUE,34988,TRUE,BREACHED
SLA_SYN_0000181,EXC_SYN_0000181,PAYMENT_EXCEPTION_RESOLUTION,2025-11-27T16:16:00,2025-11-27T20:16:00,FALSE,0,FALSE,MET
SLA_SYN_0000182,EXC_SYN_0000182,PAYMENT_EXCEPTION_RESOLUTION,2026-02-05T21:24:00,2026-02-06T05:24:00,TRUE,32,FALSE,BREACHED
SLA_SYN_0000183,EXC_SYN_0000183,PAYMENT_EXCEPTION_RESOLUTION,2026-02-25T16:42:00,2026-02-25T20:42:00,FALSE,0,FALSE,MET
SLA_SYN_0000184,EXC_SYN_0000184,PAYMENT_EXCEPTION_RESOLUTION,2026-02-02T20:06:00,2026-02-03T04:06:00,TRUE,58794,FALSE,BREACHED
SLA_SYN_0000185,EXC_SYN_0000185,PAYMENT_EXCEPTION_RESOLUTION,2026-01-14T19:59:00,2026-01-15T03:59:00,FALSE,0,FALSE,MET
SLA_SYN_0000186,EXC_SYN_0000186,PAYMENT_EXCEPTION_RESOLUTION,2025-12-15T20:12:00,2025-12-16T04:12:00,FALSE,0,FALSE,MET
SLA_SYN_0000187,EXC_SYN_0000187,PAYMENT_EXCEPTION_RESOLUTION,2026-03-04T21:42:00,2026-03-05T05:42:00,FALSE,0,FALSE,MET
SLA_SYN_0000188,EXC_SYN_0000188,PAYMENT_EXCEPTION_RESOLUTION,2025-12-11T18:54:00,2025-12-11T22:54:00,TRUE,135426,TRUE,BREACHED
SLA_SYN_0000189,EXC_SYN_0000189,PAYMENT_EXCEPTION_RESOLUTION,2026-01-01T17:30:00,2026-01-02T01:30:00,TRUE,39,FALSE,BREACHED
SLA_SYN_0000190,EXC_SYN_0000190,PAYMENT_EXCEPTION_RESOLUTION,2025-12-12T19:37:00,2025-12-13T03:37:00,FALSE,0,FALSE,MET
SLA_SYN_0000191,EXC_SYN_0000191,PAYMENT_EXCEPTION_RESOLUTION,2025-12-01T23:01:00,2025-12-02T03:01:00,FALSE,0,FALSE,MET
SLA_SYN_0000192,EXC_SYN_0000192,PAYMENT_EXCEPTION_RESOLUTION,2025-12-13T20:03:00,2025-12-14T00:03:00,TRUE,132477,TRUE,BREACHED
SLA_SYN_0000193,EXC_SYN_0000193,PAYMENT_EXCEPTION_RESOLUTION,2026-01-21T21:43:00,2026-01-22T05:43:00,FALSE,0,FALSE,MET
SLA_SYN_0000194,EXC_SYN_0000194,PAYMENT_EXCEPTION_RESOLUTION,2026-01-21T09:24:00,2026-01-21T13:24:00,FALSE,0,FALSE,MET
SLA_SYN_0000195,EXC_SYN_0000195,PAYMENT_EXCEPTION_RESOLUTION,2026-03-13T12:21:00,2026-03-13T16:21:00,FALSE,0,FALSE,MET
SLA_SYN_0000196,EXC_SYN_0000196,PAYMENT_EXCEPTION_RESOLUTION,2026-01-08T12:04:00,2026-01-08T20:04:00,TRUE,95276,FALSE,BREACHED
SLA_SYN_0000197,EXC_SYN_0000197,PAYMENT_EXCEPTION_RESOLUTION,2026-01-25T12:37:00,2026-01-25T20:37:00,FALSE,0,FALSE,MET
SLA_SYN_0000198,EXC_SYN_0000198,PAYMENT_EXCEPTION_RESOLUTION,2026-02-21T14:14:00,2026-02-21T22:14:00,FALSE,0,FALSE,MET
SLA_SYN_0000199,EXC_SYN_0000199,PAYMENT_EXCEPTION_RESOLUTION,2026-02-24T18:08:00,2026-02-24T22:08:00,FALSE,0,FALSE,MET
SLA_SYN_0000200,EXC_SYN_0000200,PAYMENT_EXCEPTION_RESOLUTION,2025-12-09T12:19:00,2025-12-09T20:19:00,TRUE,138461,FALSE,BREACHED
SLA_SYN_0000201,EXC_SYN_0000201,PAYMENT_EXCEPTION_RESOLUTION,2026-02-17T12:02:00,2026-02-17T20:02:00,FALSE,0,FALSE,MET
SLA_SYN_0000202,EXC_SYN_0000202,PAYMENT_EXCEPTION_RESOLUTION,2026-01-02T16:03:00,2026-01-02T20:03:00,FALSE,0,FALSE,MET
SLA_SYN_0000203,EXC_SYN_0000203,PAYMENT_EXCEPTION_RESOLUTION,2026-01-08T15:12:00,2026-01-08T19:12:00,TRUE,53,TRUE,BREACHED
SLA_SYN_0000204,EXC_SYN_0000204,PAYMENT_EXCEPTION_RESOLUTION,2026-02-20T12:31:00,2026-02-20T20:31:00,TRUE,33329,FALSE,BREACHED
SLA_SYN_0000205,EXC_SYN_0000205,PAYMENT_EXCEPTION_RESOLUTION,2026-01-19T18:29:00,2026-01-19T22:29:00,FALSE,0,FALSE,MET
SLA_SYN_0000206,EXC_SYN_0000206,PAYMENT_EXCEPTION_RESOLUTION,2025-12-23T20:36:00,2025-12-24T04:36:00,FALSE,0,FALSE,MET
SLA_SYN_0000207,EXC_SYN_0000207,PAYMENT_EXCEPTION_RESOLUTION,2025-11-18T20:59:00,2025-11-19T04:59:00,FALSE,0,FALSE,MET
SLA_SYN_0000208,EXC_SYN_0000208,PAYMENT_EXCEPTION_RESOLUTION,2026-03-13T17:21:00,2026-03-14T01:21:00,TRUE,2799,FALSE,BREACHED
SLA_SYN_0000209,EXC_SYN_0000209,PAYMENT_EXCEPTION_RESOLUTION,2025-12-15T20:18:00,2025-12-16T04:18:00,FALSE,0,FALSE,MET
SLA_SYN_0000210,EXC_SYN_0000210,PAYMENT_EXCEPTION_RESOLUTION,2025-11-30T17:20:00,2025-11-30T21:20:00,TRUE,60,TRUE,BREACHED
SLA_SYN_0000211,EXC_SYN_0000211,PAYMENT_EXCEPTION_RESOLUTION,2025-11-25T17:43:00,2025-11-26T01:43:00,FALSE,0,FALSE,MET
SLA_SYN_0000212,EXC_SYN_0000212,PAYMENT_EXCEPTION_RESOLUTION,2025-12-09T16:39:00,2025-12-10T00:39:00,TRUE,138201,FALSE,BREACHED
SLA_SYN_0000213,EXC_SYN_0000213,PAYMENT_EXCEPTION_RESOLUTION,2025-12-10T21:47:00,2025-12-11T01:47:00,FALSE,0,FALSE,MET
SLA_SYN_0000214,EXC_SYN_0000214,PAYMENT_EXCEPTION_RESOLUTION,2026-03-06T20:43:00,2026-03-07T00:43:00,FALSE,0,FALSE,MET
SLA_SYN_0000215,EXC_SYN_0000215,PAYMENT_EXCEPTION_RESOLUTION,2025-12-25T18:15:00,2025-12-26T02:15:00,FALSE,0,FALSE,MET
SLA_SYN_0000216,EXC_SYN_0000216,PAYMENT_EXCEPTION_RESOLUTION,2026-01-20T13:03:00,2026-01-20T17:03:00,TRUE,78177,TRUE,BREACHED
SLA_SYN_0000217,EXC_SYN_0000217,PAYMENT_EXCEPTION_RESOLUTION,2026-01-07T16:17:00,2026-01-08T00:17:00,TRUE,67,FALSE,BREACHED
SLA_SYN_0000218,EXC_SYN_0000218,PAYMENT_EXCEPTION_RESOLUTION,2025-12-06T13:49:00,2025-12-06T21:49:00,FALSE,0,FALSE,MET
SLA_SYN_0000219,EXC_SYN_0000219,PAYMENT_EXCEPTION_RESOLUTION,2026-02-12T13:52:00,2026-02-12T21:52:00,FALSE,0,FALSE,MET
SLA_SYN_0000220,EXC_SYN_0000220,PAYMENT_EXCEPTION_RESOLUTION,2026-01-14T17:46:00,2026-01-15T01:46:00,TRUE,86294,FALSE,BREACHED
SLA_SYN_0000221,EXC_SYN_0000221,PAYMENT_EXCEPTION_RESOLUTION,2025-12-27T22:07:00,2025-12-28T02:07:00,FALSE,0,FALSE,MET
SLA_SYN_0000222,EXC_SYN_0000222,PAYMENT_EXCEPTION_RESOLUTION,2025-12-19T11:05:00,2025-12-19T19:05:00,FALSE,0,FALSE,MET
SLA_SYN_0000223,EXC_SYN_0000223,PAYMENT_EXCEPTION_RESOLUTION,2026-01-12T11:45:00,2026-01-12T19:45:00,FALSE,0,FALSE,MET
SLA_SYN_0000224,EXC_SYN_0000224,PAYMENT_EXCEPTION_RESOLUTION,2026-02-03T16:36:00,2026-02-03T20:36:00,TRUE,57804,TRUE,BREACHED
SLA_SYN_0000225,EXC_SYN_0000225,PAYMENT_EXCEPTION_RESOLUTION,2026-03-13T12:31:00,2026-03-13T20:31:00,FALSE,0,FALSE,MET
SLA_SYN_0000226,EXC_SYN_0000226,PAYMENT_EXCEPTION_RESOLUTION,2025-12-15T17:49:00,2025-12-16T01:49:00,FALSE,0,FALSE,MET
SLA_SYN_0000227,EXC_SYN_0000227,PAYMENT_EXCEPTION_RESOLUTION,2026-03-10T18:22:00,2026-03-10T22:22:00,FALSE,0,FALSE,MET
SLA_SYN_0000228,EXC_SYN_0000228,PAYMENT_EXCEPTION_RESOLUTION,2025-11-16T09:49:00,2025-11-16T17:49:00,TRUE,171731,FALSE,BREACHED
SLA_SYN_0000229,EXC_SYN_0000229,PAYMENT_EXCEPTION_RESOLUTION,2025-12-19T19:45:00,2025-12-20T03:45:00,FALSE,0,FALSE,MET
SLA_SYN_0000230,EXC_SYN_0000230,PAYMENT_EXCEPTION_RESOLUTION,2025-11-18T12:02:00,2025-11-18T20:02:00,FALSE,0,FALSE,MET
SLA_SYN_0000231,EXC_SYN_0000231,PAYMENT_EXCEPTION_RESOLUTION,2025-12-02T12:15:00,2025-12-02T20:15:00,TRUE,81,FALSE,BREACHED
SLA_SYN_0000232,EXC_SYN_0000232,PAYMENT_EXCEPTION_RESOLUTION,2025-12-19T13:05:00,2025-12-19T17:05:00,TRUE,124255,TRUE,BREACHED
SLA_SYN_0000233,EXC_SYN_0000233,PAYMENT_EXCEPTION_RESOLUTION,2026-01-06T15:42:00,2026-01-06T23:42:00,FALSE,0,FALSE,MET
SLA_SYN_0000234,EXC_SYN_0000234,PAYMENT_EXCEPTION_RESOLUTION,2026-03-09T15:15:00,2026-03-09T19:15:00,FALSE,0,FALSE,MET
SLA_SYN_0000235,EXC_SYN_0000235,PAYMENT_EXCEPTION_RESOLUTION,2025-12-18T18:39:00,2025-12-18T22:39:00,FALSE,0,FALSE,MET
SLA_SYN_0000236,EXC_SYN_0000236,PAYMENT_EXCEPTION_RESOLUTION,2026-03-10T15:14:00,2026-03-10T19:14:00,TRUE,7486,TRUE,BREACHED
SLA_SYN_0000237,EXC_SYN_0000237,PAYMENT_EXCEPTION_RESOLUTION,2026-03-09T16:24:00,2026-03-09T20:24:00,FALSE,0,FALSE,MET
SLA_SYN_0000238,EXC_SYN_0000238,PAYMENT_EXCEPTION_RESOLUTION,2026-03-05T13:16:00,2026-03-05T17:16:00,TRUE,88,TRUE,BREACHED
SLA_SYN_0000239,EXC_SYN_0000239,PAYMENT_EXCEPTION_RESOLUTION,2026-03-09T16:10:00,2026-03-10T00:10:00,FALSE,0,FALSE,MET
SLA_SYN_0000240,EXC_SYN_0000240,PAYMENT_EXCEPTION_RESOLUTION,2025-11-20T18:10:00,2025-11-21T02:10:00,TRUE,165470,FALSE,BREACHED
SLA_SYN_0000241,EXC_SYN_0000241,PAYMENT_EXCEPTION_RESOLUTION,2026-01-02T16:46:00,2026-01-03T00:46:00,FALSE,0,FALSE,MET
SLA_SYN_0000242,EXC_SYN_0000242,PAYMENT_EXCEPTION_RESOLUTION,2025-12-11T16:22:00,2025-12-12T00:22:00,FALSE,0,FALSE,MET
SLA_SYN_0000243,EXC_SYN_0000243,PAYMENT_EXCEPTION_RESOLUTION,2025-12-15T22:27:00,2025-12-16T02:27:00,FALSE,0,FALSE,MET
SLA_SYN_0000244,EXC_SYN_0000244,PAYMENT_EXCEPTION_RESOLUTION,2025-12-13T19:49:00,2025-12-14T03:49:00,TRUE,132251,FALSE,BREACHED
SLA_SYN_0000245,EXC_SYN_0000245,PAYMENT_EXCEPTION_RESOLUTION,2026-01-08T21:56:00,2026-01-09T05:56:00,TRUE,95,FALSE,BREACHED
SLA_SYN_0000246,EXC_SYN_0000246,PAYMENT_EXCEPTION_RESOLUTION,2025-12-17T19:55:00,2025-12-17T23:55:00,FALSE,0,FALSE,MET
SLA_SYN_0000247,EXC_SYN_0000247,PAYMENT_EXCEPTION_RESOLUTION,2026-01-09T15:23:00,2026-01-09T19:23:00,FALSE,0,FALSE,MET
SLA_SYN_0000248,EXC_SYN_0000248,PAYMENT_EXCEPTION_RESOLUTION,2026-01-28T19:34:00,2026-01-29T03:34:00,TRUE,66026,FALSE,BREACHED
SLA_SYN_0000249,EXC_SYN_0000249,PAYMENT_EXCEPTION_RESOLUTION,2025-12-10T17:13:00,2025-12-10T21:13:00,FALSE,0,FALSE,MET
SLA_SYN_0000250,EXC_SYN_0000250,PAYMENT_EXCEPTION_RESOLUTION,2026-01-21T14:20:00,2026-01-21T22:20:00,FALSE,0,FALSE,MET
SLA_SYN_0000251,EXC_SYN_0000251,PAYMENT_EXCEPTION_RESOLUTION,2025-12-25T12:46:00,2025-12-25T20:46:00,FALSE,0,FALSE,MET
SLA_SYN_0000252,EXC_SYN_0000252,PAYMENT_EXCEPTION_RESOLUTION,2026-01-14T18:04:00,2026-01-15T02:04:00,TRUE,86276,FALSE,BREACHED
SLA_SYN_0000253,EXC_SYN_0000253,PAYMENT_EXCEPTION_RESOLUTION,2026-03-14T15:26:00,2026-03-14T23:26:00,FALSE,0,FALSE,MET
SLA_SYN_0000254,EXC_SYN_0000254,PAYMENT_EXCEPTION_RESOLUTION,2026-03-12T16:56:00,2026-03-12T20:56:00,FALSE,0,FALSE,MET
SLA_SYN_0000255,EXC_SYN_0000255,PAYMENT_EXCEPTION_RESOLUTION,2025-12-22T11:44:00,2025-12-22T19:44:00,FALSE,0,FALSE,MET
SLA_SYN_0000256,EXC_SYN_0000256,PAYMENT_EXCEPTION_RESOLUTION,2026-03-13T18:39:00,2026-03-14T02:39:00,TRUE,2721,FALSE,BREACHED
SLA_SYN_0000257,EXC_SYN_0000257,PAYMENT_EXCEPTION_RESOLUTION,2026-02-24T14:14:00,2026-02-24T18:14:00,FALSE,0,FALSE,MET
SLA_SYN_0000258,EXC_SYN_0000258,PAYMENT_EXCEPTION_RESOLUTION,2026-01-21T11:36:00,2026-01-21T15:36:00,FALSE,0,FALSE,MET
SLA_SYN_0000259,EXC_SYN_0000259,PAYMENT_EXCEPTION_RESOLUTION,2025-11-17T12:56:00,2025-11-17T20:56:00,TRUE,109,FALSE,BREACHED
SLA_SYN_0000260,EXC_SYN_0000260,PAYMENT_EXCEPTION_RESOLUTION,2026-02-19T19:38:00,2026-02-19T23:38:00,TRUE,34582,TRUE,BREACHED
SLA_SYN_0000261,EXC_SYN_0000261,PAYMENT_EXCEPTION_RESOLUTION,2026-03-14T15:26:00,2026-03-14T19:26:00,FALSE,0,FALSE,MET
SLA_SYN_0000262,EXC_SYN_0000262,PAYMENT_EXCEPTION_RESOLUTION,2026-01-22T12:58:00,2026-01-22T20:58:00,FALSE,0,FALSE,MET
SLA_SYN_0000263,EXC_SYN_0000263,PAYMENT_EXCEPTION_RESOLUTION,2025-12-13T13:01:00,2025-12-13T21:01:00,FALSE,0,FALSE,MET
SLA_SYN_0000264,EXC_SYN_0000264,PAYMENT_EXCEPTION_RESOLUTION,2026-01-04T12:17:00,2026-01-04T20:17:00,TRUE,101023,FALSE,BREACHED
SLA_SYN_0000265,EXC_SYN_0000265,PAYMENT_EXCEPTION_RESOLUTION,2026-03-02T15:58:00,2026-03-02T19:58:00,FALSE,0,FALSE,MET
SLA_SYN_0000266,EXC_SYN_0000266,PAYMENT_EXCEPTION_RESOLUTION,2026-01-25T18:05:00,2026-01-26T02:05:00,TRUE,116,FALSE,BREACHED
SLA_SYN_0000267,EXC_SYN_0000267,PAYMENT_EXCEPTION_RESOLUTION,2026-03-15T14:03:00,2026-03-15T18:03:00,FALSE,0,FALSE,MET
SLA_SYN_0000268,EXC_SYN_0000268,PAYMENT_EXCEPTION_RESOLUTION,2026-03-12T12:29:00,2026-03-12T16:29:00,TRUE,4771,TRUE,BREACHED
SLA_SYN_0000269,EXC_SYN_0000269,PAYMENT_EXCEPTION_RESOLUTION,2026-03-10T17:47:00,2026-03-10T21:47:00,FALSE,0,FALSE,MET
SLA_SYN_0000270,EXC_SYN_0000270,PAYMENT_EXCEPTION_RESOLUTION,2025-12-13T13:35:00,2025-12-13T21:35:00,FALSE,0,FALSE,MET
SLA_SYN_0000271,EXC_SYN_0000271,PAYMENT_EXCEPTION_RESOLUTION,2026-03-10T16:49:00,2026-03-10T20:49:00,FALSE,0,FALSE,MET
SLA_SYN_0000272,EXC_SYN_0000272,PAYMENT_EXCEPTION_RESOLUTION,2025-12-27T21:10:00,2025-12-28T05:10:00,TRUE,112010,FALSE,BREACHED
SLA_SYN_0000273,EXC_SYN_0000273,PAYMENT_EXCEPTION_RESOLUTION,2026-01-25T15:48:00,2026-01-25T23:48:00,TRUE,123,FALSE,BREACHED
SLA_SYN_0000274,EXC_SYN_0000274,PAYMENT_EXCEPTION_RESOLUTION,2026-01-06T14:44:00,2026-01-06T22:44:00,FALSE,0,FALSE,MET
SLA_SYN_0000275,EXC_SYN_0000275,PAYMENT_EXCEPTION_RESOLUTION,2026-02-21T18:38:00,2026-02-22T02:38:00,FALSE,0,FALSE,MET
SLA_SYN_0000276,EXC_SYN_0000276,PAYMENT_EXCEPTION_RESOLUTION,2025-12-02T15:30:00,2025-12-02T19:30:00,TRUE,148590,TRUE,BREACHED
SLA_SYN_0000277,EXC_SYN_0000277,PAYMENT_EXCEPTION_RESOLUTION,2026-03-08T16:42:00,2026-03-09T00:42:00,FALSE,0,FALSE,MET
SLA_SYN_0000278,EXC_SYN_0000278,PAYMENT_EXCEPTION_RESOLUTION,2026-01-18T15:01:00,2026-01-18T23:01:00,FALSE,0,FALSE,MET
SLA_SYN_0000279,EXC_SYN_0000279,PAYMENT_EXCEPTION_RESOLUTION,2026-02-09T18:35:00,2026-02-09T22:35:00,FALSE,0,FALSE,MET
SLA_SYN_0000280,EXC_SYN_0000280,PAYMENT_EXCEPTION_RESOLUTION,2025-12-26T09:35:00,2025-12-26T13:35:00,TRUE,114385,TRUE,BREACHED
SLA_SYN_0000281,EXC_SYN_0000281,PAYMENT_EXCEPTION_RESOLUTION,2025-12-08T09:18:00,2025-12-08T17:18:00,FALSE,0,FALSE,MET
SLA_SYN_0000282,EXC_SYN_0000282,PAYMENT_EXCEPTION_RESOLUTION,2025-12-04T09:51:00,2025-12-04T13:51:00,FALSE,0,FALSE,MET
SLA_SYN_0000283,EXC_SYN_0000283,PAYMENT_EXCEPTION_RESOLUTION,2025-12-20T09:34:00,2025-12-20T17:34:00,FALSE,0,FALSE,MET
SLA_SYN_0000284,EXC_SYN_0000284,PAYMENT_EXCEPTION_RESOLUTION,2026-02-17T18:43:00,2026-02-18T02:43:00,TRUE,37277,FALSE,BREACHED
SLA_SYN_0000285,EXC_SYN_0000285,PAYMENT_EXCEPTION_RESOLUTION,2026-03-01T11:37:00,2026-03-01T19:37:00,FALSE,0,FALSE,MET
SLA_SYN_0000286,EXC_SYN_0000286,PAYMENT_EXCEPTION_RESOLUTION,2025-11-28T16:08:00,2025-11-29T00:08:00,FALSE,0,FALSE,MET
SLA_SYN_0000287,EXC_SYN_0000287,PAYMENT_EXCEPTION_RESOLUTION,2026-02-18T19:39:00,2026-02-18T23:39:00,TRUE,137,TRUE,BREACHED
SLA_SYN_0000288,EXC_SYN_0000288,PAYMENT_EXCEPTION_RESOLUTION,2026-01-30T20:32:00,2026-01-31T04:32:00,TRUE,63088,FALSE,BREACHED
SLA_SYN_0000289,EXC_SYN_0000289,PAYMENT_EXCEPTION_RESOLUTION,2026-02-18T15:30:00,2026-02-18T23:30:00,FALSE,0,FALSE,MET
SLA_SYN_0000290,EXC_SYN_0000290,PAYMENT_EXCEPTION_RESOLUTION,2026-01-02T16:20:00,2026-01-02T20:20:00,FALSE,0,FALSE,MET
SLA_SYN_0000291,EXC_SYN_0000291,PAYMENT_EXCEPTION_RESOLUTION,2026-02-14T14:39:00,2026-02-14T18:39:00,FALSE,0,FALSE,MET
SLA_SYN_0000292,EXC_SYN_0000292,PAYMENT_EXCEPTION_RESOLUTION,2026-02-04T12:11:00,2026-02-04T20:11:00,TRUE,56389,FALSE,BREACHED
SLA_SYN_0000293,EXC_SYN_0000293,PAYMENT_EXCEPTION_RESOLUTION,2026-02-12T17:39:00,2026-02-12T21:39:00,FALSE,0,FALSE,MET
SLA_SYN_0000294,EXC_SYN_0000294,PAYMENT_EXCEPTION_RESOLUTION,2026-01-02T21:20:00,2026-01-03T05:20:00,TRUE,144,FALSE,BREACHED
SLA_SYN_0000295,EXC_SYN_0000295,PAYMENT_EXCEPTION_RESOLUTION,2026-01-25T15:21:00,2026-01-25T23:21:00,FALSE,0,FALSE,MET
SLA_SYN_0000296,EXC_SYN_0000296,PAYMENT_EXCEPTION_RESOLUTION,2025-12-11T14:37:00,2025-12-11T22:37:00,TRUE,135443,FALSE,BREACHED
SLA_SYN_0000297,EXC_SYN_0000297,PAYMENT_EXCEPTION_RESOLUTION,2025-12-17T12:36:00,2025-12-17T20:36:00,FALSE,0,FALSE,MET
SLA_SYN_0000298,EXC_SYN_0000298,PAYMENT_EXCEPTION_RESOLUTION,2026-02-23T21:25:00,2026-02-24T01:25:00,FALSE,0,FALSE,MET
SLA_SYN_0000299,EXC_SYN_0000299,PAYMENT_EXCEPTION_RESOLUTION,2025-12-27T18:17:00,2025-12-28T02:17:00,FALSE,0,FALSE,MET
SLA_SYN_0000300,EXC_SYN_0000300,PAYMENT_EXCEPTION_RESOLUTION,2026-02-07T21:31:00,2026-02-08T05:31:00,TRUE,51509,FALSE,BREACHED
SLA_SYN_0000301,EXC_SYN_0000301,PAYMENT_EXCEPTION_RESOLUTION,2026-02-16T20:20:00,2026-02-17T00:20:00,TRUE,151,TRUE,BREACHED
SLA_SYN_0000302,EXC_SYN_0000302,PAYMENT_EXCEPTION_RESOLUTION,2026-03-07T18:09:00,2026-03-07T22:09:00,FALSE,0,FALSE,MET
SLA_SYN_0000303,EXC_SYN_0000303,PAYMENT_EXCEPTION_RESOLUTION,2026-03-13T21:13:00,2026-03-14T01:13:00,FALSE,0,FALSE,MET
SLA_SYN_0000304,EXC_SYN_0000304,PAYMENT_EXCEPTION_RESOLUTION,2026-01-05T19:22:00,2026-01-05T23:22:00,TRUE,99398,TRUE,BREACHED
SLA_SYN_0000305,EXC_SYN_0000305,PAYMENT_EXCEPTION_RESOLUTION,2025-11-24T17:43:00,2025-11-25T01:43:00,FALSE,0,FALSE,MET
SLA_SYN_0000306,EXC_SYN_0000306,PAYMENT_EXCEPTION_RESOLUTION,2025-11-24T13:01:00,2025-11-24T21:01:00,FALSE,0,FALSE,MET
SLA_SYN_0000307,EXC_SYN_0000307,PAYMENT_EXCEPTION_RESOLUTION,2025-12-16T08:46:00,2025-12-16T16:46:00,FALSE,0,FALSE,MET
SLA_SYN_0000308,EXC_SYN_0000308,PAYMENT_EXCEPTION_RESOLUTION,2026-03-10T14:34:00,2026-03-10T22:34:00,TRUE,7286,FALSE,BREACHED
SLA_SYN_0000309,EXC_SYN_0000309,PAYMENT_EXCEPTION_RESOLUTION,2026-03-02T19:05:00,2026-03-02T23:05:00,FALSE,0,FALSE,MET
SLA_SYN_0000310,EXC_SYN_0000310,PAYMENT_EXCEPTION_RESOLUTION,2026-01-26T11:22:00,2026-01-26T19:22:00,FALSE,0,FALSE,MET
SLA_SYN_0000311,EXC_SYN_0000311,PAYMENT_EXCEPTION_RESOLUTION,2026-02-12T19:31:00,2026-02-13T03:31:00,FALSE,0,FALSE,MET
SLA_SYN_0000312,EXC_SYN_0000312,PAYMENT_EXCEPTION_RESOLUTION,2026-03-04T10:11:00,2026-03-04T14:11:00,TRUE,16429,TRUE,BREACHED
SLA_SYN_0000313,EXC_SYN_0000313,PAYMENT_EXCEPTION_RESOLUTION,2026-03-05T11:11:00,2026-03-05T15:11:00,FALSE,0,FALSE,MET
SLA_SYN_0000314,EXC_SYN_0000314,PAYMENT_EXCEPTION_RESOLUTION,2025-11-27T19:50:00,2025-11-28T03:50:00,FALSE,0,FALSE,MET
SLA_SYN_0000315,EXC_SYN_0000315,PAYMENT_EXCEPTION_RESOLUTION,2025-11-25T13:24:00,2025-11-25T17:24:00,TRUE,165,TRUE,BREACHED
SLA_SYN_0000316,EXC_SYN_0000316,PAYMENT_EXCEPTION_RESOLUTION,2026-03-09T13:07:00,2026-03-09T21:07:00,TRUE,8813,FALSE,BREACHED
SLA_SYN_0000317,EXC_SYN_0000317,PAYMENT_EXCEPTION_RESOLUTION,2026-01-30T12:03:00,2026-01-30T20:03:00,FALSE,0,FALSE,MET
SLA_SYN_0000318,EXC_SYN_0000318,PAYMENT_EXCEPTION_RESOLUTION,2025-11-26T13:23:00,2025-11-26T21:23:00,FALSE,0,FALSE,MET
SLA_SYN_0000319,EXC_SYN_0000319,PAYMENT_EXCEPTION_RESOLUTION,2025-12-20T15:03:00,2025-12-20T23:03:00,FALSE,0,FALSE,MET
SLA_SYN_0000320,EXC_SYN_0000320,PAYMENT_EXCEPTION_RESOLUTION,2026-01-29T14:46:00,2026-01-29T18:46:00,TRUE,65114,TRUE,BREACHED
SLA_SYN_0000321,EXC_SYN_0000321,PAYMENT_EXCEPTION_RESOLUTION,2026-01-06T16:16:00,2026-01-07T00:16:00,FALSE,0,FALSE,MET
SLA_SYN_0000322,EXC_SYN_0000322,PAYMENT_EXCEPTION_RESOLUTION,2026-02-07T12:01:00,2026-02-07T20:01:00,TRUE,172,FALSE,BREACHED
SLA_SYN_0000323,EXC_SYN_0000323,PAYMENT_EXCEPTION_RESOLUTION,2025-11-23T21:57:00,2025-11-24T01:57:00,FALSE,0,FALSE,MET
SLA_SYN_0000324,EXC_SYN_0000324,PAYMENT_EXCEPTION_RESOLUTION,2025-12-02T20:43:00,2025-12-03T00:43:00,TRUE,148277,TRUE,BREACHED
SLA_SYN_0000325,EXC_SYN_0000325,PAYMENT_EXCEPTION_RESOLUTION,2026-01-26T20:46:00,2026-01-27T04:46:00,FALSE,0,FALSE,MET
SLA_SYN_0000326,EXC_SYN_0000326,PAYMENT_EXCEPTION_RESOLUTION,2026-03-03T19:05:00,2026-03-03T23:05:00,FALSE,0,FALSE,MET
SLA_SYN_0000327,EXC_SYN_0000327,PAYMENT_EXCEPTION_RESOLUTION,2026-01-21T19:48:00,2026-01-22T03:48:00,FALSE,0,FALSE,MET
SLA_SYN_0000328,EXC_SYN_0000328,PAYMENT_EXCEPTION_RESOLUTION,2026-02-25T13:29:00,2026-02-25T21:29:00,TRUE,26071,FALSE,BREACHED
SLA_SYN_0000329,EXC_SYN_0000329,PAYMENT_EXCEPTION_RESOLUTION,2025-12-26T21:11:00,2025-12-27T05:11:00,TRUE,179,FALSE,BREACHED
SLA_SYN_0000330,EXC_SYN_0000330,PAYMENT_EXCEPTION_RESOLUTION,2026-02-24T16:46:00,2026-02-25T00:46:00,FALSE,0,FALSE,MET
SLA_SYN_0000331,EXC_SYN_0000331,PAYMENT_EXCEPTION_RESOLUTION,2025-12-14T22:14:00,2025-12-15T02:14:00,FALSE,0,FALSE,MET
SLA_SYN_0000332,EXC_SYN_0000332,PAYMENT_EXCEPTION_RESOLUTION,2025-12-12T17:05:00,2025-12-13T01:05:00,TRUE,133855,FALSE,BREACHED
SLA_SYN_0000333,EXC_SYN_0000333,PAYMENT_EXCEPTION_RESOLUTION,2025-12-31T10:48:00,2025-12-31T18:48:00,FALSE,0,FALSE,MET
SLA_SYN_0000334,EXC_SYN_0000334,PAYMENT_EXCEPTION_RESOLUTION,2025-12-21T09:27:00,2025-12-21T13:27:00,FALSE,0,FALSE,MET
SLA_SYN_0000335,EXC_SYN_0000335,PAYMENT_EXCEPTION_RESOLUTION,2026-01-17T13:55:00,2026-01-17T17:55:00,FALSE,0,FALSE,MET
SLA_SYN_0000336,EXC_SYN_0000336,PAYMENT_EXCEPTION_RESOLUTION,2026-03-13T12:24:00,2026-03-13T16:24:00,TRUE,3336,TRUE,BREACHED
SLA_SYN_0000337,EXC_SYN_0000337,PAYMENT_EXCEPTION_RESOLUTION,2026-03-11T15:18:00,2026-03-11T19:18:00,FALSE,0,FALSE,MET
SLA_SYN_0000338,EXC_SYN_0000338,PAYMENT_EXCEPTION_RESOLUTION,2026-02-19T10:19:00,2026-02-19T18:19:00,FALSE,0,FALSE,MET
SLA_SYN_0000339,EXC_SYN_0000339,PAYMENT_EXCEPTION_RESOLUTION,2026-03-03T15:54:00,2026-03-03T23:54:00,FALSE,0,FALSE,MET
SLA_SYN_0000340,EXC_SYN_0000340,PAYMENT_EXCEPTION_RESOLUTION,2026-02-27T18:11:00,2026-02-28T02:11:00,TRUE,22909,FALSE,BREACHED
SLA_SYN_0000341,EXC_SYN_0000341,PAYMENT_EXCEPTION_RESOLUTION,2025-12-21T19:11:00,2025-12-22T03:11:00,FALSE,0,FALSE,MET
SLA_SYN_0000342,EXC_SYN_0000342,PAYMENT_EXCEPTION_RESOLUTION,2026-02-26T19:54:00,2026-02-26T23:54:00,FALSE,0,FALSE,MET
SLA_SYN_0000343,EXC_SYN_0000343,PAYMENT_EXCEPTION_RESOLUTION,2025-12-19T14:42:00,2025-12-19T22:42:00,TRUE,193,FALSE,BREACHED
SLA_SYN_0000344,EXC_SYN_0000344,PAYMENT_EXCEPTION_RESOLUTION,2025-12-03T19:43:00,2025-12-04T03:43:00,TRUE,146657,FALSE,BREACHED
SLA_SYN_0000345,EXC_SYN_0000345,PAYMENT_EXCEPTION_RESOLUTION,2025-12-31T13:14:00,2025-12-31T17:14:00,FALSE,0,FALSE,MET
SLA_SYN_0000346,EXC_SYN_0000346,PAYMENT_EXCEPTION_RESOLUTION,2026-01-28T19:12:00,2026-01-28T23:12:00,FALSE,0,FALSE,MET
SLA_SYN_0000347,EXC_SYN_0000347,PAYMENT_EXCEPTION_RESOLUTION,2025-12-04T12:33:00,2025-12-04T20:33:00,FALSE,0,FALSE,MET
SLA_SYN_0000348,EXC_SYN_0000348,PAYMENT_EXCEPTION_RESOLUTION,2026-02-16T19:45:00,2026-02-16T23:45:00,TRUE,38895,TRUE,BREACHED
SLA_SYN_0000349,EXC_SYN_0000349,PAYMENT_EXCEPTION_RESOLUTION,2025-11-22T12:42:00,2025-11-22T20:42:00,FALSE,0,FALSE,MET
SLA_SYN_0000350,EXC_SYN_0000350,PAYMENT_EXCEPTION_RESOLUTION,2026-02-02T19:24:00,2026-02-03T03:24:00,TRUE,200,FALSE,BREACHED
SLA_SYN_0000351,EXC_SYN_0000351,PAYMENT_EXCEPTION_RESOLUTION,2026-02-22T15:49:00,2026-02-22T23:49:00,FALSE,0,FALSE,MET
SLA_SYN_0000352,EXC_SYN_0000352,PAYMENT_EXCEPTION_RESOLUTION,2026-01-16T17:56:00,2026-01-17T01:56:00,TRUE,83404,FALSE,BREACHED
SLA_SYN_0000353,EXC_SYN_0000353,PAYMENT_EXCEPTION_RESOLUTION,2025-12-11T22:17:00,2025-12-12T02:17:00,FALSE,0,FALSE,MET
SLA_SYN_0000354,EXC_SYN_0000354,PAYMENT_EXCEPTION_RESOLUTION,2025-12-18T15:58:00,2025-12-18T23:58:00,FALSE,0,FALSE,MET
SLA_SYN_0000355,EXC_SYN_0000355,PAYMENT_EXCEPTION_RESOLUTION,2025-12-29T17:28:00,2025-12-30T01:28:00,FALSE,0,FALSE,MET
SLA_SYN_0000356,EXC_SYN_0000356,PAYMENT_EXCEPTION_RESOLUTION,2025-12-07T14:13:00,2025-12-07T18:13:00,TRUE,141467,TRUE,BREACHED
SLA_SYN_0000357,EXC_SYN_0000357,PAYMENT_EXCEPTION_RESOLUTION,2026-01-08T15:23:00,2026-01-08T19:23:00,TRUE,207,TRUE,BREACHED
SLA_SYN_0000358,EXC_SYN_0000358,PAYMENT_EXCEPTION_RESOLUTION,2026-01-31T18:17:00,2026-02-01T02:17:00,FALSE,0,FALSE,MET
SLA_SYN_0000359,EXC_SYN_0000359,PAYMENT_EXCEPTION_RESOLUTION,2026-02-23T22:58:00,2026-02-24T02:58:00,FALSE,0,FALSE,MET
SLA_SYN_0000360,EXC_SYN_0000360,PAYMENT_EXCEPTION_RESOLUTION,2025-12-18T11:26:00,2025-12-18T19:26:00,TRUE,125554,FALSE,BREACHED
SLA_SYN_0000361,EXC_SYN_0000361,PAYMENT_EXCEPTION_RESOLUTION,2026-02-17T15:00:00,2026-02-17T23:00:00,FALSE,0,FALSE,MET
SLA_SYN_0000362,EXC_SYN_0000362,PAYMENT_EXCEPTION_RESOLUTION,2026-03-13T09:58:00,2026-03-13T17:58:00,FALSE,0,FALSE,MET
SLA_SYN_0000363,EXC_SYN_0000363,PAYMENT_EXCEPTION_RESOLUTION,2026-01-23T10:21:00,2026-01-23T18:21:00,FALSE,0,FALSE,MET
SLA_SYN_0000364,EXC_SYN_0000364,PAYMENT_EXCEPTION_RESOLUTION,2026-02-08T11:41:00,2026-02-08T15:41:00,TRUE,50899,TRUE,BREACHED
SLA_SYN_0000365,EXC_SYN_0000365,PAYMENT_EXCEPTION_RESOLUTION,2026-03-13T12:51:00,2026-03-13T20:51:00,FALSE,0,FALSE,MET
SLA_SYN_0000366,EXC_SYN_0000366,PAYMENT_EXCEPTION_RESOLUTION,2026-03-02T13:04:00,2026-03-02T21:04:00,FALSE,0,FALSE,MET
SLA_SYN_0000367,EXC_SYN_0000367,PAYMENT_EXCEPTION_RESOLUTION,2025-12-08T09:56:00,2025-12-08T13:56:00,FALSE,0,FALSE,MET
SLA_SYN_0000368,EXC_SYN_0000368,PAYMENT_EXCEPTION_RESOLUTION,2025-12-30T14:27:00,2025-12-30T18:27:00,TRUE,108333,TRUE,BREACHED
SLA_SYN_0000369,EXC_SYN_0000369,PAYMENT_EXCEPTION_RESOLUTION,2026-03-10T19:35:00,2026-03-10T23:35:00,FALSE,0,FALSE,MET
SLA_SYN_0000370,EXC_SYN_0000370,PAYMENT_EXCEPTION_RESOLUTION,2026-02-06T18:14:00,2026-02-06T22:14:00,FALSE,0,FALSE,MET
SLA_SYN_0000371,EXC_SYN_0000371,PAYMENT_EXCEPTION_RESOLUTION,2026-02-07T18:27:00,2026-02-08T02:27:00,TRUE,41,FALSE,BREACHED
SLA_SYN_0000372,EXC_SYN_0000372,PAYMENT_EXCEPTION_RESOLUTION,2026-02-15T14:59:00,2026-02-15T22:59:00,TRUE,40381,FALSE,BREACHED
SLA_SYN_0000373,EXC_SYN_0000373,PAYMENT_EXCEPTION_RESOLUTION,2025-11-20T11:34:00,2025-11-20T19:34:00,FALSE,0,FALSE,MET
SLA_SYN_0000374,EXC_SYN_0000374,PAYMENT_EXCEPTION_RESOLUTION,2025-11-20T13:41:00,2025-11-20T21:41:00,FALSE,0,FALSE,MET
SLA_SYN_0000375,EXC_SYN_0000375,PAYMENT_EXCEPTION_RESOLUTION,2026-03-07T11:50:00,2026-03-07T15:50:00,FALSE,0,FALSE,MET
SLA_SYN_0000376,EXC_SYN_0000376,PAYMENT_EXCEPTION_RESOLUTION,2026-03-15T13:47:00,2026-03-15T21:47:00,TRUE,133,FALSE,BREACHED
SLA_SYN_0000377,EXC_SYN_0000377,PAYMENT_EXCEPTION_RESOLUTION,2025-11-17T15:27:00,2025-11-17T23:27:00,FALSE,0,FALSE,MET
SLA_SYN_0000378,EXC_SYN_0000378,PAYMENT_EXCEPTION_RESOLUTION,2025-11-22T13:16:00,2025-11-22T17:16:00,TRUE,48,TRUE,BREACHED
SLA_SYN_0000379,EXC_SYN_0000379,PAYMENT_EXCEPTION_RESOLUTION,2025-12-17T18:44:00,2025-12-17T22:44:00,FALSE,0,FALSE,MET
SLA_SYN_0000380,EXC_SYN_0000380,PAYMENT_EXCEPTION_RESOLUTION,2026-01-14T15:46:00,2026-01-14T23:46:00,TRUE,86414,FALSE,BREACHED
SLA_SYN_0000381,EXC_SYN_0000381,PAYMENT_EXCEPTION_RESOLUTION,2026-02-23T17:46:00,2026-02-23T21:46:00,FALSE,0,FALSE,MET
SLA_SYN_0000382,EXC_SYN_0000382,PAYMENT_EXCEPTION_RESOLUTION,2026-02-18T18:26:00,2026-02-19T02:26:00,FALSE,0,FALSE,MET
SLA_SYN_0000383,EXC_SYN_0000383,PAYMENT_EXCEPTION_RESOLUTION,2026-01-25T15:01:00,2026-01-25T23:01:00,FALSE,0,FALSE,MET
SLA_SYN_0000384,EXC_SYN_0000384,PAYMENT_EXCEPTION_RESOLUTION,2025-11-28T18:52:00,2025-11-29T02:52:00,TRUE,153908,FALSE,BREACHED
SLA_SYN_0000385,EXC_SYN_0000385,PAYMENT_EXCEPTION_RESOLUTION,2025-12-26T18:38:00,2025-12-27T02:38:00,TRUE,55,FALSE,BREACHED
SLA_SYN_0000386,EXC_SYN_0000386,PAYMENT_EXCEPTION_RESOLUTION,2025-11-16T22:29:00,2025-11-17T02:29:00,FALSE,0,FALSE,MET
SLA_SYN_0000387,EXC_SYN_0000387,PAYMENT_EXCEPTION_RESOLUTION,2026-01-29T14:36:00,2026-01-29T22:36:00,FALSE,0,FALSE,MET
SLA_SYN_0000388,EXC_SYN_0000388,PAYMENT_EXCEPTION_RESOLUTION,2026-02-02T14:14:00,2026-02-02T22:14:00,TRUE,59146,FALSE,BREACHED
SLA_SYN_0000389,EXC_SYN_0000389,PAYMENT_EXCEPTION_RESOLUTION,2026-01-11T14:07:00,2026-01-11T18:07:00,FALSE,0,FALSE,MET
SLA_SYN_0000390,EXC_SYN_0000390,PAYMENT_EXCEPTION_RESOLUTION,2026-01-31T10:42:00,2026-01-31T14:42:00,FALSE,0,FALSE,MET
SLA_SYN_0000391,EXC_SYN_0000391,PAYMENT_EXCEPTION_RESOLUTION,2026-01-15T14:23:00,2026-01-15T22:23:00,FALSE,0,FALSE,MET
SLA_SYN_0000392,EXC_SYN_0000392,PAYMENT_EXCEPTION_RESOLUTION,2025-12-29T14:16:00,2025-12-29T18:16:00,TRUE,109784,TRUE,BREACHED
SLA_SYN_0000393,EXC_SYN_0000393,PAYMENT_EXCEPTION_RESOLUTION,2025-12-28T18:27:00,2025-12-29T02:27:00,FALSE,0,FALSE,MET
SLA_SYN_0000394,EXC_SYN_0000394,PAYMENT_EXCEPTION_RESOLUTION,2025-12-29T10:17:00,2025-12-29T18:17:00,FALSE,0,FALSE,MET
SLA_SYN_0000395,EXC_SYN_0000395,PAYMENT_EXCEPTION_RESOLUTION,2026-01-18T11:27:00,2026-01-18T19:27:00,FALSE,0,FALSE,MET
SLA_SYN_0000396,EXC_SYN_0000396,PAYMENT_EXCEPTION_RESOLUTION,2026-03-10T17:52:00,2026-03-10T21:52:00,TRUE,7328,TRUE,BREACHED
SLA_SYN_0000397,EXC_SYN_0000397,PAYMENT_EXCEPTION_RESOLUTION,2026-01-04T15:41:00,2026-01-04T19:41:00,FALSE,0,FALSE,MET
SLA_SYN_0000398,EXC_SYN_0000398,PAYMENT_EXCEPTION_RESOLUTION,2026-02-07T14:20:00,2026-02-07T22:20:00,FALSE,0,FALSE,MET
SLA_SYN_0000399,EXC_SYN_0000399,PAYMENT_EXCEPTION_RESOLUTION,2025-11-25T10:52:00,2025-11-25T18:52:00,TRUE,69,FALSE,BREACHED
SLA_SYN_0000400,EXC_SYN_0000400,PAYMENT_EXCEPTION_RESOLUTION,2026-02-19T19:01:00,2026-02-19T23:01:00,TRUE,34619,TRUE,BREACHED
SLA_SYN_0000401,EXC_SYN_0000401,PAYMENT_EXCEPTION_RESOLUTION,2026-01-02T15:56:00,2026-01-02T19:56:00,FALSE,0,FALSE,MET
SLA_SYN_0000402,EXC_SYN_0000402,PAYMENT_EXCEPTION_RESOLUTION,2026-01-20T16:36:00,2026-01-21T00:36:00,FALSE,0,FALSE,MET
SLA_SYN_0000403,EXC_SYN_0000403,PAYMENT_EXCEPTION_RESOLUTION,2026-02-21T13:21:00,2026-02-21T17:21:00,FALSE,0,FALSE,MET
SLA_SYN_0000404,EXC_SYN_0000404,PAYMENT_EXCEPTION_RESOLUTION,2025-12-03T13:24:00,2025-12-03T21:24:00,TRUE,147036,FALSE,BREACHED
SLA_SYN_0000405,EXC_SYN_0000405,PAYMENT_EXCEPTION_RESOLUTION,2026-01-25T21:53:00,2026-01-26T05:53:00,FALSE,0,FALSE,MET
SLA_SYN_0000406,EXC_SYN_0000406,PAYMENT_EXCEPTION_RESOLUTION,2026-03-05T17:38:00,2026-03-06T01:38:00,TRUE,76,FALSE,BREACHED
SLA_SYN_0000407,EXC_SYN_0000407,PAYMENT_EXCEPTION_RESOLUTION,2025-12-23T18:28:00,2025-12-24T02:28:00,FALSE,0,FALSE,MET
SLA_SYN_0000408,EXC_SYN_0000408,PAYMENT_EXCEPTION_RESOLUTION,2026-01-24T18:04:00,2026-01-24T22:04:00,TRUE,72116,TRUE,BREACHED
SLA_SYN_0000409,EXC_SYN_0000409,PAYMENT_EXCEPTION_RESOLUTION,2026-02-21T18:54:00,2026-02-22T02:54:00,FALSE,0,FALSE,MET
SLA_SYN_0000410,EXC_SYN_0000410,PAYMENT_EXCEPTION_RESOLUTION,2026-01-03T13:25:00,2026-01-03T21:25:00,FALSE,0,FALSE,MET
SLA_SYN_0000411,EXC_SYN_0000411,PAYMENT_EXCEPTION_RESOLUTION,2026-01-01T18:33:00,2026-01-01T22:33:00,FALSE,0,FALSE,MET
SLA_SYN_0000412,EXC_SYN_0000412,PAYMENT_EXCEPTION_RESOLUTION,2025-11-24T22:34:00,2025-11-25T02:34:00,TRUE,159686,TRUE,BREACHED
SLA_SYN_0000413,EXC_SYN_0000413,PAYMENT_EXCEPTION_RESOLUTION,2026-03-03T18:49:00,2026-03-04T02:49:00,TRUE,83,FALSE,BREACHED
SLA_SYN_0000414,EXC_SYN_0000414,PAYMENT_EXCEPTION_RESOLUTION,2026-03-02T23:00:00,2026-03-03T03:00:00,FALSE,0,FALSE,MET
SLA_SYN_0000415,EXC_SYN_0000415,PAYMENT_EXCEPTION_RESOLUTION,2025-12-15T21:02:00,2025-12-16T05:02:00,FALSE,0,FALSE,MET
SLA_SYN_0000416,EXC_SYN_0000416,PAYMENT_EXCEPTION_RESOLUTION,2026-02-19T16:59:00,2026-02-20T00:59:00,TRUE,34501,FALSE,BREACHED
SLA_SYN_0000417,EXC_SYN_0000417,PAYMENT_EXCEPTION_RESOLUTION,2026-01-21T14:31:00,2026-01-21T22:31:00,FALSE,0,FALSE,MET
SLA_SYN_0000418,EXC_SYN_0000418,PAYMENT_EXCEPTION_RESOLUTION,2026-01-19T12:40:00,2026-01-19T20:40:00,FALSE,0,FALSE,MET
SLA_SYN_0000419,EXC_SYN_0000419,PAYMENT_EXCEPTION_RESOLUTION,2025-12-03T18:15:00,2025-12-03T22:15:00,FALSE,0,FALSE,MET
SLA_SYN_0000420,EXC_SYN_0000420,PAYMENT_EXCEPTION_RESOLUTION,2026-03-12T17:04:00,2026-03-12T21:04:00,TRUE,4496,TRUE,BREACHED
SLA_SYN_0000421,EXC_SYN_0000421,PAYMENT_EXCEPTION_RESOLUTION,2026-03-13T19:21:00,2026-03-14T03:21:00,FALSE,0,FALSE,MET
SLA_SYN_0000422,EXC_SYN_0000422,PAYMENT_EXCEPTION_RESOLUTION,2026-02-10T17:20:00,2026-02-10T21:20:00,FALSE,0,FALSE,MET
SLA_SYN_0000423,EXC_SYN_0000423,PAYMENT_EXCEPTION_RESOLUTION,2026-02-12T15:29:00,2026-02-12T19:29:00,FALSE,0,FALSE,MET
SLA_SYN_0000424,EXC_SYN_0000424,PAYMENT_EXCEPTION_RESOLUTION,2026-03-06T15:12:00,2026-03-06T23:12:00,TRUE,13008,FALSE,BREACHED
SLA_SYN_0000425,EXC_SYN_0000425,PAYMENT_EXCEPTION_RESOLUTION,2025-12-24T14:48:00,2025-12-24T18:48:00,FALSE,0,FALSE,MET
SLA_SYN_0000426,EXC_SYN_0000426,PAYMENT_EXCEPTION_RESOLUTION,2026-02-14T16:45:00,2026-02-15T00:45:00,FALSE,0,FALSE,MET
SLA_SYN_0000427,EXC_SYN_0000427,PAYMENT_EXCEPTION_RESOLUTION,2025-11-22T16:31:00,2025-11-23T00:31:00,TRUE,97,FALSE,BREACHED
SLA_SYN_0000428,EXC_SYN_0000428,PAYMENT_EXCEPTION_RESOLUTION,2026-01-02T13:33:00,2026-01-02T21:33:00,TRUE,103827,FALSE,BREACHED
SLA_SYN_0000429,EXC_SYN_0000429,PAYMENT_EXCEPTION_RESOLUTION,2025-12-30T11:32:00,2025-12-30T19:32:00,FALSE,0,FALSE,MET
SLA_SYN_0000430,EXC_SYN_0000430,PAYMENT_EXCEPTION_RESOLUTION,2026-02-11T20:38:00,2026-02-12T00:38:00,FALSE,0,FALSE,MET
SLA_SYN_0000431,EXC_SYN_0000431,PAYMENT_EXCEPTION_RESOLUTION,2026-03-15T15:09:00,2026-03-15T23:09:00,FALSE,0,FALSE,MET
SLA_SYN_0000432,EXC_SYN_0000432,PAYMENT_EXCEPTION_RESOLUTION,2026-02-18T12:01:00,2026-02-18T20:01:00,TRUE,36239,FALSE,BREACHED
SLA_SYN_0000433,EXC_SYN_0000433,PAYMENT_EXCEPTION_RESOLUTION,2026-02-14T18:36:00,2026-02-14T22:36:00,FALSE,0,FALSE,MET
SLA_SYN_0000434,EXC_SYN_0000434,PAYMENT_EXCEPTION_RESOLUTION,2026-01-07T20:43:00,2026-01-08T00:43:00,TRUE,104,TRUE,BREACHED
SLA_SYN_0000435,EXC_SYN_0000435,PAYMENT_EXCEPTION_RESOLUTION,2026-01-10T17:45:00,2026-01-11T01:45:00,FALSE,0,FALSE,MET
SLA_SYN_0000436,EXC_SYN_0000436,PAYMENT_EXCEPTION_RESOLUTION,2025-11-22T13:13:00,2025-11-22T17:13:00,TRUE,163127,TRUE,BREACHED
SLA_SYN_0000437,EXC_SYN_0000437,PAYMENT_EXCEPTION_RESOLUTION,2026-01-25T15:00:00,2026-01-25T23:00:00,FALSE,0,FALSE,MET
SLA_SYN_0000438,EXC_SYN_0000438,PAYMENT_EXCEPTION_RESOLUTION,2026-03-14T14:56:00,2026-03-14T18:56:00,FALSE,0,FALSE,MET
SLA_SYN_0000439,EXC_SYN_0000439,PAYMENT_EXCEPTION_RESOLUTION,2025-12-21T17:13:00,2025-12-22T01:13:00,FALSE,0,FALSE,MET
SLA_SYN_0000440,EXC_SYN_0000440,PAYMENT_EXCEPTION_RESOLUTION,2026-02-12T22:38:00,2026-02-13T06:38:00,TRUE,44242,FALSE,BREACHED
SLA_SYN_0000441,EXC_SYN_0000441,PAYMENT_EXCEPTION_RESOLUTION,2025-12-22T21:47:00,2025-12-23T01:47:00,TRUE,111,TRUE,BREACHED
SLA_SYN_0000442,EXC_SYN_0000442,PAYMENT_EXCEPTION_RESOLUTION,2025-11-28T14:21:00,2025-11-28T22:21:00,FALSE,0,FALSE,MET
SLA_SYN_0000443,EXC_SYN_0000443,PAYMENT_EXCEPTION_RESOLUTION,2025-12-17T21:53:00,2025-12-18T05:53:00,FALSE,0,FALSE,MET
SLA_SYN_0000444,EXC_SYN_0000444,PAYMENT_EXCEPTION_RESOLUTION,2025-12-07T10:31:00,2025-12-07T14:31:00,TRUE,141689,TRUE,BREACHED
SLA_SYN_0000445,EXC_SYN_0000445,PAYMENT_EXCEPTION_RESOLUTION,2025-12-01T11:24:00,2025-12-01T15:24:00,FALSE,0,FALSE,MET
SLA_SYN_0000446,EXC_SYN_0000446,PAYMENT_EXCEPTION_RESOLUTION,2026-02-05T09:43:00,2026-02-05T17:43:00,FALSE,0,FALSE,MET
SLA_SYN_0000447,EXC_SYN_0000447,PAYMENT_EXCEPTION_RESOLUTION,2026-01-28T17:05:00,2026-01-28T21:05:00,FALSE,0,FALSE,MET
SLA_SYN_0000448,EXC_SYN_0000448,PAYMENT_EXCEPTION_RESOLUTION,2025-12-03T14:34:00,2025-12-03T22:34:00,TRUE,146966,FALSE,BREACHED
SLA_SYN_0000449,EXC_SYN_0000449,PAYMENT_EXCEPTION_RESOLUTION,2026-01-08T10:59:00,2026-01-08T18:59:00,FALSE,0,FALSE,MET
SLA_SYN_0000450,EXC_SYN_0000450,PAYMENT_EXCEPTION_RESOLUTION,2025-12-01T16:37:00,2025-12-02T00:37:00,FALSE,0,FALSE,MET
SLA_SYN_0000451,EXC_SYN_0000451,PAYMENT_EXCEPTION_RESOLUTION,2025-11-23T12:52:00,2025-11-23T20:52:00,FALSE,0,FALSE,MET
SLA_SYN_0000452,EXC_SYN_0000452,PAYMENT_EXCEPTION_RESOLUTION,2026-03-15T15:46:00,2026-03-15T19:46:00,TRUE,254,TRUE,BREACHED
SLA_SYN_0000453,EXC_SYN_0000453,PAYMENT_EXCEPTION_RESOLUTION,2026-02-03T17:06:00,2026-02-04T01:06:00,FALSE,0,FALSE,MET
SLA_SYN_0000454,EXC_SYN_0000454,PAYMENT_EXCEPTION_RESOLUTION,2026-03-15T16:39:00,2026-03-16T00:39:00,FALSE,0,FALSE,MET
SLA_SYN_0000455,EXC_SYN_0000455,PAYMENT_EXCEPTION_RESOLUTION,2025-11-27T16:52:00,2025-11-27T20:52:00,TRUE,125,TRUE,BREACHED
SLA_SYN_0000456,EXC_SYN_0000456,PAYMENT_EXCEPTION_RESOLUTION,2026-03-04T20:36:00,2026-03-05T00:36:00,TRUE,15804,TRUE,BREACHED
SLA_SYN_0000457,EXC_SYN_0000457,PAYMENT_EXCEPTION_RESOLUTION,2025-12-26T18:35:00,2025-12-27T02:35:00,FALSE,0,FALSE,MET
SLA_SYN_0000458,EXC_SYN_0000458,PAYMENT_EXCEPTION_RESOLUTION,2026-02-26T12:46:00,2026-02-26T16:46:00,FALSE,0,FALSE,MET
SLA_SYN_0000459,EXC_SYN_0000459,PAYMENT_EXCEPTION_RESOLUTION,2026-01-15T14:26:00,2026-01-15T22:26:00,FALSE,0,FALSE,MET
SLA_SYN_0000460,EXC_SYN_0000460,PAYMENT_EXCEPTION_RESOLUTION,2025-12-17T14:56:00,2025-12-17T22:56:00,TRUE,126784,FALSE,BREACHED
SLA_SYN_0000461,EXC_SYN_0000461,PAYMENT_EXCEPTION_RESOLUTION,2025-12-21T14:52:00,2025-12-21T22:52:00,FALSE,0,FALSE,MET
SLA_SYN_0000462,EXC_SYN_0000462,PAYMENT_EXCEPTION_RESOLUTION,2026-03-01T22:04:00,2026-03-02T06:04:00,TRUE,132,FALSE,BREACHED
SLA_SYN_0000463,EXC_SYN_0000463,PAYMENT_EXCEPTION_RESOLUTION,2026-03-15T20:40:00,2026-03-16T00:40:00,FALSE,0,FALSE,MET
SLA_SYN_0000464,EXC_SYN_0000464,PAYMENT_EXCEPTION_RESOLUTION,2026-01-17T12:57:00,2026-01-17T20:57:00,TRUE,82263,FALSE,BREACHED
SLA_SYN_0000465,EXC_SYN_0000465,PAYMENT_EXCEPTION_RESOLUTION,2026-03-12T16:31:00,2026-03-13T00:31:00,FALSE,0,FALSE,MET
SLA_SYN_0000466,EXC_SYN_0000466,PAYMENT_EXCEPTION_RESOLUTION,2026-02-14T15:27:00,2026-02-14T19:27:00,FALSE,0,FALSE,MET
SLA_SYN_0000467,EXC_SYN_0000467,PAYMENT_EXCEPTION_RESOLUTION,2025-12-24T16:10:00,2025-12-24T20:10:00,FALSE,0,FALSE,MET
SLA_SYN_0000468,EXC_SYN_0000468,PAYMENT_EXCEPTION_RESOLUTION,2026-03-14T22:25:00,2026-03-15T02:25:00,TRUE,1295,TRUE,BREACHED
SLA_SYN_0000469,EXC_SYN_0000469,PAYMENT_EXCEPTION_RESOLUTION,2026-02-09T23:15:00,2026-02-10T03:15:00,TRUE,139,TRUE,BREACHED
SLA_SYN_0000470,EXC_SYN_0000470,PAYMENT_EXCEPTION_RESOLUTION,2025-12-18T18:13:00,2025-12-19T02:13:00,FALSE,0,FALSE,MET
SLA_SYN_0000471,EXC_SYN_0000471,PAYMENT_EXCEPTION_RESOLUTION,2026-01-26T14:13:00,2026-01-26T22:13:00,FALSE,0,FALSE,MET
SLA_SYN_0000472,EXC_SYN_0000472,PAYMENT_EXCEPTION_RESOLUTION,2025-12-27T09:58:00,2025-12-27T17:58:00,TRUE,112682,FALSE,BREACHED
SLA_SYN_0000473,EXC_SYN_0000473,PAYMENT_EXCEPTION_RESOLUTION,2026-01-01T08:44:00,2026-01-01T16:44:00,FALSE,0,FALSE,MET
SLA_SYN_0000474,EXC_SYN_0000474,PAYMENT_EXCEPTION_RESOLUTION,2026-01-20T16:36:00,2026-01-20T20:36:00,FALSE,0,FALSE,MET
SLA_SYN_0000475,EXC_SYN_0000475,PAYMENT_EXCEPTION_RESOLUTION,2026-03-07T13:58:00,2026-03-07T21:58:00,FALSE,0,FALSE,MET
SLA_SYN_0000476,EXC_SYN_0000476,PAYMENT_EXCEPTION_RESOLUTION,2025-12-31T13:14:00,2025-12-31T21:14:00,TRUE,106726,FALSE,BREACHED
SLA_SYN_0000477,EXC_SYN_0000477,PAYMENT_EXCEPTION_RESOLUTION,2025-12-07T16:28:00,2025-12-07T20:28:00,FALSE,0,FALSE,MET
SLA_SYN_0000478,EXC_SYN_0000478,PAYMENT_EXCEPTION_RESOLUTION,2026-03-12T17:28:00,2026-03-12T21:28:00,FALSE,0,FALSE,MET
SLA_SYN_0000479,EXC_SYN_0000479,PAYMENT_EXCEPTION_RESOLUTION,2025-11-22T13:13:00,2025-11-22T21:13:00,FALSE,0,FALSE,MET
SLA_SYN_0000480,EXC_SYN_0000480,PAYMENT_EXCEPTION_RESOLUTION,2026-01-10T18:21:00,2026-01-10T22:21:00,TRUE,92259,TRUE,BREACHED
SLA_SYN_0000481,EXC_SYN_0000481,PAYMENT_EXCEPTION_RESOLUTION,2026-01-25T18:17:00,2026-01-26T02:17:00,FALSE,0,FALSE,MET
SLA_SYN_0000482,EXC_SYN_0000482,PAYMENT_EXCEPTION_RESOLUTION,2026-03-11T14:32:00,2026-03-11T22:32:00,FALSE,0,FALSE,MET
SLA_SYN_0000483,EXC_SYN_0000483,PAYMENT_EXCEPTION_RESOLUTION,2026-02-03T15:02:00,2026-02-03T23:02:00,TRUE,153,FALSE,BREACHED
SLA_SYN_0000484,EXC_SYN_0000484,PAYMENT_EXCEPTION_RESOLUTION,2026-01-13T15:35:00,2026-01-13T23:35:00,TRUE,87865,FALSE,BREACHED
SLA_SYN_0000485,EXC_SYN_0000485,PAYMENT_EXCEPTION_RESOLUTION,2025-12-22T11:30:00,2025-12-22T15:30:00,FALSE,0,FALSE,MET
SLA_SYN_0000486,EXC_SYN_0000486,PAYMENT_EXCEPTION_RESOLUTION,2025-12-28T12:40:00,2025-12-28T20:40:00,FALSE,0,FALSE,MET
SLA_SYN_0000487,EXC_SYN_0000487,PAYMENT_EXCEPTION_RESOLUTION,2026-02-01T21:29:00,2026-02-02T05:29:00,FALSE,0,FALSE,MET
SLA_SYN_0000488,EXC_SYN_0000488,PAYMENT_EXCEPTION_RESOLUTION,2026-02-19T21:32:00,2026-02-20T01:32:00,TRUE,34468,TRUE,BREACHED
SLA_SYN_0000489,EXC_SYN_0000489,PAYMENT_EXCEPTION_RESOLUTION,2025-11-20T13:02:00,2025-11-20T17:02:00,FALSE,0,FALSE,MET
SLA_SYN_0000490,EXC_SYN_0000490,PAYMENT_EXCEPTION_RESOLUTION,2026-02-17T12:35:00,2026-02-17T20:35:00,TRUE,160,FALSE,BREACHED
SLA_SYN_0000491,EXC_SYN_0000491,PAYMENT_EXCEPTION_RESOLUTION,2026-01-14T16:56:00,2026-01-14T20:56:00,FALSE,0,FALSE,MET
SLA_SYN_0000492,EXC_SYN_0000492,PAYMENT_EXCEPTION_RESOLUTION,2026-03-10T19:23:00,2026-03-10T23:23:00,TRUE,7237,TRUE,BREACHED
SLA_SYN_0000493,EXC_SYN_0000493,PAYMENT_EXCEPTION_RESOLUTION,2026-01-03T21:40:00,2026-01-04T05:40:00,FALSE,0,FALSE,MET
SLA_SYN_0000494,EXC_SYN_0000494,PAYMENT_EXCEPTION_RESOLUTION,2025-11-19T14:07:00,2025-11-19T22:07:00,FALSE,0,FALSE,MET
SLA_SYN_0000495,EXC_SYN_0000495,PAYMENT_EXCEPTION_RESOLUTION,2026-02-10T14:37:00,2026-02-10T22:37:00,FALSE,0,FALSE,MET
SLA_SYN_0000496,EXC_SYN_0000496,PAYMENT_EXCEPTION_RESOLUTION,2026-02-08T17:51:00,2026-02-08T21:51:00,TRUE,50529,TRUE,BREACHED
SLA_SYN_0000497,EXC_SYN_0000497,PAYMENT_EXCEPTION_RESOLUTION,2026-02-13T22:32:00,2026-02-14T06:32:00,TRUE,167,FALSE,BREACHED
SLA_SYN_0000498,EXC_SYN_0000498,PAYMENT_EXCEPTION_RESOLUTION,2025-11-16T22:45:00,2025-11-17T06:45:00,FALSE,0,FALSE,MET
SLA_SYN_0000499,EXC_SYN_0000499,PAYMENT_EXCEPTION_RESOLUTION,2026-02-14T09:29:00,2026-02-14T13:29:00,FALSE,0,FALSE,MET
SLA_SYN_0000500,EXC_SYN_0000500,PAYMENT_EXCEPTION_RESOLUTION,2025-11-30T15:27:00,2025-11-30T19:27:00,TRUE,151473,TRUE,BREACHED
SLA_SYN_0000501,EXC_SYN_0000501,PAYMENT_EXCEPTION_RESOLUTION,2025-11-30T10:05:00,2025-11-30T18:05:00,FALSE,0,FALSE,MET
SLA_SYN_0000502,EXC_SYN_0000502,PAYMENT_EXCEPTION_RESOLUTION,2025-12-18T15:43:00,2025-12-18T19:43:00,FALSE,0,FALSE,MET
SLA_SYN_0000503,EXC_SYN_0000503,PAYMENT_EXCEPTION_RESOLUTION,2025-12-10T17:40:00,2025-12-11T01:40:00,FALSE,0,FALSE,MET
SLA_SYN_0000504,EXC_SYN_0000504,PAYMENT_EXCEPTION_RESOLUTION,2026-01-29T15:02:00,2026-01-29T23:02:00,TRUE,64858,FALSE,BREACHED
SLA_SYN_0000505,EXC_SYN_0000505,PAYMENT_EXCEPTION_RESOLUTION,2025-12-06T17:56:00,2025-12-07T01:56:00,FALSE,0,FALSE,MET
SLA_SYN_0000506,EXC_SYN_0000506,PAYMENT_EXCEPTION_RESOLUTION,2026-01-25T14:51:00,2026-01-25T22:51:00,FALSE,0,FALSE,MET
SLA_SYN_0000507,EXC_SYN_0000507,PAYMENT_EXCEPTION_RESOLUTION,2026-01-19T15:21:00,2026-01-19T19:21:00,FALSE,0,FALSE,MET
SLA_SYN_0000508,EXC_SYN_0000508,PAYMENT_EXCEPTION_RESOLUTION,2025-12-23T18:08:00,2025-12-24T02:08:00,TRUE,117952,FALSE,BREACHED
SLA_SYN_0000509,EXC_SYN_0000509,PAYMENT_EXCEPTION_RESOLUTION,2026-02-28T11:02:00,2026-02-28T19:02:00,FALSE,0,FALSE,MET
SLA_SYN_0000510,EXC_SYN_0000510,PAYMENT_EXCEPTION_RESOLUTION,2025-11-18T11:52:00,2025-11-18T15:52:00,FALSE,0,FALSE,MET
SLA_SYN_0000511,EXC_SYN_0000511,PAYMENT_EXCEPTION_RESOLUTION,2026-02-22T16:43:00,2026-02-22T20:43:00,TRUE,181,TRUE,BREACHED
SLA_SYN_0000512,EXC_SYN_0000512,PAYMENT_EXCEPTION_RESOLUTION,2025-12-18T19:57:00,2025-12-19T03:57:00,TRUE,125043,FALSE,BREACHED
SLA_SYN_0000513,EXC_SYN_0000513,PAYMENT_EXCEPTION_RESOLUTION,2026-01-15T21:17:00,2026-01-16T01:17:00,FALSE,0,FALSE,MET
SLA_SYN_0000514,EXC_SYN_0000514,PAYMENT_EXCEPTION_RESOLUTION,2025-11-25T13:14:00,2025-11-25T21:14:00,FALSE,0,FALSE,MET
SLA_SYN_0000515,EXC_SYN_0000515,PAYMENT_EXCEPTION_RESOLUTION,2026-02-15T15:01:00,2026-02-15T23:01:00,FALSE,0,FALSE,MET
SLA_SYN_0000516,EXC_SYN_0000516,PAYMENT_EXCEPTION_RESOLUTION,2025-12-28T14:37:00,2025-12-28T22:37:00,TRUE,110963,FALSE,BREACHED
SLA_SYN_0000517,EXC_SYN_0000517,PAYMENT_EXCEPTION_RESOLUTION,2025-12-14T21:39:00,2025-12-15T05:39:00,FALSE,0,FALSE,MET
SLA_SYN_0000518,EXC_SYN_0000518,PAYMENT_EXCEPTION_RESOLUTION,2026-03-05T20:55:00,2026-03-06T00:55:00,TRUE,188,TRUE,BREACHED
SLA_SYN_0000519,EXC_SYN_0000519,PAYMENT_EXCEPTION_RESOLUTION,2026-01-07T17:10:00,2026-01-08T01:10:00,FALSE,0,FALSE,MET
SLA_SYN_0000520,EXC_SYN_0000520,PAYMENT_EXCEPTION_RESOLUTION,2025-12-03T13:15:00,2025-12-03T21:15:00,TRUE,147045,FALSE,BREACHED
SLA_SYN_0000521,EXC_SYN_0000521,PAYMENT_EXCEPTION_RESOLUTION,2026-01-21T17:36:00,2026-01-21T21:36:00,FALSE,0,FALSE,MET
SLA_SYN_0000522,EXC_SYN_0000522,PAYMENT_EXCEPTION_RESOLUTION,2026-02-18T20:50:00,2026-02-19T00:50:00,FALSE,0,FALSE,MET
SLA_SYN_0000523,EXC_SYN_0000523,PAYMENT_EXCEPTION_RESOLUTION,2025-11-30T18:49:00,2025-12-01T02:49:00,FALSE,0,FALSE,MET
SLA_SYN_0000524,EXC_SYN_0000524,PAYMENT_EXCEPTION_RESOLUTION,2026-03-11T20:09:00,2026-03-12T00:09:00,TRUE,5751,TRUE,BREACHED
SLA_SYN_0000525,EXC_SYN_0000525,PAYMENT_EXCEPTION_RESOLUTION,2026-01-14T14:00:00,2026-01-14T22:00:00,TRUE,195,FALSE,BREACHED
SLA_SYN_0000526,EXC_SYN_0000526,PAYMENT_EXCEPTION_RESOLUTION,2025-11-30T23:46:00,2025-12-01T07:46:00,FALSE,0,FALSE,MET
SLA_SYN_0000527,EXC_SYN_0000527,PAYMENT_EXCEPTION_RESOLUTION,2026-01-19T08:46:00,2026-01-19T16:46:00,FALSE,0,FALSE,MET
SLA_SYN_0000528,EXC_SYN_0000528,PAYMENT_EXCEPTION_RESOLUTION,2026-01-28T17:25:00,2026-01-29T01:25:00,TRUE,66155,FALSE,BREACHED
SLA_SYN_0000529,EXC_SYN_0000529,PAYMENT_EXCEPTION_RESOLUTION,2026-02-02T12:13:00,2026-02-02T16:13:00,FALSE,0,FALSE,MET
SLA_SYN_0000530,EXC_SYN_0000530,PAYMENT_EXCEPTION_RESOLUTION,2025-12-20T11:29:00,2025-12-20T19:29:00,FALSE,0,FALSE,MET
SLA_SYN_0000531,EXC_SYN_0000531,PAYMENT_EXCEPTION_RESOLUTION,2025-11-21T15:13:00,2025-11-21T23:13:00,FALSE,0,FALSE,MET
SLA_SYN_0000532,EXC_SYN_0000532,PAYMENT_EXCEPTION_RESOLUTION,2026-02-14T18:34:00,2026-02-14T22:34:00,TRUE,41846,TRUE,BREACHED
SLA_SYN_0000533,EXC_SYN_0000533,PAYMENT_EXCEPTION_RESOLUTION,2026-01-20T11:01:00,2026-01-20T15:01:00,FALSE,0,FALSE,MET
SLA_SYN_0000534,EXC_SYN_0000534,PAYMENT_EXCEPTION_RESOLUTION,2026-02-02T17:46:00,2026-02-03T01:46:00,FALSE,0,FALSE,MET
SLA_SYN_0000535,EXC_SYN_0000535,PAYMENT_EXCEPTION_RESOLUTION,2026-03-02T12:54:00,2026-03-02T16:54:00,FALSE,0,FALSE,MET
SLA_SYN_0000536,EXC_SYN_0000536,PAYMENT_EXCEPTION_RESOLUTION,2026-03-10T11:50:00,2026-03-10T19:50:00,TRUE,7450,FALSE,BREACHED
SLA_SYN_0000537,EXC_SYN_0000537,PAYMENT_EXCEPTION_RESOLUTION,2025-12-18T19:22:00,2025-12-19T03:22:00,FALSE,0,FALSE,MET
SLA_SYN_0000538,EXC_SYN_0000538,PAYMENT_EXCEPTION_RESOLUTION,2026-03-08T13:03:00,2026-03-08T21:03:00,FALSE,0,FALSE,MET
SLA_SYN_0000539,EXC_SYN_0000539,PAYMENT_EXCEPTION_RESOLUTION,2026-02-09T17:54:00,2026-02-10T01:54:00,TRUE,209,FALSE,BREACHED
SLA_SYN_0000540,EXC_SYN_0000540,PAYMENT_EXCEPTION_RESOLUTION,2025-12-06T20:38:00,2025-12-07T00:38:00,TRUE,142522,TRUE,BREACHED
SLA_SYN_0000541,EXC_SYN_0000541,PAYMENT_EXCEPTION_RESOLUTION,2026-01-31T12:18:00,2026-01-31T20:18:00,FALSE,0,FALSE,MET
SLA_SYN_0000542,EXC_SYN_0000542,PAYMENT_EXCEPTION_RESOLUTION,2026-01-20T12:31:00,2026-01-20T20:31:00,FALSE,0,FALSE,MET
SLA_SYN_0000543,EXC_SYN_0000543,PAYMENT_EXCEPTION_RESOLUTION,2026-01-11T21:07:00,2026-01-12T01:07:00,FALSE,0,FALSE,MET
SLA_SYN_0000544,EXC_SYN_0000544,PAYMENT_EXCEPTION_RESOLUTION,2026-02-07T19:26:00,2026-02-07T23:26:00,TRUE,51874,TRUE,BREACHED
SLA_SYN_0000545,EXC_SYN_0000545,PAYMENT_EXCEPTION_RESOLUTION,2025-12-01T13:57:00,2025-12-01T21:57:00,FALSE,0,FALSE,MET
SLA_SYN_0000546,EXC_SYN_0000546,PAYMENT_EXCEPTION_RESOLUTION,2026-03-07T18:35:00,2026-03-07T22:35:00,TRUE,36,TRUE,BREACHED
SLA_SYN_0000547,EXC_SYN_0000547,PAYMENT_EXCEPTION_RESOLUTION,2026-02-26T14:33:00,2026-02-26T22:33:00,FALSE,0,FALSE,MET
SLA_SYN_0000548,EXC_SYN_0000548,PAYMENT_EXCEPTION_RESOLUTION,2026-03-12T18:04:00,2026-03-13T02:04:00,TRUE,4196,FALSE,BREACHED
SLA_SYN_0000549,EXC_SYN_0000549,PAYMENT_EXCEPTION_RESOLUTION,2026-03-02T20:04:00,2026-03-03T04:04:00,FALSE,0,FALSE,MET
SLA_SYN_0000550,EXC_SYN_0000550,PAYMENT_EXCEPTION_RESOLUTION,2026-01-02T21:24:00,2026-01-03T05:24:00,FALSE,0,FALSE,MET
SLA_SYN_0000551,EXC_SYN_0000551,PAYMENT_EXCEPTION_RESOLUTION,2026-01-08T19:50:00,2026-01-08T23:50:00,FALSE,0,FALSE,MET
SLA_SYN_0000552,EXC_SYN_0000552,PAYMENT_EXCEPTION_RESOLUTION,2026-01-26T17:59:00,2026-01-27T01:59:00,TRUE,69001,FALSE,BREACHED
SLA_SYN_0000553,EXC_SYN_0000553,PAYMENT_EXCEPTION_RESOLUTION,2025-11-20T18:42:00,2025-11-21T02:42:00,TRUE,43,FALSE,BREACHED
SLA_SYN_0000554,EXC_SYN_0000554,PAYMENT_EXCEPTION_RESOLUTION,2026-01-03T17:30:00,2026-01-03T21:30:00,FALSE,0,FALSE,MET
SLA_SYN_0000555,EXC_SYN_0000555,PAYMENT_EXCEPTION_RESOLUTION,2025-12-10T10:34:00,2025-12-10T14:34:00,FALSE,0,FALSE,MET
SLA_SYN_0000556,EXC_SYN_0000556,PAYMENT_EXCEPTION_RESOLUTION,2026-02-05T18:16:00,2026-02-06T02:16:00,TRUE,54584,FALSE,BREACHED
SLA_SYN_0000557,EXC_SYN_0000557,PAYMENT_EXCEPTION_RESOLUTION,2026-02-18T11:10:00,2026-02-18T15:10:00,FALSE,0,FALSE,MET
SLA_SYN_0000558,EXC_SYN_0000558,PAYMENT_EXCEPTION_RESOLUTION,2026-03-03T10:56:00,2026-03-03T18:56:00,FALSE,0,FALSE,MET
SLA_SYN_0000559,EXC_SYN_0000559,PAYMENT_EXCEPTION_RESOLUTION,2026-02-12T13:40:00,2026-02-12T21:40:00,FALSE,0,FALSE,MET
SLA_SYN_0000560,EXC_SYN_0000560,PAYMENT_EXCEPTION_RESOLUTION,2026-02-06T16:27:00,2026-02-07T00:27:00,TRUE,53253,FALSE,BREACHED
SLA_SYN_0000561,EXC_SYN_0000561,PAYMENT_EXCEPTION_RESOLUTION,2026-01-29T19:41:00,2026-01-30T03:41:00,FALSE,0,FALSE,MET
SLA_SYN_0000562,EXC_SYN_0000562,PAYMENT_EXCEPTION_RESOLUTION,2025-12-01T11:58:00,2025-12-01T15:58:00,FALSE,0,FALSE,MET
SLA_SYN_0000563,EXC_SYN_0000563,PAYMENT_EXCEPTION_RESOLUTION,2026-01-28T17:23:00,2026-01-29T01:23:00,FALSE,0,FALSE,MET
SLA_SYN_0000564,EXC_SYN_0000564,PAYMENT_EXCEPTION_RESOLUTION,2026-01-11T15:42:00,2026-01-11T23:42:00,TRUE,90738,FALSE,BREACHED
SLA_SYN_0000565,EXC_SYN_0000565,PAYMENT_EXCEPTION_RESOLUTION,2026-02-16T18:09:00,2026-02-16T22:09:00,FALSE,0,FALSE,MET
SLA_SYN_0000566,EXC_SYN_0000566,PAYMENT_EXCEPTION_RESOLUTION,2026-01-18T14:44:00,2026-01-18T18:44:00,FALSE,0,FALSE,MET
SLA_SYN_0000567,EXC_SYN_0000567,PAYMENT_EXCEPTION_RESOLUTION,2026-01-03T18:45:00,2026-01-04T02:45:00,TRUE,57,FALSE,BREACHED
SLA_SYN_0000568,EXC_SYN_0000568,PAYMENT_EXCEPTION_RESOLUTION,2026-02-01T16:07:00,2026-02-01T20:07:00,TRUE,60713,TRUE,BREACHED
SLA_SYN_0000569,EXC_SYN_0000569,PAYMENT_EXCEPTION_RESOLUTION,2026-02-26T13:46:00,2026-02-26T21:46:00,FALSE,0,FALSE,MET
SLA_SYN_0000570,EXC_SYN_0000570,PAYMENT_EXCEPTION_RESOLUTION,2026-01-04T16:13:00,2026-01-05T00:13:00,FALSE,0,FALSE,MET
SLA_SYN_0000571,EXC_SYN_0000571,PAYMENT_EXCEPTION_RESOLUTION,2026-01-28T12:28:00,2026-01-28T20:28:00,FALSE,0,FALSE,MET
SLA_SYN_0000572,EXC_SYN_0000572,PAYMENT_EXCEPTION_RESOLUTION,2025-11-30T21:14:00,2025-12-01T05:14:00,TRUE,150886,FALSE,BREACHED
SLA_SYN_0000573,EXC_SYN_0000573,PAYMENT_EXCEPTION_RESOLUTION,2026-01-12T20:50:00,2026-01-13T00:50:00,FALSE,0,FALSE,MET
SLA_SYN_0000574,EXC_SYN_0000574,PAYMENT_EXCEPTION_RESOLUTION,2026-02-10T17:35:00,2026-02-11T01:35:00,TRUE,64,FALSE,BREACHED
SLA_SYN_0000575,EXC_SYN_0000575,PAYMENT_EXCEPTION_RESOLUTION,2026-01-06T17:28:00,2026-01-07T01:28:00,FALSE,0,FALSE,MET
SLA_SYN_0000576,EXC_SYN_0000576,PAYMENT_EXCEPTION_RESOLUTION,2025-11-23T21:59:00,2025-11-24T01:59:00,TRUE,161161,TRUE,BREACHED
SLA_SYN_0000577,EXC_SYN_0000577,PAYMENT_EXCEPTION_RESOLUTION,2025-12-23T16:37:00,2025-12-23T20:37:00,FALSE,0,FALSE,MET
SLA_SYN_0000578,EXC_SYN_0000578,PAYMENT_EXCEPTION_RESOLUTION,2026-01-14T13:29:00,2026-01-14T21:29:00,FALSE,0,FALSE,MET
SLA_SYN_0000579,EXC_SYN_0000579,PAYMENT_EXCEPTION_RESOLUTION,2026-03-02T17:33:00,2026-03-02T21:33:00,FALSE,0,FALSE,MET
SLA_SYN_0000580,EXC_SYN_0000580,PAYMENT_EXCEPTION_RESOLUTION,2025-12-23T21:34:00,2025-12-24T05:34:00,TRUE,117746,FALSE,BREACHED
SLA_SYN_0000581,EXC_SYN_0000581,PAYMENT_EXCEPTION_RESOLUTION,2026-01-12T00:01:00,2026-01-12T08:01:00,TRUE,71,FALSE,BREACHED
SLA_SYN_0000582,EXC_SYN_0000582,PAYMENT_EXCEPTION_RESOLUTION,2026-01-21T08:41:00,2026-01-21T16:41:00,FALSE,0,FALSE,MET
SLA_SYN_0000583,EXC_SYN_0000583,PAYMENT_EXCEPTION_RESOLUTION,2026-01-31T16:23:00,2026-02-01T00:23:00,FALSE,0,FALSE,MET
SLA_SYN_0000584,EXC_SYN_0000584,PAYMENT_EXCEPTION_RESOLUTION,2026-01-27T16:26:00,2026-01-27T20:26:00,TRUE,67894,TRUE,BREACHED
SLA_SYN_0000585,EXC_SYN_0000585,PAYMENT_EXCEPTION_RESOLUTION,2025-12-21T09:40:00,2025-12-21T17:40:00,FALSE,0,FALSE,MET
SLA_SYN_0000586,EXC_SYN_0000586,PAYMENT_EXCEPTION_RESOLUTION,2026-01-09T09:53:00,2026-01-09T17:53:00,FALSE,0,FALSE,MET
SLA_SYN_0000587,EXC_SYN_0000587,PAYMENT_EXCEPTION_RESOLUTION,2026-02-07T15:38:00,2026-02-07T19:38:00,FALSE,0,FALSE,MET
SLA_SYN_0000588,EXC_SYN_0000588,PAYMENT_EXCEPTION_RESOLUTION,2026-01-30T19:32:00,2026-01-30T23:32:00,TRUE,63388,TRUE,BREACHED
SLA_SYN_0000589,EXC_SYN_0000589,PAYMENT_EXCEPTION_RESOLUTION,2026-03-14T10:42:00,2026-03-14T18:42:00,FALSE,0,FALSE,MET
SLA_SYN_0000590,EXC_SYN_0000590,PAYMENT_EXCEPTION_RESOLUTION,2026-02-28T14:53:00,2026-02-28T18:53:00,FALSE,0,FALSE,MET
SLA_SYN_0000591,EXC_SYN_0000591,PAYMENT_EXCEPTION_RESOLUTION,2025-12-24T15:23:00,2025-12-24T23:23:00,FALSE,0,FALSE,MET
SLA_SYN_0000592,EXC_SYN_0000592,PAYMENT_EXCEPTION_RESOLUTION,2026-03-13T17:23:00,2026-03-14T01:23:00,TRUE,2797,FALSE,BREACHED
SLA_SYN_0000593,EXC_SYN_0000593,PAYMENT_EXCEPTION_RESOLUTION,2025-11-25T11:24:00,2025-11-25T19:24:00,FALSE,0,FALSE,MET
SLA_SYN_0000594,EXC_SYN_0000594,PAYMENT_EXCEPTION_RESOLUTION,2025-12-03T20:30:00,2025-12-04T04:30:00,FALSE,0,FALSE,MET
SLA_SYN_0000595,EXC_SYN_0000595,PAYMENT_EXCEPTION_RESOLUTION,2025-11-20T15:58:00,2025-11-20T19:58:00,TRUE,85,TRUE,BREACHED
SLA_SYN_0000596,EXC_SYN_0000596,PAYMENT_EXCEPTION_RESOLUTION,2026-03-09T21:16:00,2026-03-10T05:16:00,TRUE,8324,FALSE,BREACHED
SLA_SYN_0000597,EXC_SYN_0000597,PAYMENT_EXCEPTION_RESOLUTION,2025-12-10T15:54:00,2025-12-10T23:54:00,FALSE,0,FALSE,MET
SLA_SYN_0000598,EXC_SYN_0000598,PAYMENT_EXCEPTION_RESOLUTION,2026-02-01T18:11:00,2026-02-01T22:11:00,FALSE,0,FALSE,MET
SLA_SYN_0000599,EXC_SYN_0000599,PAYMENT_EXCEPTION_RESOLUTION,2025-12-31T18:44:00,2025-12-31T22:44:00,FALSE,0,FALSE,MET
SLA_SYN_0000600,EXC_SYN_0000600,PAYMENT_EXCEPTION_RESOLUTION,2025-11-18T15:56:00,2025-11-18T23:56:00,TRUE,168484,FALSE,BREACHED
SLA_SYN_0000601,EXC_SYN_0000601,PAYMENT_EXCEPTION_RESOLUTION,2025-12-16T15:22:00,2025-12-16T19:22:00,FALSE,0,FALSE,MET
SLA_SYN_0000602,EXC_SYN_0000602,PAYMENT_EXCEPTION_RESOLUTION,2026-01-05T21:27:00,2026-01-06T05:27:00,TRUE,92,FALSE,BREACHED
SLA_SYN_0000603,EXC_SYN_0000603,PAYMENT_EXCEPTION_RESOLUTION,2025-12-01T17:32:00,2025-12-02T01:32:00,FALSE,0,FALSE,MET
SLA_SYN_0000604,EXC_SYN_0000604,PAYMENT_EXCEPTION_RESOLUTION,2026-02-15T22:50:00,2026-02-16T06:50:00,TRUE,39910,FALSE,BREACHED
SLA_SYN_0000605,EXC_SYN_0000605,PAYMENT_EXCEPTION_RESOLUTION,2026-01-11T21:36:00,2026-01-12T05:36:00,FALSE,0,FALSE,MET
SLA_SYN_0000606,EXC_SYN_0000606,PAYMENT_EXCEPTION_RESOLUTION,2026-03-04T18:11:00,2026-03-04T22:11:00,FALSE,0,FALSE,MET
SLA_SYN_0000607,EXC_SYN_0000607,PAYMENT_EXCEPTION_RESOLUTION,2025-12-08T15:33:00,2025-12-08T23:33:00,FALSE,0,FALSE,MET
SLA_SYN_0000608,EXC_SYN_0000608,PAYMENT_EXCEPTION_RESOLUTION,2026-01-14T22:55:00,2026-01-15T06:55:00,TRUE,85985,FALSE,BREACHED
SLA_SYN_0000609,EXC_SYN_0000609,PAYMENT_EXCEPTION_RESOLUTION,2026-01-31T22:11:00,2026-02-01T02:11:00,TRUE,99,TRUE,BREACHED
SLA_SYN_0000610,EXC_SYN_0000610,PAYMENT_EXCEPTION_RESOLUTION,2026-02-04T10:02:00,2026-02-04T14:02:00,FALSE,0,FALSE,MET
SLA_SYN_0000611,EXC_SYN_0000611,PAYMENT_EXCEPTION_RESOLUTION,2026-01-13T14:23:00,2026-01-13T22:23:00,FALSE,0,FALSE,MET
SLA_SYN_0000612,EXC_SYN_0000612,PAYMENT_EXCEPTION_RESOLUTION,2026-01-16T18:24:00,2026-01-16T22:24:00,TRUE,83616,TRUE,BREACHED
SLA_SYN_0000613,EXC_SYN_0000613,PAYMENT_EXCEPTION_RESOLUTION,2026-01-23T16:23:00,2026-01-24T00:23:00,FALSE,0,FALSE,MET
SLA_SYN_0000614,EXC_SYN_0000614,PAYMENT_EXCEPTION_RESOLUTION,2026-02-12T18:30:00,2026-02-13T02:30:00,FALSE,0,FALSE,MET
SLA_SYN_0000615,EXC_SYN_0000615,PAYMENT_EXCEPTION_RESOLUTION,2026-02-08T10:47:00,2026-02-08T18:47:00,FALSE,0,FALSE,MET
SLA_SYN_0000616,EXC_SYN_0000616,PAYMENT_EXCEPTION_RESOLUTION,2026-01-19T11:00:00,2026-01-19T19:00:00,TRUE,79500,FALSE,BREACHED
SLA_SYN_0000617,EXC_SYN_0000617,PAYMENT_EXCEPTION_RESOLUTION,2025-12-04T19:09:00,2025-12-04T23:09:00,FALSE,0,FALSE,MET
SLA_SYN_0000618,EXC_SYN_0000618,PAYMENT_EXCEPTION_RESOLUTION,2026-02-12T18:08:00,2026-02-13T02:08:00,FALSE,0,FALSE,MET
SLA_SYN_0000619,EXC_SYN_0000619,PAYMENT_EXCEPTION_RESOLUTION,2025-11-29T12:09:00,2025-11-29T20:09:00,FALSE,0,FALSE,MET
SLA_SYN_0000620,EXC_SYN_0000620,PAYMENT_EXCEPTION_RESOLUTION,2025-12-10T11:52:00,2025-12-10T15:52:00,TRUE,137288,TRUE,BREACHED
SLA_SYN_0000621,EXC_SYN_0000621,PAYMENT_EXCEPTION_RESOLUTION,2026-01-12T13:12:00,2026-01-12T17:12:00,FALSE,0,FALSE,MET
SLA_SYN_0000622,EXC_SYN_0000622,PAYMENT_EXCEPTION_RESOLUTION,2026-01-09T13:25:00,2026-01-09T21:25:00,FALSE,0,FALSE,MET
SLA_SYN_0000623,EXC_SYN_0000623,PAYMENT_EXCEPTION_RESOLUTION,2026-02-25T17:56:00,2026-02-25T21:56:00,TRUE,113,TRUE,BREACHED
SLA_SYN_0000624,EXC_SYN_0000624,PAYMENT_EXCEPTION_RESOLUTION,2026-02-20T16:25:00,2026-02-21T00:25:00,TRUE,33095,FALSE,BREACHED
SLA_SYN_0000625,EXC_SYN_0000625,PAYMENT_EXCEPTION_RESOLUTION,2025-12-05T16:38:00,2025-12-06T00:38:00,FALSE,0,FALSE,MET
SLA_SYN_0000626,EXC_SYN_0000626,PAYMENT_EXCEPTION_RESOLUTION,2025-12-16T21:46:00,2025-12-17T05:46:00,FALSE,0,FALSE,MET
SLA_SYN_0000627,EXC_SYN_0000627,PAYMENT_EXCEPTION_RESOLUTION,2025-12-10T14:20:00,2025-12-10T22:20:00,FALSE,0,FALSE,MET
SLA_SYN_0000628,EXC_SYN_0000628,PAYMENT_EXCEPTION_RESOLUTION,2026-01-13T20:45:00,2026-01-14T00:45:00,TRUE,87795,TRUE,BREACHED
SLA_SYN_0000629,EXC_SYN_0000629,PAYMENT_EXCEPTION_RESOLUTION,2025-12-14T13:59:00,2025-12-14T21:59:00,FALSE,0,FALSE,MET
SLA_SYN_0000630,EXC_SYN_0000630,PAYMENT_EXCEPTION_RESOLUTION,2025-11-20T21:48:00,2025-11-21T05:48:00,TRUE,120,FALSE,BREACHED
SLA_SYN_0000631,EXC_SYN_0000631,PAYMENT_EXCEPTION_RESOLUTION,2026-01-14T14:05:00,2026-01-14T18:05:00,FALSE,0,FALSE,MET
SLA_SYN_0000632,EXC_SYN_0000632,PAYMENT_EXCEPTION_RESOLUTION,2026-02-24T17:02:00,2026-02-24T21:02:00,TRUE,27538,TRUE,BREACHED
SLA_SYN_0000633,EXC_SYN_0000633,PAYMENT_EXCEPTION_RESOLUTION,2026-03-13T22:37:00,2026-03-14T02:37:00,FALSE,0,FALSE,MET
SLA_SYN_0000634,EXC_SYN_0000634,PAYMENT_EXCEPTION_RESOLUTION,2026-01-08T17:08:00,2026-01-08T21:08:00,FALSE,0,FALSE,MET
SLA_SYN_0000635,EXC_SYN_0000635,PAYMENT_EXCEPTION_RESOLUTION,2026-01-18T20:42:00,2026-01-19T04:42:00,FALSE,0,FALSE,MET
SLA_SYN_0000636,EXC_SYN_0000636,PAYMENT_EXCEPTION_RESOLUTION,2025-11-18T14:23:00,2025-11-18T22:23:00,TRUE,168577,FALSE,BREACHED
SLA_SYN_0000637,EXC_SYN_0000637,PAYMENT_EXCEPTION_RESOLUTION,2026-01-08T11:10:00,2026-01-08T19:10:00,TRUE,127,FALSE,BREACHED
SLA_SYN_0000638,EXC_SYN_0000638,PAYMENT_EXCEPTION_RESOLUTION,2026-01-11T12:10:00,2026-01-11T20:10:00,FALSE,0,FALSE,MET
SLA_SYN_0000639,EXC_SYN_0000639,PAYMENT_EXCEPTION_RESOLUTION,2026-01-17T10:29:00,2026-01-17T14:29:00,FALSE,0,FALSE,MET
SLA_SYN_0000640,EXC_SYN_0000640,PAYMENT_EXCEPTION_RESOLUTION,2026-01-01T14:57:00,2026-01-01T22:57:00,TRUE,105183,FALSE,BREACHED
SLA_SYN_0000641,EXC_SYN_0000641,PAYMENT_EXCEPTION_RESOLUTION,2026-01-07T17:07:00,2026-01-08T01:07:00,FALSE,0,FALSE,MET
SLA_SYN_0000642,EXC_SYN_0000642,PAYMENT_EXCEPTION_RESOLUTION,2025-12-20T09:51:00,2025-12-20T13:51:00,FALSE,0,FALSE,MET
SLA_SYN_0000643,EXC_SYN_0000643,PAYMENT_EXCEPTION_RESOLUTION,2026-03-14T12:35:00,2026-03-14T16:35:00,FALSE,0,FALSE,MET
SLA_SYN_0000644,EXC_SYN_0000644,PAYMENT_EXCEPTION_RESOLUTION,2026-02-19T14:05:00,2026-02-19T22:05:00,TRUE,34675,FALSE,BREACHED
SLA_SYN_0000645,EXC_SYN_0000645,PAYMENT_EXCEPTION_RESOLUTION,2025-12-21T15:05:00,2025-12-21T19:05:00,FALSE,0,FALSE,MET
SLA_SYN_0000646,EXC_SYN_0000646,PAYMENT_EXCEPTION_RESOLUTION,2026-03-14T13:54:00,2026-03-14T21:54:00,FALSE,0,FALSE,MET
SLA_SYN_0000647,EXC_SYN_0000647,PAYMENT_EXCEPTION_RESOLUTION,2026-01-25T10:26:00,2026-01-25T18:26:00,FALSE,0,FALSE,MET
SLA_SYN_0000648,EXC_SYN_0000648,PAYMENT_EXCEPTION_RESOLUTION,2025-12-20T11:56:00,2025-12-20T19:56:00,TRUE,122644,FALSE,BREACHED
SLA_SYN_0000649,EXC_SYN_0000649,PAYMENT_EXCEPTION_RESOLUTION,2026-03-06T15:00:00,2026-03-06T23:00:00,FALSE,0,FALSE,MET
SLA_SYN_0000650,EXC_SYN_0000650,PAYMENT_EXCEPTION_RESOLUTION,2026-02-14T12:32:00,2026-02-14T16:32:00,FALSE,0,FALSE,MET
SLA_SYN_0000651,EXC_SYN_0000651,PAYMENT_EXCEPTION_RESOLUTION,2026-01-01T17:13:00,2026-01-02T01:13:00,TRUE,141,FALSE,BREACHED
SLA_SYN_0000652,EXC_SYN_0000652,PAYMENT_EXCEPTION_RESOLUTION,2026-01-26T14:25:00,2026-01-26T22:25:00,TRUE,69215,FALSE,BREACHED
SLA_SYN_0000653,EXC_SYN_0000653,PAYMENT_EXCEPTION_RESOLUTION,2026-01-21T19:23:00,2026-01-21T23:23:00,FALSE,0,FALSE,MET
SLA_SYN_0000654,EXC_SYN_0000654,PAYMENT_EXCEPTION_RESOLUTION,2025-11-18T15:48:00,2025-11-18T19:48:00,FALSE,0,FALSE,MET
SLA_SYN_0000655,EXC_SYN_0000655,PAYMENT_EXCEPTION_RESOLUTION,2025-12-30T21:43:00,2025-12-31T05:43:00,FALSE,0,FALSE,MET
SLA_SYN_0000656,EXC_SYN_0000656,PAYMENT_EXCEPTION_RESOLUTION,2026-02-15T21:36:00,2026-02-16T01:36:00,TRUE,40224,TRUE,BREACHED
SLA_SYN_0000657,EXC_SYN_0000657,PAYMENT_EXCEPTION_RESOLUTION,2026-03-04T21:49:00,2026-03-05T05:49:00,FALSE,0,FALSE,MET
SLA_SYN_0000658,EXC_SYN_0000658,PAYMENT_EXCEPTION_RESOLUTION,2026-02-28T12:49:00,2026-02-28T20:49:00,TRUE,148,FALSE,BREACHED
SLA_SYN_0000659,EXC_SYN_0000659,PAYMENT_EXCEPTION_RESOLUTION,2026-01-08T14:29:00,2026-01-08T22:29:00,FALSE,0,FALSE,MET
SLA_SYN_0000660,EXC_SYN_0000660,PAYMENT_EXCEPTION_RESOLUTION,2026-01-14T16:09:00,2026-01-15T00:09:00,TRUE,86391,FALSE,BREACHED
SLA_SYN_0000661,EXC_SYN_0000661,PAYMENT_EXCEPTION_RESOLUTION,2026-03-03T18:16:00,2026-03-03T22:16:00,FALSE,0,FALSE,MET
SLA_SYN_0000662,EXC_SYN_0000662,PAYMENT_EXCEPTION_RESOLUTION,2026-01-21T19:06:00,2026-01-22T03:06:00,FALSE,0,FALSE,MET
SLA_SYN_0000663,EXC_SYN_0000663,PAYMENT_EXCEPTION_RESOLUTION,2026-01-15T14:34:00,2026-01-15T22:34:00,FALSE,0,FALSE,MET
SLA_SYN_0000664,EXC_SYN_0000664,PAYMENT_EXCEPTION_RESOLUTION,2026-03-01T16:21:00,2026-03-01T20:21:00,TRUE,20379,TRUE,BREACHED
SLA_SYN_0000665,EXC_SYN_0000665,PAYMENT_EXCEPTION_RESOLUTION,2026-01-14T08:40:00,2026-01-14T12:40:00,TRUE,155,TRUE,BREACHED
SLA_SYN_0000666,EXC_SYN_0000666,PAYMENT_EXCEPTION_RESOLUTION,2026-02-15T11:07:00,2026-02-15T19:07:00,FALSE,0,FALSE,MET
SLA_SYN_0000667,EXC_SYN_0000667,PAYMENT_EXCEPTION_RESOLUTION,2026-02-09T10:23:00,2026-02-09T14:23:00,FALSE,0,FALSE,MET
SLA_SYN_0000668,EXC_SYN_0000668,PAYMENT_EXCEPTION_RESOLUTION,2025-12-31T17:45:00,2026-01-01T01:45:00,TRUE,106455,FALSE,BREACHED
SLA_SYN_0000669,EXC_SYN_0000669,PAYMENT_EXCEPTION_RESOLUTION,2026-03-14T12:33:00,2026-03-14T16:33:00,FALSE,0,FALSE,MET
SLA_SYN_0000670,EXC_SYN_0000670,PAYMENT_EXCEPTION_RESOLUTION,2026-02-21T10:15:00,2026-02-21T18:15:00,FALSE,0,FALSE,MET
SLA_SYN_0000671,EXC_SYN_0000671,PAYMENT_EXCEPTION_RESOLUTION,2025-12-15T09:58:00,2025-12-15T17:58:00,FALSE,0,FALSE,MET
SLA_SYN_0000672,EXC_SYN_0000672,PAYMENT_EXCEPTION_RESOLUTION,2025-11-19T17:30:00,2025-11-19T21:30:00,TRUE,167190,TRUE,BREACHED
SLA_SYN_0000673,EXC_SYN_0000673,PAYMENT_EXCEPTION_RESOLUTION,2026-02-03T10:44:00,2026-02-03T18:44:00,FALSE,0,FALSE,MET
SLA_SYN_0000674,EXC_SYN_0000674,PAYMENT_EXCEPTION_RESOLUTION,2025-12-19T11:07:00,2025-12-19T19:07:00,FALSE,0,FALSE,MET
SLA_SYN_0000675,EXC_SYN_0000675,PAYMENT_EXCEPTION_RESOLUTION,2026-01-07T15:55:00,2026-01-07T19:55:00,FALSE,0,FALSE,MET
SLA_SYN_0000676,EXC_SYN_0000676,PAYMENT_EXCEPTION_RESOLUTION,2025-12-27T15:41:00,2025-12-27T19:41:00,TRUE,112579,TRUE,BREACHED
SLA_SYN_0000677,EXC_SYN_0000677,PAYMENT_EXCEPTION_RESOLUTION,2026-03-08T14:37:00,2026-03-08T22:37:00,FALSE,0,FALSE,MET
SLA_SYN_0000678,EXC_SYN_0000678,PAYMENT_EXCEPTION_RESOLUTION,2026-02-05T11:09:00,2026-02-05T15:09:00,FALSE,0,FALSE,MET
SLA_SYN_0000679,EXC_SYN_0000679,PAYMENT_EXCEPTION_RESOLUTION,2026-02-13T11:32:00,2026-02-13T19:32:00,TRUE,169,FALSE,BREACHED
SLA_SYN_0000680,EXC_SYN_0000680,PAYMENT_EXCEPTION_RESOLUTION,2026-02-27T18:17:00,2026-02-28T02:17:00,TRUE,22903,FALSE,BREACHED
SLA_SYN_0000681,EXC_SYN_0000681,PAYMENT_EXCEPTION_RESOLUTION,2026-01-27T14:12:00,2026-01-27T22:12:00,FALSE,0,FALSE,MET
SLA_SYN_0000682,EXC_SYN_0000682,PAYMENT_EXCEPTION_RESOLUTION,2026-02-11T17:06:00,2026-02-12T01:06:00,FALSE,0,FALSE,MET
SLA_SYN_0000683,EXC_SYN_0000683,PAYMENT_EXCEPTION_RESOLUTION,2026-01-27T16:32:00,2026-01-27T20:32:00,FALSE,0,FALSE,MET
SLA_SYN_0000684,EXC_SYN_0000684,PAYMENT_EXCEPTION_RESOLUTION,2025-12-06T15:01:00,2025-12-06T23:01:00,TRUE,142619,FALSE,BREACHED
SLA_SYN_0000685,EXC_SYN_0000685,PAYMENT_EXCEPTION_RESOLUTION,2025-11-16T20:09:00,2025-11-17T04:09:00,FALSE,0,FALSE,MET
SLA_SYN_0000686,EXC_SYN_0000686,PAYMENT_EXCEPTION_RESOLUTION,2025-11-26T13:33:00,2025-11-26T17:33:00,TRUE,176,TRUE,BREACHED
SLA_SYN_0000687,EXC_SYN_0000687,PAYMENT_EXCEPTION_RESOLUTION,2025-12-18T19:08:00,2025-12-18T23:08:00,FALSE,0,FALSE,MET
SLA_SYN_0000688,EXC_SYN_0000688,PAYMENT_EXCEPTION_RESOLUTION,2026-03-05T17:27:00,2026-03-06T01:27:00,TRUE,14313,FALSE,BREACHED
SLA_SYN_0000689,EXC_SYN_0000689,PAYMENT_EXCEPTION_RESOLUTION,2026-01-07T16:53:00,2026-01-07T20:53:00,FALSE,0,FALSE,MET
SLA_SYN_0000690,EXC_SYN_0000690,PAYMENT_EXCEPTION_RESOLUTION,2026-01-06T15:02:00,2026-01-06T23:02:00,FALSE,0,FALSE,MET
SLA_SYN_0000691,EXC_SYN_0000691,PAYMENT_EXCEPTION_RESOLUTION,2026-01-26T22:34:00,2026-01-27T06:34:00,FALSE,0,FALSE,MET
SLA_SYN_0000692,EXC_SYN_0000692,PAYMENT_EXCEPTION_RESOLUTION,2025-12-29T22:37:00,2025-12-30T06:37:00,TRUE,109043,FALSE,BREACHED
SLA_SYN_0000693,EXC_SYN_0000693,PAYMENT_EXCEPTION_RESOLUTION,2025-12-07T12:32:00,2025-12-07T20:32:00,TRUE,183,FALSE,BREACHED
SLA_SYN_0000694,EXC_SYN_0000694,PAYMENT_EXCEPTION_RESOLUTION,2026-03-08T11:31:00,2026-03-08T15:31:00,FALSE,0,FALSE,MET
SLA_SYN_0000695,EXC_SYN_0000695,PAYMENT_EXCEPTION_RESOLUTION,2025-12-28T10:54:00,2025-12-28T18:54:00,FALSE,0,FALSE,MET
SLA_SYN_0000696,EXC_SYN_0000696,PAYMENT_EXCEPTION_RESOLUTION,2026-03-09T11:17:00,2026-03-09T15:17:00,TRUE,9163,TRUE,BREACHED
SLA_SYN_0000697,EXC_SYN_0000697,PAYMENT_EXCEPTION_RESOLUTION,2026-01-25T18:19:00,2026-01-25T22:19:00,FALSE,0,FALSE,MET
SLA_SYN_0000698,EXC_SYN_0000698,PAYMENT_EXCEPTION_RESOLUTION,2026-01-05T13:10:00,2026-01-05T17:10:00,FALSE,0,FALSE,MET
SLA_SYN_0000699,EXC_SYN_0000699,PAYMENT_EXCEPTION_RESOLUTION,2026-02-11T17:58:00,2026-02-12T01:58:00,FALSE,0,FALSE,MET
SLA_SYN_0000700,EXC_SYN_0000700,PAYMENT_EXCEPTION_RESOLUTION,2025-12-02T19:28:00,2025-12-02T23:28:00,TRUE,148352,TRUE,BREACHED
SLA_SYN_0000701,EXC_SYN_0000701,PAYMENT_EXCEPTION_RESOLUTION,2025-11-16T16:40:00,2025-11-17T00:40:00,FALSE,0,FALSE,MET
SLA_SYN_0000702,EXC_SYN_0000702,PAYMENT_EXCEPTION_RESOLUTION,2025-12-20T19:24:00,2025-12-21T03:24:00,FALSE,0,FALSE,MET
SLA_SYN_0000703,EXC_SYN_0000703,PAYMENT_EXCEPTION_RESOLUTION,2026-03-02T14:05:00,2026-03-02T22:05:00,FALSE,0,FALSE,MET
SLA_SYN_0000704,EXC_SYN_0000704,PAYMENT_EXCEPTION_RESOLUTION,2026-01-04T13:31:00,2026-01-04T21:31:00,TRUE,100949,FALSE,BREACHED
SLA_SYN_0000705,EXC_SYN_0000705,PAYMENT_EXCEPTION_RESOLUTION,2026-03-11T13:24:00,2026-03-11T17:24:00,FALSE,0,FALSE,MET
SLA_SYN_0000706,EXC_SYN_0000706,PAYMENT_EXCEPTION_RESOLUTION,2026-02-04T16:01:00,2026-02-05T00:01:00,FALSE,0,FALSE,MET
SLA_SYN_0000707,EXC_SYN_0000707,PAYMENT_EXCEPTION_RESOLUTION,2026-02-09T20:02:00,2026-02-10T04:02:00,TRUE,197,FALSE,BREACHED
SLA_SYN_0000708,EXC_SYN_0000708,PAYMENT_EXCEPTION_RESOLUTION,2026-02-08T17:51:00,2026-02-08T21:51:00,TRUE,50529,TRUE,BREACHED
SLA_SYN_0000709,EXC_SYN_0000709,PAYMENT_EXCEPTION_RESOLUTION,2026-01-09T16:20:00,2026-01-09T20:20:00,FALSE,0,FALSE,MET
SLA_SYN_0000710,EXC_SYN_0000710,PAYMENT_EXCEPTION_RESOLUTION,2026-01-02T12:15:00,2026-01-02T20:15:00,FALSE,0,FALSE,MET
SLA_SYN_0000711,EXC_SYN_0000711,PAYMENT_EXCEPTION_RESOLUTION,2025-12-26T17:33:00,2025-12-26T21:33:00,FALSE,0,FALSE,MET
SLA_SYN_0000712,EXC_SYN_0000712,PAYMENT_EXCEPTION_RESOLUTION,2026-01-20T12:51:00,2026-01-20T20:51:00,TRUE,77949,FALSE,BREACHED
SLA_SYN_0000713,EXC_SYN_0000713,PAYMENT_EXCEPTION_RESOLUTION,2025-12-01T19:26:00,2025-12-02T03:26:00,FALSE,0,FALSE,MET
SLA_SYN_0000714,EXC_SYN_0000714,PAYMENT_EXCEPTION_RESOLUTION,2026-02-16T13:17:00,2026-02-16T21:17:00,TRUE,204,FALSE,BREACHED
SLA_SYN_0000715,EXC_SYN_0000715,PAYMENT_EXCEPTION_RESOLUTION,2025-12-31T17:58:00,2026-01-01T01:58:00,FALSE,0,FALSE,MET
SLA_SYN_0000716,EXC_SYN_0000716,PAYMENT_EXCEPTION_RESOLUTION,2026-02-10T18:01:00,2026-02-10T22:01:00,TRUE,47639,TRUE,BREACHED
SLA_SYN_0000717,EXC_SYN_0000717,PAYMENT_EXCEPTION_RESOLUTION,2025-11-24T23:09:00,2025-11-25T07:09:00,FALSE,0,FALSE,MET
SLA_SYN_0000718,EXC_SYN_0000718,PAYMENT_EXCEPTION_RESOLUTION,2025-12-19T15:53:00,2025-12-19T23:53:00,FALSE,0,FALSE,MET
SLA_SYN_0000719,EXC_SYN_0000719,PAYMENT_EXCEPTION_RESOLUTION,2026-02-07T14:12:00,2026-02-07T18:12:00,FALSE,0,FALSE,MET
SLA_SYN_0000720,EXC_SYN_0000720,PAYMENT_EXCEPTION_RESOLUTION,2025-12-16T11:46:00,2025-12-16T15:46:00,TRUE,128654,TRUE,BREACHED
SLA_SYN_0000721,EXC_SYN_0000721,PAYMENT_EXCEPTION_RESOLUTION,2026-02-28T15:20:00,2026-02-28T23:20:00,TRUE,31,FALSE,BREACHED
SLA_SYN_0000722,EXC_SYN_0000722,PAYMENT_EXCEPTION_RESOLUTION,2026-02-08T12:22:00,2026-02-08T16:22:00,FALSE,0,FALSE,MET
SLA_SYN_0000723,EXC_SYN_0000723,PAYMENT_EXCEPTION_RESOLUTION,2025-11-25T10:21:00,2025-11-25T18:21:00,FALSE,0,FALSE,MET
SLA_SYN_0000724,EXC_SYN_0000724,PAYMENT_EXCEPTION_RESOLUTION,2026-01-24T14:32:00,2026-01-24T22:32:00,TRUE,72088,FALSE,BREACHED
SLA_SYN_0000725,EXC_SYN_0000725,PAYMENT_EXCEPTION_RESOLUTION,2026-01-12T15:32:00,2026-01-12T23:32:00,FALSE,0,FALSE,MET
SLA_SYN_0000726,EXC_SYN_0000726,PAYMENT_EXCEPTION_RESOLUTION,2026-02-25T10:23:00,2026-02-25T18:23:00,FALSE,0,FALSE,MET
SLA_SYN_0000727,EXC_SYN_0000727,PAYMENT_EXCEPTION_RESOLUTION,2026-01-17T11:23:00,2026-01-17T15:23:00,FALSE,0,FALSE,MET
SLA_SYN_0000728,EXC_SYN_0000728,PAYMENT_EXCEPTION_RESOLUTION,2026-01-23T18:05:00,2026-01-24T02:05:00,TRUE,73315,FALSE,BREACHED
SLA_SYN_0000729,EXC_SYN_0000729,PAYMENT_EXCEPTION_RESOLUTION,2026-01-04T13:13:00,2026-01-04T21:13:00,FALSE,0,FALSE,MET
SLA_SYN_0000730,EXC_SYN_0000730,PAYMENT_EXCEPTION_RESOLUTION,2026-01-19T18:51:00,2026-01-19T22:51:00,FALSE,0,FALSE,MET
SLA_SYN_0000731,EXC_SYN_0000731,PAYMENT_EXCEPTION_RESOLUTION,2026-02-07T16:33:00,2026-02-07T20:33:00,FALSE,0,FALSE,MET
SLA_SYN_0000732,EXC_SYN_0000732,PAYMENT_EXCEPTION_RESOLUTION,2025-12-19T19:07:00,2025-12-20T03:07:00,TRUE,123653,FALSE,BREACHED
SLA_SYN_0000733,EXC_SYN_0000733,PAYMENT_EXCEPTION_RESOLUTION,2025-12-18T13:38:00,2025-12-18T17:38:00,FALSE,0,FALSE,MET
SLA_SYN_0000734,EXC_SYN_0000734,PAYMENT_EXCEPTION_RESOLUTION,2025-12-10T16:22:00,2025-12-11T00:22:00,FALSE,0,FALSE,MET
SLA_SYN_0000735,EXC_SYN_0000735,PAYMENT_EXCEPTION_RESOLUTION,2026-01-28T21:13:00,2026-01-29T05:13:00,TRUE,45,FALSE,BREACHED
SLA_SYN_0000736,EXC_SYN_0000736,PAYMENT_EXCEPTION_RESOLUTION,2026-01-22T20:39:00,2026-01-23T04:39:00,TRUE,74601,FALSE,BREACHED
SLA_SYN_0000737,EXC_SYN_0000737,PAYMENT_EXCEPTION_RESOLUTION,2026-01-25T18:38:00,2026-01-26T02:38:00,FALSE,0,FALSE,MET
SLA_SYN_0000738,EXC_SYN_0000738,PAYMENT_EXCEPTION_RESOLUTION,2026-03-14T19:48:00,2026-03-14T23:48:00,FALSE,0,FALSE,MET
SLA_SYN_0000739,EXC_SYN_0000739,PAYMENT_EXCEPTION_RESOLUTION,2025-11-22T13:49:00,2025-11-22T21:49:00,FALSE,0,FALSE,MET
SLA_SYN_0000740,EXC_SYN_0000740,PAYMENT_EXCEPTION_RESOLUTION,2026-03-13T16:16:00,2026-03-14T00:16:00,TRUE,2864,FALSE,BREACHED
SLA_SYN_0000741,EXC_SYN_0000741,PAYMENT_EXCEPTION_RESOLUTION,2026-03-04T14:15:00,2026-03-04T18:15:00,FALSE,0,FALSE,MET
SLA_SYN_0000742,EXC_SYN_0000742,PAYMENT_EXCEPTION_RESOLUTION,2026-01-21T20:10:00,2026-01-22T00:10:00,TRUE,52,TRUE,BREACHED
SLA_SYN_0000743,EXC_SYN_0000743,PAYMENT_EXCEPTION_RESOLUTION,2026-02-24T22:57:00,2026-02-25T06:57:00,FALSE,0,FALSE,MET
SLA_SYN_0000744,EXC_SYN_0000744,PAYMENT_EXCEPTION_RESOLUTION,2025-12-20T18:05:00,2025-12-20T22:05:00,TRUE,122515,TRUE,BREACHED
SLA_SYN_0000745,EXC_SYN_0000745,PAYMENT_EXCEPTION_RESOLUTION,2026-02-04T22:26:00,2026-02-05T06:26:00,FALSE,0,FALSE,MET
SLA_SYN_0000746,EXC_SYN_0000746,PAYMENT_EXCEPTION_RESOLUTION,2025-12-13T14:03:00,2025-12-13T22:03:00,FALSE,0,FALSE,MET
SLA_SYN_0000747,EXC_SYN_0000747,PAYMENT_EXCEPTION_RESOLUTION,2026-03-09T17:17:00,2026-03-09T21:17:00,FALSE,0,FALSE,MET
SLA_SYN_0000748,EXC_SYN_0000748,PAYMENT_EXCEPTION_RESOLUTION,2026-01-17T10:53:00,2026-01-17T18:53:00,TRUE,82387,FALSE,BREACHED
SLA_SYN_0000749,EXC_SYN_0000749,PAYMENT_EXCEPTION_RESOLUTION,2025-11-20T09:12:00,2025-11-20T13:12:00,TRUE,59,TRUE,BREACHED
SLA_SYN_0000750,EXC_SYN_0000750,PAYMENT_EXCEPTION_RESOLUTION,2026-02-25T14:57:00,2026-02-25T22:57:00,FALSE,0,FALSE,MET
SLA_SYN_0000751,EXC_SYN_0000751,PAYMENT_EXCEPTION_RESOLUTION,2026-02-15T18:11:00,2026-02-16T02:11:00,FALSE,0,FALSE,MET
SLA_SYN_0000752,EXC_SYN_0000752,PAYMENT_EXCEPTION_RESOLUTION,2026-01-24T17:10:00,2026-01-24T21:10:00,TRUE,72170,TRUE,BREACHED
SLA_SYN_0000753,EXC_SYN_0000753,PAYMENT_EXCEPTION_RESOLUTION,2026-03-14T12:45:00,2026-03-14T16:45:00,FALSE,0,FALSE,MET
SLA_SYN_0000754,EXC_SYN_0000754,PAYMENT_EXCEPTION_RESOLUTION,2025-12-29T15:22:00,2025-12-29T23:22:00,FALSE,0,FALSE,MET
SLA_SYN_0000755,EXC_SYN_0000755,PAYMENT_EXCEPTION_RESOLUTION,2026-01-26T11:47:00,2026-01-26T15:47:00,FALSE,0,FALSE,MET
SLA_SYN_0000756,EXC_SYN_0000756,PAYMENT_EXCEPTION_RESOLUTION,2026-03-03T16:25:00,2026-03-04T00:25:00,TRUE,17255,FALSE,BREACHED
SLA_SYN_0000757,EXC_SYN_0000757,PAYMENT_EXCEPTION_RESOLUTION,2026-03-03T12:03:00,2026-03-03T20:03:00,FALSE,0,FALSE,MET
SLA_SYN_0000758,EXC_SYN_0000758,PAYMENT_EXCEPTION_RESOLUTION,2026-03-09T17:38:00,2026-03-10T01:38:00,FALSE,0,FALSE,MET
SLA_SYN_0000759,EXC_SYN_0000759,PAYMENT_EXCEPTION_RESOLUTION,2025-12-06T15:00:00,2025-12-06T23:00:00,FALSE,0,FALSE,MET
SLA_SYN_0000760,EXC_SYN_0000760,PAYMENT_EXCEPTION_RESOLUTION,2025-11-20T15:23:00,2025-11-20T19:23:00,TRUE,165877,TRUE,BREACHED
SLA_SYN_0000761,EXC_SYN_0000761,PAYMENT_EXCEPTION_RESOLUTION,2025-12-22T20:11:00,2025-12-23T04:11:00,FALSE,0,FALSE,MET
SLA_SYN_0000762,EXC_SYN_0000762,PAYMENT_EXCEPTION_RESOLUTION,2026-01-12T20:24:00,2026-01-13T04:24:00,FALSE,0,FALSE,MET
SLA_SYN_0000763,EXC_SYN_0000763,PAYMENT_EXCEPTION_RESOLUTION,2025-12-20T17:19:00,2025-12-20T21:19:00,TRUE,73,TRUE,BREACHED
SLA_SYN_0000764,EXC_SYN_0000764,PAYMENT_EXCEPTION_RESOLUTION,2026-01-26T18:09:00,2026-01-26T22:09:00,TRUE,69231,TRUE,BREACHED
SLA_SYN_0000765,EXC_SYN_0000765,PAYMENT_EXCEPTION_RESOLUTION,2026-02-17T19:39:00,2026-02-18T03:39:00,FALSE,0,FALSE,MET
SLA_SYN_0000766,EXC_SYN_0000766,PAYMENT_EXCEPTION_RESOLUTION,2025-12-27T20:59:00,2025-12-28T00:59:00,FALSE,0,FALSE,MET
SLA_SYN_0000767,EXC_SYN_0000767,PAYMENT_EXCEPTION_RESOLUTION,2025-11-24T22:19:00,2025-11-25T06:19:00,FALSE,0,FALSE,MET
SLA_SYN_0000768,EXC_SYN_0000768,PAYMENT_EXCEPTION_RESOLUTION,2025-12-05T22:12:00,2025-12-06T06:12:00,TRUE,143628,FALSE,BREACHED
SLA_SYN_0000769,EXC_SYN_0000769,PAYMENT_EXCEPTION_RESOLUTION,2025-12-31T18:54:00,2026-01-01T02:54:00,FALSE,0,FALSE,MET
SLA_SYN_0000770,EXC_SYN_0000770,PAYMENT_EXCEPTION_RESOLUTION,2025-11-16T21:31:00,2025-11-17T05:31:00,TRUE,80,FALSE,BREACHED
SLA_SYN_0000771,EXC_SYN_0000771,PAYMENT_EXCEPTION_RESOLUTION,2026-01-31T22:41:00,2026-02-01T02:41:00,FALSE,0,FALSE,MET
SLA_SYN_0000772,EXC_SYN_0000772,PAYMENT_EXCEPTION_RESOLUTION,2026-01-01T17:12:00,2026-01-02T01:12:00,TRUE,105048,FALSE,BREACHED
SLA_SYN_0000773,EXC_SYN_0000773,PAYMENT_EXCEPTION_RESOLUTION,2026-01-29T21:03:00,2026-01-30T05:03:00,FALSE,0,FALSE,MET
SLA_SYN_0000774,EXC_SYN_0000774,PAYMENT_EXCEPTION_RESOLUTION,2026-02-07T20:49:00,2026-02-08T00:49:00,FALSE,0,FALSE,MET
SLA_SYN_0000775,EXC_SYN_0000775,PAYMENT_EXCEPTION_RESOLUTION,2026-03-12T14:10:00,2026-03-12T18:10:00,FALSE,0,FALSE,MET
SLA_SYN_0000776,EXC_SYN_0000776,PAYMENT_EXCEPTION_RESOLUTION,2026-02-03T17:56:00,2026-02-04T01:56:00,TRUE,57484,FALSE,BREACHED
SLA_SYN_0000777,EXC_SYN_0000777,PAYMENT_EXCEPTION_RESOLUTION,2025-12-02T10:50:00,2025-12-02T14:50:00,TRUE,87,TRUE,BREACHED
SLA_SYN_0000778,EXC_SYN_0000778,PAYMENT_EXCEPTION_RESOLUTION,2025-12-18T10:16:00,2025-12-18T18:16:00,FALSE,0,FALSE,MET
SLA_SYN_0000779,EXC_SYN_0000779,PAYMENT_EXCEPTION_RESOLUTION,2025-12-12T11:16:00,2025-12-12T19:16:00,FALSE,0,FALSE,MET
SLA_SYN_0000780,EXC_SYN_0000780,PAYMENT_EXCEPTION_RESOLUTION,2026-01-04T18:11:00,2026-01-05T02:11:00,TRUE,100669,FALSE,BREACHED
SLA_SYN_0000781,EXC_SYN_0000781,PAYMENT_EXCEPTION_RESOLUTION,2025-11-29T14:06:00,2025-11-29T22:06:00,FALSE,0,FALSE,MET
SLA_SYN_0000782,EXC_SYN_0000782,PAYMENT_EXCEPTION_RESOLUTION,2025-12-30T17:47:00,2025-12-30T21:47:00,FALSE,0,FALSE,MET
SLA_SYN_0000783,EXC_SYN_0000783,PAYMENT_EXCEPTION_RESOLUTION,2026-02-08T15:49:00,2026-02-08T23:49:00,FALSE,0,FALSE,MET
SLA_SYN_0000784,EXC_SYN_0000784,PAYMENT_EXCEPTION_RESOLUTION,2025-12-06T19:30:00,2025-12-07T03:30:00,TRUE,142350,FALSE,BREACHED
SLA_SYN_0000785,EXC_SYN_0000785,PAYMENT_EXCEPTION_RESOLUTION,2026-02-06T10:50:00,2026-02-06T14:50:00,FALSE,0,FALSE,MET
SLA_SYN_0000786,EXC_SYN_0000786,PAYMENT_EXCEPTION_RESOLUTION,2026-02-01T15:48:00,2026-02-01T19:48:00,FALSE,0,FALSE,MET
SLA_SYN_0000787,EXC_SYN_0000787,PAYMENT_EXCEPTION_RESOLUTION,2026-01-16T16:41:00,2026-01-17T00:41:00,FALSE,0,FALSE,MET
SLA_SYN_0000788,EXC_SYN_0000788,PAYMENT_EXCEPTION_RESOLUTION,2025-12-14T19:05:00,2025-12-14T23:05:00,TRUE,131095,TRUE,BREACHED
SLA_SYN_0000789,EXC_SYN_0000789,PAYMENT_EXCEPTION_RESOLUTION,2025-12-18T16:27:00,2025-12-19T00:27:00,FALSE,0,FALSE,MET
SLA_SYN_0000790,EXC_SYN_0000790,PAYMENT_EXCEPTION_RESOLUTION,2025-12-08T16:40:00,2025-12-09T00:40:00,FALSE,0,FALSE,MET
SLA_SYN_0000791,EXC_SYN_0000791,PAYMENT_EXCEPTION_RESOLUTION,2026-01-25T16:36:00,2026-01-26T00:36:00,TRUE,101,FALSE,BREACHED
SLA_SYN_0000792,EXC_SYN_0000792,PAYMENT_EXCEPTION_RESOLUTION,2025-12-01T13:08:00,2025-12-01T21:08:00,TRUE,149932,FALSE,BREACHED
SLA_SYN_0000793,EXC_SYN_0000793,PAYMENT_EXCEPTION_RESOLUTION,2026-01-26T15:15:00,2026-01-26T19:15:00,FALSE,0,FALSE,MET
SLA_SYN_0000794,EXC_SYN_0000794,PAYMENT_EXCEPTION_RESOLUTION,2026-01-21T12:17:00,2026-01-21T20:17:00,FALSE,0,FALSE,MET
SLA_SYN_0000795,EXC_SYN_0000795,PAYMENT_EXCEPTION_RESOLUTION,2026-03-04T12:50:00,2026-03-04T20:50:00,FALSE,0,FALSE,MET
SLA_SYN_0000796,EXC_SYN_0000796,PAYMENT_EXCEPTION_RESOLUTION,2025-12-13T17:21:00,2025-12-13T21:21:00,TRUE,132639,TRUE,BREACHED
SLA_SYN_0000797,EXC_SYN_0000797,PAYMENT_EXCEPTION_RESOLUTION,2026-03-08T12:56:00,2026-03-08T16:56:00,FALSE,0,FALSE,MET
SLA_SYN_0000798,EXC_SYN_0000798,PAYMENT_EXCEPTION_RESOLUTION,2026-02-06T14:36:00,2026-02-06T22:36:00,TRUE,108,FALSE,BREACHED
SLA_SYN_0000799,EXC_SYN_0000799,PAYMENT_EXCEPTION_RESOLUTION,2025-12-22T20:51:00,2025-12-23T00:51:00,FALSE,0,FALSE,MET
SLA_SYN_0000800,EXC_SYN_0000800,PAYMENT_EXCEPTION_RESOLUTION,2025-12-23T20:07:00,2025-12-24T04:07:00,TRUE,117833,FALSE,BREACHED
SLA_SYN_0000801,EXC_SYN_0000801,PAYMENT_EXCEPTION_RESOLUTION,2026-03-11T21:54:00,2026-03-12T01:54:00,FALSE,0,FALSE,MET
SLA_SYN_0000802,EXC_SYN_0000802,PAYMENT_EXCEPTION_RESOLUTION,2026-01-03T22:17:00,2026-01-04T06:17:00,FALSE,0,FALSE,MET
SLA_SYN_0000803,EXC_SYN_0000803,PAYMENT_EXCEPTION_RESOLUTION,2025-11-18T00:07:00,2025-11-18T08:07:00,FALSE,0,FALSE,MET
SLA_SYN_0000804,EXC_SYN_0000804,PAYMENT_EXCEPTION_RESOLUTION,2026-01-10T10:04:00,2026-01-10T14:04:00,TRUE,92756,TRUE,BREACHED
SLA_SYN_0000805,EXC_SYN_0000805,PAYMENT_EXCEPTION_RESOLUTION,2026-02-02T12:48:00,2026-02-02T20:48:00,TRUE,115,FALSE,BREACHED
SLA_SYN_0000806,EXC_SYN_0000806,PAYMENT_EXCEPTION_RESOLUTION,2026-03-09T13:01:00,2026-03-09T21:01:00,FALSE,0,FALSE,MET
SLA_SYN_0000807,EXC_SYN_0000807,PAYMENT_EXCEPTION_RESOLUTION,2025-11-30T18:19:00,2025-11-30T22:19:00,FALSE,0,FALSE,MET
SLA_SYN_0000808,EXC_SYN_0000808,PAYMENT_EXCEPTION_RESOLUTION,2026-01-08T11:53:00,2026-01-08T15:53:00,TRUE,95527,TRUE,BREACHED
SLA_SYN_0000809,EXC_SYN_0000809,PAYMENT_EXCEPTION_RESOLUTION,2026-03-11T14:57:00,2026-03-11T22:57:00,FALSE,0,FALSE,MET
SLA_SYN_0000810,EXC_SYN_0000810,PAYMENT_EXCEPTION_RESOLUTION,2026-01-06T17:44:00,2026-01-06T21:44:00,FALSE,0,FALSE,MET
SLA_SYN_0000811,EXC_SYN_0000811,PAYMENT_EXCEPTION_RESOLUTION,2026-03-05T14:36:00,2026-03-05T22:36:00,FALSE,0,FALSE,MET
SLA_SYN_0000812,EXC_SYN_0000812,PAYMENT_EXCEPTION_RESOLUTION,2025-12-07T16:43:00,2025-12-08T00:43:00,TRUE,141077,FALSE,BREACHED
SLA_SYN_0000813,EXC_SYN_0000813,PAYMENT_EXCEPTION_RESOLUTION,2025-12-30T17:53:00,2025-12-31T01:53:00,FALSE,0,FALSE,MET
SLA_SYN_0000814,EXC_SYN_0000814,PAYMENT_EXCEPTION_RESOLUTION,2025-12-07T18:53:00,2025-12-08T02:53:00,FALSE,0,FALSE,MET
SLA_SYN_0000815,EXC_SYN_0000815,PAYMENT_EXCEPTION_RESOLUTION,2026-03-04T13:24:00,2026-03-04T17:24:00,FALSE,0,FALSE,MET
SLA_SYN_0000816,EXC_SYN_0000816,PAYMENT_EXCEPTION_RESOLUTION,2026-01-05T17:55:00,2026-01-06T01:55:00,TRUE,99245,FALSE,BREACHED
SLA_SYN_0000817,EXC_SYN_0000817,PAYMENT_EXCEPTION_RESOLUTION,2025-12-25T15:54:00,2025-12-25T23:54:00,FALSE,0,FALSE,MET
SLA_SYN_0000818,EXC_SYN_0000818,PAYMENT_EXCEPTION_RESOLUTION,2026-03-15T18:38:00,2026-03-15T22:38:00,FALSE,0,FALSE,MET
SLA_SYN_0000819,EXC_SYN_0000819,PAYMENT_EXCEPTION_RESOLUTION,2026-01-16T12:32:00,2026-01-16T16:32:00,TRUE,129,TRUE,BREACHED
SLA_SYN_0000820,EXC_SYN_0000820,PAYMENT_EXCEPTION_RESOLUTION,2026-02-25T16:43:00,2026-02-26T00:43:00,TRUE,25877,FALSE,BREACHED
SLA_SYN_0000821,EXC_SYN_0000821,PAYMENT_EXCEPTION_RESOLUTION,2026-03-12T16:36:00,2026-03-12T20:36:00,FALSE,0,FALSE,MET
SLA_SYN_0000822,EXC_SYN_0000822,PAYMENT_EXCEPTION_RESOLUTION,2025-11-28T13:48:00,2025-11-28T21:48:00,FALSE,0,FALSE,MET
SLA_SYN_0000823,EXC_SYN_0000823,PAYMENT_EXCEPTION_RESOLUTION,2026-02-01T17:59:00,2026-02-02T01:59:00,FALSE,0,FALSE,MET
SLA_SYN_0000824,EXC_SYN_0000824,PAYMENT_EXCEPTION_RESOLUTION,2025-12-03T13:17:00,2025-12-03T21:17:00,TRUE,147043,FALSE,BREACHED
SLA_SYN_0000825,EXC_SYN_0000825,PAYMENT_EXCEPTION_RESOLUTION,2025-12-24T17:28:00,2025-12-25T01:28:00,FALSE,0,FALSE,MET
SLA_SYN_0000826,EXC_SYN_0000826,PAYMENT_EXCEPTION_RESOLUTION,2025-12-30T17:41:00,2025-12-30T21:41:00,TRUE,136,TRUE,BREACHED
SLA_SYN_0000827,EXC_SYN_0000827,PAYMENT_EXCEPTION_RESOLUTION,2026-01-07T19:11:00,2026-01-08T03:11:00,FALSE,0,FALSE,MET
SLA_SYN_0000828,EXC_SYN_0000828,PAYMENT_EXCEPTION_RESOLUTION,2026-02-05T19:41:00,2026-02-06T03:41:00,TRUE,54499,FALSE,BREACHED
SLA_SYN_0000829,EXC_SYN_0000829,PAYMENT_EXCEPTION_RESOLUTION,2026-03-12T21:11:00,2026-03-13T05:11:00,FALSE,0,FALSE,MET
SLA_SYN_0000830,EXC_SYN_0000830,PAYMENT_EXCEPTION_RESOLUTION,2026-01-07T19:50:00,2026-01-07T23:50:00,FALSE,0,FALSE,MET
SLA_SYN_0000831,EXC_SYN_0000831,PAYMENT_EXCEPTION_RESOLUTION,2026-01-21T10:05:00,2026-01-21T18:05:00,FALSE,0,FALSE,MET
SLA_SYN_0000832,EXC_SYN_0000832,PAYMENT_EXCEPTION_RESOLUTION,2025-11-30T15:50:00,2025-11-30T19:50:00,TRUE,151450,TRUE,BREACHED
SLA_SYN_0000833,EXC_SYN_0000833,PAYMENT_EXCEPTION_RESOLUTION,2026-01-02T18:17:00,2026-01-03T02:17:00,TRUE,143,FALSE,BREACHED
SLA_SYN_0000834,EXC_SYN_0000834,PAYMENT_EXCEPTION_RESOLUTION,2026-01-04T15:19:00,2026-01-04T23:19:00,FALSE,0,FALSE,MET
SLA_SYN_0000835,EXC_SYN_0000835,PAYMENT_EXCEPTION_RESOLUTION,2026-02-10T11:34:00,2026-02-10T19:34:00,FALSE,0,FALSE,MET
SLA_SYN_0000836,EXC_SYN_0000836,PAYMENT_EXCEPTION_RESOLUTION,2026-02-17T16:42:00,2026-02-18T00:42:00,TRUE,37398,FALSE,BREACHED
SLA_SYN_0000837,EXC_SYN_0000837,PAYMENT_EXCEPTION_RESOLUTION,2026-01-08T14:34:00,2026-01-08T18:34:00,FALSE,0,FALSE,MET
SLA_SYN_0000838,EXC_SYN_0000838,PAYMENT_EXCEPTION_RESOLUTION,2026-02-07T13:40:00,2026-02-07T21:40:00,FALSE,0,FALSE,MET
SLA_SYN_0000839,EXC_SYN_0000839,PAYMENT_EXCEPTION_RESOLUTION,2025-12-01T19:55:00,2025-12-02T03:55:00,FALSE,0,FALSE,MET
SLA_SYN_0000840,EXC_SYN_0000840,PAYMENT_EXCEPTION_RESOLUTION,2026-03-02T20:08:00,2026-03-03T00:08:00,TRUE,18712,TRUE,BREACHED
SLA_SYN_0000841,EXC_SYN_0000841,PAYMENT_EXCEPTION_RESOLUTION,2026-02-02T11:55:00,2026-02-02T15:55:00,FALSE,0,FALSE,MET
SLA_SYN_0000842,EXC_SYN_0000842,PAYMENT_EXCEPTION_RESOLUTION,2025-11-28T10:51:00,2025-11-28T18:51:00,FALSE,0,FALSE,MET
SLA_SYN_0000843,EXC_SYN_0000843,PAYMENT_EXCEPTION_RESOLUTION,2025-11-25T19:40:00,2025-11-25T23:40:00,FALSE,0,FALSE,MET
SLA_SYN_0000844,EXC_SYN_0000844,PAYMENT_EXCEPTION_RESOLUTION,2026-01-29T14:28:00,2026-01-29T22:28:00,TRUE,64892,FALSE,BREACHED
SLA_SYN_0000845,EXC_SYN_0000845,PAYMENT_EXCEPTION_RESOLUTION,2025-11-23T16:08:00,2025-11-24T00:08:00,FALSE,0,FALSE,MET
SLA_SYN_0000846,EXC_SYN_0000846,PAYMENT_EXCEPTION_RESOLUTION,2025-11-26T19:12:00,2025-11-27T03:12:00,FALSE,0,FALSE,MET
SLA_SYN_0000847,EXC_SYN_0000847,PAYMENT_EXCEPTION_RESOLUTION,2026-01-11T20:02:00,2026-01-12T04:02:00,TRUE,157,FALSE,BREACHED
SLA_SYN_0000848,EXC_SYN_0000848,PAYMENT_EXCEPTION_RESOLUTION,2026-03-15T20:55:00,2026-03-16T00:55:00,FALSE,0,FALSE,IN_PROGRESS
SLA_SYN_0000849,EXC_SYN_0000849,PAYMENT_EXCEPTION_RESOLUTION,2026-02-07T20:58:00,2026-02-08T04:58:00,FALSE,0,FALSE,MET
SLA_SYN_0000850,EXC_SYN_0000850,PAYMENT_EXCEPTION_RESOLUTION,2026-03-13T19:07:00,2026-03-14T03:07:00,FALSE,0,FALSE,MET
SLA_SYN_0000851,EXC_SYN_0000851,PAYMENT_EXCEPTION_RESOLUTION,2026-02-11T17:06:00,2026-02-11T21:06:00,FALSE,0,FALSE,MET
SLA_SYN_0000852,EXC_SYN_0000852,PAYMENT_EXCEPTION_RESOLUTION,2026-01-14T14:28:00,2026-01-14T18:28:00,TRUE,86732,TRUE,BREACHED
SLA_SYN_0000853,EXC_SYN_0000853,PAYMENT_EXCEPTION_RESOLUTION,2026-01-26T20:23:00,2026-01-27T04:23:00,FALSE,0,FALSE,MET
SLA_SYN_0000854,EXC_SYN_0000854,PAYMENT_EXCEPTION_RESOLUTION,2026-01-18T16:28:00,2026-01-18T20:28:00,TRUE,164,TRUE,BREACHED
SLA_SYN_0000855,EXC_SYN_0000855,PAYMENT_EXCEPTION_RESOLUTION,2026-02-22T19:32:00,2026-02-23T03:32:00,FALSE,0,FALSE,MET
SLA_SYN_0000856,EXC_SYN_0000856,PAYMENT_EXCEPTION_RESOLUTION,2026-02-12T17:51:00,2026-02-13T01:51:00,TRUE,44529,FALSE,BREACHED
SLA_SYN_0000857,EXC_SYN_0000857,PAYMENT_EXCEPTION_RESOLUTION,2025-11-24T20:18:00,2025-11-25T04:18:00,FALSE,0,FALSE,MET
SLA_SYN_0000858,EXC_SYN_0000858,PAYMENT_EXCEPTION_RESOLUTION,2026-01-11T00:02:00,2026-01-11T08:02:00,FALSE,0,FALSE,MET
SLA_SYN_0000859,EXC_SYN_0000859,PAYMENT_EXCEPTION_RESOLUTION,2025-12-19T11:33:00,2025-12-19T15:33:00,FALSE,0,FALSE,MET
SLA_SYN_0000860,EXC_SYN_0000860,PAYMENT_EXCEPTION_RESOLUTION,2026-01-14T17:58:00,2026-01-15T01:58:00,TRUE,86282,FALSE,BREACHED
SLA_SYN_0000861,EXC_SYN_0000861,PAYMENT_EXCEPTION_RESOLUTION,2026-01-28T16:54:00,2026-01-29T00:54:00,TRUE,171,FALSE,BREACHED
SLA_SYN_0000862,EXC_SYN_0000862,PAYMENT_EXCEPTION_RESOLUTION,2025-11-24T11:45:00,2025-11-24T15:45:00,FALSE,0,FALSE,MET
SLA_SYN_0000863,EXC_SYN_0000863,PAYMENT_EXCEPTION_RESOLUTION,2026-01-15T12:15:00,2026-01-15T16:15:00,FALSE,0,FALSE,MET
SLA_SYN_0000864,EXC_SYN_0000864,PAYMENT_EXCEPTION_RESOLUTION,2025-11-25T14:52:00,2025-11-25T22:52:00,TRUE,158468,FALSE,BREACHED
SLA_SYN_0000865,EXC_SYN_0000865,PAYMENT_EXCEPTION_RESOLUTION,2026-01-14T16:12:00,2026-01-14T20:12:00,FALSE,0,FALSE,MET
SLA_SYN_0000866,EXC_SYN_0000866,PAYMENT_EXCEPTION_RESOLUTION,2026-01-11T12:47:00,2026-01-11T20:47:00,FALSE,0,FALSE,MET
SLA_SYN_0000867,EXC_SYN_0000867,PAYMENT_EXCEPTION_RESOLUTION,2026-03-03T18:05:00,2026-03-04T02:05:00,FALSE,0,FALSE,MET
SLA_SYN_0000868,EXC_SYN_0000868,PAYMENT_EXCEPTION_RESOLUTION,2025-12-08T15:24:00,2025-12-08T23:24:00,TRUE,139716,FALSE,BREACHED
SLA_SYN_0000869,EXC_SYN_0000869,PAYMENT_EXCEPTION_RESOLUTION,2025-12-06T11:49:00,2025-12-06T19:49:00,FALSE,0,FALSE,MET
SLA_SYN_0000870,EXC_SYN_0000870,PAYMENT_EXCEPTION_RESOLUTION,2026-02-07T12:22:00,2026-02-07T16:22:00,FALSE,0,FALSE,MET
SLA_SYN_0000871,EXC_SYN_0000871,PAYMENT_EXCEPTION_RESOLUTION,2026-01-22T14:29:00,2026-01-22T22:29:00,FALSE,0,FALSE,MET
SLA_SYN_0000872,EXC_SYN_0000872,PAYMENT_EXCEPTION_RESOLUTION,2026-01-14T16:09:00,2026-01-15T00:09:00,TRUE,86391,FALSE,BREACHED
SLA_SYN_0000873,EXC_SYN_0000873,PAYMENT_EXCEPTION_RESOLUTION,2026-01-29T18:06:00,2026-01-29T22:06:00,FALSE,0,FALSE,MET
SLA_SYN_0000874,EXC_SYN_0000874,PAYMENT_EXCEPTION_RESOLUTION,2026-03-08T16:25:00,2026-03-08T20:25:00,FALSE,0,FALSE,MET
SLA_SYN_0000875,EXC_SYN_0000875,PAYMENT_EXCEPTION_RESOLUTION,2026-01-11T13:17:00,2026-01-11T21:17:00,TRUE,185,FALSE,BREACHED
SLA_SYN_0000876,EXC_SYN_0000876,PAYMENT_EXCEPTION_RESOLUTION,2026-02-14T20:39:00,2026-02-15T00:39:00,TRUE,41721,TRUE,BREACHED
SLA_SYN_0000877,EXC_SYN_0000877,PAYMENT_EXCEPTION_RESOLUTION,2025-12-14T20:15:00,2025-12-15T04:15:00,FALSE,0,FALSE,MET
SLA_SYN_0000878,EXC_SYN_0000878,PAYMENT_EXCEPTION_RESOLUTION,2026-01-24T14:53:00,2026-01-24T22:53:00,FALSE,0,FALSE,MET
SLA_SYN_0000879,EXC_SYN_0000879,PAYMENT_EXCEPTION_RESOLUTION,2026-01-03T20:58:00,2026-01-04T04:58:00,FALSE,0,FALSE,MET
SLA_SYN_0000880,EXC_SYN_0000880,PAYMENT_EXCEPTION_RESOLUTION,2025-12-10T14:32:00,2025-12-10T22:32:00,TRUE,136888,FALSE,BREACHED
SLA_SYN_0000881,EXC_SYN_0000881,PAYMENT_EXCEPTION_RESOLUTION,2026-01-30T17:26:00,2026-01-30T21:26:00,FALSE,0,FALSE,MET
SLA_SYN_0000882,EXC_SYN_0000882,PAYMENT_EXCEPTION_RESOLUTION,2026-02-18T16:32:00,2026-02-19T00:32:00,TRUE,192,FALSE,BREACHED
SLA_SYN_0000883,EXC_SYN_0000883,PAYMENT_EXCEPTION_RESOLUTION,2026-03-09T15:38:00,2026-03-09T23:38:00,FALSE,0,FALSE,MET
SLA_SYN_0000884,EXC_SYN_0000884,PAYMENT_EXCEPTION_RESOLUTION,2026-02-09T16:48:00,2026-02-09T20:48:00,TRUE,49152,TRUE,BREACHED
SLA_SYN_0000885,EXC_SYN_0000885,PAYMENT_EXCEPTION_RESOLUTION,2026-03-07T23:03:00,2026-03-08T03:03:00,FALSE,0,FALSE,MET
SLA_SYN_0000886,EXC_SYN_0000886,PAYMENT_EXCEPTION_RESOLUTION,2026-01-25T14:13:00,2026-01-25T22:13:00,FALSE,0,FALSE,MET
SLA_SYN_0000887,EXC_SYN_0000887,PAYMENT_EXCEPTION_RESOLUTION,2026-01-16T09:33:00,2026-01-16T13:33:00,FALSE,0,FALSE,MET
SLA_SYN_0000888,EXC_SYN_0000888,PAYMENT_EXCEPTION_RESOLUTION,2025-12-26T12:00:00,2025-12-26T20:00:00,TRUE,114000,FALSE,BREACHED
SLA_SYN_0000889,EXC_SYN_0000889,PAYMENT_EXCEPTION_RESOLUTION,2026-02-15T13:40:00,2026-02-15T21:40:00,TRUE,199,FALSE,BREACHED
SLA_SYN_0000890,EXC_SYN_0000890,PAYMENT_EXCEPTION_RESOLUTION,2025-12-30T12:16:00,2025-12-30T20:16:00,FALSE,0,FALSE,MET
SLA_SYN_0000891,EXC_SYN_0000891,PAYMENT_EXCEPTION_RESOLUTION,2025-11-30T10:25:00,2025-11-30T18:25:00,FALSE,0,FALSE,MET
SLA_SYN_0000892,EXC_SYN_0000892,PAYMENT_EXCEPTION_RESOLUTION,2025-12-17T13:12:00,2025-12-17T17:12:00,TRUE,127128,TRUE,BREACHED
SLA_SYN_0000893,EXC_SYN_0000893,PAYMENT_EXCEPTION_RESOLUTION,2026-02-06T19:17:00,2026-02-07T03:17:00,FALSE,0,FALSE,MET
SLA_SYN_0000894,EXC_SYN_0000894,PAYMENT_EXCEPTION_RESOLUTION,2026-03-13T11:04:00,2026-03-13T15:04:00,FALSE,0,FALSE,MET
SLA_SYN_0000895,EXC_SYN_0000895,PAYMENT_EXCEPTION_RESOLUTION,2026-02-18T13:31:00,2026-02-18T17:31:00,FALSE,0,FALSE,MET
SLA_SYN_0000896,EXC_SYN_0000896,PAYMENT_EXCEPTION_RESOLUTION,2026-02-04T16:45:00,2026-02-04T20:45:00,TRUE,56355,TRUE,BREACHED
SLA_SYN_0000897,EXC_SYN_0000897,PAYMENT_EXCEPTION_RESOLUTION,2026-01-16T13:47:00,2026-01-16T21:47:00,FALSE,0,FALSE,MET
SLA_SYN_0000898,EXC_SYN_0000898,PAYMENT_EXCEPTION_RESOLUTION,2026-02-26T14:20:00,2026-02-26T18:20:00,FALSE,0,FALSE,MET
SLA_SYN_0000899,EXC_SYN_0000899,PAYMENT_EXCEPTION_RESOLUTION,2025-11-27T14:43:00,2025-11-27T22:43:00,FALSE,0,FALSE,MET
SLA_SYN_0000900,EXC_SYN_0000900,PAYMENT_EXCEPTION_RESOLUTION,2025-11-29T17:00:00,2025-11-30T01:00:00,TRUE,152580,FALSE,BREACHED
SLA_SYN_0000901,EXC_SYN_0000901,PAYMENT_EXCEPTION_RESOLUTION,2025-12-19T18:57:00,2025-12-20T02:57:00,FALSE,0,FALSE,MET
SLA_SYN_0000902,EXC_SYN_0000902,PAYMENT_EXCEPTION_RESOLUTION,2025-11-26T15:02:00,2025-11-26T23:02:00,FALSE,0,FALSE,MET
SLA_SYN_0000903,EXC_SYN_0000903,PAYMENT_EXCEPTION_RESOLUTION,2026-02-10T17:39:00,2026-02-10T21:39:00,TRUE,33,TRUE,BREACHED
SLA_SYN_0000904,EXC_SYN_0000904,PAYMENT_EXCEPTION_RESOLUTION,2026-01-30T16:35:00,2026-01-31T00:35:00,TRUE,63325,FALSE,BREACHED
SLA_SYN_0000905,EXC_SYN_0000905,PAYMENT_EXCEPTION_RESOLUTION,2026-02-24T15:41:00,2026-02-24T23:41:00,FALSE,0,FALSE,MET
SLA_SYN_0000906,EXC_SYN_0000906,PAYMENT_EXCEPTION_RESOLUTION,2025-12-03T12:53:00,2025-12-03T16:53:00,FALSE,0,FALSE,MET
SLA_SYN_0000907,EXC_SYN_0000907,PAYMENT_EXCEPTION_RESOLUTION,2025-12-19T15:47:00,2025-12-19T19:47:00,FALSE,0,FALSE,MET
SLA_SYN_0000908,EXC_SYN_0000908,PAYMENT_EXCEPTION_RESOLUTION,2026-02-08T17:07:00,2026-02-09T01:07:00,TRUE,50333,FALSE,BREACHED
SLA_SYN_0000909,EXC_SYN_0000909,PAYMENT_EXCEPTION_RESOLUTION,2026-01-23T16:23:00,2026-01-23T20:23:00,FALSE,0,FALSE,MET
SLA_SYN_0000910,EXC_SYN_0000910,PAYMENT_EXCEPTION_RESOLUTION,2026-02-02T18:30:00,2026-02-03T02:30:00,TRUE,40,FALSE,BREACHED
SLA_SYN_0000911,EXC_SYN_0000911,PAYMENT_EXCEPTION_RESOLUTION,2026-01-01T15:42:00,2026-01-01T23:42:00,FALSE,0,FALSE,MET
SLA_SYN_0000912,EXC_SYN_0000912,PAYMENT_EXCEPTION_RESOLUTION,2026-02-27T22:54:00,2026-02-28T06:54:00,TRUE,22626,FALSE,BREACHED
SLA_SYN_0000913,EXC_SYN_0000913,PAYMENT_EXCEPTION_RESOLUTION,2025-12-15T17:25:00,2025-12-16T01:25:00,FALSE,0,FALSE,MET
SLA_SYN_0000914,EXC_SYN_0000914,PAYMENT_EXCEPTION_RESOLUTION,2026-03-13T18:00:00,2026-03-13T22:00:00,FALSE,0,FALSE,MET
SLA_SYN_0000915,EXC_SYN_0000915,PAYMENT_EXCEPTION_RESOLUTION,2026-01-16T12:48:00,2026-01-16T20:48:00,FALSE,0,FALSE,MET
SLA_SYN_0000916,EXC_SYN_0000916,PAYMENT_EXCEPTION_RESOLUTION,2026-03-11T18:26:00,2026-03-11T22:26:00,TRUE,5854,TRUE,BREACHED
SLA_SYN_0000917,EXC_SYN_0000917,PAYMENT_EXCEPTION_RESOLUTION,2025-12-15T11:57:00,2025-12-15T15:57:00,TRUE,47,TRUE,BREACHED
SLA_SYN_0000918,EXC_SYN_0000918,PAYMENT_EXCEPTION_RESOLUTION,2026-01-03T09:39:00,2026-01-03T13:39:00,FALSE,0,FALSE,MET
SLA_SYN_0000919,EXC_SYN_0000919,PAYMENT_EXCEPTION_RESOLUTION,2025-11-26T13:50:00,2025-11-26T21:50:00,FALSE,0,FALSE,MET
SLA_SYN_0000920,EXC_SYN_0000920,PAYMENT_EXCEPTION_RESOLUTION,2026-01-13T17:14:00,2026-01-13T21:14:00,TRUE,88006,TRUE,BREACHED
SLA_SYN_0000921,EXC_SYN_0000921,PAYMENT_EXCEPTION_RESOLUTION,2026-01-18T19:41:00,2026-01-19T03:41:00,FALSE,0,FALSE,MET
SLA_SYN_0000922,EXC_SYN_0000922,PAYMENT_EXCEPTION_RESOLUTION,2025-11-29T18:37:00,2025-11-30T02:37:00,FALSE,0,FALSE,MET
SLA_SYN_0000923,EXC_SYN_0000923,PAYMENT_EXCEPTION_RESOLUTION,2026-02-04T16:09:00,2026-02-05T00:09:00,FALSE,0,FALSE,MET
SLA_SYN_0000924,EXC_SYN_0000924,PAYMENT_EXCEPTION_RESOLUTION,2026-01-14T15:32:00,2026-01-14T23:32:00,TRUE,86428,FALSE,BREACHED
SLA_SYN_0000925,EXC_SYN_0000925,PAYMENT_EXCEPTION_RESOLUTION,2026-01-25T20:33:00,2026-01-26T00:33:00,FALSE,0,FALSE,MET
SLA_SYN_0000926,EXC_SYN_0000926,PAYMENT_EXCEPTION_RESOLUTION,2026-01-05T19:49:00,2026-01-06T03:49:00,FALSE,0,FALSE,MET
SLA_SYN_0000927,EXC_SYN_0000927,PAYMENT_EXCEPTION_RESOLUTION,2026-03-11T15:24:00,2026-03-11T19:24:00,FALSE,0,FALSE,MET
SLA_SYN_0000928,EXC_SYN_0000928,PAYMENT_EXCEPTION_RESOLUTION,2025-11-20T17:21:00,2025-11-20T21:21:00,TRUE,165759,TRUE,BREACHED
SLA_SYN_0000929,EXC_SYN_0000929,PAYMENT_EXCEPTION_RESOLUTION,2026-02-23T16:10:00,2026-02-23T20:10:00,FALSE,0,FALSE,MET
SLA_SYN_0000930,EXC_SYN_0000930,PAYMENT_EXCEPTION_RESOLUTION,2026-01-17T13:22:00,2026-01-17T21:22:00,FALSE,0,FALSE,MET
SLA_SYN_0000931,EXC_SYN_0000931,PAYMENT_EXCEPTION_RESOLUTION,2026-01-26T16:26:00,2026-01-26T20:26:00,TRUE,61,TRUE,BREACHED
SLA_SYN_0000932,EXC_SYN_0000932,PAYMENT_EXCEPTION_RESOLUTION,2026-02-19T12:21:00,2026-02-19T20:21:00,TRUE,34779,FALSE,BREACHED
SLA_SYN_0000933,EXC_SYN_0000933,PAYMENT_EXCEPTION_RESOLUTION,2025-12-20T16:32:00,2025-12-21T00:32:00,FALSE,0,FALSE,MET
SLA_SYN_0000934,EXC_SYN_0000934,PAYMENT_EXCEPTION_RESOLUTION,2026-02-18T13:44:00,2026-02-18T21:44:00,FALSE,0,FALSE,MET
SLA_SYN_0000935,EXC_SYN_0000935,PAYMENT_EXCEPTION_RESOLUTION,2026-03-11T12:50:00,2026-03-11T20:50:00,FALSE,0,FALSE,MET
SLA_SYN_0000936,EXC_SYN_0000936,PAYMENT_EXCEPTION_RESOLUTION,2026-02-08T22:06:00,2026-02-09T02:06:00,TRUE,50274,TRUE,BREACHED
SLA_SYN_0000937,EXC_SYN_0000937,PAYMENT_EXCEPTION_RESOLUTION,2026-02-23T14:23:00,2026-02-23T22:23:00,FALSE,0,FALSE,MET
SLA_SYN_0000938,EXC_SYN_0000938,PAYMENT_EXCEPTION_RESOLUTION,2026-02-17T20:38:00,2026-02-18T04:38:00,TRUE,68,FALSE,BREACHED
SLA_SYN_0000939,EXC_SYN_0000939,PAYMENT_EXCEPTION_RESOLUTION,2026-01-27T14:32:00,2026-01-27T18:32:00,FALSE,0,FALSE,MET
SLA_SYN_0000940,EXC_SYN_0000940,PAYMENT_EXCEPTION_RESOLUTION,2026-01-21T15:52:00,2026-01-21T19:52:00,TRUE,76568,TRUE,BREACHED
SLA_SYN_0000941,EXC_SYN_0000941,PAYMENT_EXCEPTION_RESOLUTION,2025-12-24T14:58:00,2025-12-24T22:58:00,FALSE,0,FALSE,MET
SLA_SYN_0000942,EXC_SYN_0000942,PAYMENT_EXCEPTION_RESOLUTION,2026-03-11T10:18:00,2026-03-11T14:18:00,FALSE,0,FALSE,MET
SLA_SYN_0000943,EXC_SYN_0000943,PAYMENT_EXCEPTION_RESOLUTION,2026-02-03T14:56:00,2026-02-03T22:56:00,FALSE,0,FALSE,MET
SLA_SYN_0000944,EXC_SYN_0000944,PAYMENT_EXCEPTION_RESOLUTION,2026-03-10T16:16:00,2026-03-11T00:16:00,TRUE,7184,FALSE,BREACHED
SLA_SYN_0000945,EXC_SYN_0000945,PAYMENT_EXCEPTION_RESOLUTION,2025-12-30T15:02:00,2025-12-30T23:02:00,TRUE,75,FALSE,BREACHED
SLA_SYN_0000946,EXC_SYN_0000946,PAYMENT_EXCEPTION_RESOLUTION,2026-03-12T14:38:00,2026-03-12T22:38:00,FALSE,0,FALSE,MET
SLA_SYN_0000947,EXC_SYN_0000947,PAYMENT_EXCEPTION_RESOLUTION,2025-12-18T09:36:00,2025-12-18T13:36:00,FALSE,0,FALSE,MET
SLA_SYN_0000948,EXC_SYN_0000948,PAYMENT_EXCEPTION_RESOLUTION,2026-03-04T10:29:00,2026-03-04T18:29:00,TRUE,16171,FALSE,BREACHED
SLA_SYN_0000949,EXC_SYN_0000949,PAYMENT_EXCEPTION_RESOLUTION,2026-02-13T14:57:00,2026-02-13T22:57:00,FALSE,0,FALSE,MET
SLA_SYN_0000950,EXC_SYN_0000950,PAYMENT_EXCEPTION_RESOLUTION,2026-02-25T11:32:00,2026-02-25T15:32:00,FALSE,0,FALSE,MET
SLA_SYN_0000951,EXC_SYN_0000951,PAYMENT_EXCEPTION_RESOLUTION,2026-01-09T15:43:00,2026-01-09T19:43:00,FALSE,0,FALSE,MET
SLA_SYN_0000952,EXC_SYN_0000952,PAYMENT_EXCEPTION_RESOLUTION,2026-02-09T18:00:00,2026-02-10T02:00:00,TRUE,48840,FALSE,BREACHED
SLA_SYN_0000953,EXC_SYN_0000953,PAYMENT_EXCEPTION_RESOLUTION,2026-01-16T16:46:00,2026-01-16T20:46:00,FALSE,0,FALSE,MET
SLA_SYN_0000954,EXC_SYN_0000954,PAYMENT_EXCEPTION_RESOLUTION,2026-01-10T15:15:00,2026-01-10T23:15:00,FALSE,0,FALSE,MET
SLA_SYN_0000955,EXC_SYN_0000955,PAYMENT_EXCEPTION_RESOLUTION,2026-02-06T11:10:00,2026-02-06T19:10:00,FALSE,0,FALSE,MET
SLA_SYN_0000956,EXC_SYN_0000956,PAYMENT_EXCEPTION_RESOLUTION,2026-01-07T16:28:00,2026-01-08T00:28:00,TRUE,96452,FALSE,BREACHED
SLA_SYN_0000957,EXC_SYN_0000957,PAYMENT_EXCEPTION_RESOLUTION,2026-02-09T15:17:00,2026-02-09T23:17:00,FALSE,0,FALSE,MET
SLA_SYN_0000958,EXC_SYN_0000958,PAYMENT_EXCEPTION_RESOLUTION,2026-02-05T21:42:00,2026-02-06T01:42:00,FALSE,0,FALSE,MET
SLA_SYN_0000959,EXC_SYN_0000959,PAYMENT_EXCEPTION_RESOLUTION,2026-02-27T19:51:00,2026-02-28T03:51:00,TRUE,89,FALSE,BREACHED
SLA_SYN_0000960,EXC_SYN_0000960,PAYMENT_EXCEPTION_RESOLUTION,2026-02-28T16:33:00,2026-03-01T00:33:00,TRUE,21567,FALSE,BREACHED
SLA_SYN_0000961,EXC_SYN_0000961,PAYMENT_EXCEPTION_RESOLUTION,2026-01-17T16:46:00,2026-01-17T20:46:00,FALSE,0,FALSE,MET
SLA_SYN_0000962,EXC_SYN_0000962,PAYMENT_EXCEPTION_RESOLUTION,2026-02-04T17:56:00,2026-02-04T21:56:00,FALSE,0,FALSE,MET
SLA_SYN_0000963,EXC_SYN_0000963,PAYMENT_EXCEPTION_RESOLUTION,2026-01-03T13:24:00,2026-01-03T21:24:00,FALSE,0,FALSE,MET
SLA_SYN_0000964,EXC_SYN_0000964,PAYMENT_EXCEPTION_RESOLUTION,2026-03-12T22:20:00,2026-03-13T02:20:00,TRUE,4180,TRUE,BREACHED
SLA_SYN_0000965,EXC_SYN_0000965,PAYMENT_EXCEPTION_RESOLUTION,2026-01-27T19:42:00,2026-01-28T03:42:00,FALSE,0,FALSE,MET
SLA_SYN_0000966,EXC_SYN_0000966,PAYMENT_EXCEPTION_RESOLUTION,2026-03-14T22:36:00,2026-03-15T02:36:00,TRUE,96,TRUE,BREACHED
SLA_SYN_0000967,EXC_SYN_0000967,PAYMENT_EXCEPTION_RESOLUTION,2026-03-03T20:18:00,2026-03-04T04:18:00,FALSE,0,FALSE,MET
SLA_SYN_0000968,EXC_SYN_0000968,PAYMENT_EXCEPTION_RESOLUTION,2026-03-08T17:10:00,2026-03-09T01:10:00,TRUE,10010,FALSE,BREACHED
SLA_SYN_0000969,EXC_SYN_0000969,PAYMENT_EXCEPTION_RESOLUTION,2026-03-03T21:04:00,2026-03-04T01:04:00,FALSE,0,FALSE,MET
SLA_SYN_0000970,EXC_SYN_0000970,PAYMENT_EXCEPTION_RESOLUTION,2026-01-09T14:47:00,2026-01-09T22:47:00,FALSE,0,FALSE,MET
SLA_SYN_0000971,EXC_SYN_0000971,PAYMENT_EXCEPTION_RESOLUTION,2026-02-03T11:22:00,2026-02-03T19:22:00,FALSE,0,FALSE,MET
SLA_SYN_0000972,EXC_SYN_0000972,PAYMENT_EXCEPTION_RESOLUTION,2025-11-18T12:02:00,2025-11-18T16:02:00,TRUE,168958,TRUE,BREACHED
SLA_SYN_0000973,EXC_SYN_0000973,PAYMENT_EXCEPTION_RESOLUTION,2026-02-22T15:16:00,2026-02-22T19:16:00,TRUE,103,TRUE,BREACHED
SLA_SYN_0000974,EXC_SYN_0000974,PAYMENT_EXCEPTION_RESOLUTION,2026-02-02T12:18:00,2026-02-02T20:18:00,FALSE,0,FALSE,MET
SLA_SYN_0000975,EXC_SYN_0000975,PAYMENT_EXCEPTION_RESOLUTION,2026-02-26T14:18:00,2026-02-26T18:18:00,FALSE,0,FALSE,MET
SLA_SYN_0000976,EXC_SYN_0000976,PAYMENT_EXCEPTION_RESOLUTION,2025-12-20T17:02:00,2025-12-21T01:02:00,TRUE,122338,FALSE,BREACHED
SLA_SYN_0000977,EXC_SYN_0000977,PAYMENT_EXCEPTION_RESOLUTION,2026-02-11T12:00:00,2026-02-11T20:00:00,FALSE,0,FALSE,MET
SLA_SYN_0000978,EXC_SYN_0000978,PAYMENT_EXCEPTION_RESOLUTION,2025-12-07T12:53:00,2025-12-07T20:53:00,FALSE,0,FALSE,MET
SLA_SYN_0000979,EXC_SYN_0000979,PAYMENT_EXCEPTION_RESOLUTION,2026-01-16T16:44:00,2026-01-17T00:44:00,FALSE,0,FALSE,MET
SLA_SYN_0000980,EXC_SYN_0000980,PAYMENT_EXCEPTION_RESOLUTION,2025-11-30T19:48:00,2025-11-30T23:48:00,TRUE,151212,TRUE,BREACHED
SLA_SYN_0000981,EXC_SYN_0000981,PAYMENT_EXCEPTION_RESOLUTION,2026-02-19T18:54:00,2026-02-20T02:54:00,FALSE,0,FALSE,MET
SLA_SYN_0000982,EXC_SYN_0000982,PAYMENT_EXCEPTION_RESOLUTION,2026-02-08T18:20:00,2026-02-09T02:20:00,FALSE,0,FALSE,MET
SLA_SYN_0000983,EXC_SYN_0000983,PAYMENT_EXCEPTION_RESOLUTION,2026-02-02T16:49:00,2026-02-02T20:49:00,FALSE,0,FALSE,MET
SLA_SYN_0000984,EXC_SYN_0000984,PAYMENT_EXCEPTION_RESOLUTION,2026-01-10T20:23:00,2026-01-11T00:23:00,TRUE,92137,TRUE,BREACHED
SLA_SYN_0000985,EXC_SYN_0000985,PAYMENT_EXCEPTION_RESOLUTION,2026-02-22T20:53:00,2026-02-23T04:53:00,FALSE,0,FALSE,MET
SLA_SYN_0000986,EXC_SYN_0000986,PAYMENT_EXCEPTION_RESOLUTION,2026-02-27T13:00:00,2026-02-27T17:00:00,FALSE,0,FALSE,MET
SLA_SYN_0000987,EXC_SYN_0000987,PAYMENT_EXCEPTION_RESOLUTION,2025-12-16T12:06:00,2025-12-16T20:06:00,TRUE,117,FALSE,BREACHED
SLA_SYN_0000988,EXC_SYN_0000988,PAYMENT_EXCEPTION_RESOLUTION,2026-02-02T20:08:00,2026-02-03T04:08:00,TRUE,58792,FALSE,BREACHED
SLA_SYN_0000989,EXC_SYN_0000989,PAYMENT_EXCEPTION_RESOLUTION,2026-01-11T21:08:00,2026-01-12T05:08:00,FALSE,0,FALSE,MET
SLA_SYN_0000990,EXC_SYN_0000990,PAYMENT_EXCEPTION_RESOLUTION,2026-01-13T13:15:00,2026-01-13T21:15:00,FALSE,0,FALSE,MET
SLA_SYN_0000991,EXC_SYN_0000991,PAYMENT_EXCEPTION_RESOLUTION,2026-01-05T22:11:00,2026-01-06T02:11:00,FALSE,0,FALSE,MET
SLA_SYN_0000992,EXC_SYN_0000992,PAYMENT_EXCEPTION_RESOLUTION,2026-03-13T15:25:00,2026-03-13T23:25:00,TRUE,2915,FALSE,BREACHED
SLA_SYN_0000993,EXC_SYN_0000993,PAYMENT_EXCEPTION_RESOLUTION,2026-02-01T15:48:00,2026-02-01T23:48:00,FALSE,0,FALSE,MET
SLA_SYN_0000994,EXC_SYN_0000994,PAYMENT_EXCEPTION_RESOLUTION,2026-01-09T19:12:00,2026-01-09T23:12:00,TRUE,124,TRUE,BREACHED
SLA_SYN_0000995,EXC_SYN_0000995,PAYMENT_EXCEPTION_RESOLUTION,2026-01-11T19:45:00,2026-01-11T23:45:00,FALSE,0,FALSE,MET
SLA_SYN_0000996,EXC_SYN_0000996,PAYMENT_EXCEPTION_RESOLUTION,2025-12-04T22:09:00,2025-12-05T06:09:00,TRUE,145071,FALSE,BREACHED
SLA_SYN_0000997,EXC_SYN_0000997,PAYMENT_EXCEPTION_RESOLUTION,2025-11-21T13:21:00,2025-11-21T17:21:00,FALSE,0,FALSE,MET
SLA_SYN_0000998,EXC_SYN_0000998,PAYMENT_EXCEPTION_RESOLUTION,2026-01-04T10:33:00,2026-01-04T18:33:00,FALSE,0,FALSE,MET
SLA_SYN_0000999,EXC_SYN_0000999,PAYMENT_EXCEPTION_RESOLUTION,2026-03-14T16:41:00,2026-03-14T20:41:00,FALSE,0,FALSE,MET
SLA_SYN_0001000,EXC_SYN_0001000,PAYMENT_EXCEPTION_RESOLUTION,2025-11-28T14:50:00,2025-11-28T22:50:00,TRUE,154150,FALSE,BREACHED
SLA_SYN_0001001,EXC_SYN_0001001,PAYMENT_EXCEPTION_RESOLUTION,2026-01-15T18:21:00,2026-01-16T02:21:00,TRUE,131,FALSE,BREACHED
SLA_SYN_0001002,EXC_SYN_0001002,PAYMENT_EXCEPTION_RESOLUTION,2026-02-10T10:48:00,2026-02-10T14:48:00,FALSE,0,FALSE,MET
SLA_SYN_0001003,EXC_SYN_0001003,PAYMENT_EXCEPTION_RESOLUTION,2026-03-05T18:10:00,2026-03-06T02:10:00,FALSE,0,FALSE,MET
SLA_SYN_0001004,EXC_SYN_0001004,PAYMENT_EXCEPTION_RESOLUTION,2025-12-07T13:08:00,2025-12-07T21:08:00,TRUE,141292,FALSE,BREACHED
SLA_SYN_0001005,EXC_SYN_0001005,PAYMENT_EXCEPTION_RESOLUTION,2026-01-19T15:55:00,2026-01-19T19:55:00,FALSE,0,FALSE,MET
SLA_SYN_0001006,EXC_SYN_0001006,PAYMENT_EXCEPTION_RESOLUTION,2026-03-14T16:45:00,2026-03-14T20:45:00,FALSE,0,FALSE,MET
SLA_SYN_0001007,EXC_SYN_0001007,PAYMENT_EXCEPTION_RESOLUTION,2025-12-12T18:15:00,2025-12-13T02:15:00,FALSE,0,FALSE,MET
SLA_SYN_0001008,EXC_SYN_0001008,PAYMENT_EXCEPTION_RESOLUTION,2025-11-30T13:40:00,2025-11-30T17:40:00,TRUE,151580,TRUE,BREACHED
SLA_SYN_0001009,EXC_SYN_0001009,PAYMENT_EXCEPTION_RESOLUTION,2025-12-01T14:33:00,2025-12-01T22:33:00,FALSE,0,FALSE,MET
SLA_SYN_0001010,EXC_SYN_0001010,PAYMENT_EXCEPTION_RESOLUTION,2026-01-21T11:55:00,2026-01-21T19:55:00,FALSE,0,FALSE,MET
SLA_SYN_0001011,EXC_SYN_0001011,PAYMENT_EXCEPTION_RESOLUTION,2026-02-04T20:41:00,2026-02-05T04:41:00,FALSE,0,FALSE,MET
SLA_SYN_0001012,EXC_SYN_0001012,PAYMENT_EXCEPTION_RESOLUTION,2025-12-10T13:55:00,2025-12-10T21:55:00,TRUE,136925,FALSE,BREACHED
SLA_SYN_0001013,EXC_SYN_0001013,PAYMENT_EXCEPTION_RESOLUTION,2026-01-02T18:16:00,2026-01-02T22:16:00,FALSE,0,FALSE,MET
SLA_SYN_0001014,EXC_SYN_0001014,PAYMENT_EXCEPTION_RESOLUTION,2026-03-06T15:48:00,2026-03-06T23:48:00,FALSE,0,FALSE,MET
SLA_SYN_0001015,EXC_SYN_0001015,PAYMENT_EXCEPTION_RESOLUTION,2026-02-28T16:58:00,2026-03-01T00:58:00,TRUE,145,FALSE,BREACHED
SLA_SYN_0001016,EXC_SYN_0001016,PAYMENT_EXCEPTION_RESOLUTION,2025-12-12T20:12:00,2025-12-13T00:12:00,TRUE,133908,TRUE,BREACHED
SLA_SYN_0001017,EXC_SYN_0001017,PAYMENT_EXCEPTION_RESOLUTION,2025-12-13T18:38:00,2025-12-13T22:38:00,FALSE,0,FALSE,MET
SLA_SYN_0001018,EXC_SYN_0001018,PAYMENT_EXCEPTION_RESOLUTION,2025-11-26T16:00:00,2025-11-27T00:00:00,FALSE,0,FALSE,MET
SLA_SYN_0001019,EXC_SYN_0001019,PAYMENT_EXCEPTION_RESOLUTION,2026-02-10T14:29:00,2026-02-10T18:29:00,FALSE,0,FALSE,MET
SLA_SYN_0001020,EXC_SYN_0001020,PAYMENT_EXCEPTION_RESOLUTION,2025-12-27T21:41:00,2025-12-28T05:41:00,TRUE,111979,FALSE,BREACHED
SLA_SYN_0001021,EXC_SYN_0001021,PAYMENT_EXCEPTION_RESOLUTION,2026-01-08T20:37:00,2026-01-09T04:37:00,FALSE,0,FALSE,MET
SLA_SYN_0001022,EXC_SYN_0001022,PAYMENT_EXCEPTION_RESOLUTION,2026-03-02T22:37:00,2026-03-03T06:37:00,TRUE,152,FALSE,BREACHED
SLA_SYN_0001023,EXC_SYN_0001023,PAYMENT_EXCEPTION_RESOLUTION,2025-11-26T20:46:00,2025-11-27T04:46:00,FALSE,0,FALSE,MET
SLA_SYN_0001024,EXC_SYN_0001024,PAYMENT_EXCEPTION_RESOLUTION,2026-01-28T17:18:00,2026-01-28T21:18:00,TRUE,66402,TRUE,BREACHED
SLA_SYN_0001025,EXC_SYN_0001025,PAYMENT_EXCEPTION_RESOLUTION,2025-12-03T15:02:00,2025-12-03T23:02:00,FALSE,0,FALSE,MET
SLA_SYN_0001026,EXC_SYN_0001026,PAYMENT_EXCEPTION_RESOLUTION,2025-12-20T08:33:00,2025-12-20T16:33:00,FALSE,0,FALSE,MET
SLA_SYN_0001027,EXC_SYN_0001027,PAYMENT_EXCEPTION_RESOLUTION,2025-11-28T09:06:00,2025-11-28T13:06:00,FALSE,0,FALSE,MET
SLA_SYN_0001028,EXC_SYN_0001028,PAYMENT_EXCEPTION_RESOLUTION,2025-11-16T14:34:00,2025-11-16T18:34:00,TRUE,171686,TRUE,BREACHED
SLA_SYN_0001029,EXC_SYN_0001029,PAYMENT_EXCEPTION_RESOLUTION,2026-03-13T18:25:00,2026-03-13T22:25:00,TRUE,159,TRUE,BREACHED
SLA_SYN_0001030,EXC_SYN_0001030,PAYMENT_EXCEPTION_RESOLUTION,2026-01-06T16:34:00,2026-01-06T20:34:00,FALSE,0,FALSE,MET
SLA_SYN_0001031,EXC_SYN_0001031,PAYMENT_EXCEPTION_RESOLUTION,2025-12-19T14:26:00,2025-12-19T22:26:00,FALSE,0,FALSE,MET
SLA_SYN_0001032,EXC_SYN_0001032,PAYMENT_EXCEPTION_RESOLUTION,2025-11-22T15:53:00,2025-11-22T23:53:00,TRUE,162727,FALSE,BREACHED
SLA_SYN_0001033,EXC_SYN_0001033,PAYMENT_EXCEPTION_RESOLUTION,2025-12-02T16:16:00,2025-12-03T00:16:00,FALSE,0,FALSE,MET
SLA_SYN_0001034,EXC_SYN_0001034,PAYMENT_EXCEPTION_RESOLUTION,2026-02-17T13:18:00,2026-02-17T21:18:00,FALSE,0,FALSE,MET
SLA_SYN_0001035,EXC_SYN_0001035,PAYMENT_EXCEPTION_RESOLUTION,2026-03-15T12:27:00,2026-03-15T16:27:00,FALSE,0,FALSE,MET
SLA_SYN_0001036,EXC_SYN_0001036,PAYMENT_EXCEPTION_RESOLUTION,2026-03-11T20:26:00,2026-03-12T04:26:00,TRUE,5494,FALSE,BREACHED
SLA_SYN_0001037,EXC_SYN_0001037,PAYMENT_EXCEPTION_RESOLUTION,2025-12-10T16:31:00,2025-12-11T00:31:00,FALSE,0,FALSE,MET
SLA_SYN_0001038,EXC_SYN_0001038,PAYMENT_EXCEPTION_RESOLUTION,2025-11-30T13:23:00,2025-11-30T17:23:00,FALSE,0,FALSE,MET
SLA_SYN_0001039,EXC_SYN_0001039,PAYMENT_EXCEPTION_RESOLUTION,2026-01-27T19:28:00,2026-01-27T23:28:00,FALSE,0,FALSE,MET
SLA_SYN_0001040,EXC_SYN_0001040,PAYMENT_EXCEPTION_RESOLUTION,2026-01-17T16:03:00,2026-01-18T00:03:00,TRUE,82077,FALSE,BREACHED
SLA_SYN_0001041,EXC_SYN_0001041,PAYMENT_EXCEPTION_RESOLUTION,2026-03-12T17:23:00,2026-03-12T21:23:00,FALSE,0,FALSE,MET
SLA_SYN_0001042,EXC_SYN_0001042,PAYMENT_EXCEPTION_RESOLUTION,2026-02-14T19:30:00,2026-02-15T03:30:00,FALSE,0,FALSE,MET
SLA_SYN_0001043,EXC_SYN_0001043,PAYMENT_EXCEPTION_RESOLUTION,2026-01-08T18:46:00,2026-01-09T02:46:00,TRUE,173,FALSE,BREACHED
SLA_SYN_0001044,EXC_SYN_0001044,PAYMENT_EXCEPTION_RESOLUTION,2025-11-23T18:22:00,2025-11-24T02:22:00,TRUE,161138,FALSE,BREACHED
SLA_SYN_0001045,EXC_SYN_0001045,PAYMENT_EXCEPTION_RESOLUTION,2026-02-12T18:42:00,2026-02-13T02:42:00,FALSE,0,FALSE,MET
SLA_SYN_0001046,EXC_SYN_0001046,PAYMENT_EXCEPTION_RESOLUTION,2025-11-24T17:31:00,2025-11-24T21:31:00,FALSE,0,FALSE,MET
SLA_SYN_0001047,EXC_SYN_0001047,PAYMENT_EXCEPTION_RESOLUTION,2026-01-02T19:28:00,2026-01-03T03:28:00,FALSE,0,FALSE,MET
SLA_SYN_0001048,EXC_SYN_0001048,PAYMENT_EXCEPTION_RESOLUTION,2025-12-23T13:39:00,2025-12-23T21:39:00,TRUE,118221,FALSE,BREACHED
SLA_SYN_0001049,EXC_SYN_0001049,PAYMENT_EXCEPTION_RESOLUTION,2025-12-19T21:01:00,2025-12-20T01:01:00,FALSE,0,FALSE,MET
SLA_SYN_0001050,EXC_SYN_0001050,PAYMENT_EXCEPTION_RESOLUTION,2025-12-05T19:30:00,2025-12-05T23:30:00,TRUE,180,TRUE,BREACHED
SLA_SYN_0001051,EXC_SYN_0001051,PAYMENT_EXCEPTION_RESOLUTION,2026-01-12T13:58:00,2026-01-12T21:58:00,FALSE,0,FALSE,MET
SLA_SYN_0001052,EXC_SYN_0001052,PAYMENT_EXCEPTION_RESOLUTION,2026-02-17T21:30:00,2026-02-18T01:30:00,TRUE,37350,TRUE,BREACHED
SLA_SYN_0001053,EXC_SYN_0001053,PAYMENT_EXCEPTION_RESOLUTION,2025-12-05T11:25:00,2025-12-05T19:25:00,FALSE,0,FALSE,MET
SLA_SYN_0001054,EXC_SYN_0001054,PAYMENT_EXCEPTION_RESOLUTION,2026-02-04T11:58:00,2026-02-04T19:58:00,FALSE,0,FALSE,MET
SLA_SYN_0001055,EXC_SYN_0001055,PAYMENT_EXCEPTION_RESOLUTION,2026-01-06T10:27:00,2026-01-06T18:27:00,FALSE,0,FALSE,MET
SLA_SYN_0001056,EXC_SYN_0001056,PAYMENT_EXCEPTION_RESOLUTION,2026-01-11T10:10:00,2026-01-11T18:10:00,TRUE,91070,FALSE,BREACHED
SLA_SYN_0001057,EXC_SYN_0001057,PAYMENT_EXCEPTION_RESOLUTION,2025-11-16T11:50:00,2025-11-16T15:50:00,TRUE,187,TRUE,BREACHED
SLA_SYN_0001058,EXC_SYN_0001058,PAYMENT_EXCEPTION_RESOLUTION,2026-02-04T09:39:00,2026-02-04T17:39:00,FALSE,0,FALSE,MET
SLA_SYN_0001059,EXC_SYN_0001059,PAYMENT_EXCEPTION_RESOLUTION,2025-12-23T11:29:00,2025-12-23T19:29:00,FALSE,0,FALSE,MET
SLA_SYN_0001060,EXC_SYN_0001060,PAYMENT_EXCEPTION_RESOLUTION,2025-12-05T13:36:00,2025-12-05T17:36:00,TRUE,144384,TRUE,BREACHED
SLA_SYN_0001061,EXC_SYN_0001061,PAYMENT_EXCEPTION_RESOLUTION,2026-02-11T11:15:00,2026-02-11T15:15:00,FALSE,0,FALSE,MET
SLA_SYN_0001062,EXC_SYN_0001062,PAYMENT_EXCEPTION_RESOLUTION,2025-12-19T12:45:00,2025-12-19T20:45:00,FALSE,0,FALSE,MET
SLA_SYN_0001063,EXC_SYN_0001063,PAYMENT_EXCEPTION_RESOLUTION,2026-01-21T13:28:00,2026-01-21T17:28:00,FALSE,0,FALSE,MET
SLA_SYN_0001064,EXC_SYN_0001064,PAYMENT_EXCEPTION_RESOLUTION,2025-12-27T10:57:00,2025-12-27T18:57:00,TRUE,112623,FALSE,BREACHED
SLA_SYN_0001065,EXC_SYN_0001065,PAYMENT_EXCEPTION_RESOLUTION,2025-12-02T12:17:00,2025-12-02T20:17:00,FALSE,0,FALSE,MET
SLA_SYN_0001066,EXC_SYN_0001066,PAYMENT_EXCEPTION_RESOLUTION,2025-11-28T14:44:00,2025-11-28T22:44:00,FALSE,0,FALSE,MET
SLA_SYN_0001067,EXC_SYN_0001067,PAYMENT_EXCEPTION_RESOLUTION,2025-12-18T21:19:00,2025-12-19T05:19:00,FALSE,0,FALSE,MET
SLA_SYN_0001068,EXC_SYN_0001068,PAYMENT_EXCEPTION_RESOLUTION,2026-01-03T13:53:00,2026-01-03T17:53:00,TRUE,102607,TRUE,BREACHED
SLA_SYN_0001069,EXC_SYN_0001069,PAYMENT_EXCEPTION_RESOLUTION,2025-12-17T21:45:00,2025-12-18T05:45:00,FALSE,0,FALSE,MET
SLA_SYN_0001070,EXC_SYN_0001070,PAYMENT_EXCEPTION_RESOLUTION,2026-01-11T13:52:00,2026-01-11T21:52:00,FALSE,0,FALSE,MET
SLA_SYN_0001071,EXC_SYN_0001071,PAYMENT_EXCEPTION_RESOLUTION,2025-12-16T20:17:00,2025-12-17T00:17:00,TRUE,201,TRUE,BREACHED
SLA_SYN_0001072,EXC_SYN_0001072,PAYMENT_EXCEPTION_RESOLUTION,2026-03-03T21:27:00,2026-03-04T01:27:00,TRUE,17193,TRUE,BREACHED
SLA_SYN_0001073,EXC_SYN_0001073,PAYMENT_EXCEPTION_RESOLUTION,2026-02-20T14:01:00,2026-02-20T22:01:00,FALSE,0,FALSE,MET
SLA_SYN_0001074,EXC_SYN_0001074,PAYMENT_EXCEPTION_RESOLUTION,2025-11-18T20:56:00,2025-11-19T00:56:00,FALSE,0,FALSE,MET
SLA_SYN_0001075,EXC_SYN_0001075,PAYMENT_EXCEPTION_RESOLUTION,2026-01-31T21:26:00,2026-02-01T05:26:00,FALSE,0,FALSE,MET
SLA_SYN_0001076,EXC_SYN_0001076,PAYMENT_EXCEPTION_RESOLUTION,2026-01-03T18:21:00,2026-01-04T02:21:00,TRUE,102099,FALSE,BREACHED
SLA_SYN_0001077,EXC_SYN_0001077,PAYMENT_EXCEPTION_RESOLUTION,2026-01-13T20:28:00,2026-01-14T04:28:00,FALSE,0,FALSE,MET
SLA_SYN_0001078,EXC_SYN_0001078,PAYMENT_EXCEPTION_RESOLUTION,2026-03-09T21:28:00,2026-03-10T05:28:00,TRUE,208,FALSE,BREACHED
SLA_SYN_0001079,EXC_SYN_0001079,PAYMENT_EXCEPTION_RESOLUTION,2025-11-27T19:17:00,2025-11-27T23:17:00,FALSE,0,FALSE,MET
SLA_SYN_0001080,EXC_SYN_0001080,PAYMENT_EXCEPTION_RESOLUTION,2026-02-26T09:42:00,2026-02-26T17:42:00,TRUE,24858,FALSE,BREACHED
SLA_SYN_0001081,EXC_SYN_0001081,PAYMENT_EXCEPTION_RESOLUTION,2026-03-05T09:08:00,2026-03-05T17:08:00,FALSE,0,FALSE,MET
SLA_SYN_0001082,EXC_SYN_0001082,PAYMENT_EXCEPTION_RESOLUTION,2026-03-05T09:48:00,2026-03-05T13:48:00,FALSE,0,FALSE,MET
SLA_SYN_0001083,EXC_SYN_0001083,PAYMENT_EXCEPTION_RESOLUTION,2026-01-06T11:55:00,2026-01-06T15:55:00,FALSE,0,FALSE,MET
SLA_SYN_0001084,EXC_SYN_0001084,PAYMENT_EXCEPTION_RESOLUTION,2026-01-30T16:16:00,2026-01-31T00:16:00,TRUE,63344,FALSE,BREACHED
SLA_SYN_0001085,EXC_SYN_0001085,PAYMENT_EXCEPTION_RESOLUTION,2026-02-13T16:12:00,2026-02-13T20:12:00,TRUE,35,TRUE,BREACHED
SLA_SYN_0001086,EXC_SYN_0001086,PAYMENT_EXCEPTION_RESOLUTION,2025-12-05T17:49:00,2025-12-06T01:49:00,FALSE,0,FALSE,MET
SLA_SYN_0001087,EXC_SYN_0001087,PAYMENT_EXCEPTION_RESOLUTION,2026-02-18T11:50:00,2026-02-18T19:50:00,FALSE,0,FALSE,MET
SLA_SYN_0001088,EXC_SYN_0001088,PAYMENT_EXCEPTION_RESOLUTION,2025-12-03T17:58:00,2025-12-04T01:58:00,TRUE,146762,FALSE,BREACHED
SLA_SYN_0001089,EXC_SYN_0001089,PAYMENT_EXCEPTION_RESOLUTION,2026-03-04T17:04:00,2026-03-05T01:04:00,FALSE,0,FALSE,MET
SLA_SYN_0001090,EXC_SYN_0001090,PAYMENT_EXCEPTION_RESOLUTION,2026-02-25T14:43:00,2026-02-25T18:43:00,FALSE,0,FALSE,MET
SLA_SYN_0001091,EXC_SYN_0001091,PAYMENT_EXCEPTION_RESOLUTION,2026-02-19T12:52:00,2026-02-19T20:52:00,FALSE,0,FALSE,MET
SLA_SYN_0001092,EXC_SYN_0001092,PAYMENT_EXCEPTION_RESOLUTION,2026-01-25T13:25:00,2026-01-25T21:25:00,TRUE,70715,FALSE,BREACHED
SLA_SYN_0001093,EXC_SYN_0001093,PAYMENT_EXCEPTION_RESOLUTION,2026-03-07T13:58:00,2026-03-07T17:58:00,FALSE,0,FALSE,MET
SLA_SYN_0001094,EXC_SYN_0001094,PAYMENT_EXCEPTION_RESOLUTION,2026-01-25T13:41:00,2026-01-25T17:41:00,FALSE,0,FALSE,MET
SLA_SYN_0001095,EXC_SYN_0001095,PAYMENT_EXCEPTION_RESOLUTION,2026-01-02T18:12:00,2026-01-03T02:12:00,FALSE,0,FALSE,MET
SLA_SYN_0001096,EXC_SYN_0001096,PAYMENT_EXCEPTION_RESOLUTION,2025-11-27T19:42:00,2025-11-27T23:42:00,TRUE,155538,TRUE,BREACHED
SLA_SYN_0001097,EXC_SYN_0001097,PAYMENT_EXCEPTION_RESOLUTION,2026-02-18T19:25:00,2026-02-19T03:25:00,FALSE,0,FALSE,MET
SLA_SYN_0001098,EXC_SYN_0001098,PAYMENT_EXCEPTION_RESOLUTION,2025-12-17T21:32:00,2025-12-18T05:32:00,FALSE,0,FALSE,MET
SLA_SYN_0001099,EXC_SYN_0001099,PAYMENT_EXCEPTION_RESOLUTION,2026-01-07T19:14:00,2026-01-08T03:14:00,TRUE,49,FALSE,BREACHED
SLA_SYN_0001100,EXC_SYN_0001100,PAYMENT_EXCEPTION_RESOLUTION,2026-02-28T12:35:00,2026-02-28T20:35:00,TRUE,21805,FALSE,BREACHED
SLA_SYN_0001101,EXC_SYN_0001101,PAYMENT_EXCEPTION_RESOLUTION,2026-02-23T14:25:00,2026-02-23T18:25:00,FALSE,0,FALSE,MET
SLA_SYN_0001102,EXC_SYN_0001102,PAYMENT_EXCEPTION_RESOLUTION,2025-12-05T22:34:00,2025-12-06T06:34:00,FALSE,0,FALSE,MET
SLA_SYN_0001103,EXC_SYN_0001103,PAYMENT_EXCEPTION_RESOLUTION,2026-03-11T16:35:00,2026-03-12T00:35:00,FALSE,0,FALSE,MET
SLA_SYN_0001104,EXC_SYN_0001104,PAYMENT_EXCEPTION_RESOLUTION,2026-01-01T21:26:00,2026-01-02T01:26:00,TRUE,105034,TRUE,BREACHED
SLA_SYN_0001105,EXC_SYN_0001105,PAYMENT_EXCEPTION_RESOLUTION,2026-02-15T21:09:00,2026-02-16T01:09:00,FALSE,0,FALSE,MET
SLA_SYN_0001106,EXC_SYN_0001106,PAYMENT_EXCEPTION_RESOLUTION,2026-03-15T20:15:00,2026-03-16T04:15:00,TRUE,56,FALSE,BREACHED
SLA_SYN_0001107,EXC_SYN_0001107,PAYMENT_EXCEPTION_RESOLUTION,2025-12-09T20:48:00,2025-12-10T00:48:00,FALSE,0,FALSE,MET
SLA_SYN_0001108,EXC_SYN_0001108,PAYMENT_EXCEPTION_RESOLUTION,2026-02-26T12:00:00,2026-02-26T20:00:00,TRUE,24720,FALSE,BREACHED
SLA_SYN_0001109,EXC_SYN_0001109,PAYMENT_EXCEPTION_RESOLUTION,2025-12-08T09:02:00,2025-12-08T17:02:00,FALSE,0,FALSE,MET
SLA_SYN_0001110,EXC_SYN_0001110,PAYMENT_EXCEPTION_RESOLUTION,2026-02-01T15:17:00,2026-02-01T23:17:00,FALSE,0,FALSE,MET
SLA_SYN_0001111,EXC_SYN_0001111,PAYMENT_EXCEPTION_RESOLUTION,2026-01-13T11:59:00,2026-01-13T19:59:00,FALSE,0,FALSE,MET
SLA_SYN_0001112,EXC_SYN_0001112,PAYMENT_EXCEPTION_RESOLUTION,2025-12-06T16:50:00,2025-12-06T20:50:00,TRUE,142750,TRUE,BREACHED
SLA_SYN_0001113,EXC_SYN_0001113,PAYMENT_EXCEPTION_RESOLUTION,2026-03-09T14:22:00,2026-03-09T18:22:00,TRUE,63,TRUE,BREACHED
SLA_SYN_0001114,EXC_SYN_0001114,PAYMENT_EXCEPTION_RESOLUTION,2026-02-09T10:07:00,2026-02-09T18:07:00,FALSE,0,FALSE,MET
SLA_SYN_0001115,EXC_SYN_0001115,PAYMENT_EXCEPTION_RESOLUTION,2026-01-28T11:17:00,2026-01-28T15:17:00,FALSE,0,FALSE,MET
SLA_SYN_0001116,EXC_SYN_0001116,PAYMENT_EXCEPTION_RESOLUTION,2025-11-17T13:24:00,2025-11-17T17:24:00,TRUE,170316,TRUE,BREACHED
SLA_SYN_0001117,EXC_SYN_0001117,PAYMENT_EXCEPTION_RESOLUTION,2026-02-04T18:22:00,2026-02-05T02:22:00,FALSE,0,FALSE,MET
SLA_SYN_0001118,EXC_SYN_0001118,PAYMENT_EXCEPTION_RESOLUTION,2025-11-21T10:29:00,2025-11-21T14:29:00,FALSE,0,FALSE,MET
SLA_SYN_0001119,EXC_SYN_0001119,PAYMENT_EXCEPTION_RESOLUTION,2025-11-28T11:32:00,2025-11-28T19:32:00,FALSE,0,FALSE,MET
SLA_SYN_0001120,EXC_SYN_0001120,PAYMENT_EXCEPTION_RESOLUTION,2025-11-24T16:20:00,2025-11-25T00:20:00,TRUE,159820,FALSE,BREACHED
SLA_SYN_0001121,EXC_SYN_0001121,PAYMENT_EXCEPTION_RESOLUTION,2025-11-28T11:08:00,2025-11-28T19:08:00,FALSE,0,FALSE,MET
SLA_SYN_0001122,EXC_SYN_0001122,PAYMENT_EXCEPTION_RESOLUTION,2025-12-08T12:38:00,2025-12-08T20:38:00,FALSE,0,FALSE,MET
SLA_SYN_0001123,EXC_SYN_0001123,PAYMENT_EXCEPTION_RESOLUTION,2025-12-05T19:03:00,2025-12-05T23:03:00,FALSE,0,FALSE,MET
SLA_SYN_0001124,EXC_SYN_0001124,PAYMENT_EXCEPTION_RESOLUTION,2026-03-08T12:37:00,2026-03-08T20:37:00,TRUE,10283,FALSE,BREACHED
SLA_SYN_0001125,EXC_SYN_0001125,PAYMENT_EXCEPTION_RESOLUTION,2025-11-28T20:26:00,2025-11-29T04:26:00,FALSE,0,FALSE,MET
SLA_SYN_0001126,EXC_SYN_0001126,PAYMENT_EXCEPTION_RESOLUTION,2026-02-14T19:32:00,2026-02-14T23:32:00,FALSE,0,FALSE,MET
SLA_SYN_0001127,EXC_SYN_0001127,PAYMENT_EXCEPTION_RESOLUTION,2026-01-08T17:31:00,2026-01-08T21:31:00,TRUE,77,TRUE,BREACHED
SLA_SYN_0001128,EXC_SYN_0001128,PAYMENT_EXCEPTION_RESOLUTION,2026-01-09T16:57:00,2026-01-10T00:57:00,TRUE,93543,FALSE,BREACHED
SLA_SYN_0001129,EXC_SYN_0001129,PAYMENT_EXCEPTION_RESOLUTION,2025-11-24T21:38:00,2025-11-25T01:38:00,FALSE,0,FALSE,MET
SLA_SYN_0001130,EXC_SYN_0001130,PAYMENT_EXCEPTION_RESOLUTION,2026-02-26T13:45:00,2026-02-26T21:45:00,FALSE,0,FALSE,MET
SLA_SYN_0001131,EXC_SYN_0001131,PAYMENT_EXCEPTION_RESOLUTION,2026-03-08T15:22:00,2026-03-08T23:22:00,FALSE,0,FALSE,MET
SLA_SYN_0001132,EXC_SYN_0001132,PAYMENT_EXCEPTION_RESOLUTION,2025-11-17T15:45:00,2025-11-17T23:45:00,TRUE,169935,FALSE,BREACHED
SLA_SYN_0001133,EXC_SYN_0001133,PAYMENT_EXCEPTION_RESOLUTION,2025-11-19T16:38:00,2025-11-20T00:38:00,FALSE,0,FALSE,MET
SLA_SYN_0001134,EXC_SYN_0001134,PAYMENT_EXCEPTION_RESOLUTION,2025-11-23T23:00:00,2025-11-24T03:00:00,TRUE,84,TRUE,BREACHED
SLA_SYN_0001135,EXC_SYN_0001135,PAYMENT_EXCEPTION_RESOLUTION,2026-01-23T23:43:00,2026-01-24T07:43:00,FALSE,0,FALSE,MET
SLA_SYN_0001136,EXC_SYN_0001136,PAYMENT_EXCEPTION_RESOLUTION,2026-01-02T10:10:00,2026-01-02T18:10:00,TRUE,104030,FALSE,BREACHED
SLA_SYN_0001137,EXC_SYN_0001137,PAYMENT_EXCEPTION_RESOLUTION,2025-12-30T11:30:00,2025-12-30T15:30:00,FALSE,0,FALSE,MET
SLA_SYN_0001138,EXC_SYN_0001138,PAYMENT_EXCEPTION_RESOLUTION,2026-03-04T08:59:00,2026-03-04T12:59:00,FALSE,0,FALSE,MET
SLA_SYN_0001139,EXC_SYN_0001139,PAYMENT_EXCEPTION_RESOLUTION,2025-12-07T11:16:00,2025-12-07T19:16:00,FALSE,0,FALSE,MET
SLA_SYN_0001140,EXC_SYN_0001140,PAYMENT_EXCEPTION_RESOLUTION,2026-01-14T15:37:00,2026-01-14T19:37:00,TRUE,86663,TRUE,BREACHED
SLA_SYN_0001141,EXC_SYN_0001141,PAYMENT_EXCEPTION_RESOLUTION,2026-02-11T15:50:00,2026-02-11T23:50:00,TRUE,91,FALSE,BREACHED
SLA_SYN_0001142,EXC_SYN_0001142,PAYMENT_EXCEPTION_RESOLUTION,2025-12-08T11:38:00,2025-12-08T19:38:00,FALSE,0,FALSE,MET
SLA_SYN_0001143,EXC_SYN_0001143,PAYMENT_EXCEPTION_RESOLUTION,2025-12-07T10:14:00,2025-12-07T18:14:00,FALSE,0,FALSE,MET
SLA_SYN_0001144,EXC_SYN_0001144,PAYMENT_EXCEPTION_RESOLUTION,2025-11-17T11:34:00,2025-11-17T19:34:00,TRUE,170186,FALSE,BREACHED
SLA_SYN_0001145,EXC_SYN_0001145,PAYMENT_EXCEPTION_RESOLUTION,2025-11-24T15:35:00,2025-11-24T19:35:00,FALSE,0,FALSE,MET
SLA_SYN_0001146,EXC_SYN_0001146,PAYMENT_EXCEPTION_RESOLUTION,2026-01-27T10:53:00,2026-01-27T18:53:00,FALSE,0,FALSE,MET
SLA_SYN_0001147,EXC_SYN_0001147,PAYMENT_EXCEPTION_RESOLUTION,2026-02-19T15:44:00,2026-02-19T23:44:00,FALSE,0,FALSE,MET
SLA_SYN_0001148,EXC_SYN_0001148,PAYMENT_EXCEPTION_RESOLUTION,2026-03-07T20:52:00,2026-03-08T00:52:00,TRUE,11468,TRUE,BREACHED
SLA_SYN_0001149,EXC_SYN_0001149,PAYMENT_EXCEPTION_RESOLUTION,2026-01-30T15:40:00,2026-01-30T19:40:00,FALSE,0,FALSE,MET
SLA_SYN_0001150,EXC_SYN_0001150,PAYMENT_EXCEPTION_RESOLUTION,2026-01-04T12:52:00,2026-01-04T20:52:00,FALSE,0,FALSE,MET
SLA_SYN_0001151,EXC_SYN_0001151,PAYMENT_EXCEPTION_RESOLUTION,2025-11-18T12:18:00,2025-11-18T16:18:00,FALSE,0,FALSE,MET
SLA_SYN_0001152,EXC_SYN_0001152,PAYMENT_EXCEPTION_RESOLUTION,2025-12-30T20:37:00,2025-12-31T04:37:00,TRUE,107723,FALSE,BREACHED
SLA_SYN_0001153,EXC_SYN_0001153,PAYMENT_EXCEPTION_RESOLUTION,2026-02-28T15:35:00,2026-02-28T23:35:00,FALSE,0,FALSE,MET
SLA_SYN_0001154,EXC_SYN_0001154,PAYMENT_EXCEPTION_RESOLUTION,2026-03-02T17:05:00,2026-03-03T01:05:00,FALSE,0,FALSE,MET
SLA_SYN_0001155,EXC_SYN_0001155,PAYMENT_EXCEPTION_RESOLUTION,2025-11-29T14:54:00,2025-11-29T22:54:00,TRUE,105,FALSE,BREACHED
SLA_SYN_0001156,EXC_SYN_0001156,PAYMENT_EXCEPTION_RESOLUTION,2026-02-20T22:16:00,2026-02-21T02:16:00,TRUE,32984,TRUE,BREACHED
SLA_SYN_0001157,EXC_SYN_0001157,PAYMENT_EXCEPTION_RESOLUTION,2025-11-24T16:17:00,2025-11-25T00:17:00,FALSE,0,FALSE,MET
SLA_SYN_0001158,EXC_SYN_0001158,PAYMENT_EXCEPTION_RESOLUTION,2026-03-10T21:55:00,2026-03-11T01:55:00,FALSE,0,FALSE,MET
SLA_SYN_0001159,EXC_SYN_0001159,PAYMENT_EXCEPTION_RESOLUTION,2026-01-20T16:43:00,2026-01-20T20:43:00,FALSE,0,FALSE,MET
SLA_SYN_0001160,EXC_SYN_0001160,PAYMENT_EXCEPTION_RESOLUTION,2026-02-22T18:13:00,2026-02-22T22:13:00,TRUE,30347,TRUE,BREACHED
SLA_SYN_0001161,EXC_SYN_0001161,PAYMENT_EXCEPTION_RESOLUTION,2026-02-03T13:58:00,2026-02-03T21:58:00,FALSE,0,FALSE,MET
SLA_SYN_0001162,EXC_SYN_0001162,PAYMENT_EXCEPTION_RESOLUTION,2026-02-02T20:53:00,2026-02-03T00:53:00,TRUE,112,TRUE,BREACHED
SLA_SYN_0001163,EXC_SYN_0001163,PAYMENT_EXCEPTION_RESOLUTION,2026-03-07T19:29:00,2026-03-08T03:29:00,FALSE,0,FALSE,MET
SLA_SYN_0001164,EXC_SYN_0001164,PAYMENT_EXCEPTION_RESOLUTION,2025-12-01T14:02:00,2025-12-01T22:02:00,TRUE,149878,FALSE,BREACHED
SLA_SYN_0001165,EXC_SYN_0001165,PAYMENT_EXCEPTION_RESOLUTION,2026-03-06T17:26:00,2026-03-07T01:26:00,FALSE,0,FALSE,MET
SLA_SYN_0001166,EXC_SYN_0001166,PAYMENT_EXCEPTION_RESOLUTION,2026-02-27T13:31:00,2026-02-27T21:31:00,FALSE,0,FALSE,MET
SLA_SYN_0001167,EXC_SYN_0001167,PAYMENT_EXCEPTION_RESOLUTION,2025-11-19T09:26:00,2025-11-19T13:26:00,FALSE,0,FALSE,MET
SLA_SYN_0001168,EXC_SYN_0001168,PAYMENT_EXCEPTION_RESOLUTION,2025-11-24T13:57:00,2025-11-24T21:57:00,TRUE,159963,FALSE,BREACHED
SLA_SYN_0001169,EXC_SYN_0001169,PAYMENT_EXCEPTION_RESOLUTION,2025-12-28T17:31:00,2025-12-29T01:31:00,TRUE,119,FALSE,BREACHED
SLA_SYN_0001170,EXC_SYN_0001170,PAYMENT_EXCEPTION_RESOLUTION,2025-12-05T10:35:00,2025-12-05T14:35:00,FALSE,0,FALSE,MET
SLA_SYN_0001171,EXC_SYN_0001171,PAYMENT_EXCEPTION_RESOLUTION,2025-11-20T17:17:00,2025-11-20T21:17:00,FALSE,0,FALSE,MET
SLA_SYN_0001172,EXC_SYN_0001172,PAYMENT_EXCEPTION_RESOLUTION,2026-03-15T19:24:00,2026-03-16T03:24:00,FALSE,0,FALSE,IN_PROGRESS
SLA_SYN_0001173,EXC_SYN_0001173,PAYMENT_EXCEPTION_RESOLUTION,2026-03-05T15:49:00,2026-03-05T19:49:00,FALSE,0,FALSE,MET
SLA_SYN_0001174,EXC_SYN_0001174,PAYMENT_EXCEPTION_RESOLUTION,2025-12-29T20:10:00,2025-12-30T04:10:00,FALSE,0,FALSE,MET
SLA_SYN_0001175,EXC_SYN_0001175,PAYMENT_EXCEPTION_RESOLUTION,2026-01-31T14:41:00,2026-01-31T22:41:00,FALSE,0,FALSE,MET
SLA_SYN_0001176,EXC_SYN_0001176,PAYMENT_EXCEPTION_RESOLUTION,2025-12-16T19:19:00,2025-12-17T03:19:00,TRUE,127961,FALSE,BREACHED
SLA_SYN_0001177,EXC_SYN_0001177,PAYMENT_EXCEPTION_RESOLUTION,2025-11-30T20:19:00,2025-12-01T04:19:00,FALSE,0,FALSE,MET
SLA_SYN_0001178,EXC_SYN_0001178,PAYMENT_EXCEPTION_RESOLUTION,2026-02-09T17:04:00,2026-02-09T21:04:00,FALSE,0,FALSE,MET
SLA_SYN_0001179,EXC_SYN_0001179,PAYMENT_EXCEPTION_RESOLUTION,2026-03-15T14:26:00,2026-03-15T18:26:00,FALSE,0,FALSE,MET
SLA_SYN_0001180,EXC_SYN_0001180,PAYMENT_EXCEPTION_RESOLUTION,2026-02-07T21:48:00,2026-02-08T05:48:00,TRUE,51492,FALSE,BREACHED
SLA_SYN_0001181,EXC_SYN_0001181,PAYMENT_EXCEPTION_RESOLUTION,2025-12-30T17:53:00,2025-12-30T21:53:00,FALSE,0,FALSE,MET
SLA_SYN_0001182,EXC_SYN_0001182,PAYMENT_EXCEPTION_RESOLUTION,2025-11-18T21:17:00,2025-11-19T01:17:00,FALSE,0,FALSE,MET
SLA_SYN_0001183,EXC_SYN_0001183,PAYMENT_EXCEPTION_RESOLUTION,2026-01-22T21:30:00,2026-01-23T05:30:00,TRUE,133,FALSE,BREACHED
SLA_SYN_0001184,EXC_SYN_0001184,PAYMENT_EXCEPTION_RESOLUTION,2026-02-11T13:07:00,2026-02-11T17:07:00,TRUE,46493,TRUE,BREACHED
SLA_SYN_0001185,EXC_SYN_0001185,PAYMENT_EXCEPTION_RESOLUTION,2026-03-07T17:38:00,2026-03-08T01:38:00,FALSE,0,FALSE,MET
SLA_SYN_0001186,EXC_SYN_0001186,PAYMENT_EXCEPTION_RESOLUTION,2025-11-26T18:58:00,2025-11-27T02:58:00,FALSE,0,FALSE,MET
SLA_SYN_0001187,EXC_SYN_0001187,PAYMENT_EXCEPTION_RESOLUTION,2025-12-15T23:09:00,2025-12-16T07:09:00,FALSE,0,FALSE,MET
SLA_SYN_0001188,EXC_SYN_0001188,PAYMENT_EXCEPTION_RESOLUTION,2026-01-16T15:53:00,2026-01-16T23:53:00,TRUE,83527,FALSE,BREACHED
SLA_SYN_0001189,EXC_SYN_0001189,PAYMENT_EXCEPTION_RESOLUTION,2025-11-25T17:13:00,2025-11-25T21:13:00,FALSE,0,FALSE,MET
SLA_SYN_0001190,EXC_SYN_0001190,PAYMENT_EXCEPTION_RESOLUTION,2026-02-09T18:23:00,2026-02-10T02:23:00,TRUE,140,FALSE,BREACHED
SLA_SYN_0001191,EXC_SYN_0001191,PAYMENT_EXCEPTION_RESOLUTION,2026-03-13T12:36:00,2026-03-13T16:36:00,FALSE,0,FALSE,MET
SLA_SYN_0001192,EXC_SYN_0001192,PAYMENT_EXCEPTION_RESOLUTION,2026-03-14T17:07:00,2026-03-14T21:07:00,TRUE,1613,TRUE,BREACHED
SLA_SYN_0001193,EXC_SYN_0001193,PAYMENT_EXCEPTION_RESOLUTION,2026-02-12T16:50:00,2026-02-12T20:50:00,FALSE,0,FALSE,MET
SLA_SYN_0001194,EXC_SYN_0001194,PAYMENT_EXCEPTION_RESOLUTION,2025-12-08T14:12:00,2025-12-08T22:12:00,FALSE,0,FALSE,MET
SLA_SYN_0001195,EXC_SYN_0001195,PAYMENT_EXCEPTION_RESOLUTION,2025-12-03T14:45:00,2025-12-03T18:45:00,FALSE,0,FALSE,MET
SLA_SYN_0001196,EXC_SYN_0001196,PAYMENT_EXCEPTION_RESOLUTION,2026-01-29T13:04:00,2026-01-29T21:04:00,TRUE,64976,FALSE,BREACHED
SLA_SYN_0001197,EXC_SYN_0001197,PAYMENT_EXCEPTION_RESOLUTION,2026-03-15T18:02:00,2026-03-15T22:02:00,TRUE,147,TRUE,BREACHED
SLA_SYN_0001198,EXC_SYN_0001198,PAYMENT_EXCEPTION_RESOLUTION,2026-02-12T18:45:00,2026-02-13T02:45:00,FALSE,0,FALSE,MET
SLA_SYN_0001199,EXC_SYN_0001199,PAYMENT_EXCEPTION_RESOLUTION,2026-03-08T11:49:00,2026-03-08T19:49:00,FALSE,0,FALSE,MET
SLA_SYN_0001200,EXC_SYN_0001200,PAYMENT_EXCEPTION_RESOLUTION,2025-11-26T12:49:00,2025-11-26T16:49:00,TRUE,157391,TRUE,BREACHED
SLA_SYN_0001201,EXC_SYN_0001201,PAYMENT_EXCEPTION_RESOLUTION,2026-02-14T13:29:00,2026-02-14T21:29:00,FALSE,0,FALSE,MET
SLA_SYN_0001202,EXC_SYN_0001202,PAYMENT_EXCEPTION_RESOLUTION,2026-01-11T20:34:00,2026-01-12T04:34:00,FALSE,0,FALSE,MET
SLA_SYN_0001203,EXC_SYN_0001203,PAYMENT_EXCEPTION_RESOLUTION,2026-02-11T20:07:00,2026-02-12T00:07:00,FALSE,0,FALSE,MET
SLA_SYN_0001204,EXC_SYN_0001204,PAYMENT_EXCEPTION_RESOLUTION,2025-11-16T17:39:00,2025-11-16T21:39:00,TRUE,171501,TRUE,BREACHED
SLA_SYN_0001205,EXC_SYN_0001205,PAYMENT_EXCEPTION_RESOLUTION,2026-03-01T14:51:00,2026-03-01T22:51:00,FALSE,0,FALSE,MET
SLA_SYN_0001206,EXC_SYN_0001206,PAYMENT_EXCEPTION_RESOLUTION,2026-03-10T13:47:00,2026-03-10T17:47:00,FALSE,0,FALSE,MET
SLA_SYN_0001207,EXC_SYN_0001207,PAYMENT_EXCEPTION_RESOLUTION,2025-12-18T13:23:00,2025-12-18T21:23:00,FALSE,0,FALSE,MET
SLA_SYN_0001208,EXC_SYN_0001208,PAYMENT_EXCEPTION_RESOLUTION,2025-11-25T16:37:00,2025-11-26T00:37:00,TRUE,158363,FALSE,BREACHED
SLA_SYN_0001209,EXC_SYN_0001209,PAYMENT_EXCEPTION_RESOLUTION,2026-01-25T16:40:00,2026-01-26T00:40:00,FALSE,0,FALSE,MET
SLA_SYN_0001210,EXC_SYN_0001210,PAYMENT_EXCEPTION_RESOLUTION,2026-02-09T16:53:00,2026-02-10T00:53:00,FALSE,0,FALSE,MET
SLA_SYN_0001211,EXC_SYN_0001211,PAYMENT_EXCEPTION_RESOLUTION,2026-02-10T21:41:00,2026-02-11T01:41:00,TRUE,161,TRUE,BREACHED
SLA_SYN_0001212,EXC_SYN_0001212,PAYMENT_EXCEPTION_RESOLUTION,2025-12-22T22:14:00,2025-12-23T06:14:00,TRUE,119146,FALSE,BREACHED
SLA_SYN_0001213,EXC_SYN_0001213,PAYMENT_EXCEPTION_RESOLUTION,2026-02-17T15:58:00,2026-02-17T23:58:00,FALSE,0,FALSE,MET
SLA_SYN_0001214,EXC_SYN_0001214,PAYMENT_EXCEPTION_RESOLUTION,2025-12-10T16:28:00,2025-12-10T20:28:00,FALSE,0,FALSE,MET
SLA_SYN_0001215,EXC_SYN_0001215,PAYMENT_EXCEPTION_RESOLUTION,2025-11-20T17:38:00,2025-11-20T21:38:00,FALSE,0,FALSE,MET
SLA_SYN_0001216,EXC_SYN_0001216,PAYMENT_EXCEPTION_RESOLUTION,2026-02-06T14:13:00,2026-02-06T22:13:00,TRUE,53387,FALSE,BREACHED
SLA_SYN_0001217,EXC_SYN_0001217,PAYMENT_EXCEPTION_RESOLUTION,2025-12-27T19:51:00,2025-12-27T23:51:00,FALSE,0,FALSE,MET
SLA_SYN_0001218,EXC_SYN_0001218,PAYMENT_EXCEPTION_RESOLUTION,2025-12-29T22:35:00,2025-12-30T06:35:00,TRUE,168,FALSE,BREACHED
SLA_SYN_0001219,EXC_SYN_0001219,PAYMENT_EXCEPTION_RESOLUTION,2026-01-12T09:29:00,2026-01-12T17:29:00,FALSE,0,FALSE,MET
SLA_SYN_0001220,EXC_SYN_0001220,PAYMENT_EXCEPTION_RESOLUTION,2026-02-06T17:48:00,2026-02-07T01:48:00,TRUE,53172,FALSE,BREACHED
SLA_SYN_0001221,EXC_SYN_0001221,PAYMENT_EXCEPTION_RESOLUTION,2025-11-18T14:50:00,2025-11-18T22:50:00,FALSE,0,FALSE,MET
SLA_SYN_0001222,EXC_SYN_0001222,PAYMENT_EXCEPTION_RESOLUTION,2026-01-30T14:36:00,2026-01-30T18:36:00,FALSE,0,FALSE,MET
SLA_SYN_0001223,EXC_SYN_0001223,PAYMENT_EXCEPTION_RESOLUTION,2026-01-03T18:10:00,2026-01-04T02:10:00,FALSE,0,FALSE,MET
SLA_SYN_0001224,EXC_SYN_0001224,PAYMENT_EXCEPTION_RESOLUTION,2025-11-25T19:10:00,2025-11-26T03:10:00,TRUE,158210,FALSE,BREACHED
SLA_SYN_0001225,EXC_SYN_0001225,PAYMENT_EXCEPTION_RESOLUTION,2026-01-30T15:35:00,2026-01-30T19:35:00,TRUE,175,TRUE,BREACHED
SLA_SYN_0001226,EXC_SYN_0001226,PAYMENT_EXCEPTION_RESOLUTION,2026-02-25T18:56:00,2026-02-25T22:56:00,FALSE,0,FALSE,MET
SLA_SYN_0001227,EXC_SYN_0001227,PAYMENT_EXCEPTION_RESOLUTION,2025-12-23T13:57:00,2025-12-23T21:57:00,FALSE,0,FALSE,MET
SLA_SYN_0001228,EXC_SYN_0001228,PAYMENT_EXCEPTION_RESOLUTION,2026-02-25T18:25:00,2026-02-25T22:25:00,TRUE,26015,TRUE,BREACHED
SLA_SYN_0001229,EXC_SYN_0001229,PAYMENT_EXCEPTION_RESOLUTION,2025-11-28T11:12:00,2025-11-28T19:12:00,FALSE,0,FALSE,MET
SLA_SYN_0001230,EXC_SYN_0001230,PAYMENT_EXCEPTION_RESOLUTION,2026-01-24T19:58:00,2026-01-25T03:58:00,FALSE,0,FALSE,MET
SLA_SYN_0001231,EXC_SYN_0001231,PAYMENT_EXCEPTION_RESOLUTION,2026-02-21T16:03:00,2026-02-22T00:03:00,FALSE,0,FALSE,MET
SLA_SYN_0001232,EXC_SYN_0001232,PAYMENT_EXCEPTION_RESOLUTION,2025-12-30T11:21:00,2025-12-30T19:21:00,TRUE,108279,FALSE,BREACHED
SLA_SYN_0001233,EXC_SYN_0001233,PAYMENT_EXCEPTION_RESOLUTION,2025-12-15T17:19:00,2025-12-15T21:19:00,FALSE,0,FALSE,MET
SLA_SYN_0001234,EXC_SYN_0001234,PAYMENT_EXCEPTION_RESOLUTION,2026-03-15T15:18:00,2026-03-15T23:18:00,FALSE,0,FALSE,MET
SLA_SYN_0001235,EXC_SYN_0001235,PAYMENT_EXCEPTION_RESOLUTION,2025-12-07T15:58:00,2025-12-07T23:58:00,FALSE,0,FALSE,MET
SLA_SYN_0001236,EXC_SYN_0001236,PAYMENT_EXCEPTION_RESOLUTION,2026-03-13T16:41:00,2026-03-13T20:41:00,TRUE,3079,TRUE,BREACHED
SLA_SYN_0001237,EXC_SYN_0001237,PAYMENT_EXCEPTION_RESOLUTION,2026-01-06T17:21:00,2026-01-06T21:21:00,FALSE,0,FALSE,MET
SLA_SYN_0001238,EXC_SYN_0001238,PAYMENT_EXCEPTION_RESOLUTION,2026-01-11T21:52:00,2026-01-12T05:52:00,FALSE,0,FALSE,MET
SLA_SYN_0001239,EXC_SYN_0001239,PAYMENT_EXCEPTION_RESOLUTION,2025-12-30T20:01:00,2025-12-31T00:01:00,TRUE,189,TRUE,BREACHED
SLA_SYN_0001240,EXC_SYN_0001240,PAYMENT_EXCEPTION_RESOLUTION,2025-12-02T21:11:00,2025-12-03T05:11:00,TRUE,148009,FALSE,BREACHED
SLA_SYN_0001241,EXC_SYN_0001241,PAYMENT_EXCEPTION_RESOLUTION,2025-12-23T20:27:00,2025-12-24T04:27:00,FALSE,0,FALSE,MET
SLA_SYN_0001242,EXC_SYN_0001242,PAYMENT_EXCEPTION_RESOLUTION,2026-03-14T18:09:00,2026-03-14T22:09:00,FALSE,0,FALSE,MET
SLA_SYN_0001243,EXC_SYN_0001243,PAYMENT_EXCEPTION_RESOLUTION,2026-01-16T23:07:00,2026-01-17T07:07:00,FALSE,0,FALSE,MET
SLA_SYN_0001244,EXC_SYN_0001244,PAYMENT_EXCEPTION_RESOLUTION,2026-01-06T16:01:00,2026-01-06T20:01:00,TRUE,98159,TRUE,BREACHED
SLA_SYN_0001245,EXC_SYN_0001245,PAYMENT_EXCEPTION_RESOLUTION,2025-12-05T23:23:00,2025-12-06T07:23:00,FALSE,0,FALSE,MET
SLA_SYN_0001246,EXC_SYN_0001246,PAYMENT_EXCEPTION_RESOLUTION,2026-02-06T17:34:00,2026-02-07T01:34:00,TRUE,196,FALSE,BREACHED
SLA_SYN_0001247,EXC_SYN_0001247,PAYMENT_EXCEPTION_RESOLUTION,2026-01-22T17:22:00,2026-01-22T21:22:00,FALSE,0,FALSE,MET
SLA_SYN_0001248,EXC_SYN_0001248,PAYMENT_EXCEPTION_RESOLUTION,2026-01-23T10:16:00,2026-01-23T14:16:00,TRUE,74024,TRUE,BREACHED
SLA_SYN_0001249,EXC_SYN_0001249,PAYMENT_EXCEPTION_RESOLUTION,2025-11-17T16:31:00,2025-11-18T00:31:00,FALSE,0,FALSE,MET
SLA_SYN_0001250,EXC_SYN_0001250,PAYMENT_EXCEPTION_RESOLUTION,2026-01-01T13:13:00,2026-01-01T17:13:00,FALSE,0,FALSE,MET
SLA_SYN_0001251,EXC_SYN_0001251,PAYMENT_EXCEPTION_RESOLUTION,2026-01-10T13:36:00,2026-01-10T21:36:00,FALSE,0,FALSE,MET
SLA_SYN_0001252,EXC_SYN_0001252,PAYMENT_EXCEPTION_RESOLUTION,2026-03-15T13:49:00,2026-03-15T21:49:00,TRUE,131,FALSE,BREACHED
SLA_SYN_0001253,EXC_SYN_0001253,PAYMENT_EXCEPTION_RESOLUTION,2026-01-21T16:36:00,2026-01-22T00:36:00,TRUE,203,FALSE,BREACHED
SLA_SYN_0001254,EXC_SYN_0001254,PAYMENT_EXCEPTION_RESOLUTION,2025-11-22T18:43:00,2025-11-23T02:43:00,FALSE,0,FALSE,MET
SLA_SYN_0001255,EXC_SYN_0001255,PAYMENT_EXCEPTION_RESOLUTION,2025-12-04T11:27:00,2025-12-04T15:27:00,FALSE,0,FALSE,MET
SLA_SYN_0001256,EXC_SYN_0001256,PAYMENT_EXCEPTION_RESOLUTION,2026-03-12T18:59:00,2026-03-13T02:59:00,TRUE,4141,FALSE,BREACHED
SLA_SYN_0001257,EXC_SYN_0001257,PAYMENT_EXCEPTION_RESOLUTION,2026-02-14T11:26:00,2026-02-14T19:26:00,FALSE,0,FALSE,MET
SLA_SYN_0001258,EXC_SYN_0001258,PAYMENT_EXCEPTION_RESOLUTION,2025-12-27T12:36:00,2025-12-27T16:36:00,FALSE,0,FALSE,MET
SLA_SYN_0001259,EXC_SYN_0001259,PAYMENT_EXCEPTION_RESOLUTION,2026-01-05T15:30:00,2026-01-05T19:30:00,FALSE,0,FALSE,MET
SLA_SYN_0001260,EXC_SYN_0001260,PAYMENT_EXCEPTION_RESOLUTION,2025-12-31T20:18:00,2026-01-01T04:18:00,TRUE,106302,FALSE,BREACHED
SLA_SYN_0001261,EXC_SYN_0001261,PAYMENT_EXCEPTION_RESOLUTION,2026-01-17T21:11:00,2026-01-18T01:11:00,FALSE,0,FALSE,MET
SLA_SYN_0001262,EXC_SYN_0001262,PAYMENT_EXCEPTION_RESOLUTION,2026-01-05T14:35:00,2026-01-05T22:35:00,FALSE,0,FALSE,MET
SLA_SYN_0001263,EXC_SYN_0001263,PAYMENT_EXCEPTION_RESOLUTION,2025-12-03T17:19:00,2025-12-04T01:19:00,FALSE,0,FALSE,MET
SLA_SYN_0001264,EXC_SYN_0001264,PAYMENT_EXCEPTION_RESOLUTION,2026-03-10T19:26:00,2026-03-10T23:26:00,TRUE,7234,TRUE,BREACHED
SLA_SYN_0001265,EXC_SYN_0001265,PAYMENT_EXCEPTION_RESOLUTION,2026-02-13T16:28:00,2026-02-14T00:28:00,FALSE,0,FALSE,MET
SLA_SYN_0001266,EXC_SYN_0001266,PAYMENT_EXCEPTION_RESOLUTION,2026-02-01T18:45:00,2026-02-01T22:45:00,FALSE,0,FALSE,MET
SLA_SYN_0001267,EXC_SYN_0001267,PAYMENT_EXCEPTION_RESOLUTION,2026-02-20T13:16:00,2026-02-20T21:16:00,TRUE,37,FALSE,BREACHED
SLA_SYN_0001268,EXC_SYN_0001268,PAYMENT_EXCEPTION_RESOLUTION,2026-01-17T18:24:00,2026-01-18T02:24:00,TRUE,81936,FALSE,BREACHED
SLA_SYN_0001269,EXC_SYN_0001269,PAYMENT_EXCEPTION_RESOLUTION,2026-01-31T13:52:00,2026-01-31T17:52:00,FALSE,0,FALSE,MET
SLA_SYN_0001270,EXC_SYN_0001270,PAYMENT_EXCEPTION_RESOLUTION,2026-02-13T19:47:00,2026-02-13T23:47:00,FALSE,0,FALSE,MET
SLA_SYN_0001271,EXC_SYN_0001271,PAYMENT_EXCEPTION_RESOLUTION,2025-12-02T20:10:00,2025-12-03T04:10:00,FALSE,0,FALSE,MET
SLA_SYN_0001272,EXC_SYN_0001272,PAYMENT_EXCEPTION_RESOLUTION,2025-12-01T22:37:00,2025-12-02T02:37:00,TRUE,149603,TRUE,BREACHED
SLA_SYN_0001273,EXC_SYN_0001273,PAYMENT_EXCEPTION_RESOLUTION,2025-12-27T17:35:00,2025-12-28T01:35:00,FALSE,0,FALSE,MET
SLA_SYN_0001274,EXC_SYN_0001274,PAYMENT_EXCEPTION_RESOLUTION,2025-12-06T16:23:00,2025-12-07T00:23:00,TRUE,44,FALSE,BREACHED
SLA_SYN_0001275,EXC_SYN_0001275,PAYMENT_EXCEPTION_RESOLUTION,2026-01-06T16:46:00,2026-01-07T00:46:00,FALSE,0,FALSE,MET
SLA_SYN_0001276,EXC_SYN_0001276,PAYMENT_EXCEPTION_RESOLUTION,2026-02-19T16:02:00,2026-02-20T00:02:00,TRUE,34558,FALSE,BREACHED
SLA_SYN_0001277,EXC_SYN_0001277,PAYMENT_EXCEPTION_RESOLUTION,2026-01-27T17:42:00,2026-01-27T21:42:00,FALSE,0,FALSE,MET
SLA_SYN_0001278,EXC_SYN_0001278,PAYMENT_EXCEPTION_RESOLUTION,2025-11-25T13:37:00,2025-11-25T21:37:00,FALSE,0,FALSE,MET
SLA_SYN_0001279,EXC_SYN_0001279,PAYMENT_EXCEPTION_RESOLUTION,2026-03-06T17:11:00,2026-03-07T01:11:00,FALSE,0,FALSE,MET
SLA_SYN_0001280,EXC_SYN_0001280,PAYMENT_EXCEPTION_RESOLUTION,2026-03-06T09:45:00,2026-03-06T13:45:00,TRUE,13575,TRUE,BREACHED
SLA_SYN_0001281,EXC_SYN_0001281,PAYMENT_EXCEPTION_RESOLUTION,2025-12-01T10:18:00,2025-12-01T14:18:00,TRUE,51,TRUE,BREACHED
SLA_SYN_0001282,EXC_SYN_0001282,PAYMENT_EXCEPTION_RESOLUTION,2025-12-02T10:41:00,2025-12-02T18:41:00,FALSE,0,FALSE,MET
SLA_SYN_0001283,EXC_SYN_0001283,PAYMENT_EXCEPTION_RESOLUTION,2026-01-08T18:40:00,2026-01-08T22:40:00,FALSE,0,FALSE,MET
SLA_SYN_0001284,EXC_SYN_0001284,PAYMENT_EXCEPTION_RESOLUTION,2025-12-31T14:55:00,2025-12-31T22:55:00,TRUE,106625,FALSE,BREACHED
SLA_SYN_0001285,EXC_SYN_0001285,PAYMENT_EXCEPTION_RESOLUTION,2026-02-03T11:20:00,2026-02-03T19:20:00,FALSE,0,FALSE,MET
SLA_SYN_0001286,EXC_SYN_0001286,PAYMENT_EXCEPTION_RESOLUTION,2026-01-05T20:36:00,2026-01-06T04:36:00,FALSE,0,FALSE,MET
SLA_SYN_0001287,EXC_SYN_0001287,PAYMENT_EXCEPTION_RESOLUTION,2026-03-11T15:14:00,2026-03-11T19:14:00,FALSE,0,FALSE,MET
SLA_SYN_0001288,EXC_SYN_0001288,PAYMENT_EXCEPTION_RESOLUTION,2025-11-28T19:25:00,2025-11-28T23:25:00,TRUE,154115,TRUE,BREACHED
SLA_SYN_0001289,EXC_SYN_0001289,PAYMENT_EXCEPTION_RESOLUTION,2026-02-01T20:08:00,2026-02-02T04:08:00,FALSE,0,FALSE,MET
SLA_SYN_0001290,EXC_SYN_0001290,PAYMENT_EXCEPTION_RESOLUTION,2025-11-21T12:52:00,2025-11-21T20:52:00,FALSE,0,FALSE,MET
SLA_SYN_0001291,EXC_SYN_0001291,PAYMENT_EXCEPTION_RESOLUTION,2026-01-04T18:00:00,2026-01-04T22:00:00,FALSE,0,FALSE,MET
SLA_SYN_0001292,EXC_SYN_0001292,PAYMENT_EXCEPTION_RESOLUTION,2026-01-28T17:16:00,2026-01-28T21:16:00,TRUE,66404,TRUE,BREACHED
SLA_SYN_0001293,EXC_SYN_0001293,PAYMENT_EXCEPTION_RESOLUTION,2026-02-18T16:05:00,2026-02-19T00:05:00,FALSE,0,FALSE,MET
SLA_SYN_0001294,EXC_SYN_0001294,PAYMENT_EXCEPTION_RESOLUTION,2026-01-19T17:42:00,2026-01-19T21:42:00,FALSE,0,FALSE,MET
SLA_SYN_0001295,EXC_SYN_0001295,PAYMENT_EXCEPTION_RESOLUTION,2026-01-29T22:23:00,2026-01-30T06:23:00,TRUE,65,FALSE,BREACHED
SLA_SYN_0001296,EXC_SYN_0001296,PAYMENT_EXCEPTION_RESOLUTION,2026-02-21T19:05:00,2026-02-22T03:05:00,TRUE,31495,FALSE,BREACHED
SLA_SYN_0001297,EXC_SYN_0001297,PAYMENT_EXCEPTION_RESOLUTION,2026-01-07T13:16:00,2026-01-07T21:16:00,FALSE,0,FALSE,MET
SLA_SYN_0001298,EXC_SYN_0001298,PAYMENT_EXCEPTION_RESOLUTION,2026-03-14T22:05:00,2026-03-15T06:05:00,FALSE,0,FALSE,MET
SLA_SYN_0001299,EXC_SYN_0001299,PAYMENT_EXCEPTION_RESOLUTION,2026-01-25T16:26:00,2026-01-25T20:26:00,FALSE,0,FALSE,MET
SLA_SYN_0001300,EXC_SYN_0001300,PAYMENT_EXCEPTION_RESOLUTION,2025-12-24T21:24:00,2025-12-25T05:24:00,TRUE,116316,FALSE,BREACHED
SLA_SYN_0001301,EXC_SYN_0001301,PAYMENT_EXCEPTION_RESOLUTION,2026-02-22T00:01:00,2026-02-22T08:01:00,FALSE,0,FALSE,MET
SLA_SYN_0001302,EXC_SYN_0001302,PAYMENT_EXCEPTION_RESOLUTION,2026-01-31T13:46:00,2026-01-31T17:46:00,TRUE,72,TRUE,BREACHED
SLA_SYN_0001303,EXC_SYN_0001303,PAYMENT_EXCEPTION_RESOLUTION,2026-02-04T09:24:00,2026-02-04T13:24:00,FALSE,0,FALSE,MET
SLA_SYN_0001304,EXC_SYN_0001304,PAYMENT_EXCEPTION_RESOLUTION,2026-01-15T13:05:00,2026-01-15T21:05:00,TRUE,85135,FALSE,BREACHED
SLA_SYN_0001305,EXC_SYN_0001305,PAYMENT_EXCEPTION_RESOLUTION,2025-11-23T18:43:00,2025-11-23T22:43:00,FALSE,0,FALSE,MET
SLA_SYN_0001306,EXC_SYN_0001306,PAYMENT_EXCEPTION_RESOLUTION,2026-03-03T15:25:00,2026-03-03T23:25:00,FALSE,0,FALSE,MET
SLA_SYN_0001307,EXC_SYN_0001307,PAYMENT_EXCEPTION_RESOLUTION,2026-02-06T18:02:00,2026-02-07T02:02:00,FALSE,0,FALSE,MET
SLA_SYN_0001308,EXC_SYN_0001308,PAYMENT_EXCEPTION_RESOLUTION,2026-01-25T13:00:00,2026-01-25T21:00:00,TRUE,70740,FALSE,BREACHED
SLA_SYN_0001309,EXC_SYN_0001309,PAYMENT_EXCEPTION_RESOLUTION,2025-12-11T11:56:00,2025-12-11T19:56:00,TRUE,79,FALSE,BREACHED
SLA_SYN_0001310,EXC_SYN_0001310,PAYMENT_EXCEPTION_RESOLUTION,2025-12-01T13:06:00,2025-12-01T17:06:00,FALSE,0,FALSE,MET
SLA_SYN_0001311,EXC_SYN_0001311,PAYMENT_EXCEPTION_RESOLUTION,2026-01-06T10:58:00,2026-01-06T18:58:00,FALSE,0,FALSE,MET
SLA_SYN_0001312,EXC_SYN_0001312,PAYMENT_EXCEPTION_RESOLUTION,2025-12-14T15:09:00,2025-12-14T23:09:00,TRUE,131091,FALSE,BREACHED
SLA_SYN_0001313,EXC_SYN_0001313,PAYMENT_EXCEPTION_RESOLUTION,2026-02-17T13:45:00,2026-02-17T17:45:00,FALSE,0,FALSE,MET
SLA_SYN_0001314,EXC_SYN_0001314,PAYMENT_EXCEPTION_RESOLUTION,2026-03-12T18:26:00,2026-03-12T22:26:00,FALSE,0,FALSE,MET
SLA_SYN_0001315,EXC_SYN_0001315,PAYMENT_EXCEPTION_RESOLUTION,2026-02-03T15:28:00,2026-02-03T23:28:00,FALSE,0,FALSE,MET
SLA_SYN_0001316,EXC_SYN_0001316,PAYMENT_EXCEPTION_RESOLUTION,2026-01-16T12:50:00,2026-01-16T16:50:00,TRUE,83950,TRUE,BREACHED
SLA_SYN_0001317,EXC_SYN_0001317,PAYMENT_EXCEPTION_RESOLUTION,2026-03-09T15:54:00,2026-03-09T19:54:00,FALSE,0,FALSE,MET
SLA_SYN_0001318,EXC_SYN_0001318,PAYMENT_EXCEPTION_RESOLUTION,2026-02-10T11:49:00,2026-02-10T19:49:00,FALSE,0,FALSE,MET
SLA_SYN_0001319,EXC_SYN_0001319,PAYMENT_EXCEPTION_RESOLUTION,2025-12-13T12:42:00,2025-12-13T20:42:00,FALSE,0,FALSE,MET
SLA_SYN_0001320,EXC_SYN_0001320,PAYMENT_EXCEPTION_RESOLUTION,2025-12-05T15:09:00,2025-12-05T23:09:00,TRUE,144051,FALSE,BREACHED
SLA_SYN_0001321,EXC_SYN_0001321,PAYMENT_EXCEPTION_RESOLUTION,2026-02-26T17:33:00,2026-02-26T21:33:00,FALSE,0,FALSE,MET
SLA_SYN_0001322,EXC_SYN_0001322,PAYMENT_EXCEPTION_RESOLUTION,2026-03-01T14:38:00,2026-03-01T22:38:00,FALSE,0,FALSE,MET
SLA_SYN_0001323,EXC_SYN_0001323,PAYMENT_EXCEPTION_RESOLUTION,2025-12-06T22:47:00,2025-12-07T06:47:00,TRUE,93,FALSE,BREACHED
SLA_SYN_0001324,EXC_SYN_0001324,PAYMENT_EXCEPTION_RESOLUTION,2025-11-17T21:13:00,2025-11-18T01:13:00,TRUE,169847,TRUE,BREACHED
SLA_SYN_0001325,EXC_SYN_0001325,PAYMENT_EXCEPTION_RESOLUTION,2025-12-06T20:29:00,2025-12-07T00:29:00,FALSE,0,FALSE,MET
SLA_SYN_0001326,EXC_SYN_0001326,PAYMENT_EXCEPTION_RESOLUTION,2025-12-23T17:04:00,2025-12-24T01:04:00,FALSE,0,FALSE,MET
SLA_SYN_0001327,EXC_SYN_0001327,PAYMENT_EXCEPTION_RESOLUTION,2026-01-15T20:55:00,2026-01-16T00:55:00,FALSE,0,FALSE,MET
SLA_SYN_0001328,EXC_SYN_0001328,PAYMENT_EXCEPTION_RESOLUTION,2025-12-02T16:03:00,2025-12-03T00:03:00,TRUE,148317,FALSE,BREACHED
SLA_SYN_0001329,EXC_SYN_0001329,PAYMENT_EXCEPTION_RESOLUTION,2026-01-14T20:14:00,2026-01-15T04:14:00,FALSE,0,FALSE,MET
SLA_SYN_0001330,EXC_SYN_0001330,PAYMENT_EXCEPTION_RESOLUTION,2026-03-09T09:32:00,2026-03-09T13:32:00,TRUE,100,TRUE,BREACHED
SLA_SYN_0001331,EXC_SYN_0001331,PAYMENT_EXCEPTION_RESOLUTION,2025-12-15T17:04:00,2025-12-16T01:04:00,FALSE,0,FALSE,MET
SLA_SYN_0001332,EXC_SYN_0001332,PAYMENT_EXCEPTION_RESOLUTION,2025-12-05T17:47:00,2025-12-05T21:47:00,TRUE,144133,TRUE,BREACHED
SLA_SYN_0001333,EXC_SYN_0001333,PAYMENT_EXCEPTION_RESOLUTION,2025-11-17T18:27:00,2025-11-18T02:27:00,FALSE,0,FALSE,MET
SLA_SYN_0001334,EXC_SYN_0001334,PAYMENT_EXCEPTION_RESOLUTION,2025-12-02T13:35:00,2025-12-02T21:35:00,FALSE,0,FALSE,MET
SLA_SYN_0001335,EXC_SYN_0001335,PAYMENT_EXCEPTION_RESOLUTION,2026-01-26T10:57:00,2026-01-26T14:57:00,FALSE,0,FALSE,MET
SLA_SYN_0001336,EXC_SYN_0001336,PAYMENT_EXCEPTION_RESOLUTION,2026-03-15T17:32:00,2026-03-15T21:32:00,TRUE,148,TRUE,BREACHED
SLA_SYN_0001337,EXC_SYN_0001337,PAYMENT_EXCEPTION_RESOLUTION,2025-12-22T19:19:00,2025-12-23T03:19:00,TRUE,107,FALSE,BREACHED
SLA_SYN_0001338,EXC_SYN_0001338,PAYMENT_EXCEPTION_RESOLUTION,2026-01-15T12:13:00,2026-01-15T16:13:00,FALSE,0,FALSE,MET
SLA_SYN_0001339,EXC_SYN_0001339,PAYMENT_EXCEPTION_RESOLUTION,2026-01-19T17:04:00,2026-01-20T01:04:00,FALSE,0,FALSE,MET
SLA_SYN_0001340,EXC_SYN_0001340,PAYMENT_EXCEPTION_RESOLUTION,2025-11-29T10:45:00,2025-11-29T18:45:00,TRUE,152955,FALSE,BREACHED
SLA_SYN_0001341,EXC_SYN_0001341,PAYMENT_EXCEPTION_RESOLUTION,2026-01-16T11:08:00,2026-01-16T19:08:00,FALSE,0,FALSE,MET
SLA_SYN_0001342,EXC_SYN_0001342,PAYMENT_EXCEPTION_RESOLUTION,2025-12-13T14:42:00,2025-12-13T22:42:00,FALSE,0,FALSE,MET
SLA_SYN_0001343,EXC_SYN_0001343,PAYMENT_EXCEPTION_RESOLUTION,2026-02-21T17:26:00,2026-02-21T21:26:00,FALSE,0,FALSE,MET
SLA_SYN_0001344,EXC_SYN_0001344,PAYMENT_EXCEPTION_RESOLUTION,2026-01-21T19:06:00,2026-01-22T03:06:00,TRUE,76134,FALSE,BREACHED
SLA_SYN_0001345,EXC_SYN_0001345,PAYMENT_EXCEPTION_RESOLUTION,2026-02-27T14:14:00,2026-02-27T22:14:00,FALSE,0,FALSE,MET
SLA_SYN_0001346,EXC_SYN_0001346,PAYMENT_EXCEPTION_RESOLUTION,2026-02-07T20:56:00,2026-02-08T00:56:00,FALSE,0,FALSE,MET
SLA_SYN_0001347,EXC_SYN_0001347,PAYMENT_EXCEPTION_RESOLUTION,2026-03-05T21:02:00,2026-03-06T01:02:00,FALSE,0,FALSE,MET
SLA_SYN_0001348,EXC_SYN_0001348,PAYMENT_EXCEPTION_RESOLUTION,2025-11-30T21:52:00,2025-12-01T05:52:00,TRUE,150848,FALSE,BREACHED
SLA_SYN_0001349,EXC_SYN_0001349,PAYMENT_EXCEPTION_RESOLUTION,2026-02-26T15:26:00,2026-02-26T19:26:00,FALSE,0,FALSE,MET
SLA_SYN_0001350,EXC_SYN_0001350,PAYMENT_EXCEPTION_RESOLUTION,2025-11-22T18:57:00,2025-11-23T02:57:00,FALSE,0,FALSE,MET
SLA_SYN_0001351,EXC_SYN_0001351,PAYMENT_EXCEPTION_RESOLUTION,2026-01-14T16:29:00,2026-01-15T00:29:00,TRUE,121,FALSE,BREACHED
SLA_SYN_0001352,EXC_SYN_0001352,PAYMENT_EXCEPTION_RESOLUTION,2025-11-16T15:15:00,2025-11-16T23:15:00,TRUE,171405,FALSE,BREACHED
SLA_SYN_0001353,EXC_SYN_0001353,PAYMENT_EXCEPTION_RESOLUTION,2025-11-17T19:09:00,2025-11-18T03:09:00,FALSE,0,FALSE,MET
SLA_SYN_0001354,EXC_SYN_0001354,PAYMENT_EXCEPTION_RESOLUTION,2025-12-19T21:26:00,2025-12-20T01:26:00,FALSE,0,FALSE,MET
SLA_SYN_0001355,EXC_SYN_0001355,PAYMENT_EXCEPTION_RESOLUTION,2026-03-06T22:36:00,2026-03-07T06:36:00,FALSE,0,FALSE,MET
SLA_SYN_0001356,EXC_SYN_0001356,PAYMENT_EXCEPTION_RESOLUTION,2025-12-30T15:50:00,2025-12-30T23:50:00,TRUE,108010,FALSE,BREACHED
SLA_SYN_0001357,EXC_SYN_0001357,PAYMENT_EXCEPTION_RESOLUTION,2026-02-27T14:28:00,2026-02-27T18:28:00,FALSE,0,FALSE,MET
SLA_SYN_0001358,EXC_SYN_0001358,PAYMENT_EXCEPTION_RESOLUTION,2025-12-03T11:03:00,2025-12-03T15:03:00,TRUE,128,TRUE,BREACHED
SLA_SYN_0001359,EXC_SYN_0001359,PAYMENT_EXCEPTION_RESOLUTION,2026-03-10T09:22:00,2026-03-10T13:22:00,FALSE,0,FALSE,MET
SLA_SYN_0001360,EXC_SYN_0001360,PAYMENT_EXCEPTION_RESOLUTION,2026-02-16T11:39:00,2026-02-16T15:39:00,TRUE,39381,TRUE,BREACHED
SLA_SYN_0001361,EXC_SYN_0001361,PAYMENT_EXCEPTION_RESOLUTION,2025-11-21T17:54:00,2025-11-22T01:54:00,FALSE,0,FALSE,MET
SLA_SYN_0001362,EXC_SYN_0001362,PAYMENT_EXCEPTION_RESOLUTION,2026-01-17T19:04:00,2026-01-18T03:04:00,FALSE,0,FALSE,MET
SLA_SYN_0001363,EXC_SYN_0001363,PAYMENT_EXCEPTION_RESOLUTION,2026-02-09T11:01:00,2026-02-09T19:01:00,FALSE,0,FALSE,MET
SLA_SYN_0001364,EXC_SYN_0001364,PAYMENT_EXCEPTION_RESOLUTION,2026-03-13T10:54:00,2026-03-13T14:54:00,TRUE,3426,TRUE,BREACHED
SLA_SYN_0001365,EXC_SYN_0001365,PAYMENT_EXCEPTION_RESOLUTION,2025-11-22T14:48:00,2025-11-22T18:48:00,TRUE,135,TRUE,BREACHED
SLA_SYN_0001366,EXC_SYN_0001366,PAYMENT_EXCEPTION_RESOLUTION,2026-03-04T17:32:00,2026-03-05T01:32:00,FALSE,0,FALSE,MET
SLA_SYN_0001367,EXC_SYN_0001367,PAYMENT_EXCEPTION_RESOLUTION,2025-12-29T15:24:00,2025-12-29T23:24:00,FALSE,0,FALSE,MET
SLA_SYN_0001368,EXC_SYN_0001368,PAYMENT_EXCEPTION_RESOLUTION,2026-01-20T19:25:00,2026-01-20T23:25:00,TRUE,77795,TRUE,BREACHED
SLA_SYN_0001369,EXC_SYN_0001369,PAYMENT_EXCEPTION_RESOLUTION,2026-02-06T13:36:00,2026-02-06T17:36:00,FALSE,0,FALSE,MET
SLA_SYN_0001370,EXC_SYN_0001370,PAYMENT_EXCEPTION_RESOLUTION,2025-12-03T20:38:00,2025-12-04T04:38:00,FALSE,0,FALSE,MET
SLA_SYN_0001371,EXC_SYN_0001371,PAYMENT_EXCEPTION_RESOLUTION,2025-11-24T18:10:00,2025-11-24T22:10:00,FALSE,0,FALSE,MET
SLA_SYN_0001372,EXC_SYN_0001372,PAYMENT_EXCEPTION_RESOLUTION,2026-02-28T19:30:00,2026-03-01T03:30:00,TRUE,21390,FALSE,BREACHED
SLA_SYN_0001373,EXC_SYN_0001373,PAYMENT_EXCEPTION_RESOLUTION,2026-03-05T16:02:00,2026-03-06T00:02:00,FALSE,0,FALSE,MET
SLA_SYN_0001374,EXC_SYN_0001374,PAYMENT_EXCEPTION_RESOLUTION,2026-03-04T17:22:00,2026-03-05T01:22:00,FALSE,0,FALSE,MET
SLA_SYN_0001375,EXC_SYN_0001375,PAYMENT_EXCEPTION_RESOLUTION,2026-01-02T12:10:00,2026-01-02T20:10:00,FALSE,0,FALSE,MET
SLA_SYN_0001376,EXC_SYN_0001376,PAYMENT_EXCEPTION_RESOLUTION,2025-11-28T15:17:00,2025-11-28T19:17:00,TRUE,154363,TRUE,BREACHED
SLA_SYN_0001377,EXC_SYN_0001377,PAYMENT_EXCEPTION_RESOLUTION,2025-12-29T16:54:00,2025-12-30T00:54:00,FALSE,0,FALSE,MET
SLA_SYN_0001378,EXC_SYN_0001378,PAYMENT_EXCEPTION_RESOLUTION,2025-12-26T20:38:00,2025-12-27T04:38:00,FALSE,0,FALSE,MET
SLA_SYN_0001379,EXC_SYN_0001379,PAYMENT_EXCEPTION_RESOLUTION,2026-02-21T21:48:00,2026-02-22T01:48:00,TRUE,149,TRUE,BREACHED
SLA_SYN_0001380,EXC_SYN_0001380,PAYMENT_EXCEPTION_RESOLUTION,2025-12-12T21:31:00,2025-12-13T01:31:00,TRUE,133829,TRUE,BREACHED
SLA_SYN_0001381,EXC_SYN_0001381,PAYMENT_EXCEPTION_RESOLUTION,2026-01-25T14:45:00,2026-01-25T22:45:00,FALSE,0,FALSE,MET
SLA_SYN_0001382,EXC_SYN_0001382,PAYMENT_EXCEPTION_RESOLUTION,2026-03-09T17:59:00,2026-03-09T21:59:00,FALSE,0,FALSE,MET
SLA_SYN_0001383,EXC_SYN_0001383,PAYMENT_EXCEPTION_RESOLUTION,2026-01-29T22:40:00,2026-01-30T06:40:00,FALSE,0,FALSE,MET
SLA_SYN_0001384,EXC_SYN_0001384,PAYMENT_EXCEPTION_RESOLUTION,2026-02-15T18:45:00,2026-02-16T02:45:00,TRUE,40155,FALSE,BREACHED
SLA_SYN_0001385,EXC_SYN_0001385,PAYMENT_EXCEPTION_RESOLUTION,2026-01-25T09:00:00,2026-01-25T17:00:00,FALSE,0,FALSE,MET
SLA_SYN_0001386,EXC_SYN_0001386,PAYMENT_EXCEPTION_RESOLUTION,2026-01-26T12:51:00,2026-01-26T20:51:00,TRUE,156,FALSE,BREACHED
SLA_SYN_0001387,EXC_SYN_0001387,PAYMENT_EXCEPTION_RESOLUTION,2026-02-04T13:34:00,2026-02-04T17:34:00,FALSE,0,FALSE,MET
SLA_SYN_0001388,EXC_SYN_0001388,PAYMENT_EXCEPTION_RESOLUTION,2025-12-22T17:45:00,2025-12-23T01:45:00,TRUE,119415,FALSE,BREACHED
SLA_SYN_0001389,EXC_SYN_0001389,PAYMENT_EXCEPTION_RESOLUTION,2026-01-28T17:18:00,2026-01-29T01:18:00,FALSE,0,FALSE,MET
SLA_SYN_0001390,EXC_SYN_0001390,PAYMENT_EXCEPTION_RESOLUTION,2026-02-23T11:22:00,2026-02-23T15:22:00,FALSE,0,FALSE,MET
SLA_SYN_0001391,EXC_SYN_0001391,PAYMENT_EXCEPTION_RESOLUTION,2025-11-30T14:26:00,2025-11-30T18:26:00,FALSE,0,FALSE,MET
SLA_SYN_0001392,EXC_SYN_0001392,PAYMENT_EXCEPTION_RESOLUTION,2026-01-01T11:55:00,2026-01-01T19:55:00,TRUE,105365,FALSE,BREACHED
SLA_SYN_0001393,EXC_SYN_0001393,PAYMENT_EXCEPTION_RESOLUTION,2025-11-21T15:02:00,2025-11-21T19:02:00,TRUE,163,TRUE,BREACHED
SLA_SYN_0001394,EXC_SYN_0001394,PAYMENT_EXCEPTION_RESOLUTION,2026-01-15T12:14:00,2026-01-15T20:14:00,FALSE,0,FALSE,MET
SLA_SYN_0001395,EXC_SYN_0001395,PAYMENT_EXCEPTION_RESOLUTION,2025-12-06T17:59:00,2025-12-07T01:59:00,FALSE,0,FALSE,MET
SLA_SYN_0001396,EXC_SYN_0001396,PAYMENT_EXCEPTION_RESOLUTION,2025-12-07T13:54:00,2025-12-07T21:54:00,TRUE,141246,FALSE,BREACHED
SLA_SYN_0001397,EXC_SYN_0001397,PAYMENT_EXCEPTION_RESOLUTION,2026-02-01T19:32:00,2026-02-02T03:32:00,FALSE,0,FALSE,MET
SLA_SYN_0001398,EXC_SYN_0001398,PAYMENT_EXCEPTION_RESOLUTION,2025-12-25T14:50:00,2025-12-25T18:50:00,FALSE,0,FALSE,MET
SLA_SYN_0001399,EXC_SYN_0001399,PAYMENT_EXCEPTION_RESOLUTION,2026-01-14T18:41:00,2026-01-15T02:41:00,FALSE,0,FALSE,MET
SLA_SYN_0001400,EXC_SYN_0001400,PAYMENT_EXCEPTION_RESOLUTION,2026-03-06T14:19:00,2026-03-06T22:19:00,TRUE,13061,FALSE,BREACHED
SLA_SYN_0001401,EXC_SYN_0001401,PAYMENT_EXCEPTION_RESOLUTION,2025-12-20T14:59:00,2025-12-20T18:59:00,FALSE,0,FALSE,MET
SLA_SYN_0001402,EXC_SYN_0001402,PAYMENT_EXCEPTION_RESOLUTION,2025-11-17T13:08:00,2025-11-17T17:08:00,FALSE,0,FALSE,MET
SLA_SYN_0001403,EXC_SYN_0001403,PAYMENT_EXCEPTION_RESOLUTION,2026-02-12T16:22:00,2026-02-13T00:22:00,FALSE,0,FALSE,MET
SLA_SYN_0001404,EXC_SYN_0001404,PAYMENT_EXCEPTION_RESOLUTION,2026-03-15T12:57:00,2026-03-15T16:57:00,TRUE,423,TRUE,BREACHED
SLA_SYN_0001405,EXC_SYN_0001405,PAYMENT_EXCEPTION_RESOLUTION,2026-02-19T15:04:00,2026-02-19T23:04:00,FALSE,0,FALSE,MET
SLA_SYN_0001406,EXC_SYN_0001406,PAYMENT_EXCEPTION_RESOLUTION,2026-01-21T17:01:00,2026-01-22T01:01:00,FALSE,0,FALSE,MET
SLA_SYN_0001407,EXC_SYN_0001407,PAYMENT_EXCEPTION_RESOLUTION,2026-02-03T22:19:00,2026-02-04T06:19:00,TRUE,177,FALSE,BREACHED
SLA_SYN_0001408,EXC_SYN_0001408,PAYMENT_EXCEPTION_RESOLUTION,2025-12-05T13:59:00,2025-12-05T21:59:00,TRUE,144121,FALSE,BREACHED
SLA_SYN_0001409,EXC_SYN_0001409,PAYMENT_EXCEPTION_RESOLUTION,2025-12-19T19:44:00,2025-12-19T23:44:00,FALSE,0,FALSE,MET
SLA_SYN_0001410,EXC_SYN_0001410,PAYMENT_EXCEPTION_RESOLUTION,2025-12-14T14:25:00,2025-12-14T22:25:00,FALSE,0,FALSE,MET
SLA_SYN_0001411,EXC_SYN_0001411,PAYMENT_EXCEPTION_RESOLUTION,2026-02-11T15:55:00,2026-02-11T23:55:00,FALSE,0,FALSE,MET
SLA_SYN_0001412,EXC_SYN_0001412,PAYMENT_EXCEPTION_RESOLUTION,2025-12-21T19:26:00,2025-12-21T23:26:00,TRUE,120994,TRUE,BREACHED
SLA_SYN_0001413,EXC_SYN_0001413,PAYMENT_EXCEPTION_RESOLUTION,2025-11-21T16:13:00,2025-11-21T20:13:00,FALSE,0,FALSE,MET
SLA_SYN_0001414,EXC_SYN_0001414,PAYMENT_EXCEPTION_RESOLUTION,2026-02-07T13:42:00,2026-02-07T21:42:00,TRUE,184,FALSE,BREACHED
SLA_SYN_0001415,EXC_SYN_0001415,PAYMENT_EXCEPTION_RESOLUTION,2025-12-23T18:03:00,2025-12-23T22:03:00,FALSE,0,FALSE,MET
SLA_SYN_0001416,EXC_SYN_0001416,PAYMENT_EXCEPTION_RESOLUTION,2025-12-03T11:07:00,2025-12-03T19:07:00,TRUE,147173,FALSE,BREACHED
SLA_SYN_0001417,EXC_SYN_0001417,PAYMENT_EXCEPTION_RESOLUTION,2026-03-02T18:39:00,2026-03-03T02:39:00,FALSE,0,FALSE,MET
SLA_SYN_0001418,EXC_SYN_0001418,PAYMENT_EXCEPTION_RESOLUTION,2026-01-26T19:12:00,2026-01-27T03:12:00,FALSE,0,FALSE,MET
SLA_SYN_0001419,EXC_SYN_0001419,PAYMENT_EXCEPTION_RESOLUTION,2026-01-20T18:55:00,2026-01-21T02:55:00,FALSE,0,FALSE,MET
SLA_SYN_0001420,EXC_SYN_0001420,PAYMENT_EXCEPTION_RESOLUTION,2026-01-09T12:19:00,2026-01-09T16:19:00,TRUE,94061,TRUE,BREACHED
SLA_SYN_0001421,EXC_SYN_0001421,PAYMENT_EXCEPTION_RESOLUTION,2026-01-14T18:44:00,2026-01-15T02:44:00,TRUE,191,FALSE,BREACHED
SLA_SYN_0001422,EXC_SYN_0001422,PAYMENT_EXCEPTION_RESOLUTION,2025-11-26T16:33:00,2025-11-27T00:33:00,FALSE,0,FALSE,MET
SLA_SYN_0001423,EXC_SYN_0001423,PAYMENT_EXCEPTION_RESOLUTION,2025-11-19T11:04:00,2025-11-19T15:04:00,FALSE,0,FALSE,MET
SLA_SYN_0001424,EXC_SYN_0001424,PAYMENT_EXCEPTION_RESOLUTION,2026-02-17T14:28:00,2026-02-17T18:28:00,TRUE,37772,TRUE,BREACHED
SLA_SYN_0001425,EXC_SYN_0001425,PAYMENT_EXCEPTION_RESOLUTION,2026-03-10T16:15:00,2026-03-10T20:15:00,FALSE,0,FALSE,MET
SLA_SYN_0001426,EXC_SYN_0001426,PAYMENT_EXCEPTION_RESOLUTION,2026-01-04T18:32:00,2026-01-04T22:32:00,FALSE,0,FALSE,MET
SLA_SYN_0001427,EXC_SYN_0001427,PAYMENT_EXCEPTION_RESOLUTION,2026-02-10T14:27:00,2026-02-10T22:27:00,FALSE,0,FALSE,MET
SLA_SYN_0001428,EXC_SYN_0001428,PAYMENT_EXCEPTION_RESOLUTION,2026-01-07T12:29:00,2026-01-07T20:29:00,TRUE,96691,FALSE,BREACHED
SLA_SYN_0001429,EXC_SYN_0001429,PAYMENT_EXCEPTION_RESOLUTION,2026-02-10T15:03:00,2026-02-10T23:03:00,FALSE,0,FALSE,MET
SLA_SYN_0001430,EXC_SYN_0001430,PAYMENT_EXCEPTION_RESOLUTION,2025-11-18T12:35:00,2025-11-18T20:35:00,FALSE,0,FALSE,MET
SLA_SYN_0001431,EXC_SYN_0001431,PAYMENT_EXCEPTION_RESOLUTION,2025-12-23T17:06:00,2025-12-23T21:06:00,FALSE,0,FALSE,MET
SLA_SYN_0001432,EXC_SYN_0001432,PAYMENT_EXCEPTION_RESOLUTION,2026-03-08T15:32:00,2026-03-08T23:32:00,TRUE,10108,FALSE,BREACHED
SLA_SYN_0001433,EXC_SYN_0001433,PAYMENT_EXCEPTION_RESOLUTION,2026-03-12T21:57:00,2026-03-13T05:57:00,FALSE,0,FALSE,MET
SLA_SYN_0001434,EXC_SYN_0001434,PAYMENT_EXCEPTION_RESOLUTION,2026-02-12T21:43:00,2026-02-13T01:43:00,FALSE,0,FALSE,MET
SLA_SYN_0001435,EXC_SYN_0001435,PAYMENT_EXCEPTION_RESOLUTION,2025-11-22T16:21:00,2025-11-22T20:21:00,TRUE,205,TRUE,BREACHED
SLA_SYN_0001436,EXC_SYN_0001436,PAYMENT_EXCEPTION_RESOLUTION,2026-02-09T21:02:00,2026-02-10T05:02:00,TRUE,48658,FALSE,BREACHED
SLA_SYN_0001437,EXC_SYN_0001437,PAYMENT_EXCEPTION_RESOLUTION,2026-02-02T13:36:00,2026-02-02T17:36:00,FALSE,0,FALSE,MET
SLA_SYN_0001438,EXC_SYN_0001438,PAYMENT_EXCEPTION_RESOLUTION,2026-01-26T19:14:00,2026-01-27T03:14:00,FALSE,0,FALSE,MET
SLA_SYN_0001439,EXC_SYN_0001439,PAYMENT_EXCEPTION_RESOLUTION,2026-01-17T20:04:00,2026-01-18T04:04:00,FALSE,0,FALSE,MET
SLA_SYN_0001440,EXC_SYN_0001440,PAYMENT_EXCEPTION_RESOLUTION,2025-12-09T14:57:00,2025-12-09T22:57:00,TRUE,138303,FALSE,BREACHED
SLA_SYN_0001441,EXC_SYN_0001441,PAYMENT_EXCEPTION_RESOLUTION,2026-01-31T17:04:00,2026-02-01T01:04:00,FALSE,0,FALSE,MET
SLA_SYN_0001442,EXC_SYN_0001442,PAYMENT_EXCEPTION_RESOLUTION,2026-01-08T13:19:00,2026-01-08T17:19:00,TRUE,32,TRUE,BREACHED
SLA_SYN_0001443,EXC_SYN_0001443,PAYMENT_EXCEPTION_RESOLUTION,2025-11-16T17:57:00,2025-11-17T01:57:00,FALSE,0,FALSE,MET
SLA_SYN_0001444,EXC_SYN_0001444,PAYMENT_EXCEPTION_RESOLUTION,2026-02-10T14:12:00,2026-02-10T22:12:00,TRUE,47628,FALSE,BREACHED
SLA_SYN_0001445,EXC_SYN_0001445,PAYMENT_EXCEPTION_RESOLUTION,2026-01-21T10:00:00,2026-01-21T14:00:00,FALSE,0,FALSE,MET
SLA_SYN_0001446,EXC_SYN_0001446,PAYMENT_EXCEPTION_RESOLUTION,2026-01-24T12:17:00,2026-01-24T16:17:00,FALSE,0,FALSE,MET
SLA_SYN_0001447,EXC_SYN_0001447,PAYMENT_EXCEPTION_RESOLUTION,2026-03-09T19:39:00,2026-03-10T03:39:00,FALSE,0,FALSE,MET
SLA_SYN_0001448,EXC_SYN_0001448,PAYMENT_EXCEPTION_RESOLUTION,2025-12-05T15:54:00,2025-12-05T19:54:00,TRUE,144246,TRUE,BREACHED
SLA_SYN_0001449,EXC_SYN_0001449,PAYMENT_EXCEPTION_RESOLUTION,2026-01-14T15:27:00,2026-01-14T23:27:00,TRUE,39,FALSE,BREACHED
SLA_SYN_0001450,EXC_SYN_0001450,PAYMENT_EXCEPTION_RESOLUTION,2025-11-24T14:53:00,2025-11-24T22:53:00,FALSE,0,FALSE,MET
SLA_SYN_0001451,EXC_SYN_0001451,PAYMENT_EXCEPTION_RESOLUTION,2026-01-07T15:06:00,2026-01-07T23:06:00,FALSE,0,FALSE,MET
SLA_SYN_0001452,EXC_SYN_0001452,PAYMENT_EXCEPTION_RESOLUTION,2026-01-03T20:44:00,2026-01-04T04:44:00,TRUE,101956,FALSE,BREACHED
SLA_SYN_0001453,EXC_SYN_0001453,PAYMENT_EXCEPTION_RESOLUTION,2026-03-12T19:10:00,2026-03-12T23:10:00,FALSE,0,FALSE,MET
SLA_SYN_0001454,EXC_SYN_0001454,PAYMENT_EXCEPTION_RESOLUTION,2025-11-21T18:36:00,2025-11-22T02:36:00,FALSE,0,FALSE,MET
SLA_SYN_0001455,EXC_SYN_0001455,PAYMENT_EXCEPTION_RESOLUTION,2026-02-10T15:48:00,2026-02-10T23:48:00,FALSE,0,FALSE,MET
SLA_SYN_0001456,EXC_SYN_0001456,PAYMENT_EXCEPTION_RESOLUTION,2026-02-04T21:26:00,2026-02-05T01:26:00,TRUE,56074,TRUE,BREACHED
SLA_SYN_0001457,EXC_SYN_0001457,PAYMENT_EXCEPTION_RESOLUTION,2025-12-07T13:53:00,2025-12-07T17:53:00,FALSE,0,FALSE,MET
SLA_SYN_0001458,EXC_SYN_0001458,PAYMENT_EXCEPTION_RESOLUTION,2025-12-17T14:53:00,2025-12-17T22:53:00,FALSE,0,FALSE,MET
SLA_SYN_0001459,EXC_SYN_0001459,PAYMENT_EXCEPTION_RESOLUTION,2026-02-13T14:19:00,2026-02-13T18:19:00,FALSE,0,FALSE,MET
SLA_SYN_0001460,EXC_SYN_0001460,PAYMENT_EXCEPTION_RESOLUTION,2026-03-10T20:14:00,2026-03-11T04:14:00,TRUE,6946,FALSE,BREACHED
SLA_SYN_0001461,EXC_SYN_0001461,PAYMENT_EXCEPTION_RESOLUTION,2026-01-30T18:33:00,2026-01-31T02:33:00,FALSE,0,FALSE,MET
SLA_SYN_0001462,EXC_SYN_0001462,PAYMENT_EXCEPTION_RESOLUTION,2026-02-04T18:26:00,2026-02-05T02:26:00,FALSE,0,FALSE,MET
SLA_SYN_0001463,EXC_SYN_0001463,PAYMENT_EXCEPTION_RESOLUTION,2026-01-24T18:49:00,2026-01-25T02:49:00,TRUE,53,FALSE,BREACHED
SLA_SYN_0001464,EXC_SYN_0001464,PAYMENT_EXCEPTION_RESOLUTION,2026-02-14T13:57:00,2026-02-14T17:57:00,TRUE,42123,TRUE,BREACHED
SLA_SYN_0001465,EXC_SYN_0001465,PAYMENT_EXCEPTION_RESOLUTION,2026-03-07T16:24:00,2026-03-08T00:24:00,FALSE,0,FALSE,MET
SLA_SYN_0001466,EXC_SYN_0001466,PAYMENT_EXCEPTION_RESOLUTION,2026-02-02T16:27:00,2026-02-03T00:27:00,FALSE,0,FALSE,MET
SLA_SYN_0001467,EXC_SYN_0001467,PAYMENT_EXCEPTION_RESOLUTION,2026-01-06T15:43:00,2026-01-06T19:43:00,FALSE,0,FALSE,MET
SLA_SYN_0001468,EXC_SYN_0001468,PAYMENT_EXCEPTION_RESOLUTION,2026-01-03T17:42:00,2026-01-03T21:42:00,TRUE,102378,TRUE,BREACHED
SLA_SYN_0001469,EXC_SYN_0001469,PAYMENT_EXCEPTION_RESOLUTION,2025-12-06T15:41:00,2025-12-06T23:41:00,FALSE,0,FALSE,MET
SLA_SYN_0001470,EXC_SYN_0001470,PAYMENT_EXCEPTION_RESOLUTION,2025-12-03T08:45:00,2025-12-03T12:45:00,TRUE,60,TRUE,BREACHED
SLA_SYN_0001471,EXC_SYN_0001471,PAYMENT_EXCEPTION_RESOLUTION,2026-01-27T11:32:00,2026-01-27T19:32:00,FALSE,0,FALSE,MET
SLA_SYN_0001472,EXC_SYN_0001472,PAYMENT_EXCEPTION_RESOLUTION,2026-02-24T18:44:00,2026-02-25T02:44:00,TRUE,27196,FALSE,BREACHED
SLA_SYN_0001473,EXC_SYN_0001473,PAYMENT_EXCEPTION_RESOLUTION,2026-02-26T17:50:00,2026-02-27T01:50:00,FALSE,0,FALSE,MET
SLA_SYN_0001474,EXC_SYN_0001474,PAYMENT_EXCEPTION_RESOLUTION,2025-11-19T17:43:00,2025-11-20T01:43:00,FALSE,0,FALSE,MET
SLA_SYN_0001475,EXC_SYN_0001475,PAYMENT_EXCEPTION_RESOLUTION,2026-03-10T17:39:00,2026-03-10T21:39:00,FALSE,0,FALSE,MET
SLA_SYN_0001476,EXC_SYN_0001476,PAYMENT_EXCEPTION_RESOLUTION,2025-12-13T19:26:00,2025-12-14T03:26:00,TRUE,132274,FALSE,BREACHED
SLA_SYN_0001477,EXC_SYN_0001477,PAYMENT_EXCEPTION_RESOLUTION,2026-02-20T13:47:00,2026-02-20T21:47:00,TRUE,67,FALSE,BREACHED
SLA_SYN_0001478,EXC_SYN_0001478,PAYMENT_EXCEPTION_RESOLUTION,2025-12-22T12:33:00,2025-12-22T16:33:00,FALSE,0,FALSE,MET
SLA_SYN_0001479,EXC_SYN_0001479,PAYMENT_EXCEPTION_RESOLUTION,2026-01-02T17:34:00,2026-01-02T21:34:00,FALSE,0,FALSE,MET
SLA_SYN_0001480,EXC_SYN_0001480,PAYMENT_EXCEPTION_RESOLUTION,2025-12-11T14:16:00,2025-12-11T22:16:00,TRUE,135464,FALSE,BREACHED
SLA_SYN_0001481,EXC_SYN_0001481,PAYMENT_EXCEPTION_RESOLUTION,2025-12-12T13:22:00,2025-12-12T17:22:00,FALSE,0,FALSE,MET
SLA_SYN_0001482,EXC_SYN_0001482,PAYMENT_EXCEPTION_RESOLUTION,2026-03-01T16:09:00,2026-03-02T00:09:00,FALSE,0,FALSE,MET
SLA_SYN_0001483,EXC_SYN_0001483,PAYMENT_EXCEPTION_RESOLUTION,2026-02-05T17:36:00,2026-02-06T01:36:00,FALSE,0,FALSE,MET
SLA_SYN_0001484,EXC_SYN_0001484,PAYMENT_EXCEPTION_RESOLUTION,2026-01-15T16:15:00,2026-01-16T00:15:00,TRUE,84945,FALSE,BREACHED
SLA_SYN_0001485,EXC_SYN_0001485,PAYMENT_EXCEPTION_RESOLUTION,2025-11-16T20:36:00,2025-11-17T04:36:00,FALSE,0,FALSE,MET
SLA_SYN_0001486,EXC_SYN_0001486,PAYMENT_EXCEPTION_RESOLUTION,2026-03-03T15:44:00,2026-03-03T19:44:00,FALSE,0,FALSE,MET
SLA_SYN_0001487,EXC_SYN_0001487,PAYMENT_EXCEPTION_RESOLUTION,2026-01-17T20:32:00,2026-01-18T04:32:00,FALSE,0,FALSE,MET
SLA_SYN_0001488,EXC_SYN_0001488,PAYMENT_EXCEPTION_RESOLUTION,2026-01-31T16:30:00,2026-02-01T00:30:00,TRUE,61890,FALSE,BREACHED
SLA_SYN_0001489,EXC_SYN_0001489,PAYMENT_EXCEPTION_RESOLUTION,2026-03-11T16:03:00,2026-03-11T20:03:00,FALSE,0,FALSE,MET
SLA_SYN_0001490,EXC_SYN_0001490,PAYMENT_EXCEPTION_RESOLUTION,2026-02-09T17:13:00,2026-02-09T21:13:00,FALSE,0,FALSE,MET
SLA_SYN_0001491,EXC_SYN_0001491,PAYMENT_EXCEPTION_RESOLUTION,2026-03-11T13:38:00,2026-03-11T17:38:00,TRUE,81,TRUE,BREACHED
SLA_SYN_0001492,EXC_SYN_0001492,PAYMENT_EXCEPTION_RESOLUTION,2026-02-28T18:46:00,2026-02-28T22:46:00,TRUE,21674,TRUE,BREACHED
SLA_SYN_0001493,EXC_SYN_0001493,PAYMENT_EXCEPTION_RESOLUTION,2026-03-05T22:00:00,2026-03-06T06:00:00,FALSE,0,FALSE,MET
SLA_SYN_0001494,EXC_SYN_0001494,PAYMENT_EXCEPTION_RESOLUTION,2026-02-10T19:12:00,2026-02-11T03:12:00,FALSE,0,FALSE,MET
SLA_SYN_0001495,EXC_SYN_0001495,PAYMENT_EXCEPTION_RESOLUTION,2026-02-19T23:06:00,2026-02-20T07:06:00,FALSE,0,FALSE,MET
SLA_SYN_0001496,EXC_SYN_0001496,PAYMENT_EXCEPTION_RESOLUTION,2025-12-29T12:41:00,2025-12-29T20:41:00,TRUE,109639,FALSE,BREACHED
SLA_SYN_0001497,EXC_SYN_0001497,PAYMENT_EXCEPTION_RESOLUTION,2025-12-30T18:19:00,2025-12-30T22:19:00,FALSE,0,FALSE,MET
SLA_SYN_0001498,EXC_SYN_0001498,PAYMENT_EXCEPTION_RESOLUTION,2026-02-14T17:52:00,2026-02-15T01:52:00,TRUE,88,FALSE,BREACHED
SLA_SYN_0001499,EXC_SYN_0001499,PAYMENT_EXCEPTION_RESOLUTION,2025-11-27T10:09:00,2025-11-27T18:09:00,FALSE,0,FALSE,MET
SLA_SYN_0001500,EXC_SYN_0001500,PAYMENT_EXCEPTION_RESOLUTION,2026-03-04T18:48:00,2026-03-04T22:48:00,TRUE,15912,TRUE,BREACHED
SLA_SYN_0001501,EXC_SYN_0001501,PAYMENT_EXCEPTION_RESOLUTION,2025-12-30T12:22:00,2025-12-30T16:22:00,FALSE,0,FALSE,MET
SLA_SYN_0001502,EXC_SYN_0001502,PAYMENT_EXCEPTION_RESOLUTION,2026-01-24T17:00:00,2026-01-25T01:00:00,FALSE,0,FALSE,MET
SLA_SYN_0001503,EXC_SYN_0001503,PAYMENT_EXCEPTION_RESOLUTION,2025-12-07T12:28:00,2025-12-07T16:28:00,FALSE,0,FALSE,MET
SLA_SYN_0001504,EXC_SYN_0001504,PAYMENT_EXCEPTION_RESOLUTION,2025-11-27T16:39:00,2025-11-28T00:39:00,TRUE,155481,FALSE,BREACHED
SLA_SYN_0001505,EXC_SYN_0001505,PAYMENT_EXCEPTION_RESOLUTION,2025-12-19T18:56:00,2025-12-20T02:56:00,TRUE,95,FALSE,BREACHED
SLA_SYN_0001506,EXC_SYN_0001506,PAYMENT_EXCEPTION_RESOLUTION,2026-03-11T15:31:00,2026-03-11T19:31:00,FALSE,0,FALSE,MET
SLA_SYN_0001507,EXC_SYN_0001507,PAYMENT_EXCEPTION_RESOLUTION,2026-03-14T19:12:00,2026-03-15T03:12:00,FALSE,0,FALSE,MET
SLA_SYN_0001508,EXC_SYN_0001508,PAYMENT_EXCEPTION_RESOLUTION,2026-03-05T12:46:00,2026-03-05T16:46:00,TRUE,14834,TRUE,BREACHED
SLA_SYN_0001509,EXC_SYN_0001509,PAYMENT_EXCEPTION_RESOLUTION,2025-11-30T20:45:00,2025-12-01T04:45:00,FALSE,0,FALSE,MET
SLA_SYN_0001510,EXC_SYN_0001510,PAYMENT_EXCEPTION_RESOLUTION,2025-12-19T12:42:00,2025-12-19T20:42:00,FALSE,0,FALSE,MET
SLA_SYN_0001511,EXC_SYN_0001511,PAYMENT_EXCEPTION_RESOLUTION,2026-03-07T11:38:00,2026-03-07T15:38:00,FALSE,0,FALSE,MET
SLA_SYN_0001512,EXC_SYN_0001512,PAYMENT_EXCEPTION_RESOLUTION,2026-01-22T17:06:00,2026-01-22T21:06:00,TRUE,75054,TRUE,BREACHED
SLA_SYN_0001513,EXC_SYN_0001513,PAYMENT_EXCEPTION_RESOLUTION,2026-03-15T13:51:00,2026-03-15T21:51:00,FALSE,0,FALSE,MET
SLA_SYN_0001514,EXC_SYN_0001514,PAYMENT_EXCEPTION_RESOLUTION,2025-12-27T21:03:00,2025-12-28T01:03:00,FALSE,0,FALSE,MET
SLA_SYN_0001515,EXC_SYN_0001515,PAYMENT_EXCEPTION_RESOLUTION,2025-12-23T19:22:00,2025-12-24T03:22:00,FALSE,0,FALSE,MET
SLA_SYN_0001516,EXC_SYN_0001516,PAYMENT_EXCEPTION_RESOLUTION,2026-03-06T17:01:00,2026-03-07T01:01:00,TRUE,12899,FALSE,BREACHED
SLA_SYN_0001517,EXC_SYN_0001517,PAYMENT_EXCEPTION_RESOLUTION,2025-12-03T16:47:00,2025-12-04T00:47:00,FALSE,0,FALSE,MET
SLA_SYN_0001518,EXC_SYN_0001518,PAYMENT_EXCEPTION_RESOLUTION,2026-01-07T19:21:00,2026-01-08T03:21:00,FALSE,0,FALSE,MET
SLA_SYN_0001519,EXC_SYN_0001519,PAYMENT_EXCEPTION_RESOLUTION,2025-12-01T14:12:00,2025-12-01T18:12:00,TRUE,109,TRUE,BREACHED
SLA_SYN_0001520,EXC_SYN_0001520,PAYMENT_EXCEPTION_RESOLUTION,2025-12-14T15:02:00,2025-12-14T23:02:00,TRUE,131098,FALSE,BREACHED
SLA_SYN_0001521,EXC_SYN_0001521,PAYMENT_EXCEPTION_RESOLUTION,2026-01-04T14:38:00,2026-01-04T22:38:00,FALSE,0,FALSE,MET
SLA_SYN_0001522,EXC_SYN_0001522,PAYMENT_EXCEPTION_RESOLUTION,2026-03-11T22:00:00,2026-03-12T02:00:00,FALSE,0,FALSE,MET
SLA_SYN_0001523,EXC_SYN_0001523,PAYMENT_EXCEPTION_RESOLUTION,2026-02-10T17:15:00,2026-02-10T21:15:00,FALSE,0,FALSE,MET
SLA_SYN_0001524,EXC_SYN_0001524,PAYMENT_EXCEPTION_RESOLUTION,2026-01-12T18:00:00,2026-01-13T02:00:00,TRUE,89160,FALSE,BREACHED
SLA_SYN_0001525,EXC_SYN_0001525,PAYMENT_EXCEPTION_RESOLUTION,2025-12-18T09:57:00,2025-12-18T13:57:00,FALSE,0,FALSE,MET
SLA_SYN_0001526,EXC_SYN_0001526,PAYMENT_EXCEPTION_RESOLUTION,2026-03-15T12:24:00,2026-03-15T16:24:00,TRUE,116,TRUE,BREACHED
SLA_SYN_0001527,EXC_SYN_0001527,PAYMENT_EXCEPTION_RESOLUTION,2026-02-08T18:49:00,2026-02-09T02:49:00,FALSE,0,FALSE,MET
SLA_SYN_0001528,EXC_SYN_0001528,PAYMENT_EXCEPTION_RESOLUTION,2025-12-05T15:31:00,2025-12-05T23:31:00,TRUE,144029,FALSE,BREACHED
SLA_SYN_0001529,EXC_SYN_0001529,PAYMENT_EXCEPTION_RESOLUTION,2025-11-24T14:37:00,2025-11-24T22:37:00,FALSE,0,FALSE,MET
SLA_SYN_0001530,EXC_SYN_0001530,PAYMENT_EXCEPTION_RESOLUTION,2025-12-09T11:49:00,2025-12-09T15:49:00,FALSE,0,FALSE,MET
SLA_SYN_0001531,EXC_SYN_0001531,PAYMENT_EXCEPTION_RESOLUTION,2025-12-19T11:35:00,2025-12-19T19:35:00,FALSE,0,FALSE,MET
SLA_SYN_0001532,EXC_SYN_0001532,PAYMENT_EXCEPTION_RESOLUTION,2025-12-20T15:36:00,2025-12-20T23:36:00,TRUE,122424,FALSE,BREACHED
SLA_SYN_0001533,EXC_SYN_0001533,PAYMENT_EXCEPTION_RESOLUTION,2026-02-23T15:12:00,2026-02-23T19:12:00,TRUE,123,TRUE,BREACHED
SLA_SYN_0001534,EXC_SYN_0001534,PAYMENT_EXCEPTION_RESOLUTION,2025-11-17T11:27:00,2025-11-17T15:27:00,FALSE,0,FALSE,MET
SLA_SYN_0001535,EXC_SYN_0001535,PAYMENT_EXCEPTION_RESOLUTION,2026-02-17T11:30:00,2026-02-17T19:30:00,FALSE,0,FALSE,MET
SLA_SYN_0001536,EXC_SYN_0001536,PAYMENT_EXCEPTION_RESOLUTION,2026-01-26T11:13:00,2026-01-26T15:13:00,TRUE,69647,TRUE,BREACHED
SLA_SYN_0001537,EXC_SYN_0001537,PAYMENT_EXCEPTION_RESOLUTION,2025-11-20T15:34:00,2025-11-20T23:34:00,FALSE,0,FALSE,MET
SLA_SYN_0001538,EXC_SYN_0001538,PAYMENT_EXCEPTION_RESOLUTION,2026-01-27T13:33:00,2026-01-27T21:33:00,FALSE,0,FALSE,MET
SLA_SYN_0001539,EXC_SYN_0001539,PAYMENT_EXCEPTION_RESOLUTION,2026-03-09T15:13:00,2026-03-09T23:13:00,FALSE,0,FALSE,MET
SLA_SYN_0001540,EXC_SYN_0001540,PAYMENT_EXCEPTION_RESOLUTION,2026-02-25T18:27:00,2026-02-26T02:27:00,TRUE,25773,FALSE,BREACHED
SLA_SYN_0001541,EXC_SYN_0001541,PAYMENT_EXCEPTION_RESOLUTION,2026-03-05T15:02:00,2026-03-05T19:02:00,FALSE,0,FALSE,MET
SLA_SYN_0001542,EXC_SYN_0001542,PAYMENT_EXCEPTION_RESOLUTION,2025-12-21T13:38:00,2025-12-21T21:38:00,FALSE,0,FALSE,MET
SLA_SYN_0001543,EXC_SYN_0001543,PAYMENT_EXCEPTION_RESOLUTION,2025-12-07T21:47:00,2025-12-08T05:47:00,FALSE,0,FALSE,MET
SLA_SYN_0001544,EXC_SYN_0001544,PAYMENT_EXCEPTION_RESOLUTION,2026-03-08T22:00:00,2026-03-09T02:00:00,TRUE,9960,TRUE,BREACHED
SLA_SYN_0001545,EXC_SYN_0001545,PAYMENT_EXCEPTION_RESOLUTION,2026-01-24T20:29:00,2026-01-25T00:29:00,FALSE,0,FALSE,MET
SLA_SYN_0001546,EXC_SYN_0001546,PAYMENT_EXCEPTION_RESOLUTION,2026-01-08T16:24:00,2026-01-09T00:24:00,FALSE,0,FALSE,MET
SLA_SYN_0001547,EXC_SYN_0001547,PAYMENT_EXCEPTION_RESOLUTION,2026-03-09T16:00:00,2026-03-09T20:00:00,TRUE,137,TRUE,BREACHED
SLA_SYN_0001548,EXC_SYN_0001548,PAYMENT_EXCEPTION_RESOLUTION,2026-01-15T20:21:00,2026-01-16T04:21:00,TRUE,84699,FALSE,BREACHED
SLA_SYN_0001549,EXC_SYN_0001549,PAYMENT_EXCEPTION_RESOLUTION,2026-03-07T16:26:00,2026-03-08T00:26:00,FALSE,0,FALSE,MET
SLA_SYN_0001550,EXC_SYN_0001550,PAYMENT_EXCEPTION_RESOLUTION,2026-03-14T15:52:00,2026-03-14T23:52:00,FALSE,0,FALSE,MET
SLA_SYN_0001551,EXC_SYN_0001551,PAYMENT_EXCEPTION_RESOLUTION,2026-03-13T16:44:00,2026-03-13T20:44:00,FALSE,0,FALSE,MET
SLA_SYN_0001552,EXC_SYN_0001552,PAYMENT_EXCEPTION_RESOLUTION,2026-03-09T14:43:00,2026-03-09T18:43:00,TRUE,8957,TRUE,BREACHED
SLA_SYN_0001553,EXC_SYN_0001553,PAYMENT_EXCEPTION_RESOLUTION,2026-02-23T17:57:00,2026-02-24T01:57:00,FALSE,0,FALSE,MET
SLA_SYN_0001554,EXC_SYN_0001554,PAYMENT_EXCEPTION_RESOLUTION,2025-12-10T11:01:00,2025-12-10T19:01:00,TRUE,144,FALSE,BREACHED
SLA_SYN_0001555,EXC_SYN_0001555,PAYMENT_EXCEPTION_RESOLUTION,2026-02-19T10:37:00,2026-02-19T14:37:00,FALSE,0,FALSE,MET
SLA_SYN_0001556,EXC_SYN_0001556,PAYMENT_EXCEPTION_RESOLUTION,2026-01-17T13:41:00,2026-01-17T17:41:00,TRUE,82459,TRUE,BREACHED
SLA_SYN_0001557,EXC_SYN_0001557,PAYMENT_EXCEPTION_RESOLUTION,2025-12-20T13:07:00,2025-12-20T21:07:00,FALSE,0,FALSE,MET
SLA_SYN_0001558,EXC_SYN_0001558,PAYMENT_EXCEPTION_RESOLUTION,2026-01-02T19:32:00,2026-01-02T23:32:00,FALSE,0,FALSE,MET
SLA_SYN_0001559,EXC_SYN_0001559,PAYMENT_EXCEPTION_RESOLUTION,2026-03-11T13:53:00,2026-03-11T21:53:00,FALSE,0,FALSE,MET
SLA_SYN_0001560,EXC_SYN_0001560,PAYMENT_EXCEPTION_RESOLUTION,2026-01-12T17:24:00,2026-01-13T01:24:00,TRUE,89196,FALSE,BREACHED
SLA_SYN_0001561,EXC_SYN_0001561,PAYMENT_EXCEPTION_RESOLUTION,2026-02-08T14:19:00,2026-02-08T22:19:00,TRUE,151,FALSE,BREACHED
SLA_SYN_0001562,EXC_SYN_0001562,PAYMENT_EXCEPTION_RESOLUTION,2026-03-13T20:24:00,2026-03-14T00:24:00,FALSE,0,FALSE,MET
SLA_SYN_0001563,EXC_SYN_0001563,PAYMENT_EXCEPTION_RESOLUTION,2026-01-12T14:45:00,2026-01-12T18:45:00,FALSE,0,FALSE,MET
SLA_SYN_0001564,EXC_SYN_0001564,PAYMENT_EXCEPTION_RESOLUTION,2025-12-09T19:13:00,2025-12-10T03:13:00,TRUE,138047,FALSE,BREACHED
SLA_SYN_0001565,EXC_SYN_0001565,PAYMENT_EXCEPTION_RESOLUTION,2025-11-16T11:20:00,2025-11-16T19:20:00,FALSE,0,FALSE,MET
SLA_SYN_0001566,EXC_SYN_0001566,PAYMENT_EXCEPTION_RESOLUTION,2025-12-01T13:30:00,2025-12-01T17:30:00,FALSE,0,FALSE,MET
SLA_SYN_0001567,EXC_SYN_0001567,PAYMENT_EXCEPTION_RESOLUTION,2026-01-19T16:44:00,2026-01-19T20:44:00,FALSE,0,FALSE,MET
SLA_SYN_0001568,EXC_SYN_0001568,PAYMENT_EXCEPTION_RESOLUTION,2026-03-13T16:47:00,2026-03-14T00:47:00,TRUE,2833,FALSE,BREACHED
SLA_SYN_0001569,EXC_SYN_0001569,PAYMENT_EXCEPTION_RESOLUTION,2025-12-09T17:37:00,2025-12-09T21:37:00,FALSE,0,FALSE,MET
SLA_SYN_0001570,EXC_SYN_0001570,PAYMENT_EXCEPTION_RESOLUTION,2025-12-08T15:09:00,2025-12-08T23:09:00,FALSE,0,FALSE,MET
SLA_SYN_0001571,EXC_SYN_0001571,PAYMENT_EXCEPTION_RESOLUTION,2026-03-03T15:02:00,2026-03-03T23:02:00,FALSE,0,FALSE,MET
SLA_SYN_0001572,EXC_SYN_0001572,PAYMENT_EXCEPTION_RESOLUTION,2026-01-05T16:12:00,2026-01-06T00:12:00,TRUE,99348,FALSE,BREACHED
SLA_SYN_0001573,EXC_SYN_0001573,PAYMENT_EXCEPTION_RESOLUTION,2026-03-09T19:36:00,2026-03-10T03:36:00,FALSE,0,FALSE,MET
SLA_SYN_0001574,EXC_SYN_0001574,PAYMENT_EXCEPTION_RESOLUTION,2026-02-25T15:31:00,2026-02-25T19:31:00,FALSE,0,FALSE,MET
SLA_SYN_0001575,EXC_SYN_0001575,PAYMENT_EXCEPTION_RESOLUTION,2026-01-01T17:11:00,2026-01-02T01:11:00,TRUE,165,FALSE,BREACHED
SLA_SYN_0001576,EXC_SYN_0001576,PAYMENT_EXCEPTION_RESOLUTION,2026-02-09T19:38:00,2026-02-10T03:38:00,TRUE,48742,FALSE,BREACHED
SLA_SYN_0001577,EXC_SYN_0001577,PAYMENT_EXCEPTION_RESOLUTION,2025-12-17T18:34:00,2025-12-17T22:34:00,FALSE,0,FALSE,MET
SLA_SYN_0001578,EXC_SYN_0001578,PAYMENT_EXCEPTION_RESOLUTION,2025-11-21T18:00:00,2025-11-21T22:00:00,FALSE,0,FALSE,MET
SLA_SYN_0001579,EXC_SYN_0001579,PAYMENT_EXCEPTION_RESOLUTION,2026-02-26T11:53:00,2026-02-26T19:53:00,FALSE,0,FALSE,MET
SLA_SYN_0001580,EXC_SYN_0001580,PAYMENT_EXCEPTION_RESOLUTION,2026-01-20T09:42:00,2026-01-20T13:42:00,TRUE,78378,TRUE,BREACHED
SLA_SYN_0001581,EXC_SYN_0001581,PAYMENT_EXCEPTION_RESOLUTION,2026-03-06T14:50:00,2026-03-06T22:50:00,FALSE,0,FALSE,MET
SLA_SYN_0001582,EXC_SYN_0001582,PAYMENT_EXCEPTION_RESOLUTION,2025-12-29T12:52:00,2025-12-29T20:52:00,TRUE,172,FALSE,BREACHED
SLA_SYN_0001583,EXC_SYN_0001583,PAYMENT_EXCEPTION_RESOLUTION,2025-12-30T11:28:00,2025-12-30T19:28:00,FALSE,0,FALSE,MET
SLA_SYN_0001584,EXC_SYN_0001584,PAYMENT_EXCEPTION_RESOLUTION,2026-03-13T15:12:00,2026-03-13T19:12:00,TRUE,3168,TRUE,BREACHED
SLA_SYN_0001585,EXC_SYN_0001585,PAYMENT_EXCEPTION_RESOLUTION,2025-12-05T16:22:00,2025-12-05T20:22:00,FALSE,0,FALSE,MET
SLA_SYN_0001586,EXC_SYN_0001586,PAYMENT_EXCEPTION_RESOLUTION,2025-12-13T18:39:00,2025-12-14T02:39:00,FALSE,0,FALSE,MET
SLA_SYN_0001587,EXC_SYN_0001587,PAYMENT_EXCEPTION_RESOLUTION,2026-02-13T17:15:00,2026-02-14T01:15:00,FALSE,0,FALSE,MET
SLA_SYN_0001588,EXC_SYN_0001588,PAYMENT_EXCEPTION_RESOLUTION,2026-02-22T18:08:00,2026-02-22T22:08:00,TRUE,30352,TRUE,BREACHED
SLA_SYN_0001589,EXC_SYN_0001589,PAYMENT_EXCEPTION_RESOLUTION,2025-12-30T19:28:00,2025-12-30T23:28:00,TRUE,179,TRUE,BREACHED
SLA_SYN_0001590,EXC_SYN_0001590,PAYMENT_EXCEPTION_RESOLUTION,2026-01-19T13:29:00,2026-01-19T21:29:00,FALSE,0,FALSE,MET
SLA_SYN_0001591,EXC_SYN_0001591,PAYMENT_EXCEPTION_RESOLUTION,2025-12-22T19:14:00,2025-12-22T23:14:00,FALSE,0,FALSE,MET
SLA_SYN_0001592,EXC_SYN_0001592,PAYMENT_EXCEPTION_RESOLUTION,2026-03-13T11:31:00,2026-03-13T19:31:00,TRUE,3149,FALSE,BREACHED
SLA_SYN_0001593,EXC_SYN_0001593,PAYMENT_EXCEPTION_RESOLUTION,2025-12-24T16:49:00,2025-12-25T00:49:00,FALSE,0,FALSE,MET
SLA_SYN_0001594,EXC_SYN_0001594,PAYMENT_EXCEPTION_RESOLUTION,2026-03-14T12:54:00,2026-03-14T20:54:00,FALSE,0,FALSE,MET
SLA_SYN_0001595,EXC_SYN_0001595,PAYMENT_EXCEPTION_RESOLUTION,2025-12-19T15:11:00,2025-12-19T23:11:00,FALSE,0,FALSE,MET
SLA_SYN_0001596,EXC_SYN_0001596,PAYMENT_EXCEPTION_RESOLUTION,2026-02-02T14:37:00,2026-02-02T18:37:00,TRUE,59363,TRUE,BREACHED
SLA_SYN_0001597,EXC_SYN_0001597,PAYMENT_EXCEPTION_RESOLUTION,2025-11-17T19:35:00,2025-11-18T03:35:00,FALSE,0,FALSE,MET
SLA_SYN_0001598,EXC_SYN_0001598,PAYMENT_EXCEPTION_RESOLUTION,2025-12-05T17:54:00,2025-12-06T01:54:00,FALSE,0,FALSE,MET
SLA_SYN_0001599,EXC_SYN_0001599,PAYMENT_EXCEPTION_RESOLUTION,2026-02-20T17:57:00,2026-02-20T21:57:00,FALSE,0,FALSE,MET
SLA_SYN_0001600,EXC_SYN_0001600,PAYMENT_EXCEPTION_RESOLUTION,2026-02-19T12:55:00,2026-02-19T16:55:00,TRUE,34985,TRUE,BREACHED
SLA_SYN_0001601,EXC_SYN_0001601,PAYMENT_EXCEPTION_RESOLUTION,2026-03-08T17:16:00,2026-03-09T01:16:00,FALSE,0,FALSE,MET
SLA_SYN_0001602,EXC_SYN_0001602,PAYMENT_EXCEPTION_RESOLUTION,2025-12-31T21:47:00,2026-01-01T01:47:00,FALSE,0,FALSE,MET
SLA_SYN_0001603,EXC_SYN_0001603,PAYMENT_EXCEPTION_RESOLUTION,2026-02-12T15:31:00,2026-02-12T23:31:00,TRUE,193,FALSE,BREACHED
SLA_SYN_0001604,EXC_SYN_0001604,PAYMENT_EXCEPTION_RESOLUTION,2026-01-15T19:22:00,2026-01-16T03:22:00,TRUE,84758,FALSE,BREACHED
SLA_SYN_0001605,EXC_SYN_0001605,PAYMENT_EXCEPTION_RESOLUTION,2025-11-16T18:38:00,2025-11-17T02:38:00,FALSE,0,FALSE,MET
SLA_SYN_0001606,EXC_SYN_0001606,PAYMENT_EXCEPTION_RESOLUTION,2026-01-20T17:54:00,2026-01-21T01:54:00,FALSE,0,FALSE,MET
SLA_SYN_0001607,EXC_SYN_0001607,PAYMENT_EXCEPTION_RESOLUTION,2026-03-14T09:53:00,2026-03-14T13:53:00,FALSE,0,FALSE,MET
SLA_SYN_0001608,EXC_SYN_0001608,PAYMENT_EXCEPTION_RESOLUTION,2026-01-16T11:50:00,2026-01-16T19:50:00,TRUE,83770,FALSE,BREACHED
SLA_SYN_0001609,EXC_SYN_0001609,PAYMENT_EXCEPTION_RESOLUTION,2026-02-13T11:26:00,2026-02-13T19:26:00,FALSE,0,FALSE,MET
SLA_SYN_0001610,EXC_SYN_0001610,PAYMENT_EXCEPTION_RESOLUTION,2025-11-16T10:22:00,2025-11-16T14:22:00,TRUE,200,TRUE,BREACHED
SLA_SYN_0001611,EXC_SYN_0001611,PAYMENT_EXCEPTION_RESOLUTION,2026-01-23T18:04:00,2026-01-23T22:04:00,FALSE,0,FALSE,MET
SLA_SYN_0001612,EXC_SYN_0001612,PAYMENT_EXCEPTION_RESOLUTION,2026-02-06T11:28:00,2026-02-06T19:28:00,TRUE,53552,FALSE,BREACHED
SLA_SYN_0001613,EXC_SYN_0001613,PAYMENT_EXCEPTION_RESOLUTION,2026-02-01T16:36:00,2026-02-01T20:36:00,FALSE,0,FALSE,MET
SLA_SYN_0001614,EXC_SYN_0001614,PAYMENT_EXCEPTION_RESOLUTION,2026-01-21T19:20:00,2026-01-22T03:20:00,FALSE,0,FALSE,MET
SLA_SYN_0001615,EXC_SYN_0001615,PAYMENT_EXCEPTION_RESOLUTION,2026-03-04T16:32:00,2026-03-05T00:32:00,FALSE,0,FALSE,MET
SLA_SYN_0001616,EXC_SYN_0001616,PAYMENT_EXCEPTION_RESOLUTION,2026-03-04T12:10:00,2026-03-04T20:10:00,TRUE,16070,FALSE,BREACHED
SLA_SYN_0001617,EXC_SYN_0001617,PAYMENT_EXCEPTION_RESOLUTION,2026-03-01T17:18:00,2026-03-02T01:18:00,TRUE,207,FALSE,BREACHED
SLA_SYN_0001618,EXC_SYN_0001618,PAYMENT_EXCEPTION_RESOLUTION,2025-12-16T18:38:00,2025-12-16T22:38:00,FALSE,0,FALSE,MET
SLA_SYN_0001619,EXC_SYN_0001619,PAYMENT_EXCEPTION_RESOLUTION,2026-02-10T11:02:00,2026-02-10T19:02:00,FALSE,0,FALSE,MET
SLA_SYN_0001620,EXC_SYN_0001620,PAYMENT_EXCEPTION_RESOLUTION,2025-11-23T13:49:00,2025-11-23T21:49:00,TRUE,161411,FALSE,BREACHED
SLA_SYN_0001621,EXC_SYN_0001621,PAYMENT_EXCEPTION_RESOLUTION,2025-11-17T17:50:00,2025-11-17T21:50:00,FALSE,0,FALSE,MET
SLA_SYN_0001622,EXC_SYN_0001622,PAYMENT_EXCEPTION_RESOLUTION,2025-12-31T13:18:00,2025-12-31T17:18:00,FALSE,0,FALSE,MET
SLA_SYN_0001623,EXC_SYN_0001623,PAYMENT_EXCEPTION_RESOLUTION,2026-01-20T16:32:00,2026-01-21T00:32:00,FALSE,0,FALSE,MET
SLA_SYN_0001624,EXC_SYN_0001624,PAYMENT_EXCEPTION_RESOLUTION,2025-11-23T15:58:00,2025-11-23T19:58:00,TRUE,161522,TRUE,BREACHED
SLA_SYN_0001625,EXC_SYN_0001625,PAYMENT_EXCEPTION_RESOLUTION,2026-01-27T16:48:00,2026-01-28T00:48:00,FALSE,0,FALSE,MET
SLA_SYN_0001626,EXC_SYN_0001626,PAYMENT_EXCEPTION_RESOLUTION,2025-12-07T16:41:00,2025-12-08T00:41:00,FALSE,0,FALSE,MET
SLA_SYN_0001627,EXC_SYN_0001627,PAYMENT_EXCEPTION_RESOLUTION,2026-01-19T12:56:00,2026-01-19T20:56:00,FALSE,0,FALSE,MET
SLA_SYN_0001628,EXC_SYN_0001628,PAYMENT_EXCEPTION_RESOLUTION,2026-01-04T20:48:00,2026-01-05T04:48:00,TRUE,100512,FALSE,BREACHED
SLA_SYN_0001629,EXC_SYN_0001629,PAYMENT_EXCEPTION_RESOLUTION,2026-01-13T17:40:00,2026-01-13T21:40:00,FALSE,0,FALSE,MET
SLA_SYN_0001630,EXC_SYN_0001630,PAYMENT_EXCEPTION_RESOLUTION,2026-01-09T20:34:00,2026-01-10T04:34:00,FALSE,0,FALSE,MET
SLA_SYN_0001631,EXC_SYN_0001631,PAYMENT_EXCEPTION_RESOLUTION,2025-12-25T21:07:00,2025-12-26T05:07:00,TRUE,41,FALSE,BREACHED
SLA_SYN_0001632,EXC_SYN_0001632,PAYMENT_EXCEPTION_RESOLUTION,2025-12-24T20:33:00,2025-12-25T00:33:00,TRUE,116607,TRUE,BREACHED
SLA_SYN_0001633,EXC_SYN_0001633,PAYMENT_EXCEPTION_RESOLUTION,2025-11-27T19:59:00,2025-11-27T23:59:00,FALSE,0,FALSE,MET
SLA_SYN_0001634,EXC_SYN_0001634,PAYMENT_EXCEPTION_RESOLUTION,2026-03-12T14:49:00,2026-03-12T22:49:00,FALSE,0,FALSE,MET
SLA_SYN_0001635,EXC_SYN_0001635,PAYMENT_EXCEPTION_RESOLUTION,2026-02-17T17:53:00,2026-02-17T21:53:00,FALSE,0,FALSE,MET
SLA_SYN_0001636,EXC_SYN_0001636,PAYMENT_EXCEPTION_RESOLUTION,2026-02-06T16:12:00,2026-02-07T00:12:00,TRUE,53268,FALSE,BREACHED
SLA_SYN_0001637,EXC_SYN_0001637,PAYMENT_EXCEPTION_RESOLUTION,2025-12-31T15:48:00,2025-12-31T23:48:00,FALSE,0,FALSE,MET
SLA_SYN_0001638,EXC_SYN_0001638,PAYMENT_EXCEPTION_RESOLUTION,2026-02-19T18:12:00,2026-02-20T02:12:00,TRUE,48,FALSE,BREACHED
SLA_SYN_0001639,EXC_SYN_0001639,PAYMENT_EXCEPTION_RESOLUTION,2026-02-15T10:49:00,2026-02-15T18:49:00,FALSE,0,FALSE,MET
SLA_SYN_0001640,EXC_SYN_0001640,PAYMENT_EXCEPTION_RESOLUTION,2025-12-11T17:51:00,2025-12-11T21:51:00,TRUE,135489,TRUE,BREACHED
SLA_SYN_0001641,EXC_SYN_0001641,PAYMENT_EXCEPTION_RESOLUTION,2025-11-17T10:18:00,2025-11-17T18:18:00,FALSE,0,FALSE,MET
SLA_SYN_0001642,EXC_SYN_0001642,PAYMENT_EXCEPTION_RESOLUTION,2026-03-07T17:50:00,2026-03-08T01:50:00,FALSE,0,FALSE,MET
SLA_SYN_0001643,EXC_SYN_0001643,PAYMENT_EXCEPTION_RESOLUTION,2026-02-17T14:22:00,2026-02-17T18:22:00,FALSE,0,FALSE,MET
SLA_SYN_0001644,EXC_SYN_0001644,PAYMENT_EXCEPTION_RESOLUTION,2026-03-08T16:39:00,2026-03-08T20:39:00,TRUE,10281,TRUE,BREACHED
SLA_SYN_0001645,EXC_SYN_0001645,PAYMENT_EXCEPTION_RESOLUTION,2026-02-20T17:22:00,2026-02-21T01:22:00,TRUE,55,FALSE,BREACHED
SLA_SYN_0001646,EXC_SYN_0001646,PAYMENT_EXCEPTION_RESOLUTION,2026-02-15T18:22:00,2026-02-15T22:22:00,FALSE,0,FALSE,MET
SLA_SYN_0001647,EXC_SYN_0001647,PAYMENT_EXCEPTION_RESOLUTION,2025-12-06T19:42:00,2025-12-07T03:42:00,FALSE,0,FALSE,MET
SLA_SYN_0001648,EXC_SYN_0001648,PAYMENT_EXCEPTION_RESOLUTION,2025-12-05T14:13:00,2025-12-05T22:13:00,TRUE,144107,FALSE,BREACHED
SLA_SYN_0001649,EXC_SYN_0001649,PAYMENT_EXCEPTION_RESOLUTION,2025-11-19T18:51:00,2025-11-20T02:51:00,FALSE,0,FALSE,MET
SLA_SYN_0001650,EXC_SYN_0001650,PAYMENT_EXCEPTION_RESOLUTION,2025-11-25T17:40:00,2025-11-26T01:40:00,FALSE,0,FALSE,MET
SLA_SYN_0001651,EXC_SYN_0001651,PAYMENT_EXCEPTION_RESOLUTION,2026-03-15T12:48:00,2026-03-15T16:48:00,FALSE,0,FALSE,MET
SLA_SYN_0001652,EXC_SYN_0001652,PAYMENT_EXCEPTION_RESOLUTION,2025-12-08T21:44:00,2025-12-09T05:44:00,TRUE,139336,FALSE,BREACHED
SLA_SYN_0001653,EXC_SYN_0001653,PAYMENT_EXCEPTION_RESOLUTION,2025-12-12T13:51:00,2025-12-12T21:51:00,FALSE,0,FALSE,MET
SLA_SYN_0001654,EXC_SYN_0001654,PAYMENT_EXCEPTION_RESOLUTION,2025-12-27T15:31:00,2025-12-27T19:31:00,FALSE,0,FALSE,MET
SLA_SYN_0001655,EXC_SYN_0001655,PAYMENT_EXCEPTION_RESOLUTION,2026-02-11T21:16:00,2026-02-12T01:16:00,FALSE,0,FALSE,MET
SLA_SYN_0001656,EXC_SYN_0001656,PAYMENT_EXCEPTION_RESOLUTION,2026-01-06T18:48:00,2026-01-07T02:48:00,TRUE,97752,FALSE,BREACHED
SLA_SYN_0001657,EXC_SYN_0001657,PAYMENT_EXCEPTION_RESOLUTION,2025-11-29T18:51:00,2025-11-29T22:51:00,FALSE,0,FALSE,MET
SLA_SYN_0001658,EXC_SYN_0001658,PAYMENT_EXCEPTION_RESOLUTION,2026-03-06T17:37:00,2026-03-07T01:37:00,FALSE,0,FALSE,MET
SLA_SYN_0001659,EXC_SYN_0001659,PAYMENT_EXCEPTION_RESOLUTION,2025-11-18T18:40:00,2025-11-19T02:40:00,TRUE,69,FALSE,BREACHED
SLA_SYN_0001660,EXC_SYN_0001660,PAYMENT_EXCEPTION_RESOLUTION,2025-12-01T20:37:00,2025-12-02T04:37:00,TRUE,149483,FALSE,BREACHED
SLA_SYN_0001661,EXC_SYN_0001661,PAYMENT_EXCEPTION_RESOLUTION,2026-01-28T22:44:00,2026-01-29T06:44:00,FALSE,0,FALSE,MET
SLA_SYN_0001662,EXC_SYN_0001662,PAYMENT_EXCEPTION_RESOLUTION,2026-03-02T13:56:00,2026-03-02T17:56:00,FALSE,0,FALSE,MET
SLA_SYN_0001663,EXC_SYN_0001663,PAYMENT_EXCEPTION_RESOLUTION,2025-12-24T12:25:00,2025-12-24T20:25:00,FALSE,0,FALSE,MET
SLA_SYN_0001664,EXC_SYN_0001664,PAYMENT_EXCEPTION_RESOLUTION,2026-02-14T11:48:00,2026-02-14T19:48:00,TRUE,42012,FALSE,BREACHED
SLA_SYN_0001665,EXC_SYN_0001665,PAYMENT_EXCEPTION_RESOLUTION,2025-11-27T17:16:00,2025-11-27T21:16:00,FALSE,0,FALSE,MET
SLA_SYN_0001666,EXC_SYN_0001666,PAYMENT_EXCEPTION_RESOLUTION,2026-01-04T09:23:00,2026-01-04T13:23:00,TRUE,76,TRUE,BREACHED
SLA_SYN_0001667,EXC_SYN_0001667,PAYMENT_EXCEPTION_RESOLUTION,2025-12-22T18:59:00,2025-12-23T02:59:00,FALSE,0,FALSE,MET
SLA_SYN_0001668,EXC_SYN_0001668,PAYMENT_EXCEPTION_RESOLUTION,2026-01-31T11:36:00,2026-01-31T15:36:00,TRUE,62424,TRUE,BREACHED
SLA_SYN_0001669,EXC_SYN_0001669,PAYMENT_EXCEPTION_RESOLUTION,2026-02-05T11:09:00,2026-02-05T19:09:00,FALSE,0,FALSE,MET
SLA_SYN_0001670,EXC_SYN_0001670,PAYMENT_EXCEPTION_RESOLUTION,2026-01-16T15:10:00,2026-01-16T23:10:00,FALSE,0,FALSE,MET
SLA_SYN_0001671,EXC_SYN_0001671,PAYMENT_EXCEPTION_RESOLUTION,2025-12-31T18:44:00,2026-01-01T02:44:00,FALSE,0,FALSE,MET
SLA_SYN_0001672,EXC_SYN_0001672,PAYMENT_EXCEPTION_RESOLUTION,2026-01-20T12:08:00,2026-01-20T20:08:00,TRUE,77992,FALSE,BREACHED
SLA_SYN_0001673,EXC_SYN_0001673,PAYMENT_EXCEPTION_RESOLUTION,2026-01-03T15:49:00,2026-01-03T19:49:00,TRUE,83,TRUE,BREACHED
SLA_SYN_0001674,EXC_SYN_0001674,PAYMENT_EXCEPTION_RESOLUTION,2026-03-08T14:08:00,2026-03-08T22:08:00,FALSE,0,FALSE,MET
SLA_SYN_0001675,EXC_SYN_0001675,PAYMENT_EXCEPTION_RESOLUTION,2026-02-17T14:41:00,2026-02-17T22:41:00,FALSE,0,FALSE,MET
SLA_SYN_0001676,EXC_SYN_0001676,PAYMENT_EXCEPTION_RESOLUTION,2026-01-16T14:44:00,2026-01-16T18:44:00,TRUE,83836,TRUE,BREACHED
SLA_SYN_0001677,EXC_SYN_0001677,PAYMENT_EXCEPTION_RESOLUTION,2025-12-13T11:46:00,2025-12-13T15:46:00,FALSE,0,FALSE,MET
SLA_SYN_0001678,EXC_SYN_0001678,PAYMENT_EXCEPTION_RESOLUTION,2026-02-16T18:01:00,2026-02-17T02:01:00,FALSE,0,FALSE,MET
SLA_SYN_0001679,EXC_SYN_0001679,PAYMENT_EXCEPTION_RESOLUTION,2026-01-02T16:10:00,2026-01-02T20:10:00,FALSE,0,FALSE,MET
SLA_SYN_0001680,EXC_SYN_0001680,PAYMENT_EXCEPTION_RESOLUTION,2025-12-07T20:21:00,2025-12-08T04:21:00,TRUE,140859,FALSE,BREACHED
SLA_SYN_0001681,EXC_SYN_0001681,PAYMENT_EXCEPTION_RESOLUTION,2026-02-02T15:22:00,2026-02-02T23:22:00,FALSE,0,FALSE,MET
SLA_SYN_0001682,EXC_SYN_0001682,PAYMENT_EXCEPTION_RESOLUTION,2026-01-15T12:51:00,2026-01-15T20:51:00,FALSE,0,FALSE,MET
SLA_SYN_0001683,EXC_SYN_0001683,PAYMENT_EXCEPTION_RESOLUTION,2026-03-09T19:36:00,2026-03-09T23:36:00,FALSE,0,FALSE,MET
SLA_SYN_0001684,EXC_SYN_0001684,PAYMENT_EXCEPTION_RESOLUTION,2026-02-08T19:49:00,2026-02-08T23:49:00,TRUE,50411,TRUE,BREACHED
SLA_SYN_0001685,EXC_SYN_0001685,PAYMENT_EXCEPTION_RESOLUTION,2026-02-23T21:36:00,2026-02-24T05:36:00,FALSE,0,FALSE,MET
SLA_SYN_0001686,EXC_SYN_0001686,PAYMENT_EXCEPTION_RESOLUTION,2026-01-14T18:11:00,2026-01-15T02:11:00,FALSE,0,FALSE,MET
SLA_SYN_0001687,EXC_SYN_0001687,PAYMENT_EXCEPTION_RESOLUTION,2026-01-30T19:58:00,2026-01-30T23:58:00,TRUE,97,TRUE,BREACHED
SLA_SYN_0001688,EXC_SYN_0001688,PAYMENT_EXCEPTION_RESOLUTION,2025-12-11T16:43:00,2025-12-11T20:43:00,TRUE,135557,TRUE,BREACHED
SLA_SYN_0001689,EXC_SYN_0001689,PAYMENT_EXCEPTION_RESOLUTION,2025-12-09T23:25:00,2025-12-10T07:25:00,FALSE,0,FALSE,MET
SLA_SYN_0001690,EXC_SYN_0001690,PAYMENT_EXCEPTION_RESOLUTION,2025-12-26T11:26:00,2025-12-26T15:26:00,FALSE,0,FALSE,MET
SLA_SYN_0001691,EXC_SYN_0001691,PAYMENT_EXCEPTION_RESOLUTION,2026-02-06T11:12:00,2026-02-06T19:12:00,FALSE,0,FALSE,MET
SLA_SYN_0001692,EXC_SYN_0001692,PAYMENT_EXCEPTION_RESOLUTION,2026-01-14T09:31:00,2026-01-14T17:31:00,TRUE,86789,FALSE,BREACHED
SLA_SYN_0001693,EXC_SYN_0001693,PAYMENT_EXCEPTION_RESOLUTION,2026-01-10T15:06:00,2026-01-10T23:06:00,FALSE,0,FALSE,MET
SLA_SYN_0001694,EXC_SYN_0001694,PAYMENT_EXCEPTION_RESOLUTION,2026-01-02T17:16:00,2026-01-03T01:16:00,TRUE,104,FALSE,BREACHED
SLA_SYN_0001695,EXC_SYN_0001695,PAYMENT_EXCEPTION_RESOLUTION,2026-03-14T13:01:00,2026-03-14T17:01:00,FALSE,0,FALSE,MET
SLA_SYN_0001696,EXC_SYN_0001696,PAYMENT_EXCEPTION_RESOLUTION,2026-03-14T19:06:00,2026-03-15T03:06:00,TRUE,1254,FALSE,BREACHED
SLA_SYN_0001697,EXC_SYN_0001697,PAYMENT_EXCEPTION_RESOLUTION,2025-11-16T11:13:00,2025-11-16T19:13:00,FALSE,0,FALSE,MET
SLA_SYN_0001698,EXC_SYN_0001698,PAYMENT_EXCEPTION_RESOLUTION,2026-01-11T14:37:00,2026-01-11T18:37:00,FALSE,0,FALSE,MET
SLA_SYN_0001699,EXC_SYN_0001699,PAYMENT_EXCEPTION_RESOLUTION,2025-12-14T13:33:00,2025-12-14T17:33:00,FALSE,0,FALSE,MET
SLA_SYN_0001700,EXC_SYN_0001700,PAYMENT_EXCEPTION_RESOLUTION,2026-01-21T16:47:00,2026-01-22T00:47:00,TRUE,76273,FALSE,BREACHED
SLA_SYN_0001701,EXC_SYN_0001701,PAYMENT_EXCEPTION_RESOLUTION,2025-12-18T10:48:00,2025-12-18T14:48:00,TRUE,111,TRUE,BREACHED
SLA_SYN_0001702,EXC_SYN_0001702,PAYMENT_EXCEPTION_RESOLUTION,2026-02-23T13:05:00,2026-02-23T21:05:00,FALSE,0,FALSE,MET
SLA_SYN_0001703,EXC_SYN_0001703,PAYMENT_EXCEPTION_RESOLUTION,2025-11-23T18:53:00,2025-11-24T02:53:00,FALSE,0,FALSE,MET
SLA_SYN_0001704,EXC_SYN_0001704,PAYMENT_EXCEPTION_RESOLUTION,2025-12-01T17:12:00,2025-12-02T01:12:00,TRUE,149688,FALSE,BREACHED
SLA_SYN_0001705,EXC_SYN_0001705,PAYMENT_EXCEPTION_RESOLUTION,2025-12-13T16:45:00,2025-12-14T00:45:00,FALSE,0,FALSE,MET
SLA_SYN_0001706,EXC_SYN_0001706,PAYMENT_EXCEPTION_RESOLUTION,2026-02-03T20:56:00,2026-02-04T00:56:00,FALSE,0,FALSE,MET
SLA_SYN_0001707,EXC_SYN_0001707,PAYMENT_EXCEPTION_RESOLUTION,2026-01-19T19:45:00,2026-01-20T03:45:00,FALSE,0,FALSE,MET
SLA_SYN_0001708,EXC_SYN_0001708,PAYMENT_EXCEPTION_RESOLUTION,2026-02-25T18:51:00,2026-02-26T02:51:00,TRUE,25749,FALSE,BREACHED
SLA_SYN_0001709,EXC_SYN_0001709,PAYMENT_EXCEPTION_RESOLUTION,2026-03-12T19:51:00,2026-03-13T03:51:00,FALSE,0,FALSE,MET
SLA_SYN_0001710,EXC_SYN_0001710,PAYMENT_EXCEPTION_RESOLUTION,2025-12-15T12:45:00,2025-12-15T16:45:00,FALSE,0,FALSE,MET
SLA_SYN_0001711,EXC_SYN_0001711,PAYMENT_EXCEPTION_RESOLUTION,2025-12-09T12:58:00,2025-12-09T20:58:00,FALSE,0,FALSE,MET
SLA_SYN_0001712,EXC_SYN_0001712,PAYMENT_EXCEPTION_RESOLUTION,2025-12-16T19:53:00,2025-12-16T23:53:00,TRUE,128167,TRUE,BREACHED
SLA_SYN_0001713,EXC_SYN_0001713,PAYMENT_EXCEPTION_RESOLUTION,2026-02-11T19:36:00,2026-02-12T03:36:00,FALSE,0,FALSE,MET
SLA_SYN_0001714,EXC_SYN_0001714,PAYMENT_EXCEPTION_RESOLUTION,2025-11-23T23:00:00,2025-11-24T07:00:00,FALSE,0,FALSE,MET
SLA_SYN_0001715,EXC_SYN_0001715,PAYMENT_EXCEPTION_RESOLUTION,2026-02-21T21:49:00,2026-02-22T05:49:00,TRUE,125,FALSE,BREACHED
SLA_SYN_0001716,EXC_SYN_0001716,PAYMENT_EXCEPTION_RESOLUTION,2025-12-02T21:32:00,2025-12-03T05:32:00,TRUE,147988,FALSE,BREACHED
SLA_SYN_0001717,EXC_SYN_0001717,PAYMENT_EXCEPTION_RESOLUTION,2026-01-20T11:47:00,2026-01-20T15:47:00,FALSE,0,FALSE,MET
SLA_SYN_0001718,EXC_SYN_0001718,PAYMENT_EXCEPTION_RESOLUTION,2026-02-05T17:15:00,2026-02-06T01:15:00,FALSE,0,FALSE,MET
SLA_SYN_0001719,EXC_SYN_0001719,PAYMENT_EXCEPTION_RESOLUTION,2025-12-31T16:41:00,2026-01-01T00:41:00,FALSE,0,FALSE,MET
SLA_SYN_0001720,EXC_SYN_0001720,PAYMENT_EXCEPTION_RESOLUTION,2026-03-15T12:36:00,2026-03-15T16:36:00,TRUE,444,TRUE,BREACHED
SLA_SYN_0001721,EXC_SYN_0001721,PAYMENT_EXCEPTION_RESOLUTION,2026-01-16T14:23:00,2026-01-16T18:23:00,FALSE,0,FALSE,MET
SLA_SYN_0001722,EXC_SYN_0001722,PAYMENT_EXCEPTION_RESOLUTION,2026-02-03T09:21:00,2026-02-03T17:21:00,TRUE,132,FALSE,BREACHED
SLA_SYN_0001723,EXC_SYN_0001723,PAYMENT_EXCEPTION_RESOLUTION,2026-02-19T11:31:00,2026-02-19T15:31:00,FALSE,0,FALSE,MET
SLA_SYN_0001724,EXC_SYN_0001724,PAYMENT_EXCEPTION_RESOLUTION,2025-12-28T14:45:00,2025-12-28T22:45:00,TRUE,110955,FALSE,BREACHED
SLA_SYN_0001725,EXC_SYN_0001725,PAYMENT_EXCEPTION_RESOLUTION,2026-01-06T14:18:00,2026-01-06T22:18:00,FALSE,0,FALSE,MET
SLA_SYN_0001726,EXC_SYN_0001726,PAYMENT_EXCEPTION_RESOLUTION,2025-12-21T13:14:00,2025-12-21T21:14:00,FALSE,0,FALSE,MET
SLA_SYN_0001727,EXC_SYN_0001727,PAYMENT_EXCEPTION_RESOLUTION,2025-11-22T19:59:00,2025-11-23T03:59:00,FALSE,0,FALSE,MET
SLA_SYN_0001728,EXC_SYN_0001728,PAYMENT_EXCEPTION_RESOLUTION,2026-02-23T14:00:00,2026-02-23T18:00:00,TRUE,29160,TRUE,BREACHED
SLA_SYN_0001729,EXC_SYN_0001729,PAYMENT_EXCEPTION_RESOLUTION,2025-12-17T20:25:00,2025-12-18T04:25:00,TRUE,139,FALSE,BREACHED
SLA_SYN_0001730,EXC_SYN_0001730,PAYMENT_EXCEPTION_RESOLUTION,2026-01-03T14:16:00,2026-01-03T22:16:00,FALSE,0,FALSE,MET
SLA_SYN_0001731,EXC_SYN_0001731,PAYMENT_EXCEPTION_RESOLUTION,2025-11-25T14:19:00,2025-11-25T18:19:00,FALSE,0,FALSE,MET
SLA_SYN_0001732,EXC_SYN_0001732,PAYMENT_EXCEPTION_RESOLUTION,2026-01-21T13:55:00,2026-01-21T17:55:00,TRUE,76685,TRUE,BREACHED
SLA_SYN_0001733,EXC_SYN_0001733,PAYMENT_EXCEPTION_RESOLUTION,2026-03-14T13:48:00,2026-03-14T21:48:00,FALSE,0,FALSE,MET
SLA_SYN_0001734,EXC_SYN_0001734,PAYMENT_EXCEPTION_RESOLUTION,2025-12-22T21:30:00,2025-12-23T01:30:00,FALSE,0,FALSE,MET
SLA_SYN_0001735,EXC_SYN_0001735,PAYMENT_EXCEPTION_RESOLUTION,2026-01-05T14:44:00,2026-01-05T22:44:00,FALSE,0,FALSE,MET
SLA_SYN_0001736,EXC_SYN_0001736,PAYMENT_EXCEPTION_RESOLUTION,2026-02-11T19:52:00,2026-02-12T03:52:00,TRUE,45848,FALSE,BREACHED
SLA_SYN_0001737,EXC_SYN_0001737,PAYMENT_EXCEPTION_RESOLUTION,2026-01-11T18:48:00,2026-01-12T02:48:00,FALSE,0,FALSE,MET
SLA_SYN_0001738,EXC_SYN_0001738,PAYMENT_EXCEPTION_RESOLUTION,2026-03-06T15:43:00,2026-03-06T23:43:00,FALSE,0,FALSE,MET
SLA_SYN_0001739,EXC_SYN_0001739,PAYMENT_EXCEPTION_RESOLUTION,2026-01-16T18:37:00,2026-01-16T22:37:00,FALSE,0,FALSE,MET
SLA_SYN_0001740,EXC_SYN_0001740,PAYMENT_EXCEPTION_RESOLUTION,2025-12-29T14:42:00,2025-12-29T22:42:00,TRUE,109518,FALSE,BREACHED
SLA_SYN_0001741,EXC_SYN_0001741,PAYMENT_EXCEPTION_RESOLUTION,2025-12-08T22:41:00,2025-12-09T06:41:00,FALSE,0,FALSE,MET
SLA_SYN_0001742,EXC_SYN_0001742,PAYMENT_EXCEPTION_RESOLUTION,2026-03-03T16:42:00,2026-03-03T20:42:00,FALSE,0,FALSE,MET
SLA_SYN_0001743,EXC_SYN_0001743,PAYMENT_EXCEPTION_RESOLUTION,2026-02-17T23:27:00,2026-02-18T03:27:00,TRUE,153,TRUE,BREACHED
SLA_SYN_0001744,EXC_SYN_0001744,PAYMENT_EXCEPTION_RESOLUTION,2025-12-07T22:43:00,2025-12-08T06:43:00,TRUE,140717,FALSE,BREACHED
SLA_SYN_0001745,EXC_SYN_0001745,PAYMENT_EXCEPTION_RESOLUTION,2026-02-15T10:17:00,2026-02-15T14:17:00,FALSE,0,FALSE,MET
SLA_SYN_0001746,EXC_SYN_0001746,PAYMENT_EXCEPTION_RESOLUTION,2025-12-14T15:05:00,2025-12-14T23:05:00,FALSE,0,FALSE,MET
SLA_SYN_0001747,EXC_SYN_0001747,PAYMENT_EXCEPTION_RESOLUTION,2026-02-23T15:18:00,2026-02-23T23:18:00,FALSE,0,FALSE,MET
SLA_SYN_0001748,EXC_SYN_0001748,PAYMENT_EXCEPTION_RESOLUTION,2026-03-12T14:54:00,2026-03-12T18:54:00,TRUE,4626,TRUE,BREACHED
SLA_SYN_0001749,EXC_SYN_0001749,PAYMENT_EXCEPTION_RESOLUTION,2026-02-10T17:28:00,2026-02-11T01:28:00,FALSE,0,FALSE,MET
SLA_SYN_0001750,EXC_SYN_0001750,PAYMENT_EXCEPTION_RESOLUTION,2025-12-19T16:34:00,2025-12-19T20:34:00,TRUE,160,TRUE,BREACHED
SLA_SYN_0001751,EXC_SYN_0001751,PAYMENT_EXCEPTION_RESOLUTION,2026-02-16T11:25:00,2026-02-16T19:25:00,FALSE,0,FALSE,MET
SLA_SYN_0001752,EXC_SYN_0001752,PAYMENT_EXCEPTION_RESOLUTION,2025-11-18T10:58:00,2025-11-18T18:58:00,TRUE,168782,FALSE,BREACHED
SLA_SYN_0001753,EXC_SYN_0001753,PAYMENT_EXCEPTION_RESOLUTION,2026-01-04T13:45:00,2026-01-04T17:45:00,FALSE,0,FALSE,MET
SLA_SYN_0001754,EXC_SYN_0001754,PAYMENT_EXCEPTION_RESOLUTION,2026-01-22T14:25:00,2026-01-22T18:25:00,FALSE,0,FALSE,MET
SLA_SYN_0001755,EXC_SYN_0001755,PAYMENT_EXCEPTION_RESOLUTION,2026-01-11T11:47:00,2026-01-11T19:47:00,FALSE,0,FALSE,MET
SLA_SYN_0001756,EXC_SYN_0001756,PAYMENT_EXCEPTION_RESOLUTION,2025-11-22T14:14:00,2025-11-22T18:14:00,TRUE,163066,TRUE,BREACHED
SLA_SYN_0001757,EXC_SYN_0001757,PAYMENT_EXCEPTION_RESOLUTION,2026-02-07T11:36:00,2026-02-07T19:36:00,TRUE,167,FALSE,BREACHED
SLA_SYN_0001758,EXC_SYN_0001758,PAYMENT_EXCEPTION_RESOLUTION,2025-12-11T12:16:00,2025-12-11T20:16:00,FALSE,0,FALSE,MET
SLA_SYN_0001759,EXC_SYN_0001759,PAYMENT_EXCEPTION_RESOLUTION,2026-01-08T13:46:00,2026-01-08T21:46:00,FALSE,0,FALSE,MET
SLA_SYN_0001760,EXC_SYN_0001760,PAYMENT_EXCEPTION_RESOLUTION,2025-11-18T17:10:00,2025-11-19T01:10:00,TRUE,168410,FALSE,BREACHED
SLA_SYN_0001761,EXC_SYN_0001761,PAYMENT_EXCEPTION_RESOLUTION,2026-01-28T14:32:00,2026-01-28T18:32:00,FALSE,0,FALSE,MET
SLA_SYN_0001762,EXC_SYN_0001762,PAYMENT_EXCEPTION_RESOLUTION,2026-01-21T17:46:00,2026-01-22T01:46:00,FALSE,0,FALSE,MET
SLA_SYN_0001763,EXC_SYN_0001763,PAYMENT_EXCEPTION_RESOLUTION,2026-02-26T14:48:00,2026-02-26T22:48:00,FALSE,0,FALSE,MET
SLA_SYN_0001764,EXC_SYN_0001764,PAYMENT_EXCEPTION_RESOLUTION,2026-01-24T21:30:00,2026-01-25T01:30:00,TRUE,71910,TRUE,BREACHED
SLA_SYN_0001765,EXC_SYN_0001765,PAYMENT_EXCEPTION_RESOLUTION,2025-12-24T12:40:00,2025-12-24T16:40:00,FALSE,0,FALSE,MET
SLA_SYN_0001766,EXC_SYN_0001766,PAYMENT_EXCEPTION_RESOLUTION,2025-12-18T17:31:00,2025-12-19T01:31:00,FALSE,0,FALSE,MET
SLA_SYN_0001767,EXC_SYN_0001767,PAYMENT_EXCEPTION_RESOLUTION,2026-03-11T13:56:00,2026-03-11T17:56:00,FALSE,0,FALSE,MET
SLA_SYN_0001768,EXC_SYN_0001768,PAYMENT_EXCEPTION_RESOLUTION,2026-03-15T21:45:00,2026-03-16T05:45:00,FALSE,0,FALSE,IN_PROGRESS
SLA_SYN_0001769,EXC_SYN_0001769,PAYMENT_EXCEPTION_RESOLUTION,2026-02-22T23:15:00,2026-02-23T07:15:00,FALSE,0,FALSE,MET
SLA_SYN_0001770,EXC_SYN_0001770,PAYMENT_EXCEPTION_RESOLUTION,2025-11-22T18:43:00,2025-11-23T02:43:00,FALSE,0,FALSE,MET
SLA_SYN_0001771,EXC_SYN_0001771,PAYMENT_EXCEPTION_RESOLUTION,2026-01-20T18:16:00,2026-01-21T02:16:00,TRUE,181,FALSE,BREACHED
SLA_SYN_0001772,EXC_SYN_0001772,PAYMENT_EXCEPTION_RESOLUTION,2026-02-27T20:43:00,2026-02-28T00:43:00,TRUE,22997,TRUE,BREACHED
SLA_SYN_0001773,EXC_SYN_0001773,PAYMENT_EXCEPTION_RESOLUTION,2025-11-27T15:06:00,2025-11-27T23:06:00,FALSE,0,FALSE,MET
SLA_SYN_0001774,EXC_SYN_0001774,PAYMENT_EXCEPTION_RESOLUTION,2026-02-11T14:12:00,2026-02-11T22:12:00,FALSE,0,FALSE,MET
SLA_SYN_0001775,EXC_SYN_0001775,PAYMENT_EXCEPTION_RESOLUTION,2026-02-14T11:51:00,2026-02-14T15:51:00,FALSE,0,FALSE,MET
SLA_SYN_0001776,EXC_SYN_0001776,PAYMENT_EXCEPTION_RESOLUTION,2025-12-27T10:40:00,2025-12-27T14:40:00,TRUE,112880,TRUE,BREACHED
SLA_SYN_0001777,EXC_SYN_0001777,PAYMENT_EXCEPTION_RESOLUTION,2026-01-20T18:29:00,2026-01-21T02:29:00,FALSE,0,FALSE,MET
SLA_SYN_0001778,EXC_SYN_0001778,PAYMENT_EXCEPTION_RESOLUTION,2026-02-13T13:37:00,2026-02-13T17:37:00,TRUE,188,TRUE,BREACHED
SLA_SYN_0001779,EXC_SYN_0001779,PAYMENT_EXCEPTION_RESOLUTION,2025-12-02T19:15:00,2025-12-03T03:15:00,FALSE,0,FALSE,MET
SLA_SYN_0001780,EXC_SYN_0001780,PAYMENT_EXCEPTION_RESOLUTION,2026-02-28T13:16:00,2026-02-28T21:16:00,TRUE,21764,FALSE,BREACHED
SLA_SYN_0001781,EXC_SYN_0001781,PAYMENT_EXCEPTION_RESOLUTION,2026-03-02T16:40:00,2026-03-03T00:40:00,FALSE,0,FALSE,MET
SLA_SYN_0001782,EXC_SYN_0001782,PAYMENT_EXCEPTION_RESOLUTION,2026-01-04T11:38:00,2026-01-04T19:38:00,FALSE,0,FALSE,MET
SLA_SYN_0001783,EXC_SYN_0001783,PAYMENT_EXCEPTION_RESOLUTION,2025-12-12T19:57:00,2025-12-12T23:57:00,FALSE,0,FALSE,MET
SLA_SYN_0001784,EXC_SYN_0001784,PAYMENT_EXCEPTION_RESOLUTION,2026-02-07T17:19:00,2026-02-08T01:19:00,TRUE,51761,FALSE,BREACHED
SLA_SYN_0001785,EXC_SYN_0001785,PAYMENT_EXCEPTION_RESOLUTION,2026-01-17T19:06:00,2026-01-18T03:06:00,TRUE,195,FALSE,BREACHED
SLA_SYN_0001786,EXC_SYN_0001786,PAYMENT_EXCEPTION_RESOLUTION,2026-03-10T11:53:00,2026-03-10T15:53:00,FALSE,0,FALSE,MET
SLA_SYN_0001787,EXC_SYN_0001787,PAYMENT_EXCEPTION_RESOLUTION,2025-11-25T13:23:00,2025-11-25T17:23:00,FALSE,0,FALSE,MET
SLA_SYN_0001788,EXC_SYN_0001788,PAYMENT_EXCEPTION_RESOLUTION,2025-12-23T15:47:00,2025-12-23T23:47:00,TRUE,118093,FALSE,BREACHED
SLA_SYN_0001789,EXC_SYN_0001789,PAYMENT_EXCEPTION_RESOLUTION,2025-11-19T16:57:00,2025-11-19T20:57:00,FALSE,0,FALSE,MET
SLA_SYN_0001790,EXC_SYN_0001790,PAYMENT_EXCEPTION_RESOLUTION,2026-02-27T17:50:00,2026-02-28T01:50:00,FALSE,0,FALSE,MET
SLA_SYN_0001791,EXC_SYN_0001791,PAYMENT_EXCEPTION_RESOLUTION,2026-01-12T18:50:00,2026-01-13T02:50:00,FALSE,0,FALSE,MET
SLA_SYN_0001792,EXC_SYN_0001792,PAYMENT_EXCEPTION_RESOLUTION,2026-01-22T21:34:00,2026-01-23T05:34:00,TRUE,74546,FALSE,BREACHED
SLA_SYN_0001793,EXC_SYN_0001793,PAYMENT_EXCEPTION_RESOLUTION,2026-01-30T16:52:00,2026-01-31T00:52:00,FALSE,0,FALSE,MET
SLA_SYN_0001794,EXC_SYN_0001794,PAYMENT_EXCEPTION_RESOLUTION,2025-11-16T19:09:00,2025-11-16T23:09:00,FALSE,0,FALSE,MET
SLA_SYN_0001795,EXC_SYN_0001795,PAYMENT_EXCEPTION_RESOLUTION,2026-01-06T15:34:00,2026-01-06T23:34:00,FALSE,0,FALSE,MET
SLA_SYN_0001796,EXC_SYN_0001796,PAYMENT_EXCEPTION_RESOLUTION,2026-02-17T15:57:00,2026-02-17T23:57:00,TRUE,37443,FALSE,BREACHED
SLA_SYN_0001797,EXC_SYN_0001797,PAYMENT_EXCEPTION_RESOLUTION,2025-12-16T17:27:00,2025-12-16T21:27:00,FALSE,0,FALSE,MET
SLA_SYN_0001798,EXC_SYN_0001798,PAYMENT_EXCEPTION_RESOLUTION,2025-12-08T14:56:00,2025-12-08T18:56:00,FALSE,0,FALSE,MET
SLA_SYN_0001799,EXC_SYN_0001799,PAYMENT_EXCEPTION_RESOLUTION,2026-01-20T20:34:00,2026-01-21T04:34:00,TRUE,209,FALSE,BREACHED
SLA_SYN_0001800,EXC_SYN_0001800,PAYMENT_EXCEPTION_RESOLUTION,2026-01-16T16:51:00,2026-01-16T20:51:00,TRUE,83709,TRUE,BREACHED
SLA_SYN_0001801,EXC_SYN_0001801,PAYMENT_EXCEPTION_RESOLUTION,2026-03-11T16:07:00,2026-03-12T00:07:00,FALSE,0,FALSE,MET
SLA_SYN_0001802,EXC_SYN_0001802,PAYMENT_EXCEPTION_RESOLUTION,2026-01-06T18:04:00,2026-01-07T02:04:00,FALSE,0,FALSE,MET
SLA_SYN_0001803,EXC_SYN_0001803,PAYMENT_EXCEPTION_RESOLUTION,2026-01-31T16:23:00,2026-02-01T00:23:00,FALSE,0,FALSE,MET
SLA_SYN_0001804,EXC_SYN_0001804,PAYMENT_EXCEPTION_RESOLUTION,2026-02-09T10:34:00,2026-02-09T18:34:00,TRUE,49286,FALSE,BREACHED
SLA_SYN_0001805,EXC_SYN_0001805,PAYMENT_EXCEPTION_RESOLUTION,2026-03-07T14:35:00,2026-03-07T18:35:00,FALSE,0,FALSE,MET
SLA_SYN_0001806,EXC_SYN_0001806,PAYMENT_EXCEPTION_RESOLUTION,2026-03-15T11:37:00,2026-03-15T15:37:00,TRUE,36,TRUE,BREACHED
SLA_SYN_0001807,EXC_SYN_0001807,PAYMENT_EXCEPTION_RESOLUTION,2026-01-24T11:43:00,2026-01-24T19:43:00,FALSE,0,FALSE,MET
SLA_SYN_0001808,EXC_SYN_0001808,PAYMENT_EXCEPTION_RESOLUTION,2026-03-15T19:02:00,2026-03-15T23:02:00,TRUE,58,TRUE,BREACHED
SLA_SYN_0001809,EXC_SYN_0001809,PAYMENT_EXCEPTION_RESOLUTION,2026-01-08T13:23:00,2026-01-08T17:23:00,FALSE,0,FALSE,MET
SLA_SYN_0001810,EXC_SYN_0001810,PAYMENT_EXCEPTION_RESOLUTION,2026-03-13T14:53:00,2026-03-13T22:53:00,FALSE,0,FALSE,MET
SLA_SYN_0001811,EXC_SYN_0001811,PAYMENT_EXCEPTION_RESOLUTION,2026-01-04T13:22:00,2026-01-04T17:22:00,FALSE,0,FALSE,MET
SLA_SYN_0001812,EXC_SYN_0001812,PAYMENT_EXCEPTION_RESOLUTION,2026-01-27T18:50:00,2026-01-28T02:50:00,TRUE,67510,FALSE,BREACHED
SLA_SYN_0001813,EXC_SYN_0001813,PAYMENT_EXCEPTION_RESOLUTION,2026-03-09T18:53:00,2026-03-10T02:53:00,TRUE,43,FALSE,BREACHED
SLA_SYN_0001814,EXC_SYN_0001814,PAYMENT_EXCEPTION_RESOLUTION,2026-01-21T16:52:00,2026-01-22T00:52:00,FALSE,0,FALSE,MET
SLA_SYN_0001815,EXC_SYN_0001815,PAYMENT_EXCEPTION_RESOLUTION,2025-11-22T20:16:00,2025-11-23T04:16:00,FALSE,0,FALSE,MET
SLA_SYN_0001816,EXC_SYN_0001816,PAYMENT_EXCEPTION_RESOLUTION,2025-11-16T16:31:00,2025-11-16T20:31:00,TRUE,171569,TRUE,BREACHED
SLA_SYN_0001817,EXC_SYN_0001817,PAYMENT_EXCEPTION_RESOLUTION,2026-01-19T21:39:00,2026-01-20T05:39:00,FALSE,0,FALSE,MET
SLA_SYN_0001818,EXC_SYN_0001818,PAYMENT_EXCEPTION_RESOLUTION,2026-01-13T12:49:00,2026-01-13T20:49:00,FALSE,0,FALSE,MET
SLA_SYN_0001819,EXC_SYN_0001819,PAYMENT_EXCEPTION_RESOLUTION,2025-12-14T13:02:00,2025-12-14T17:02:00,FALSE,0,FALSE,MET
SLA_SYN_0001820,EXC_SYN_0001820,PAYMENT_EXCEPTION_RESOLUTION,2025-11-25T18:37:00,2025-11-25T22:37:00,TRUE,158483,TRUE,BREACHED
SLA_SYN_0001821,EXC_SYN_0001821,PAYMENT_EXCEPTION_RESOLUTION,2026-02-09T15:59:00,2026-02-09T23:59:00,FALSE,0,FALSE,MET
SLA_SYN_0001822,EXC_SYN_0001822,PAYMENT_EXCEPTION_RESOLUTION,2025-12-09T21:57:00,2025-12-10T01:57:00,FALSE,0,FALSE,MET
SLA_SYN_0001823,EXC_SYN_0001823,PAYMENT_EXCEPTION_RESOLUTION,2025-11-22T18:29:00,2025-11-23T02:29:00,FALSE,0,FALSE,MET
SLA_SYN_0001824,EXC_SYN_0001824,PAYMENT_EXCEPTION_RESOLUTION,2026-02-03T17:35:00,2026-02-04T01:35:00,TRUE,57505,FALSE,BREACHED
SLA_SYN_0001825,EXC_SYN_0001825,PAYMENT_EXCEPTION_RESOLUTION,2026-03-08T18:55:00,2026-03-09T02:55:00,FALSE,0,FALSE,MET
SLA_SYN_0001826,EXC_SYN_0001826,PAYMENT_EXCEPTION_RESOLUTION,2026-02-19T18:31:00,2026-02-20T02:31:00,FALSE,0,FALSE,MET
SLA_SYN_0001827,EXC_SYN_0001827,PAYMENT_EXCEPTION_RESOLUTION,2025-12-27T17:47:00,2025-12-27T21:47:00,TRUE,57,TRUE,BREACHED
SLA_SYN_0001828,EXC_SYN_0001828,PAYMENT_EXCEPTION_RESOLUTION,2025-12-03T17:05:00,2025-12-04T01:05:00,TRUE,146815,FALSE,BREACHED
SLA_SYN_0001829,EXC_SYN_0001829,PAYMENT_EXCEPTION_RESOLUTION,2026-03-10T10:56:00,2026-03-10T18:56:00,FALSE,0,FALSE,MET
SLA_SYN_0001830,EXC_SYN_0001830,PAYMENT_EXCEPTION_RESOLUTION,2025-12-18T14:20:00,2025-12-18T18:20:00,FALSE,0,FALSE,MET
SLA_SYN_0001831,EXC_SYN_0001831,PAYMENT_EXCEPTION_RESOLUTION,2026-01-25T15:50:00,2026-01-25T19:50:00,FALSE,0,FALSE,MET
SLA_SYN_0001832,EXC_SYN_0001832,PAYMENT_EXCEPTION_RESOLUTION,2026-02-16T16:03:00,2026-02-17T00:03:00,TRUE,38877,FALSE,BREACHED
SLA_SYN_0001833,EXC_SYN_0001833,PAYMENT_EXCEPTION_RESOLUTION,2026-01-06T10:04:00,2026-01-06T14:04:00,FALSE,0,FALSE,MET
SLA_SYN_0001834,EXC_SYN_0001834,PAYMENT_EXCEPTION_RESOLUTION,2025-11-29T15:12:00,2025-11-29T23:12:00,TRUE,64,FALSE,BREACHED
SLA_SYN_0001835,EXC_SYN_0001835,PAYMENT_EXCEPTION_RESOLUTION,2025-11-25T13:31:00,2025-11-25T21:31:00,FALSE,0,FALSE,MET
SLA_SYN_0001836,EXC_SYN_0001836,PAYMENT_EXCEPTION_RESOLUTION,2026-02-12T14:41:00,2026-02-12T22:41:00,TRUE,44719,FALSE,BREACHED
SLA_SYN_0001837,EXC_SYN_0001837,PAYMENT_EXCEPTION_RESOLUTION,2026-02-01T17:45:00,2026-02-02T01:45:00,FALSE,0,FALSE,MET
SLA_SYN_0001838,EXC_SYN_0001838,PAYMENT_EXCEPTION_RESOLUTION,2026-01-27T12:33:00,2026-01-27T16:33:00,FALSE,0,FALSE,MET
SLA_SYN_0001839,EXC_SYN_0001839,PAYMENT_EXCEPTION_RESOLUTION,2026-02-06T16:44:00,2026-02-07T00:44:00,FALSE,0,FALSE,MET
SLA_SYN_0001840,EXC_SYN_0001840,PAYMENT_EXCEPTION_RESOLUTION,2025-12-11T13:19:00,2025-12-11T21:19:00,TRUE,135521,FALSE,BREACHED
SLA_SYN_0001841,EXC_SYN_0001841,PAYMENT_EXCEPTION_RESOLUTION,2025-12-20T21:01:00,2025-12-21T01:01:00,TRUE,71,TRUE,BREACHED
SLA_SYN_0001842,EXC_SYN_0001842,PAYMENT_EXCEPTION_RESOLUTION,2025-12-19T18:40:00,2025-12-19T22:40:00,FALSE,0,FALSE,MET
SLA_SYN_0001843,EXC_SYN_0001843,PAYMENT_EXCEPTION_RESOLUTION,2025-12-19T18:43:00,2025-12-20T02:43:00,FALSE,0,FALSE,MET
SLA_SYN_0001844,EXC_SYN_0001844,PAYMENT_EXCEPTION_RESOLUTION,2026-01-14T13:51:00,2026-01-14T17:51:00,TRUE,86769,TRUE,BREACHED
SLA_SYN_0001845,EXC_SYN_0001845,PAYMENT_EXCEPTION_RESOLUTION,2026-03-04T12:30:00,2026-03-04T20:30:00,FALSE,0,FALSE,MET
SLA_SYN_0001846,EXC_SYN_0001846,PAYMENT_EXCEPTION_RESOLUTION,2025-12-10T12:53:00,2025-12-10T20:53:00,FALSE,0,FALSE,MET
SLA_SYN_0001847,EXC_SYN_0001847,PAYMENT_EXCEPTION_RESOLUTION,2025-12-04T15:10:00,2025-12-04T23:10:00,FALSE,0,FALSE,MET
SLA_SYN_0001848,EXC_SYN_0001848,PAYMENT_EXCEPTION_RESOLUTION,2025-12-15T21:35:00,2025-12-16T05:35:00,TRUE,129265,FALSE,BREACHED
SLA_SYN_0001849,EXC_SYN_0001849,PAYMENT_EXCEPTION_RESOLUTION,2025-12-20T14:56:00,2025-12-20T18:56:00,FALSE,0,FALSE,MET
SLA_SYN_0001850,EXC_SYN_0001850,PAYMENT_EXCEPTION_RESOLUTION,2026-02-09T17:53:00,2026-02-10T01:53:00,FALSE,0,FALSE,MET
SLA_SYN_0001851,EXC_SYN_0001851,PAYMENT_EXCEPTION_RESOLUTION,2026-02-14T18:43:00,2026-02-15T02:43:00,FALSE,0,FALSE,MET
SLA_SYN_0001852,EXC_SYN_0001852,PAYMENT_EXCEPTION_RESOLUTION,2026-03-14T19:33:00,2026-03-14T23:33:00,TRUE,1467,TRUE,BREACHED
SLA_SYN_0001853,EXC_SYN_0001853,PAYMENT_EXCEPTION_RESOLUTION,2026-01-12T16:38:00,2026-01-12T20:38:00,FALSE,0,FALSE,MET
SLA_SYN_0001854,EXC_SYN_0001854,PAYMENT_EXCEPTION_RESOLUTION,2026-01-15T15:04:00,2026-01-15T23:04:00,FALSE,0,FALSE,MET
SLA_SYN_0001855,EXC_SYN_0001855,PAYMENT_EXCEPTION_RESOLUTION,2025-11-20T15:17:00,2025-11-20T19:17:00,TRUE,85,TRUE,BREACHED
SLA_SYN_0001856,EXC_SYN_0001856,PAYMENT_EXCEPTION_RESOLUTION,2026-02-20T08:33:00,2026-02-20T16:33:00,TRUE,33567,FALSE,BREACHED
SLA_SYN_0001857,EXC_SYN_0001857,PAYMENT_EXCEPTION_RESOLUTION,2025-12-07T09:06:00,2025-12-07T17:06:00,FALSE,0,FALSE,MET
SLA_SYN_0001858,EXC_SYN_0001858,PAYMENT_EXCEPTION_RESOLUTION,2026-03-07T10:06:00,2026-03-07T18:06:00,FALSE,0,FALSE,MET
SLA_SYN_0001859,EXC_SYN_0001859,PAYMENT_EXCEPTION_RESOLUTION,2026-01-18T12:13:00,2026-01-18T20:13:00,FALSE,0,FALSE,MET
SLA_SYN_0001860,EXC_SYN_0001860,PAYMENT_EXCEPTION_RESOLUTION,2026-03-11T17:04:00,2026-03-11T21:04:00,TRUE,5936,TRUE,BREACHED
SLA_SYN_0001861,EXC_SYN_0001861,PAYMENT_EXCEPTION_RESOLUTION,2025-12-22T19:11:00,2025-12-23T03:11:00,FALSE,0,FALSE,MET
SLA_SYN_0001862,EXC_SYN_0001862,PAYMENT_EXCEPTION_RESOLUTION,2026-01-09T12:42:00,2026-01-09T20:42:00,TRUE,92,FALSE,BREACHED
SLA_SYN_0001863,EXC_SYN_0001863,PAYMENT_EXCEPTION_RESOLUTION,2026-01-27T17:13:00,2026-01-27T21:13:00,FALSE,0,FALSE,MET
SLA_SYN_0001864,EXC_SYN_0001864,PAYMENT_EXCEPTION_RESOLUTION,2026-02-20T13:28:00,2026-02-20T17:28:00,TRUE,33512,TRUE,BREACHED
SLA_SYN_0001865,EXC_SYN_0001865,PAYMENT_EXCEPTION_RESOLUTION,2026-02-04T10:50:00,2026-02-04T18:50:00,FALSE,0,FALSE,MET
SLA_SYN_0001866,EXC_SYN_0001866,PAYMENT_EXCEPTION_RESOLUTION,2026-03-11T17:42:00,2026-03-11T21:42:00,FALSE,0,FALSE,MET
SLA_SYN_0001867,EXC_SYN_0001867,PAYMENT_EXCEPTION_RESOLUTION,2026-03-10T11:53:00,2026-03-10T19:53:00,FALSE,0,FALSE,MET
SLA_SYN_0001868,EXC_SYN_0001868,PAYMENT_EXCEPTION_RESOLUTION,2025-12-29T13:23:00,2025-12-29T21:23:00,TRUE,109597,FALSE,BREACHED
SLA_SYN_0001869,EXC_SYN_0001869,PAYMENT_EXCEPTION_RESOLUTION,2025-12-02T11:32:00,2025-12-02T19:32:00,TRUE,99,FALSE,BREACHED
SLA_SYN_0001870,EXC_SYN_0001870,PAYMENT_EXCEPTION_RESOLUTION,2026-02-19T16:40:00,2026-02-20T00:40:00,FALSE,0,FALSE,MET
SLA_SYN_0001871,EXC_SYN_0001871,PAYMENT_EXCEPTION_RESOLUTION,2026-03-01T21:11:00,2026-03-02T01:11:00,FALSE,0,FALSE,MET
SLA_SYN_0001872,EXC_SYN_0001872,PAYMENT_EXCEPTION_RESOLUTION,2026-01-19T18:03:00,2026-01-20T02:03:00,TRUE,79077,FALSE,BREACHED
SLA_SYN_0001873,EXC_SYN_0001873,PAYMENT_EXCEPTION_RESOLUTION,2026-02-01T13:41:00,2026-02-01T21:41:00,FALSE,0,FALSE,MET
SLA_SYN_0001874,EXC_SYN_0001874,PAYMENT_EXCEPTION_RESOLUTION,2025-12-05T21:50:00,2025-12-06T01:50:00,FALSE,0,FALSE,MET
SLA_SYN_0001875,EXC_SYN_0001875,PAYMENT_EXCEPTION_RESOLUTION,2025-12-16T19:12:00,2025-12-16T23:12:00,FALSE,0,FALSE,MET
SLA_SYN_0001876,EXC_SYN_0001876,PAYMENT_EXCEPTION_RESOLUTION,2026-03-15T20:02:00,2026-03-16T00:02:00,FALSE,0,FALSE,IN_PROGRESS
SLA_SYN_0001877,EXC_SYN_0001877,PAYMENT_EXCEPTION_RESOLUTION,2025-12-05T17:44:00,2025-12-05T21:44:00,FALSE,0,FALSE,MET
SLA_SYN_0001878,EXC_SYN_0001878,PAYMENT_EXCEPTION_RESOLUTION,2026-01-11T19:51:00,2026-01-12T03:51:00,FALSE,0,FALSE,MET
SLA_SYN_0001879,EXC_SYN_0001879,PAYMENT_EXCEPTION_RESOLUTION,2025-11-19T18:57:00,2025-11-20T02:57:00,FALSE,0,FALSE,MET
SLA_SYN_0001880,EXC_SYN_0001880,PAYMENT_EXCEPTION_RESOLUTION,2026-01-25T19:20:00,2026-01-26T03:20:00,TRUE,70360,FALSE,BREACHED
SLA_SYN_0001881,EXC_SYN_0001881,PAYMENT_EXCEPTION_RESOLUTION,2025-12-11T14:08:00,2025-12-11T22:08:00,FALSE,0,FALSE,MET
SLA_SYN_0001882,EXC_SYN_0001882,PAYMENT_EXCEPTION_RESOLUTION,2025-12-16T18:49:00,2025-12-16T22:49:00,FALSE,0,FALSE,MET
SLA_SYN_0001883,EXC_SYN_0001883,PAYMENT_EXCEPTION_RESOLUTION,2025-12-02T15:41:00,2025-12-02T23:41:00,TRUE,113,FALSE,BREACHED
SLA_SYN_0001884,EXC_SYN_0001884,PAYMENT_EXCEPTION_RESOLUTION,2026-02-02T10:41:00,2026-02-02T18:41:00,TRUE,59359,FALSE,BREACHED
SLA_SYN_0001885,EXC_SYN_0001885,PAYMENT_EXCEPTION_RESOLUTION,2026-02-11T17:36:00,2026-02-11T21:36:00,FALSE,0,FALSE,MET
SLA_SYN_0001886,EXC_SYN_0001886,PAYMENT_EXCEPTION_RESOLUTION,2025-12-12T09:43:00,2025-12-12T13:43:00,FALSE,0,FALSE,MET
SLA_SYN_0001887,EXC_SYN_0001887,PAYMENT_EXCEPTION_RESOLUTION,2026-02-01T12:37:00,2026-02-01T20:37:00,FALSE,0,FALSE,MET
SLA_SYN_0001888,EXC_SYN_0001888,PAYMENT_EXCEPTION_RESOLUTION,2025-12-24T11:33:00,2025-12-24T15:33:00,TRUE,117147,TRUE,BREACHED
SLA_SYN_0001889,EXC_SYN_0001889,PAYMENT_EXCEPTION_RESOLUTION,2026-01-11T16:41:00,2026-01-12T00:41:00,FALSE,0,FALSE,MET
SLA_SYN_0001890,EXC_SYN_0001890,PAYMENT_EXCEPTION_RESOLUTION,2025-12-28T15:20:00,2025-12-28T23:20:00,TRUE,120,FALSE,BREACHED
SLA_SYN_0001891,EXC_SYN_0001891,PAYMENT_EXCEPTION_RESOLUTION,2026-03-11T12:32:00,2026-03-11T20:32:00,FALSE,0,FALSE,MET
SLA_SYN_0001892,EXC_SYN_0001892,PAYMENT_EXCEPTION_RESOLUTION,2026-02-27T10:11:00,2026-02-27T18:11:00,TRUE,23389,FALSE,BREACHED
SLA_SYN_0001893,EXC_SYN_0001893,PAYMENT_EXCEPTION_RESOLUTION,2026-02-18T19:10:00,2026-02-18T23:10:00,FALSE,0,FALSE,MET
SLA_SYN_0001894,EXC_SYN_0001894,PAYMENT_EXCEPTION_RESOLUTION,2026-01-02T11:07:00,2026-01-02T19:07:00,FALSE,0,FALSE,MET
SLA_SYN_0001895,EXC_SYN_0001895,PAYMENT_EXCEPTION_RESOLUTION,2026-01-12T11:20:00,2026-01-12T19:20:00,FALSE,0,FALSE,MET
SLA_SYN_0001896,EXC_SYN_0001896,PAYMENT_EXCEPTION_RESOLUTION,2025-12-15T13:17:00,2025-12-15T17:17:00,TRUE,130003,TRUE,BREACHED
SLA_SYN_0001897,EXC_SYN_0001897,PAYMENT_EXCEPTION_RESOLUTION,2026-02-10T13:03:00,2026-02-10T17:03:00,TRUE,127,TRUE,BREACHED
SLA_SYN_0001898,EXC_SYN_0001898,PAYMENT_EXCEPTION_RESOLUTION,2025-12-30T15:00:00,2025-12-30T23:00:00,FALSE,0,FALSE,MET
SLA_SYN_0001899,EXC_SYN_0001899,PAYMENT_EXCEPTION_RESOLUTION,2026-03-13T19:01:00,2026-03-14T03:01:00,FALSE,0,FALSE,MET
SLA_SYN_0001900,EXC_SYN_0001900,PAYMENT_EXCEPTION_RESOLUTION,2026-01-24T18:47:00,2026-01-25T02:47:00,TRUE,71833,FALSE,BREACHED
SLA_SYN_0001901,EXC_SYN_0001901,PAYMENT_EXCEPTION_RESOLUTION,2026-02-23T12:08:00,2026-02-23T20:08:00,FALSE,0,FALSE,MET
SLA_SYN_0001902,EXC_SYN_0001902,PAYMENT_EXCEPTION_RESOLUTION,2025-12-24T14:08:00,2025-12-24T22:08:00,FALSE,0,FALSE,MET
SLA_SYN_0001903,EXC_SYN_0001903,PAYMENT_EXCEPTION_RESOLUTION,2026-03-09T17:59:00,2026-03-10T01:59:00,FALSE,0,FALSE,MET
SLA_SYN_0001904,EXC_SYN_0001904,PAYMENT_EXCEPTION_RESOLUTION,2026-03-05T21:50:00,2026-03-06T01:50:00,TRUE,14290,TRUE,BREACHED
SLA_SYN_0001905,EXC_SYN_0001905,PAYMENT_EXCEPTION_RESOLUTION,2025-12-29T16:41:00,2025-12-30T00:41:00,FALSE,0,FALSE,MET
SLA_SYN_0001906,EXC_SYN_0001906,PAYMENT_EXCEPTION_RESOLUTION,2025-12-21T22:46:00,2025-12-22T06:46:00,FALSE,0,FALSE,MET
SLA_SYN_0001907,EXC_SYN_0001907,PAYMENT_EXCEPTION_RESOLUTION,2025-12-06T20:18:00,2025-12-07T00:18:00,FALSE,0,FALSE,MET
SLA_SYN_0001908,EXC_SYN_0001908,PAYMENT_EXCEPTION_RESOLUTION,2025-12-12T15:06:00,2025-12-12T19:06:00,TRUE,134214,TRUE,BREACHED
SLA_SYN_0001909,EXC_SYN_0001909,PAYMENT_EXCEPTION_RESOLUTION,2026-03-10T21:31:00,2026-03-11T05:31:00,FALSE,0,FALSE,MET
SLA_SYN_0001910,EXC_SYN_0001910,PAYMENT_EXCEPTION_RESOLUTION,2026-03-03T14:35:00,2026-03-03T18:35:00,FALSE,0,FALSE,MET
SLA_SYN_0001911,EXC_SYN_0001911,PAYMENT_EXCEPTION_RESOLUTION,2026-03-04T08:18:00,2026-03-04T16:18:00,TRUE,141,FALSE,BREACHED
SLA_SYN_0001912,EXC_SYN_0001912,PAYMENT_EXCEPTION_RESOLUTION,2026-02-03T09:48:00,2026-02-03T17:48:00,TRUE,57972,FALSE,BREACHED
SLA_SYN_0001913,EXC_SYN_0001913,PAYMENT_EXCEPTION_RESOLUTION,2025-12-01T15:53:00,2025-12-01T23:53:00,FALSE,0,FALSE,MET
SLA_SYN_0001914,EXC_SYN_0001914,PAYMENT_EXCEPTION_RESOLUTION,2026-03-13T10:14:00,2026-03-13T14:14:00,FALSE,0,FALSE,MET
SLA_SYN_0001915,EXC_SYN_0001915,PAYMENT_EXCEPTION_RESOLUTION,2025-12-07T16:02:00,2025-12-07T20:02:00,FALSE,0,FALSE,MET
SLA_SYN_0001916,EXC_SYN_0001916,PAYMENT_EXCEPTION_RESOLUTION,2025-12-23T11:57:00,2025-12-23T19:57:00,TRUE,118323,FALSE,BREACHED
SLA_SYN_0001917,EXC_SYN_0001917,PAYMENT_EXCEPTION_RESOLUTION,2025-11-18T17:52:00,2025-11-19T01:52:00,FALSE,0,FALSE,MET
SLA_SYN_0001918,EXC_SYN_0001918,PAYMENT_EXCEPTION_RESOLUTION,2025-12-15T14:17:00,2025-12-15T18:17:00,TRUE,148,TRUE,BREACHED
SLA_SYN_0001919,EXC_SYN_0001919,PAYMENT_EXCEPTION_RESOLUTION,2025-11-23T14:30:00,2025-11-23T18:30:00,FALSE,0,FALSE,MET
SLA_SYN_0001920,EXC_SYN_0001920,PAYMENT_EXCEPTION_RESOLUTION,2026-03-05T12:12:00,2026-03-05T20:12:00,TRUE,14628,FALSE,BREACHED
SLA_SYN_0001921,EXC_SYN_0001921,PAYMENT_EXCEPTION_RESOLUTION,2025-11-30T15:26:00,2025-11-30T19:26:00,FALSE,0,FALSE,MET
SLA_SYN_0001922,EXC_SYN_0001922,PAYMENT_EXCEPTION_RESOLUTION,2026-02-09T11:48:00,2026-02-09T19:48:00,FALSE,0,FALSE,MET
SLA_SYN_0001923,EXC_SYN_0001923,PAYMENT_EXCEPTION_RESOLUTION,2025-12-03T11:04:00,2025-12-03T19:04:00,FALSE,0,FALSE,MET
SLA_SYN_0001924,EXC_SYN_0001924,PAYMENT_EXCEPTION_RESOLUTION,2025-12-08T12:34:00,2025-12-08T20:34:00,TRUE,139886,FALSE,BREACHED
SLA_SYN_0001925,EXC_SYN_0001925,PAYMENT_EXCEPTION_RESOLUTION,2025-11-28T20:43:00,2025-11-29T04:43:00,TRUE,155,FALSE,BREACHED
SLA_SYN_0001926,EXC_SYN_0001926,PAYMENT_EXCEPTION_RESOLUTION,2026-01-31T12:23:00,2026-01-31T16:23:00,FALSE,0,FALSE,MET
SLA_SYN_0001927,EXC_SYN_0001927,PAYMENT_EXCEPTION_RESOLUTION,2026-02-03T18:18:00,2026-02-04T02:18:00,FALSE,0,FALSE,MET
SLA_SYN_0001928,EXC_SYN_0001928,PAYMENT_EXCEPTION_RESOLUTION,2026-02-08T16:17:00,2026-02-09T00:17:00,TRUE,50383,FALSE,BREACHED
SLA_SYN_0001929,EXC_SYN_0001929,PAYMENT_EXCEPTION_RESOLUTION,2025-11-27T12:42:00,2025-11-27T16:42:00,FALSE,0,FALSE,MET
SLA_SYN_0001930,EXC_SYN_0001930,PAYMENT_EXCEPTION_RESOLUTION,2026-01-16T16:43:00,2026-01-16T20:43:00,FALSE,0,FALSE,MET
SLA_SYN_0001931,EXC_SYN_0001931,PAYMENT_EXCEPTION_RESOLUTION,2025-11-28T19:30:00,2025-11-29T03:30:00,FALSE,0,FALSE,MET
SLA_SYN_0001932,EXC_SYN_0001932,PAYMENT_EXCEPTION_RESOLUTION,2026-02-26T16:22:00,2026-02-26T20:22:00,TRUE,24698,TRUE,BREACHED
SLA_SYN_0001933,EXC_SYN_0001933,PAYMENT_EXCEPTION_RESOLUTION,2025-12-23T22:07:00,2025-12-24T06:07:00,FALSE,0,FALSE,MET
SLA_SYN_0001934,EXC_SYN_0001934,PAYMENT_EXCEPTION_RESOLUTION,2026-03-08T14:24:00,2026-03-08T22:24:00,FALSE,0,FALSE,MET
SLA_SYN_0001935,EXC_SYN_0001935,PAYMENT_EXCEPTION_RESOLUTION,2026-03-14T22:26:00,2026-03-15T02:26:00,FALSE,0,FALSE,MET
SLA_SYN_0001936,EXC_SYN_0001936,PAYMENT_EXCEPTION_RESOLUTION,2025-12-18T16:27:00,2025-12-19T00:27:00,TRUE,125253,FALSE,BREACHED
SLA_SYN_0001937,EXC_SYN_0001937,PAYMENT_EXCEPTION_RESOLUTION,2026-01-10T14:26:00,2026-01-10T18:26:00,FALSE,0,FALSE,MET
SLA_SYN_0001938,EXC_SYN_0001938,PAYMENT_EXCEPTION_RESOLUTION,2026-02-01T21:38:00,2026-02-02T05:38:00,FALSE,0,FALSE,MET
SLA_SYN_0001939,EXC_SYN_0001939,PAYMENT_EXCEPTION_RESOLUTION,2026-01-02T14:54:00,2026-01-02T22:54:00,TRUE,169,FALSE,BREACHED
SLA_SYN_0001940,EXC_SYN_0001940,PAYMENT_EXCEPTION_RESOLUTION,2025-12-11T11:46:00,2025-12-11T15:46:00,TRUE,135854,TRUE,BREACHED
SLA_SYN_0001941,EXC_SYN_0001941,PAYMENT_EXCEPTION_RESOLUTION,2026-01-29T15:40:00,2026-01-29T19:40:00,FALSE,0,FALSE,MET
SLA_SYN_0001942,EXC_SYN_0001942,PAYMENT_EXCEPTION_RESOLUTION,2026-02-19T11:15:00,2026-02-19T19:15:00,FALSE,0,FALSE,MET
SLA_SYN_0001943,EXC_SYN_0001943,PAYMENT_EXCEPTION_RESOLUTION,2026-03-14T11:48:00,2026-03-14T15:48:00,FALSE,0,FALSE,MET
SLA_SYN_0001944,EXC_SYN_0001944,PAYMENT_EXCEPTION_RESOLUTION,2025-12-29T14:42:00,2025-12-29T22:42:00,TRUE,109518,FALSE,BREACHED
SLA_SYN_0001945,EXC_SYN_0001945,PAYMENT_EXCEPTION_RESOLUTION,2026-01-10T12:51:00,2026-01-10T20:51:00,FALSE,0,FALSE,MET
SLA_SYN_0001946,EXC_SYN_0001946,PAYMENT_EXCEPTION_RESOLUTION,2026-01-13T14:51:00,2026-01-13T22:51:00,TRUE,176,FALSE,BREACHED
SLA_SYN_0001947,EXC_SYN_0001947,PAYMENT_EXCEPTION_RESOLUTION,2026-02-22T12:20:00,2026-02-22T20:20:00,FALSE,0,FALSE,MET
SLA_SYN_0001948,EXC_SYN_0001948,PAYMENT_EXCEPTION_RESOLUTION,2026-02-19T20:12:00,2026-02-20T00:12:00,TRUE,34548,TRUE,BREACHED
SLA_SYN_0001949,EXC_SYN_0001949,PAYMENT_EXCEPTION_RESOLUTION,2026-01-04T12:29:00,2026-01-04T20:29:00,FALSE,0,FALSE,MET
SLA_SYN_0001950,EXC_SYN_0001950,PAYMENT_EXCEPTION_RESOLUTION,2026-01-12T15:50:00,2026-01-12T23:50:00,FALSE,0,FALSE,MET
SLA_SYN_0001951,EXC_SYN_0001951,PAYMENT_EXCEPTION_RESOLUTION,2026-03-12T15:46:00,2026-03-12T19:46:00,FALSE,0,FALSE,MET
SLA_SYN_0001952,EXC_SYN_0001952,PAYMENT_EXCEPTION_RESOLUTION,2026-03-09T11:51:00,2026-03-09T15:51:00,TRUE,9129,TRUE,BREACHED
SLA_SYN_0001953,EXC_SYN_0001953,PAYMENT_EXCEPTION_RESOLUTION,2025-12-06T21:17:00,2025-12-07T05:17:00,TRUE,183,FALSE,BREACHED
SLA_SYN_0001954,EXC_SYN_0001954,PAYMENT_EXCEPTION_RESOLUTION,2025-12-31T20:33:00,2026-01-01T00:33:00,FALSE,0,FALSE,MET
SLA_SYN_0001955,EXC_SYN_0001955,PAYMENT_EXCEPTION_RESOLUTION,2026-01-17T19:56:00,2026-01-18T03:56:00,FALSE,0,FALSE,MET
SLA_SYN_0001956,EXC_SYN_0001956,PAYMENT_EXCEPTION_RESOLUTION,2025-12-08T15:04:00,2025-12-08T23:04:00,TRUE,139736,FALSE,BREACHED
SLA_SYN_0001957,EXC_SYN_0001957,PAYMENT_EXCEPTION_RESOLUTION,2026-02-02T16:34:00,2026-02-03T00:34:00,FALSE,0,FALSE,MET
SLA_SYN_0001958,EXC_SYN_0001958,PAYMENT_EXCEPTION_RESOLUTION,2025-11-16T16:37:00,2025-11-17T00:37:00,FALSE,0,FALSE,MET
SLA_SYN_0001959,EXC_SYN_0001959,PAYMENT_EXCEPTION_RESOLUTION,2026-02-04T19:51:00,2026-02-04T23:51:00,FALSE,0,FALSE,MET
SLA_SYN_0001960,EXC_SYN_0001960,PAYMENT_EXCEPTION_RESOLUTION,2026-02-05T17:43:00,2026-02-06T01:43:00,TRUE,54617,FALSE,BREACHED
SLA_SYN_0001961,EXC_SYN_0001961,PAYMENT_EXCEPTION_RESOLUTION,2026-03-12T17:16:00,2026-03-13T01:16:00,FALSE,0,FALSE,MET
SLA_SYN_0001962,EXC_SYN_0001962,PAYMENT_EXCEPTION_RESOLUTION,2026-01-21T21:47:00,2026-01-22T01:47:00,FALSE,0,FALSE,MET
SLA_SYN_0001963,EXC_SYN_0001963,PAYMENT_EXCEPTION_RESOLUTION,2026-01-26T14:14:00,2026-01-26T18:14:00,FALSE,0,FALSE,MET
SLA_SYN_0001964,EXC_SYN_0001964,PAYMENT_EXCEPTION_RESOLUTION,2026-02-11T16:48:00,2026-02-12T00:48:00,TRUE,46032,FALSE,BREACHED
SLA_SYN_0001965,EXC_SYN_0001965,PAYMENT_EXCEPTION_RESOLUTION,2026-02-14T16:24:00,2026-02-14T20:24:00,FALSE,0,FALSE,MET
SLA_SYN_0001966,EXC_SYN_0001966,PAYMENT_EXCEPTION_RESOLUTION,2026-02-26T22:02:00,2026-02-27T06:02:00,FALSE,0,FALSE,MET
SLA_SYN_0001967,EXC_SYN_0001967,PAYMENT_EXCEPTION_RESOLUTION,2026-03-08T17:12:00,2026-03-09T01:12:00,TRUE,197,FALSE,BREACHED
SLA_SYN_0001968,EXC_SYN_0001968,PAYMENT_EXCEPTION_RESOLUTION,2026-03-02T10:16:00,2026-03-02T18:16:00,TRUE,19064,FALSE,BREACHED
SLA_SYN_0001969,EXC_SYN_0001969,PAYMENT_EXCEPTION_RESOLUTION,2026-01-22T13:40:00,2026-01-22T21:40:00,FALSE,0,FALSE,MET
SLA_SYN_0001970,EXC_SYN_0001970,PAYMENT_EXCEPTION_RESOLUTION,2025-12-29T17:11:00,2025-12-29T21:11:00,FALSE,0,FALSE,MET
SLA_SYN_0001971,EXC_SYN_0001971,PAYMENT_EXCEPTION_RESOLUTION,2026-01-10T11:32:00,2026-01-10T19:32:00,FALSE,0,FALSE,MET
SLA_SYN_0001972,EXC_SYN_0001972,PAYMENT_EXCEPTION_RESOLUTION,2026-03-11T14:56:00,2026-03-11T22:56:00,TRUE,5824,FALSE,BREACHED
SLA_SYN_0001973,EXC_SYN_0001973,PAYMENT_EXCEPTION_RESOLUTION,2026-02-26T17:23:00,2026-02-26T21:23:00,FALSE,0,FALSE,MET
SLA_SYN_0001974,EXC_SYN_0001974,PAYMENT_EXCEPTION_RESOLUTION,2025-11-23T16:09:00,2025-11-23T20:09:00,TRUE,204,TRUE,BREACHED
SLA_SYN_0001975,EXC_SYN_0001975,PAYMENT_EXCEPTION_RESOLUTION,2025-12-25T15:55:00,2025-12-25T23:55:00,FALSE,0,FALSE,MET
SLA_SYN_0001976,EXC_SYN_0001976,PAYMENT_EXCEPTION_RESOLUTION,2026-02-20T17:42:00,2026-02-20T21:42:00,TRUE,33258,TRUE,BREACHED
SLA_SYN_0001977,EXC_SYN_0001977,PAYMENT_EXCEPTION_RESOLUTION,2026-02-25T16:21:00,2026-02-26T00:21:00,FALSE,0,FALSE,MET
SLA_SYN_0001978,EXC_SYN_0001978,PAYMENT_EXCEPTION_RESOLUTION,2026-02-02T15:54:00,2026-02-02T23:54:00,FALSE,0,FALSE,MET
SLA_SYN_0001979,EXC_SYN_0001979,PAYMENT_EXCEPTION_RESOLUTION,2026-01-13T14:03:00,2026-01-13T22:03:00,FALSE,0,FALSE,MET
SLA_SYN_0001980,EXC_SYN_0001980,PAYMENT_EXCEPTION_RESOLUTION,2026-01-16T17:57:00,2026-01-17T01:57:00,TRUE,83403,FALSE,BREACHED
SLA_SYN_0001981,EXC_SYN_0001981,PAYMENT_EXCEPTION_RESOLUTION,2026-02-21T17:40:00,2026-02-21T21:40:00,TRUE,31,TRUE,BREACHED
SLA_SYN_0001982,EXC_SYN_0001982,PAYMENT_EXCEPTION_RESOLUTION,2026-03-02T20:07:00,2026-03-03T04:07:00,FALSE,0,FALSE,MET
SLA_SYN_0001983,EXC_SYN_0001983,PAYMENT_EXCEPTION_RESOLUTION,2026-02-23T13:51:00,2026-02-23T21:51:00,FALSE,0,FALSE,MET
SLA_SYN_0001984,EXC_SYN_0001984,PAYMENT_EXCEPTION_RESOLUTION,2025-11-25T16:35:00,2025-11-25T20:35:00,TRUE,158605,TRUE,BREACHED
SLA_SYN_0001985,EXC_SYN_0001985,PAYMENT_EXCEPTION_RESOLUTION,2026-03-10T13:37:00,2026-03-10T17:37:00,FALSE,0,FALSE,MET
SLA_SYN_0001986,EXC_SYN_0001986,PAYMENT_EXCEPTION_RESOLUTION,2026-02-06T14:20:00,2026-02-06T22:20:00,FALSE,0,FALSE,MET
SLA_SYN_0001987,EXC_SYN_0001987,PAYMENT_EXCEPTION_RESOLUTION,2025-12-29T15:00:00,2025-12-29T19:00:00,FALSE,0,FALSE,MET
SLA_SYN_0001988,EXC_SYN_0001988,PAYMENT_EXCEPTION_RESOLUTION,2026-01-04T21:55:00,2026-01-05T05:55:00,TRUE,100445,FALSE,BREACHED
SLA_SYN_0001989,EXC_SYN_0001989,PAYMENT_EXCEPTION_RESOLUTION,2026-02-25T21:48:00,2026-02-26T05:48:00,FALSE,0,FALSE,MET
SLA_SYN_0001990,EXC_SYN_0001990,PAYMENT_EXCEPTION_RESOLUTION,2025-12-05T15:39:00,2025-12-05T23:39:00,FALSE,0,FALSE,MET
SLA_SYN_0001991,EXC_SYN_0001991,PAYMENT_EXCEPTION_RESOLUTION,2025-12-08T15:42:00,2025-12-08T23:42:00,FALSE,0,FALSE,MET
SLA_SYN_0001992,EXC_SYN_0001992,PAYMENT_EXCEPTION_RESOLUTION,2026-02-20T14:01:00,2026-02-20T18:01:00,TRUE,33479,TRUE,BREACHED
SLA_SYN_0001993,EXC_SYN_0001993,PAYMENT_EXCEPTION_RESOLUTION,2026-03-09T15:31:00,2026-03-09T23:31:00,FALSE,0,FALSE,MET
SLA_SYN_0001994,EXC_SYN_0001994,PAYMENT_EXCEPTION_RESOLUTION,2026-01-19T16:16:00,2026-01-20T00:16:00,FALSE,0,FALSE,MET
SLA_SYN_0001995,EXC_SYN_0001995,PAYMENT_EXCEPTION_RESOLUTION,2026-03-04T08:40:00,2026-03-04T12:40:00,TRUE,45,TRUE,BREACHED
SLA_SYN_0001996,EXC_SYN_0001996,PAYMENT_EXCEPTION_RESOLUTION,2026-01-24T11:54:00,2026-01-24T15:54:00,TRUE,72486,TRUE,BREACHED
SLA_SYN_0001997,EXC_SYN_0001997,PAYMENT_EXCEPTION_RESOLUTION,2025-12-08T14:31:00,2025-12-08T22:31:00,FALSE,0,FALSE,MET
SLA_SYN_0001998,EXC_SYN_0001998,PAYMENT_EXCEPTION_RESOLUTION,2026-02-22T13:00:00,2026-02-22T17:00:00,FALSE,0,FALSE,MET
SLA_SYN_0001999,EXC_SYN_0001999,PAYMENT_EXCEPTION_RESOLUTION,2026-03-13T16:14:00,2026-03-14T00:14:00,FALSE,0,FALSE,MET
SLA_SYN_0002000,EXC_SYN_0002000,PAYMENT_EXCEPTION_RESOLUTION,2025-12-19T11:49:00,2025-12-19T19:49:00,TRUE,124091,FALSE,BREACHED
SLA_SYN_0002001,EXC_SYN_0002001,PAYMENT_EXCEPTION_RESOLUTION,2025-12-07T12:22:00,2025-12-07T20:22:00,FALSE,0,FALSE,MET
SLA_SYN_0002002,EXC_SYN_0002002,PAYMENT_EXCEPTION_RESOLUTION,2025-12-31T12:55:00,2025-12-31T20:55:00,TRUE,52,FALSE,BREACHED
SLA_SYN_0002003,EXC_SYN_0002003,PAYMENT_EXCEPTION_RESOLUTION,2026-01-31T13:15:00,2026-01-31T17:15:00,FALSE,0,FALSE,MET
SLA_SYN_0002004,EXC_SYN_0002004,PAYMENT_EXCEPTION_RESOLUTION,2025-12-19T18:26:00,2025-12-20T02:26:00,TRUE,123694,FALSE,BREACHED
SLA_SYN_0002005,EXC_SYN_0002005,PAYMENT_EXCEPTION_RESOLUTION,2026-02-14T14:58:00,2026-02-14T22:58:00,FALSE,0,FALSE,MET
SLA_SYN_0002006,EXC_SYN_0002006,PAYMENT_EXCEPTION_RESOLUTION,2025-11-29T20:16:00,2025-11-30T00:16:00,FALSE,0,FALSE,MET
SLA_SYN_0002007,EXC_SYN_0002007,PAYMENT_EXCEPTION_RESOLUTION,2026-01-24T17:18:00,2026-01-24T21:18:00,FALSE,0,FALSE,MET
SLA_SYN_0002008,EXC_SYN_0002008,PAYMENT_EXCEPTION_RESOLUTION,2026-01-03T15:57:00,2026-01-03T23:57:00,TRUE,102243,FALSE,BREACHED
SLA_SYN_0002009,EXC_SYN_0002009,PAYMENT_EXCEPTION_RESOLUTION,2026-03-15T13:29:00,2026-03-15T17:29:00,TRUE,59,TRUE,BREACHED
SLA_SYN_0002010,EXC_SYN_0002010,PAYMENT_EXCEPTION_RESOLUTION,2026-02-17T21:18:00,2026-02-18T05:18:00,FALSE,0,FALSE,MET
SLA_SYN_0002011,EXC_SYN_0002011,PAYMENT_EXCEPTION_RESOLUTION,2026-02-05T18:10:00,2026-02-06T02:10:00,FALSE,0,FALSE,MET
SLA_SYN_0002012,EXC_SYN_0002012,PAYMENT_EXCEPTION_RESOLUTION,2025-12-06T16:02:00,2025-12-07T00:02:00,TRUE,142558,FALSE,BREACHED
SLA_SYN_0002013,EXC_SYN_0002013,PAYMENT_EXCEPTION_RESOLUTION,2026-01-13T14:11:00,2026-01-13T22:11:00,FALSE,0,FALSE,MET
SLA_SYN_0002014,EXC_SYN_0002014,PAYMENT_EXCEPTION_RESOLUTION,2025-12-06T18:32:00,2025-12-06T22:32:00,FALSE,0,FALSE,MET
SLA_SYN_0002015,EXC_SYN_0002015,PAYMENT_EXCEPTION_RESOLUTION,2026-03-14T15:04:00,2026-03-14T23:04:00,FALSE,0,FALSE,MET
SLA_SYN_0002016,EXC_SYN_0002016,PAYMENT_EXCEPTION_RESOLUTION,2026-01-17T13:43:00,2026-01-17T21:43:00,TRUE,82217,FALSE,BREACHED
SLA_SYN_0002017,EXC_SYN_0002017,PAYMENT_EXCEPTION_RESOLUTION,2025-11-30T15:30:00,2025-11-30T19:30:00,FALSE,0,FALSE,MET
SLA_SYN_0002018,EXC_SYN_0002018,PAYMENT_EXCEPTION_RESOLUTION,2026-03-08T17:20:00,2026-03-08T21:20:00,FALSE,0,FALSE,MET
SLA_SYN_0002019,EXC_SYN_0002019,PAYMENT_EXCEPTION_RESOLUTION,2026-03-05T14:59:00,2026-03-05T22:59:00,FALSE,0,FALSE,MET
SLA_SYN_0002020,EXC_SYN_0002020,PAYMENT_EXCEPTION_RESOLUTION,2026-01-10T22:01:00,2026-01-11T02:01:00,TRUE,92039,TRUE,BREACHED
SLA_SYN_0002021,EXC_SYN_0002021,PAYMENT_EXCEPTION_RESOLUTION,2025-12-26T18:36:00,2025-12-27T02:36:00,FALSE,0,FALSE,MET
SLA_SYN_0002022,EXC_SYN_0002022,PAYMENT_EXCEPTION_RESOLUTION,2026-03-08T09:38:00,2026-03-08T17:38:00,FALSE,0,FALSE,MET
SLA_SYN_0002023,EXC_SYN_0002023,PAYMENT_EXCEPTION_RESOLUTION,2026-02-22T08:34:00,2026-02-22T16:34:00,TRUE,73,FALSE,BREACHED
SLA_SYN_0002024,EXC_SYN_0002024,PAYMENT_EXCEPTION_RESOLUTION,2026-02-17T14:49:00,2026-02-17T22:49:00,TRUE,37511,FALSE,BREACHED
SLA_SYN_0002025,EXC_SYN_0002025,PAYMENT_EXCEPTION_RESOLUTION,2025-12-30T13:28:00,2025-12-30T17:28:00,FALSE,0,FALSE,MET
SLA_SYN_0002026,EXC_SYN_0002026,PAYMENT_EXCEPTION_RESOLUTION,2026-01-19T11:17:00,2026-01-19T19:17:00,FALSE,0,FALSE,MET
SLA_SYN_0002027,EXC_SYN_0002027,PAYMENT_EXCEPTION_RESOLUTION,2026-01-22T10:43:00,2026-01-22T18:43:00,FALSE,0,FALSE,MET
SLA_SYN_0002028,EXC_SYN_0002028,PAYMENT_EXCEPTION_RESOLUTION,2026-02-27T12:40:00,2026-02-27T16:40:00,TRUE,23480,TRUE,BREACHED
SLA_SYN_0002029,EXC_SYN_0002029,PAYMENT_EXCEPTION_RESOLUTION,2026-01-03T12:46:00,2026-01-03T16:46:00,FALSE,0,FALSE,MET
SLA_SYN_0002030,EXC_SYN_0002030,PAYMENT_EXCEPTION_RESOLUTION,2025-12-06T11:22:00,2025-12-06T19:22:00,TRUE,80,FALSE,BREACHED
SLA_SYN_0002031,EXC_SYN_0002031,PAYMENT_EXCEPTION_RESOLUTION,2025-11-18T11:45:00,2025-11-18T15:45:00,FALSE,0,FALSE,MET
SLA_SYN_0002032,EXC_SYN_0002032,PAYMENT_EXCEPTION_RESOLUTION,2026-01-21T15:29:00,2026-01-21T23:29:00,TRUE,76351,FALSE,BREACHED
SLA_SYN_0002033,EXC_SYN_0002033,PAYMENT_EXCEPTION_RESOLUTION,2026-02-20T17:06:00,2026-02-21T01:06:00,FALSE,0,FALSE,MET
SLA_SYN_0002034,EXC_SYN_0002034,PAYMENT_EXCEPTION_RESOLUTION,2025-11-17T15:25:00,2025-11-17T23:25:00,FALSE,0,FALSE,MET
SLA_SYN_0002035,EXC_SYN_0002035,PAYMENT_EXCEPTION_RESOLUTION,2026-02-05T19:16:00,2026-02-06T03:16:00,FALSE,0,FALSE,MET
SLA_SYN_0002036,EXC_SYN_0002036,PAYMENT_EXCEPTION_RESOLUTION,2026-02-16T19:59:00,2026-02-16T23:59:00,TRUE,38881,TRUE,BREACHED
SLA_SYN_0002037,EXC_SYN_0002037,PAYMENT_EXCEPTION_RESOLUTION,2026-01-08T12:43:00,2026-01-08T20:43:00,TRUE,87,FALSE,BREACHED
SLA_SYN_0002038,EXC_SYN_0002038,PAYMENT_EXCEPTION_RESOLUTION,2025-12-15T20:35:00,2025-12-16T04:35:00,FALSE,0,FALSE,MET
SLA_SYN_0002039,EXC_SYN_0002039,PAYMENT_EXCEPTION_RESOLUTION,2025-12-12T18:24:00,2025-12-12T22:24:00,FALSE,0,FALSE,MET
SLA_SYN_0002040,EXC_SYN_0002040,PAYMENT_EXCEPTION_RESOLUTION,2025-11-20T17:50:00,2025-11-20T21:50:00,TRUE,165730,TRUE,BREACHED
SLA_SYN_0002041,EXC_SYN_0002041,PAYMENT_EXCEPTION_RESOLUTION,2025-12-13T12:28:00,2025-12-13T20:28:00,FALSE,0,FALSE,MET
SLA_SYN_0002042,EXC_SYN_0002042,PAYMENT_EXCEPTION_RESOLUTION,2026-02-07T18:06:00,2026-02-07T22:06:00,FALSE,0,FALSE,MET
SLA_SYN_0002043,EXC_SYN_0002043,PAYMENT_EXCEPTION_RESOLUTION,2026-01-04T22:27:00,2026-01-05T06:27:00,FALSE,0,FALSE,MET
SLA_SYN_0002044,EXC_SYN_0002044,PAYMENT_EXCEPTION_RESOLUTION,2026-01-30T17:55:00,2026-01-31T01:55:00,TRUE,63245,FALSE,BREACHED
SLA_SYN_0002045,EXC_SYN_0002045,PAYMENT_EXCEPTION_RESOLUTION,2026-02-19T22:43:00,2026-02-20T06:43:00,FALSE,0,FALSE,MET
SLA_SYN_0002046,EXC_SYN_0002046,PAYMENT_EXCEPTION_RESOLUTION,2026-01-21T20:42:00,2026-01-22T04:42:00,FALSE,0,FALSE,MET
SLA_SYN_0002047,EXC_SYN_0002047,PAYMENT_EXCEPTION_RESOLUTION,2026-03-04T15:43:00,2026-03-04T19:43:00,FALSE,0,FALSE,MET
SLA_SYN_0002048,EXC_SYN_0002048,PAYMENT_EXCEPTION_RESOLUTION,2025-11-24T18:37:00,2025-11-25T02:37:00,TRUE,159683,FALSE,BREACHED
SLA_SYN_0002049,EXC_SYN_0002049,PAYMENT_EXCEPTION_RESOLUTION,2025-11-20T22:48:00,2025-11-21T06:48:00,FALSE,0,FALSE,MET
SLA_SYN_0002050,EXC_SYN_0002050,PAYMENT_EXCEPTION_RESOLUTION,2026-02-21T17:28:00,2026-02-21T21:28:00,FALSE,0,FALSE,MET
SLA_SYN_0002051,EXC_SYN_0002051,PAYMENT_EXCEPTION_RESOLUTION,2026-02-06T17:24:00,2026-02-06T21:24:00,TRUE,101,TRUE,BREACHED
SLA_SYN_0002052,EXC_SYN_0002052,PAYMENT_EXCEPTION_RESOLUTION,2025-12-24T14:36:00,2025-12-24T22:36:00,TRUE,116724,FALSE,BREACHED
SLA_SYN_0002053,EXC_SYN_0002053,PAYMENT_EXCEPTION_RESOLUTION,2026-01-23T18:07:00,2026-01-23T22:07:00,FALSE,0,FALSE,MET
SLA_SYN_0002054,EXC_SYN_0002054,PAYMENT_EXCEPTION_RESOLUTION,2026-02-19T16:09:00,2026-02-20T00:09:00,FALSE,0,FALSE,MET
SLA_SYN_0002055,EXC_SYN_0002055,PAYMENT_EXCEPTION_RESOLUTION,2025-12-02T16:59:00,2025-12-03T00:59:00,FALSE,0,FALSE,MET
SLA_SYN_0002056,EXC_SYN_0002056,PAYMENT_EXCEPTION_RESOLUTION,2025-12-24T12:27:00,2025-12-24T20:27:00,TRUE,116853,FALSE,BREACHED
SLA_SYN_0002057,EXC_SYN_0002057,PAYMENT_EXCEPTION_RESOLUTION,2026-03-12T12:50:00,2026-03-12T20:50:00,FALSE,0,FALSE,MET
SLA_SYN_0002058,EXC_SYN_0002058,PAYMENT_EXCEPTION_RESOLUTION,2026-02-21T13:10:00,2026-02-21T17:10:00,TRUE,108,TRUE,BREACHED
SLA_SYN_0002059,EXC_SYN_0002059,PAYMENT_EXCEPTION_RESOLUTION,2026-01-01T13:53:00,2026-01-01T21:53:00,FALSE,0,FALSE,MET
SLA_SYN_0002060,EXC_SYN_0002060,PAYMENT_EXCEPTION_RESOLUTION,2025-12-14T13:19:00,2025-12-14T21:19:00,TRUE,131201,FALSE,BREACHED
SLA_SYN_0002061,EXC_SYN_0002061,PAYMENT_EXCEPTION_RESOLUTION,2026-01-08T13:32:00,2026-01-08T17:32:00,FALSE,0,FALSE,MET
SLA_SYN_0002062,EXC_SYN_0002062,PAYMENT_EXCEPTION_RESOLUTION,2025-12-15T15:09:00,2025-12-15T19:09:00,FALSE,0,FALSE,MET
SLA_SYN_0002063,EXC_SYN_0002063,PAYMENT_EXCEPTION_RESOLUTION,2025-11-20T15:05:00,2025-11-20T23:05:00,FALSE,0,FALSE,MET
SLA_SYN_0002064,EXC_SYN_0002064,PAYMENT_EXCEPTION_RESOLUTION,2025-12-14T13:31:00,2025-12-14T17:31:00,TRUE,131429,TRUE,BREACHED
SLA_SYN_0002065,EXC_SYN_0002065,PAYMENT_EXCEPTION_RESOLUTION,2025-11-19T16:28:00,2025-11-20T00:28:00,TRUE,115,FALSE,BREACHED
SLA_SYN_0002066,EXC_SYN_0002066,PAYMENT_EXCEPTION_RESOLUTION,2025-11-21T19:22:00,2025-11-22T03:22:00,FALSE,0,FALSE,MET
SLA_SYN_0002067,EXC_SYN_0002067,PAYMENT_EXCEPTION_RESOLUTION,2025-12-09T18:01:00,2025-12-10T02:01:00,FALSE,0,FALSE,MET
SLA_SYN_0002068,EXC_SYN_0002068,PAYMENT_EXCEPTION_RESOLUTION,2025-12-07T17:34:00,2025-12-08T01:34:00,TRUE,141026,FALSE,BREACHED
SLA_SYN_0002069,EXC_SYN_0002069,PAYMENT_EXCEPTION_RESOLUTION,2026-03-11T15:26:00,2026-03-11T19:26:00,FALSE,0,FALSE,MET
SLA_SYN_0002070,EXC_SYN_0002070,PAYMENT_EXCEPTION_RESOLUTION,2025-12-17T16:16:00,2025-12-18T00:16:00,FALSE,0,FALSE,MET
SLA_SYN_0002071,EXC_SYN_0002071,PAYMENT_EXCEPTION_RESOLUTION,2025-11-22T15:52:00,2025-11-22T23:52:00,FALSE,0,FALSE,MET
SLA_SYN_0002072,EXC_SYN_0002072,PAYMENT_EXCEPTION_RESOLUTION,2026-02-05T16:32:00,2026-02-05T20:32:00,TRUE,54928,TRUE,BREACHED
SLA_SYN_0002073,EXC_SYN_0002073,PAYMENT_EXCEPTION_RESOLUTION,2025-12-30T21:50:00,2025-12-31T01:50:00,FALSE,0,FALSE,MET
SLA_SYN_0002074,EXC_SYN_0002074,PAYMENT_EXCEPTION_RESOLUTION,2025-11-28T13:57:00,2025-11-28T21:57:00,FALSE,0,FALSE,MET
SLA_SYN_0002075,EXC_SYN_0002075,PAYMENT_EXCEPTION_RESOLUTION,2026-02-18T22:53:00,2026-02-19T02:53:00,FALSE,0,FALSE,MET
SLA_SYN_0002076,EXC_SYN_0002076,PAYMENT_EXCEPTION_RESOLUTION,2026-02-11T19:48:00,2026-02-12T03:48:00,TRUE,45852,FALSE,BREACHED
SLA_SYN_0002077,EXC_SYN_0002077,PAYMENT_EXCEPTION_RESOLUTION,2026-01-03T12:07:00,2026-01-03T20:07:00,FALSE,0,FALSE,MET
SLA_SYN_0002078,EXC_SYN_0002078,PAYMENT_EXCEPTION_RESOLUTION,2026-01-23T12:10:00,2026-01-23T20:10:00,FALSE,0,FALSE,MET
SLA_SYN_0002079,EXC_SYN_0002079,PAYMENT_EXCEPTION_RESOLUTION,2025-12-24T14:27:00,2025-12-24T22:27:00,TRUE,129,FALSE,BREACHED
SLA_SYN_0002080,EXC_SYN_0002080,PAYMENT_EXCEPTION_RESOLUTION,2025-12-23T11:09:00,2025-12-23T15:09:00,TRUE,118611,TRUE,BREACHED
SLA_SYN_0002081,EXC_SYN_0002081,PAYMENT_EXCEPTION_RESOLUTION,2026-01-18T12:19:00,2026-01-18T20:19:00,FALSE,0,FALSE,MET
SLA_SYN_0002082,EXC_SYN_0002082,PAYMENT_EXCEPTION_RESOLUTION,2025-12-15T12:05:00,2025-12-15T20:05:00,FALSE,0,FALSE,MET
SLA_SYN_0002083,EXC_SYN_0002083,PAYMENT_EXCEPTION_RESOLUTION,2026-03-12T18:30:00,2026-03-12T22:30:00,FALSE,0,FALSE,MET
SLA_SYN_0002084,EXC_SYN_0002084,PAYMENT_EXCEPTION_RESOLUTION,2025-12-05T12:58:00,2025-12-05T16:58:00,TRUE,144422,TRUE,BREACHED
SLA_SYN_0002085,EXC_SYN_0002085,PAYMENT_EXCEPTION_RESOLUTION,2026-02-12T14:28:00,2026-02-12T22:28:00,FALSE,0,FALSE,MET
SLA_SYN_0002086,EXC_SYN_0002086,PAYMENT_EXCEPTION_RESOLUTION,2025-12-04T13:44:00,2025-12-04T17:44:00,TRUE,136,TRUE,BREACHED
SLA_SYN_0002087,EXC_SYN_0002087,PAYMENT_EXCEPTION_RESOLUTION,2025-12-06T10:46:00,2025-12-06T18:46:00,FALSE,0,FALSE,MET
SLA_SYN_0002088,EXC_SYN_0002088,PAYMENT_EXCEPTION_RESOLUTION,2025-12-16T14:00:00,2025-12-16T22:00:00,TRUE,128280,FALSE,BREACHED
SLA_SYN_0002089,EXC_SYN_0002089,PAYMENT_EXCEPTION_RESOLUTION,2026-02-03T19:38:00,2026-02-04T03:38:00,FALSE,0,FALSE,MET
SLA_SYN_0002090,EXC_SYN_0002090,PAYMENT_EXCEPTION_RESOLUTION,2025-11-19T20:08:00,2025-11-20T04:08:00,FALSE,0,FALSE,MET
SLA_SYN_0002091,EXC_SYN_0002091,PAYMENT_EXCEPTION_RESOLUTION,2026-02-19T15:56:00,2026-02-19T19:56:00,FALSE,0,FALSE,MET
SLA_SYN_0002092,EXC_SYN_0002092,PAYMENT_EXCEPTION_RESOLUTION,2026-01-30T15:12:00,2026-01-30T23:12:00,TRUE,63408,FALSE,BREACHED
SLA_SYN_0002093,EXC_SYN_0002093,PAYMENT_EXCEPTION_RESOLUTION,2026-01-12T16:49:00,2026-01-13T00:49:00,TRUE,143,FALSE,BREACHED
SLA_SYN_0002094,EXC_SYN_0002094,PAYMENT_EXCEPTION_RESOLUTION,2025-12-30T14:31:00,2025-12-30T18:31:00,FALSE,0,FALSE,MET
SLA_SYN_0002095,EXC_SYN_0002095,PAYMENT_EXCEPTION_RESOLUTION,2026-03-10T12:10:00,2026-03-10T16:10:00,FALSE,0,FALSE,MET
SLA_SYN_0002096,EXC_SYN_0002096,PAYMENT_EXCEPTION_RESOLUTION,2026-01-01T21:09:00,2026-01-02T05:09:00,TRUE,104811,FALSE,BREACHED
SLA_SYN_0002097,EXC_SYN_0002097,PAYMENT_EXCEPTION_RESOLUTION,2026-02-24T16:44:00,2026-02-24T20:44:00,FALSE,0,FALSE,MET
SLA_SYN_0002098,EXC_SYN_0002098,PAYMENT_EXCEPTION_RESOLUTION,2026-01-13T19:21:00,2026-01-14T03:21:00,FALSE,0,FALSE,MET
SLA_SYN_0002099,EXC_SYN_0002099,PAYMENT_EXCEPTION_RESOLUTION,2026-01-11T18:47:00,2026-01-12T02:47:00,FALSE,0,FALSE,MET
SLA_SYN_0002100,EXC_SYN_0002100,PAYMENT_EXCEPTION_RESOLUTION,2025-11-18T14:42:00,2025-11-18T22:42:00,TRUE,168558,FALSE,BREACHED
SLA_SYN_0002101,EXC_SYN_0002101,PAYMENT_EXCEPTION_RESOLUTION,2025-12-13T17:09:00,2025-12-14T01:09:00,FALSE,0,FALSE,MET
SLA_SYN_0002102,EXC_SYN_0002102,PAYMENT_EXCEPTION_RESOLUTION,2025-11-28T23:24:00,2025-11-29T03:24:00,FALSE,0,FALSE,MET
SLA_SYN_0002103,EXC_SYN_0002103,PAYMENT_EXCEPTION_RESOLUTION,2025-11-22T20:36:00,2025-11-23T04:36:00,FALSE,0,FALSE,MET
SLA_SYN_0002104,EXC_SYN_0002104,PAYMENT_EXCEPTION_RESOLUTION,2026-02-09T23:20:00,2026-02-10T07:20:00,TRUE,48520,FALSE,BREACHED
SLA_SYN_0002105,EXC_SYN_0002105,PAYMENT_EXCEPTION_RESOLUTION,2026-01-14T09:47:00,2026-01-14T13:47:00,FALSE,0,FALSE,MET
SLA_SYN_0002106,EXC_SYN_0002106,PAYMENT_EXCEPTION_RESOLUTION,2026-01-11T14:28:00,2026-01-11T18:28:00,FALSE,0,FALSE,MET
SLA_SYN_0002107,EXC_SYN_0002107,PAYMENT_EXCEPTION_RESOLUTION,2026-01-31T15:28:00,2026-01-31T23:28:00,TRUE,157,FALSE,BREACHED
SLA_SYN_0002108,EXC_SYN_0002108,PAYMENT_EXCEPTION_RESOLUTION,2026-01-29T15:21:00,2026-01-29T19:21:00,TRUE,65079,TRUE,BREACHED
SLA_SYN_0002109,EXC_SYN_0002109,PAYMENT_EXCEPTION_RESOLUTION,2026-02-07T18:45:00,2026-02-08T02:45:00,FALSE,0,FALSE,MET
SLA_SYN_0002110,EXC_SYN_0002110,PAYMENT_EXCEPTION_RESOLUTION,2026-01-04T15:10:00,2026-01-04T23:10:00,FALSE,0,FALSE,MET
SLA_SYN_0002111,EXC_SYN_0002111,PAYMENT_EXCEPTION_RESOLUTION,2025-11-19T11:15:00,2025-11-19T19:15:00,FALSE,0,FALSE,MET
SLA_SYN_0002112,EXC_SYN_0002112,PAYMENT_EXCEPTION_RESOLUTION,2026-01-29T18:37:00,2026-01-30T02:37:00,TRUE,64643,FALSE,BREACHED
SLA_SYN_0002113,EXC_SYN_0002113,PAYMENT_EXCEPTION_RESOLUTION,2025-11-25T13:35:00,2025-11-25T17:35:00,FALSE,0,FALSE,MET
SLA_SYN_0002114,EXC_SYN_0002114,PAYMENT_EXCEPTION_RESOLUTION,2025-12-20T16:59:00,2025-12-21T00:59:00,TRUE,164,FALSE,BREACHED
SLA_SYN_0002115,EXC_SYN_0002115,PAYMENT_EXCEPTION_RESOLUTION,2025-12-11T20:13:00,2025-12-12T04:13:00,FALSE,0,FALSE,MET
SLA_SYN_0002116,EXC_SYN_0002116,PAYMENT_EXCEPTION_RESOLUTION,2025-11-30T18:02:00,2025-11-30T22:02:00,TRUE,151318,TRUE,BREACHED
SLA_SYN_0002117,EXC_SYN_0002117,PAYMENT_EXCEPTION_RESOLUTION,2026-01-31T18:55:00,2026-01-31T22:55:00,FALSE,0,FALSE,MET
SLA_SYN_0002118,EXC_SYN_0002118,PAYMENT_EXCEPTION_RESOLUTION,2026-01-07T15:00:00,2026-01-07T23:00:00,FALSE,0,FALSE,MET
SLA_SYN_0002119,EXC_SYN_0002119,PAYMENT_EXCEPTION_RESOLUTION,2026-01-20T13:26:00,2026-01-20T17:26:00,FALSE,0,FALSE,MET
SLA_SYN_0002120,EXC_SYN_0002120,PAYMENT_EXCEPTION_RESOLUTION,2025-12-09T18:44:00,2025-12-10T02:44:00,TRUE,138076,FALSE,BREACHED
SLA_SYN_0002121,EXC_SYN_0002121,PAYMENT_EXCEPTION_RESOLUTION,2026-01-06T11:58:00,2026-01-06T19:58:00,TRUE,171,FALSE,BREACHED
SLA_SYN_0002122,EXC_SYN_0002122,PAYMENT_EXCEPTION_RESOLUTION,2026-01-14T18:53:00,2026-01-15T02:53:00,FALSE,0,FALSE,MET
SLA_SYN_0002123,EXC_SYN_0002123,PAYMENT_EXCEPTION_RESOLUTION,2025-12-28T19:43:00,2025-12-29T03:43:00,FALSE,0,FALSE,MET
SLA_SYN_0002124,EXC_SYN_0002124,PAYMENT_EXCEPTION_RESOLUTION,2025-11-21T22:00:00,2025-11-22T02:00:00,TRUE,164040,TRUE,BREACHED
SLA_SYN_0002125,EXC_SYN_0002125,PAYMENT_EXCEPTION_RESOLUTION,2026-03-13T19:32:00,2026-03-14T03:32:00,FALSE,0,FALSE,MET
SLA_SYN_0002126,EXC_SYN_0002126,PAYMENT_EXCEPTION_RESOLUTION,2026-01-13T17:31:00,2026-01-14T01:31:00,FALSE,0,FALSE,MET
SLA_SYN_0002127,EXC_SYN_0002127,PAYMENT_EXCEPTION_RESOLUTION,2025-12-27T13:16:00,2025-12-27T17:16:00,FALSE,0,FALSE,MET
SLA_SYN_0002128,EXC_SYN_0002128,PAYMENT_EXCEPTION_RESOLUTION,2026-03-11T18:54:00,2026-03-11T22:54:00,TRUE,5826,TRUE,BREACHED
SLA_SYN_0002129,EXC_SYN_0002129,PAYMENT_EXCEPTION_RESOLUTION,2026-03-13T18:57:00,2026-03-14T02:57:00,FALSE,0,FALSE,MET
SLA_SYN_0002130,EXC_SYN_0002130,PAYMENT_EXCEPTION_RESOLUTION,2025-12-02T15:32:00,2025-12-02T19:32:00,FALSE,0,FALSE,MET
SLA_SYN_0002131,EXC_SYN_0002131,PAYMENT_EXCEPTION_RESOLUTION,2026-01-07T22:04:00,2026-01-08T06:04:00,FALSE,0,FALSE,MET
SLA_SYN_0002132,EXC_SYN_0002132,PAYMENT_EXCEPTION_RESOLUTION,2026-01-11T18:19:00,2026-01-12T02:19:00,TRUE,90581,FALSE,BREACHED
SLA_SYN_0002133,EXC_SYN_0002133,PAYMENT_EXCEPTION_RESOLUTION,2025-11-24T10:38:00,2025-11-24T18:38:00,FALSE,0,FALSE,MET
SLA_SYN_0002134,EXC_SYN_0002134,PAYMENT_EXCEPTION_RESOLUTION,2025-12-12T16:53:00,2025-12-13T00:53:00,FALSE,0,FALSE,MET
SLA_SYN_0002135,EXC_SYN_0002135,PAYMENT_EXCEPTION_RESOLUTION,2026-02-18T17:26:00,2026-02-18T21:26:00,TRUE,185,TRUE,BREACHED
SLA_SYN_0002136,EXC_SYN_0002136,PAYMENT_EXCEPTION_RESOLUTION,2025-12-07T09:33:00,2025-12-07T17:33:00,TRUE,141507,FALSE,BREACHED
SLA_SYN_0002137,EXC_SYN_0002137,PAYMENT_EXCEPTION_RESOLUTION,2025-11-26T18:39:00,2025-11-27T02:39:00,FALSE,0,FALSE,MET
SLA_SYN_0002138,EXC_SYN_0002138,PAYMENT_EXCEPTION_RESOLUTION,2026-03-07T16:58:00,2026-03-07T20:58:00,FALSE,0,FALSE,MET
SLA_SYN_0002139,EXC_SYN_0002139,PAYMENT_EXCEPTION_RESOLUTION,2026-01-25T16:04:00,2026-01-25T20:04:00,FALSE,0,FALSE,MET
SLA_SYN_0002140,EXC_SYN_0002140,PAYMENT_EXCEPTION_RESOLUTION,2025-11-18T13:16:00,2025-11-18T21:16:00,TRUE,168644,FALSE,BREACHED
SLA_SYN_0002141,EXC_SYN_0002141,PAYMENT_EXCEPTION_RESOLUTION,2025-11-21T17:57:00,2025-11-21T21:57:00,FALSE,0,FALSE,MET
SLA_SYN_0002142,EXC_SYN_0002142,PAYMENT_EXCEPTION_RESOLUTION,2026-01-04T14:39:00,2026-01-04T22:39:00,TRUE,192,FALSE,BREACHED
SLA_SYN_0002143,EXC_SYN_0002143,PAYMENT_EXCEPTION_RESOLUTION,2026-01-02T12:21:00,2026-01-02T20:21:00,FALSE,0,FALSE,MET
SLA_SYN_0002144,EXC_SYN_0002144,PAYMENT_EXCEPTION_RESOLUTION,2025-12-30T13:01:00,2025-12-30T21:01:00,TRUE,108179,FALSE,BREACHED
SLA_SYN_0002145,EXC_SYN_0002145,PAYMENT_EXCEPTION_RESOLUTION,2025-12-23T18:29:00,2025-12-24T02:29:00,FALSE,0,FALSE,MET
SLA_SYN_0002146,EXC_SYN_0002146,PAYMENT_EXCEPTION_RESOLUTION,2025-11-24T20:26:00,2025-11-25T00:26:00,FALSE,0,FALSE,MET
SLA_SYN_0002147,EXC_SYN_0002147,PAYMENT_EXCEPTION_RESOLUTION,2026-03-11T17:48:00,2026-03-12T01:48:00,FALSE,0,FALSE,MET
SLA_SYN_0002148,EXC_SYN_0002148,PAYMENT_EXCEPTION_RESOLUTION,2026-02-28T12:56:00,2026-02-28T20:56:00,TRUE,21784,FALSE,BREACHED
SLA_SYN_0002149,EXC_SYN_0002149,PAYMENT_EXCEPTION_RESOLUTION,2026-03-13T12:42:00,2026-03-13T16:42:00,TRUE,199,TRUE,BREACHED
SLA_SYN_0002150,EXC_SYN_0002150,PAYMENT_EXCEPTION_RESOLUTION,2026-01-04T17:20:00,2026-01-04T21:20:00,FALSE,0,FALSE,MET
SLA_SYN_0002151,EXC_SYN_0002151,PAYMENT_EXCEPTION_RESOLUTION,2025-12-14T13:35:00,2025-12-14T21:35:00,FALSE,0,FALSE,MET
SLA_SYN_0002152,EXC_SYN_0002152,PAYMENT_EXCEPTION_RESOLUTION,2026-01-08T16:22:00,2026-01-08T20:22:00,TRUE,95258,TRUE,BREACHED
SLA_SYN_0002153,EXC_SYN_0002153,PAYMENT_EXCEPTION_RESOLUTION,2025-12-12T20:03:00,2025-12-13T04:03:00,FALSE,0,FALSE,MET
SLA_SYN_0002154,EXC_SYN_0002154,PAYMENT_EXCEPTION_RESOLUTION,2025-12-12T15:58:00,2025-12-12T23:58:00,FALSE,0,FALSE,MET
SLA_SYN_0002155,EXC_SYN_0002155,PAYMENT_EXCEPTION_RESOLUTION,2026-02-27T20:59:00,2026-02-28T04:59:00,FALSE,0,FALSE,MET
SLA_SYN_0002156,EXC_SYN_0002156,PAYMENT_EXCEPTION_RESOLUTION,2025-11-19T15:37:00,2025-11-19T23:37:00,TRUE,167063,FALSE,BREACHED
SLA_SYN_0002157,EXC_SYN_0002157,PAYMENT_EXCEPTION_RESOLUTION,2026-02-25T18:34:00,2026-02-25T22:34:00,FALSE,0,FALSE,MET
SLA_SYN_0002158,EXC_SYN_0002158,PAYMENT_EXCEPTION_RESOLUTION,2025-12-08T21:28:00,2025-12-09T05:28:00,FALSE,0,FALSE,MET
SLA_SYN_0002159,EXC_SYN_0002159,PAYMENT_EXCEPTION_RESOLUTION,2026-02-24T15:09:00,2026-02-24T23:09:00,FALSE,0,FALSE,MET
SLA_SYN_0002160,EXC_SYN_0002160,PAYMENT_EXCEPTION_RESOLUTION,2025-12-01T11:36:00,2025-12-01T15:36:00,TRUE,150264,TRUE,BREACHED
SLA_SYN_0002161,EXC_SYN_0002161,PAYMENT_EXCEPTION_RESOLUTION,2025-12-28T17:31:00,2025-12-28T21:31:00,FALSE,0,FALSE,MET
SLA_SYN_0002162,EXC_SYN_0002162,PAYMENT_EXCEPTION_RESOLUTION,2026-03-08T10:18:00,2026-03-08T18:18:00,FALSE,0,FALSE,MET
SLA_SYN_0002163,EXC_SYN_0002163,PAYMENT_EXCEPTION_RESOLUTION,2026-01-11T11:48:00,2026-01-11T15:48:00,TRUE,33,TRUE,BREACHED
SLA_SYN_0002164,EXC_SYN_0002164,PAYMENT_EXCEPTION_RESOLUTION,2026-02-23T16:56:00,2026-02-24T00:56:00,TRUE,28744,FALSE,BREACHED
SLA_SYN_0002165,EXC_SYN_0002165,PAYMENT_EXCEPTION_RESOLUTION,2026-01-03T11:54:00,2026-01-03T19:54:00,FALSE,0,FALSE,MET
SLA_SYN_0002166,EXC_SYN_0002166,PAYMENT_EXCEPTION_RESOLUTION,2025-12-30T15:35:00,2025-12-30T23:35:00,FALSE,0,FALSE,MET
SLA_SYN_0002167,EXC_SYN_0002167,PAYMENT_EXCEPTION_RESOLUTION,2026-01-17T16:38:00,2026-01-18T00:38:00,FALSE,0,FALSE,MET
SLA_SYN_0002168,EXC_SYN_0002168,PAYMENT_EXCEPTION_RESOLUTION,2026-02-22T11:06:00,2026-02-22T15:06:00,TRUE,30774,TRUE,BREACHED
SLA_SYN_0002169,EXC_SYN_0002169,PAYMENT_EXCEPTION_RESOLUTION,2026-01-02T10:42:00,2026-01-02T18:42:00,FALSE,0,FALSE,MET
SLA_SYN_0002170,EXC_SYN_0002170,PAYMENT_EXCEPTION_RESOLUTION,2026-02-13T10:55:00,2026-02-13T18:55:00,TRUE,40,FALSE,BREACHED
SLA_SYN_0002171,EXC_SYN_0002171,PAYMENT_EXCEPTION_RESOLUTION,2026-01-26T13:49:00,2026-01-26T17:49:00,FALSE,0,FALSE,MET
SLA_SYN_0002172,EXC_SYN_0002172,PAYMENT_EXCEPTION_RESOLUTION,2025-11-18T16:36:00,2025-11-18T20:36:00,TRUE,168684,TRUE,BREACHED
SLA_SYN_0002173,EXC_SYN_0002173,PAYMENT_EXCEPTION_RESOLUTION,2026-02-17T18:13:00,2026-02-18T02:13:00,FALSE,0,FALSE,MET
SLA_SYN_0002174,EXC_SYN_0002174,PAYMENT_EXCEPTION_RESOLUTION,2025-12-12T14:58:00,2025-12-12T18:58:00,FALSE,0,FALSE,MET
SLA_SYN_0002175,EXC_SYN_0002175,PAYMENT_EXCEPTION_RESOLUTION,2026-02-02T18:49:00,2026-02-03T02:49:00,FALSE,0,FALSE,MET
SLA_SYN_0002176,EXC_SYN_0002176,PAYMENT_EXCEPTION_RESOLUTION,2025-12-11T17:18:00,2025-12-12T01:18:00,TRUE,135282,FALSE,BREACHED
SLA_SYN_0002177,EXC_SYN_0002177,PAYMENT_EXCEPTION_RESOLUTION,2026-01-29T18:28:00,2026-01-30T02:28:00,TRUE,47,FALSE,BREACHED
SLA_SYN_0002178,EXC_SYN_0002178,PAYMENT_EXCEPTION_RESOLUTION,2026-02-13T20:55:00,2026-02-14T04:55:00,FALSE,0,FALSE,MET
SLA_SYN_0002179,EXC_SYN_0002179,PAYMENT_EXCEPTION_RESOLUTION,2025-11-26T21:55:00,2025-11-27T01:55:00,FALSE,0,FALSE,MET
SLA_SYN_0002180,EXC_SYN_0002180,PAYMENT_EXCEPTION_RESOLUTION,2026-03-02T20:41:00,2026-03-03T04:41:00,TRUE,18439,FALSE,BREACHED
SLA_SYN_0002181,EXC_SYN_0002181,PAYMENT_EXCEPTION_RESOLUTION,2025-12-30T14:05:00,2025-12-30T22:05:00,FALSE,0,FALSE,MET
SLA_SYN_0002182,EXC_SYN_0002182,PAYMENT_EXCEPTION_RESOLUTION,2025-12-26T21:47:00,2025-12-27T01:47:00,FALSE,0,FALSE,MET
SLA_SYN_0002183,EXC_SYN_0002183,PAYMENT_EXCEPTION_RESOLUTION,2026-02-06T21:50:00,2026-02-07T01:50:00,FALSE,0,FALSE,MET
SLA_SYN_0002184,EXC_SYN_0002184,PAYMENT_EXCEPTION_RESOLUTION,2026-03-07T22:50:00,2026-03-08T06:50:00,TRUE,11110,FALSE,BREACHED
SLA_SYN_0002185,EXC_SYN_0002185,PAYMENT_EXCEPTION_RESOLUTION,2026-02-22T16:04:00,2026-02-22T20:04:00,FALSE,0,FALSE,MET
SLA_SYN_0002186,EXC_SYN_0002186,PAYMENT_EXCEPTION_RESOLUTION,2025-12-28T21:02:00,2025-12-29T05:02:00,FALSE,0,FALSE,MET
SLA_SYN_0002187,EXC_SYN_0002187,PAYMENT_EXCEPTION_RESOLUTION,2025-12-20T15:43:00,2025-12-20T23:43:00,FALSE,0,FALSE,MET
SLA_SYN_0002188,EXC_SYN_0002188,PAYMENT_EXCEPTION_RESOLUTION,2026-03-06T12:10:00,2026-03-06T20:10:00,TRUE,13190,FALSE,BREACHED
SLA_SYN_0002189,EXC_SYN_0002189,PAYMENT_EXCEPTION_RESOLUTION,2026-01-23T10:09:00,2026-01-23T18:09:00,FALSE,0,FALSE,MET
SLA_SYN_0002190,EXC_SYN_0002190,PAYMENT_EXCEPTION_RESOLUTION,2026-01-09T10:59:00,2026-01-09T14:59:00,FALSE,0,FALSE,MET
SLA_SYN_0002191,EXC_SYN_0002191,PAYMENT_EXCEPTION_RESOLUTION,2025-11-24T10:45:00,2025-11-24T18:45:00,TRUE,61,FALSE,BREACHED
SLA_SYN_0002192,EXC_SYN_0002192,PAYMENT_EXCEPTION_RESOLUTION,2026-03-15T11:55:00,2026-03-15T19:55:00,TRUE,245,FALSE,BREACHED
SLA_SYN_0002193,EXC_SYN_0002193,PAYMENT_EXCEPTION_RESOLUTION,2026-03-02T15:19:00,2026-03-02T19:19:00,FALSE,0,FALSE,MET
SLA_SYN_0002194,EXC_SYN_0002194,PAYMENT_EXCEPTION_RESOLUTION,2026-01-16T17:06:00,2026-01-16T21:06:00,FALSE,0,FALSE,MET
SLA_SYN_0002195,EXC_SYN_0002195,PAYMENT_EXCEPTION_RESOLUTION,2025-12-25T18:46:00,2025-12-26T02:46:00,FALSE,0,FALSE,MET
SLA_SYN_0002196,EXC_SYN_0002196,PAYMENT_EXCEPTION_RESOLUTION,2026-01-20T17:12:00,2026-01-20T21:12:00,TRUE,77928,TRUE,BREACHED
SLA_SYN_0002197,EXC_SYN_0002197,PAYMENT_EXCEPTION_RESOLUTION,2025-11-21T14:54:00,2025-11-21T22:54:00,FALSE,0,FALSE,MET
SLA_SYN_0002198,EXC_SYN_0002198,PAYMENT_EXCEPTION_RESOLUTION,2026-02-07T16:14:00,2026-02-08T00:14:00,TRUE,68,FALSE,BREACHED
SLA_SYN_0002199,EXC_SYN_0002199,PAYMENT_EXCEPTION_RESOLUTION,2025-11-28T10:52:00,2025-11-28T18:52:00,FALSE,0,FALSE,MET
SLA_SYN_0002200,EXC_SYN_0002200,PAYMENT_EXCEPTION_RESOLUTION,2026-01-16T20:18:00,2026-01-17T04:18:00,TRUE,83262,FALSE,BREACHED
SLA_SYN_0002201,EXC_SYN_0002201,PAYMENT_EXCEPTION_RESOLUTION,2026-01-16T14:02:00,2026-01-16T18:02:00,FALSE,0,FALSE,MET
SLA_SYN_0002202,EXC_SYN_0002202,PAYMENT_EXCEPTION_RESOLUTION,2025-12-17T18:50:00,2025-12-18T02:50:00,FALSE,0,FALSE,MET
SLA_SYN_0002203,EXC_SYN_0002203,PAYMENT_EXCEPTION_RESOLUTION,2025-12-03T13:31:00,2025-12-03T21:31:00,FALSE,0,FALSE,MET
SLA_SYN_0002204,EXC_SYN_0002204,PAYMENT_EXCEPTION_RESOLUTION,2026-02-20T15:38:00,2026-02-20T19:38:00,TRUE,33382,TRUE,BREACHED
SLA_SYN_0002205,EXC_SYN_0002205,PAYMENT_EXCEPTION_RESOLUTION,2026-02-01T21:13:00,2026-02-02T01:13:00,TRUE,75,TRUE,BREACHED
SLA_SYN_0002206,EXC_SYN_0002206,PAYMENT_EXCEPTION_RESOLUTION,2026-02-03T19:42:00,2026-02-04T03:42:00,FALSE,0,FALSE,MET
SLA_SYN_0002207,EXC_SYN_0002207,PAYMENT_EXCEPTION_RESOLUTION,2026-01-27T14:23:00,2026-01-27T18:23:00,FALSE,0,FALSE,MET
SLA_SYN_0002208,EXC_SYN_0002208,PAYMENT_EXCEPTION_RESOLUTION,2026-03-08T16:20:00,2026-03-09T00:20:00,TRUE,10060,FALSE,BREACHED
SLA_SYN_0002209,EXC_SYN_0002209,PAYMENT_EXCEPTION_RESOLUTION,2025-12-20T20:01:00,2025-12-21T04:01:00,FALSE,0,FALSE,MET
SLA_SYN_0002210,EXC_SYN_0002210,PAYMENT_EXCEPTION_RESOLUTION,2026-01-09T15:02:00,2026-01-09T23:02:00,FALSE,0,FALSE,MET
SLA_SYN_0002211,EXC_SYN_0002211,PAYMENT_EXCEPTION_RESOLUTION,2026-02-03T22:21:00,2026-02-04T06:21:00,FALSE,0,FALSE,MET
SLA_SYN_0002212,EXC_SYN_0002212,PAYMENT_EXCEPTION_RESOLUTION,2025-12-23T14:01:00,2025-12-23T18:01:00,TRUE,118439,TRUE,BREACHED
SLA_SYN_0002213,EXC_SYN_0002213,PAYMENT_EXCEPTION_RESOLUTION,2026-01-20T18:12:00,2026-01-21T02:12:00,FALSE,0,FALSE,MET
SLA_SYN_0002214,EXC_SYN_0002214,PAYMENT_EXCEPTION_RESOLUTION,2025-11-22T19:42:00,2025-11-23T03:42:00,FALSE,0,FALSE,MET
SLA_SYN_0002215,EXC_SYN_0002215,PAYMENT_EXCEPTION_RESOLUTION,2026-02-07T14:30:00,2026-02-07T18:30:00,FALSE,0,FALSE,MET
SLA_SYN_0002216,EXC_SYN_0002216,PAYMENT_EXCEPTION_RESOLUTION,2025-11-29T09:30:00,2025-11-29T13:30:00,TRUE,153270,TRUE,BREACHED
SLA_SYN_0002217,EXC_SYN_0002217,PAYMENT_EXCEPTION_RESOLUTION,2026-01-13T13:51:00,2026-01-13T21:51:00,FALSE,0,FALSE,MET
SLA_SYN_0002218,EXC_SYN_0002218,PAYMENT_EXCEPTION_RESOLUTION,2026-01-08T13:07:00,2026-01-08T17:07:00,FALSE,0,FALSE,MET
SLA_SYN_0002219,EXC_SYN_0002219,PAYMENT_EXCEPTION_RESOLUTION,2026-01-11T16:31:00,2026-01-12T00:31:00,TRUE,89,FALSE,BREACHED
SLA_SYN_0002220,EXC_SYN_0002220,PAYMENT_EXCEPTION_RESOLUTION,2025-12-18T17:31:00,2025-12-19T01:31:00,TRUE,125189,FALSE,BREACHED
SLA_SYN_0002221,EXC_SYN_0002221,PAYMENT_EXCEPTION_RESOLUTION,2026-02-13T17:54:00,2026-02-14T01:54:00,FALSE,0,FALSE,MET
SLA_SYN_0002222,EXC_SYN_0002222,PAYMENT_EXCEPTION_RESOLUTION,2025-12-03T18:54:00,2025-12-04T02:54:00,FALSE,0,FALSE,MET
SLA_SYN_0002223,EXC_SYN_0002223,PAYMENT_EXCEPTION_RESOLUTION,2025-11-18T17:23:00,2025-11-18T21:23:00,FALSE,0,FALSE,MET
SLA_SYN_0002224,EXC_SYN_0002224,PAYMENT_EXCEPTION_RESOLUTION,2026-03-01T16:59:00,2026-03-02T00:59:00,TRUE,20101,FALSE,BREACHED
SLA_SYN_0002225,EXC_SYN_0002225,PAYMENT_EXCEPTION_RESOLUTION,2026-02-09T15:25:00,2026-02-09T23:25:00,FALSE,0,FALSE,MET
SLA_SYN_0002226,EXC_SYN_0002226,PAYMENT_EXCEPTION_RESOLUTION,2026-03-14T16:55:00,2026-03-14T20:55:00,TRUE,96,TRUE,BREACHED
SLA_SYN_0002227,EXC_SYN_0002227,PAYMENT_EXCEPTION_RESOLUTION,2026-01-22T12:23:00,2026-01-22T16:23:00,FALSE,0,FALSE,MET
SLA_SYN_0002228,EXC_SYN_0002228,PAYMENT_EXCEPTION_RESOLUTION,2026-01-20T12:16:00,2026-01-20T20:16:00,TRUE,77984,FALSE,BREACHED
SLA_SYN_0002229,EXC_SYN_0002229,PAYMENT_EXCEPTION_RESOLUTION,2026-03-03T13:36:00,2026-03-03T17:36:00,FALSE,0,FALSE,MET
SLA_SYN_0002230,EXC_SYN_0002230,PAYMENT_EXCEPTION_RESOLUTION,2026-01-20T12:32:00,2026-01-20T20:32:00,FALSE,0,FALSE,MET
SLA_SYN_0002231,EXC_SYN_0002231,PAYMENT_EXCEPTION_RESOLUTION,2026-01-01T15:56:00,2026-01-01T23:56:00,FALSE,0,FALSE,MET
SLA_SYN_0002232,EXC_SYN_0002232,PAYMENT_EXCEPTION_RESOLUTION,2026-01-29T21:14:00,2026-01-30T05:14:00,TRUE,64486,FALSE,BREACHED
SLA_SYN_0002233,EXC_SYN_0002233,PAYMENT_EXCEPTION_RESOLUTION,2026-03-05T21:47:00,2026-03-06T05:47:00,TRUE,103,FALSE,BREACHED
SLA_SYN_0002234,EXC_SYN_0002234,PAYMENT_EXCEPTION_RESOLUTION,2026-01-14T15:38:00,2026-01-14T19:38:00,FALSE,0,FALSE,MET
SLA_SYN_0002235,EXC_SYN_0002235,PAYMENT_EXCEPTION_RESOLUTION,2025-11-18T15:41:00,2025-11-18T23:41:00,FALSE,0,FALSE,MET
SLA_SYN_0002236,EXC_SYN_0002236,PAYMENT_EXCEPTION_RESOLUTION,2026-02-08T20:22:00,2026-02-09T04:22:00,TRUE,50138,FALSE,BREACHED
SLA_SYN_0002237,EXC_SYN_0002237,PAYMENT_EXCEPTION_RESOLUTION,2026-02-23T15:00:00,2026-02-23T19:00:00,FALSE,0,FALSE,MET
SLA_SYN_0002238,EXC_SYN_0002238,PAYMENT_EXCEPTION_RESOLUTION,2025-11-24T21:45:00,2025-11-25T01:45:00,FALSE,0,FALSE,MET
SLA_SYN_0002239,EXC_SYN_0002239,PAYMENT_EXCEPTION_RESOLUTION,2025-12-12T14:12:00,2025-12-12T22:12:00,FALSE,0,FALSE,MET
SLA_SYN_0002240,EXC_SYN_0002240,PAYMENT_EXCEPTION_RESOLUTION,2026-01-31T22:11:00,2026-02-01T02:11:00,TRUE,61789,TRUE,BREACHED
SLA_SYN_0002241,EXC_SYN_0002241,PAYMENT_EXCEPTION_RESOLUTION,2026-02-08T20:20:00,2026-02-09T04:20:00,FALSE,0,FALSE,MET
SLA_SYN_0002242,EXC_SYN_0002242,PAYMENT_EXCEPTION_RESOLUTION,2026-01-23T18:39:00,2026-01-24T02:39:00,FALSE,0,FALSE,MET
SLA_SYN_0002243,EXC_SYN_0002243,PAYMENT_EXCEPTION_RESOLUTION,2026-01-05T16:18:00,2026-01-06T00:18:00,FALSE,0,FALSE,MET
SLA_SYN_0002244,EXC_SYN_0002244,PAYMENT_EXCEPTION_RESOLUTION,2025-12-08T14:39:00,2025-12-08T22:39:00,TRUE,139761,FALSE,BREACHED
SLA_SYN_0002245,EXC_SYN_0002245,PAYMENT_EXCEPTION_RESOLUTION,2025-12-15T15:22:00,2025-12-15T19:22:00,FALSE,0,FALSE,MET
SLA_SYN_0002246,EXC_SYN_0002246,PAYMENT_EXCEPTION_RESOLUTION,2026-01-28T09:43:00,2026-01-28T17:43:00,FALSE,0,FALSE,MET
SLA_SYN_0002247,EXC_SYN_0002247,PAYMENT_EXCEPTION_RESOLUTION,2025-12-31T09:06:00,2025-12-31T17:06:00,TRUE,117,FALSE,BREACHED
SLA_SYN_0002248,EXC_SYN_0002248,PAYMENT_EXCEPTION_RESOLUTION,2026-01-24T14:24:00,2026-01-24T18:24:00,TRUE,72336,TRUE,BREACHED
SLA_SYN_0002249,EXC_SYN_0002249,PAYMENT_EXCEPTION_RESOLUTION,2025-11-22T19:15:00,2025-11-22T23:15:00,FALSE,0,FALSE,MET
SLA_SYN_0002250,EXC_SYN_0002250,PAYMENT_EXCEPTION_RESOLUTION,2026-02-02T12:39:00,2026-02-02T20:39:00,FALSE,0,FALSE,MET
SLA_SYN_0002251,EXC_SYN_0002251,PAYMENT_EXCEPTION_RESOLUTION,2025-12-26T15:33:00,2025-12-26T19:33:00,FALSE,0,FALSE,MET
SLA_SYN_0002252,EXC_SYN_0002252,PAYMENT_EXCEPTION_RESOLUTION,2026-01-28T10:51:00,2026-01-28T18:51:00,TRUE,66549,FALSE,BREACHED
SLA_SYN_0002253,EXC_SYN_0002253,PAYMENT_EXCEPTION_RESOLUTION,2025-12-20T15:12:00,2025-12-20T23:12:00,FALSE,0,FALSE,MET
SLA_SYN_0002254,EXC_SYN_0002254,PAYMENT_EXCEPTION_RESOLUTION,2026-01-12T13:21:00,2026-01-12T21:21:00,TRUE,124,FALSE,BREACHED
SLA_SYN_0002255,EXC_SYN_0002255,PAYMENT_EXCEPTION_RESOLUTION,2026-01-19T12:07:00,2026-01-19T20:07:00,FALSE,0,FALSE,MET
SLA_SYN_0002256,EXC_SYN_0002256,PAYMENT_EXCEPTION_RESOLUTION,2025-12-07T12:40:00,2025-12-07T16:40:00,TRUE,141560,TRUE,BREACHED
SLA_SYN_0002257,EXC_SYN_0002257,PAYMENT_EXCEPTION_RESOLUTION,2026-01-27T17:38:00,2026-01-28T01:38:00,FALSE,0,FALSE,MET
SLA_SYN_0002258,EXC_SYN_0002258,PAYMENT_EXCEPTION_RESOLUTION,2026-03-11T21:12:00,2026-03-12T01:12:00,FALSE,0,FALSE,MET
SLA_SYN_0002259,EXC_SYN_0002259,PAYMENT_EXCEPTION_RESOLUTION,2025-12-21T17:07:00,2025-12-21T21:07:00,FALSE,0,FALSE,MET
SLA_SYN_0002260,EXC_SYN_0002260,PAYMENT_EXCEPTION_RESOLUTION,2026-01-09T21:18:00,2026-01-10T01:18:00,TRUE,93522,TRUE,BREACHED
SLA_SYN_0002261,EXC_SYN_0002261,PAYMENT_EXCEPTION_RESOLUTION,2026-02-16T12:28:00,2026-02-16T20:28:00,TRUE,131,FALSE,BREACHED
SLA_SYN_0002262,EXC_SYN_0002262,PAYMENT_EXCEPTION_RESOLUTION,2025-11-21T16:59:00,2025-11-21T20:59:00,FALSE,0,FALSE,MET
SLA_SYN_0002263,EXC_SYN_0002263,PAYMENT_EXCEPTION_RESOLUTION,2026-03-01T18:29:00,2026-03-02T02:29:00,FALSE,0,FALSE,MET
SLA_SYN_0002264,EXC_SYN_0002264,PAYMENT_EXCEPTION_RESOLUTION,2025-11-23T19:09:00,2025-11-24T03:09:00,TRUE,161091,FALSE,BREACHED
SLA_SYN_0002265,EXC_SYN_0002265,PAYMENT_EXCEPTION_RESOLUTION,2026-02-22T20:59:00,2026-02-23T04:59:00,FALSE,0,FALSE,MET
SLA_SYN_0002266,EXC_SYN_0002266,PAYMENT_EXCEPTION_RESOLUTION,2026-03-03T21:39:00,2026-03-04T05:39:00,FALSE,0,FALSE,MET
SLA_SYN_0002267,EXC_SYN_0002267,PAYMENT_EXCEPTION_RESOLUTION,2025-12-30T16:47:00,2025-12-30T20:47:00,FALSE,0,FALSE,MET
SLA_SYN_0002268,EXC_SYN_0002268,PAYMENT_EXCEPTION_RESOLUTION,2026-01-09T18:37:00,2026-01-10T02:37:00,TRUE,93443,FALSE,BREACHED
SLA_SYN_0002269,EXC_SYN_0002269,PAYMENT_EXCEPTION_RESOLUTION,2026-02-28T19:54:00,2026-03-01T03:54:00,FALSE,0,FALSE,MET
SLA_SYN_0002270,EXC_SYN_0002270,PAYMENT_EXCEPTION_RESOLUTION,2026-01-28T22:31:00,2026-01-29T02:31:00,FALSE,0,FALSE,MET
SLA_SYN_0002271,EXC_SYN_0002271,PAYMENT_EXCEPTION_RESOLUTION,2026-02-12T15:57:00,2026-02-12T19:57:00,FALSE,0,FALSE,MET
SLA_SYN_0002272,EXC_SYN_0002272,PAYMENT_EXCEPTION_RESOLUTION,2026-01-17T08:41:00,2026-01-17T16:41:00,TRUE,82519,FALSE,BREACHED
SLA_SYN_0002273,EXC_SYN_0002273,PAYMENT_EXCEPTION_RESOLUTION,2026-02-26T10:31:00,2026-02-26T14:31:00,FALSE,0,FALSE,MET
SLA_SYN_0002274,EXC_SYN_0002274,PAYMENT_EXCEPTION_RESOLUTION,2025-12-07T16:56:00,2025-12-08T00:56:00,FALSE,0,FALSE,MET
SLA_SYN_0002275,EXC_SYN_0002275,PAYMENT_EXCEPTION_RESOLUTION,2025-11-23T15:22:00,2025-11-23T23:22:00,TRUE,145,FALSE,BREACHED
SLA_SYN_0002276,EXC_SYN_0002276,PAYMENT_EXCEPTION_RESOLUTION,2026-02-02T15:18:00,2026-02-02T23:18:00,TRUE,59082,FALSE,BREACHED
SLA_SYN_0002277,EXC_SYN_0002277,PAYMENT_EXCEPTION_RESOLUTION,2026-01-02T15:38:00,2026-01-02T23:38:00,FALSE,0,FALSE,MET
SLA_SYN_0002278,EXC_SYN_0002278,PAYMENT_EXCEPTION_RESOLUTION,2026-01-15T16:21:00,2026-01-15T20:21:00,FALSE,0,FALSE,MET
SLA_SYN_0002279,EXC_SYN_0002279,PAYMENT_EXCEPTION_RESOLUTION,2025-11-30T19:55:00,2025-12-01T03:55:00,FALSE,0,FALSE,MET
SLA_SYN_0002280,EXC_SYN_0002280,PAYMENT_EXCEPTION_RESOLUTION,2025-12-21T18:51:00,2025-12-22T02:51:00,TRUE,120789,FALSE,BREACHED
SLA_SYN_0002281,EXC_SYN_0002281,PAYMENT_EXCEPTION_RESOLUTION,2025-12-12T13:22:00,2025-12-12T17:22:00,FALSE,0,FALSE,MET
SLA_SYN_0002282,EXC_SYN_0002282,PAYMENT_EXCEPTION_RESOLUTION,2026-01-21T18:10:00,2026-01-21T22:10:00,TRUE,152,TRUE,BREACHED
SLA_SYN_0002283,EXC_SYN_0002283,PAYMENT_EXCEPTION_RESOLUTION,2026-01-30T13:55:00,2026-01-30T21:55:00,FALSE,0,FALSE,MET
SLA_SYN_0002284,EXC_SYN_0002284,PAYMENT_EXCEPTION_RESOLUTION,2026-01-24T13:04:00,2026-01-24T17:04:00,TRUE,72416,TRUE,BREACHED
SLA_SYN_0002285,EXC_SYN_0002285,PAYMENT_EXCEPTION_RESOLUTION,2025-11-22T17:22:00,2025-11-23T01:22:00,FALSE,0,FALSE,MET
SLA_SYN_0002286,EXC_SYN_0002286,PAYMENT_EXCEPTION_RESOLUTION,2025-12-07T20:46:00,2025-12-08T04:46:00,FALSE,0,FALSE,MET
SLA_SYN_0002287,EXC_SYN_0002287,PAYMENT_EXCEPTION_RESOLUTION,2026-02-08T20:59:00,2026-02-09T04:59:00,FALSE,0,FALSE,MET
SLA_SYN_0002288,EXC_SYN_0002288,PAYMENT_EXCEPTION_RESOLUTION,2026-01-20T15:40:00,2026-01-20T23:40:00,TRUE,77780,FALSE,BREACHED
SLA_SYN_0002289,EXC_SYN_0002289,PAYMENT_EXCEPTION_RESOLUTION,2026-02-11T17:10:00,2026-02-11T21:10:00,TRUE,159,TRUE,BREACHED
SLA_SYN_0002290,EXC_SYN_0002290,PAYMENT_EXCEPTION_RESOLUTION,2025-11-27T15:46:00,2025-11-27T23:46:00,FALSE,0,FALSE,MET
SLA_SYN_0002291,EXC_SYN_0002291,PAYMENT_EXCEPTION_RESOLUTION,2025-12-06T22:31:00,2025-12-07T06:31:00,FALSE,0,FALSE,MET
SLA_SYN_0002292,EXC_SYN_0002292,PAYMENT_EXCEPTION_RESOLUTION,2026-01-28T18:36:00,2026-01-28T22:36:00,TRUE,66324,TRUE,BREACHED
SLA_SYN_0002293,EXC_SYN_0002293,PAYMENT_EXCEPTION_RESOLUTION,2026-02-27T15:28:00,2026-02-27T19:28:00,FALSE,0,FALSE,MET
SLA_SYN_0002294,EXC_SYN_0002294,PAYMENT_EXCEPTION_RESOLUTION,2026-01-27T20:09:00,2026-01-28T04:09:00,FALSE,0,FALSE,MET
SLA_SYN_0002295,EXC_SYN_0002295,PAYMENT_EXCEPTION_RESOLUTION,2026-03-09T21:56:00,2026-03-10T01:56:00,FALSE,0,FALSE,MET
SLA_SYN_0002296,EXC_SYN_0002296,PAYMENT_EXCEPTION_RESOLUTION,2026-01-25T23:06:00,2026-01-26T07:06:00,TRUE,70134,FALSE,BREACHED
SLA_SYN_0002297,EXC_SYN_0002297,PAYMENT_EXCEPTION_RESOLUTION,2026-01-08T18:04:00,2026-01-09T02:04:00,FALSE,0,FALSE,MET
SLA_SYN_0002298,EXC_SYN_0002298,PAYMENT_EXCEPTION_RESOLUTION,2025-11-22T20:04:00,2025-11-23T04:04:00,FALSE,0,FALSE,MET
SLA_SYN_0002299,EXC_SYN_0002299,PAYMENT_EXCEPTION_RESOLUTION,2026-03-04T15:14:00,2026-03-04T23:14:00,FALSE,0,FALSE,MET
SLA_SYN_0002300,EXC_SYN_0002300,PAYMENT_EXCEPTION_RESOLUTION,2026-02-25T09:42:00,2026-02-25T13:42:00,TRUE,26538,TRUE,BREACHED
SLA_SYN_0002301,EXC_SYN_0002301,PAYMENT_EXCEPTION_RESOLUTION,2026-02-03T12:39:00,2026-02-03T20:39:00,FALSE,0,FALSE,MET
SLA_SYN_0002302,EXC_SYN_0002302,PAYMENT_EXCEPTION_RESOLUTION,2025-12-11T16:20:00,2025-12-12T00:20:00,FALSE,0,FALSE,MET
SLA_SYN_0002303,EXC_SYN_0002303,PAYMENT_EXCEPTION_RESOLUTION,2026-02-07T09:54:00,2026-02-07T13:54:00,TRUE,173,TRUE,BREACHED
SLA_SYN_0002304,EXC_SYN_0002304,PAYMENT_EXCEPTION_RESOLUTION,2026-01-18T12:21:00,2026-01-18T16:21:00,TRUE,81099,TRUE,BREACHED
SLA_SYN_0002305,EXC_SYN_0002305,PAYMENT_EXCEPTION_RESOLUTION,2025-11-30T10:10:00,2025-11-30T18:10:00,FALSE,0,FALSE,MET
SLA_SYN_0002306,EXC_SYN_0002306,PAYMENT_EXCEPTION_RESOLUTION,2025-12-16T16:15:00,2025-12-16T20:15:00,FALSE,0,FALSE,MET
SLA_SYN_0002307,EXC_SYN_0002307,PAYMENT_EXCEPTION_RESOLUTION,2025-12-14T11:13:00,2025-12-14T19:13:00,FALSE,0,FALSE,MET
SLA_SYN_0002308,EXC_SYN_0002308,PAYMENT_EXCEPTION_RESOLUTION,2025-11-20T16:51:00,2025-11-21T00:51:00,TRUE,165549,FALSE,BREACHED
SLA_SYN_0002309,EXC_SYN_0002309,PAYMENT_EXCEPTION_RESOLUTION,2026-01-20T14:23:00,2026-01-20T22:23:00,FALSE,0,FALSE,MET
SLA_SYN_0002310,EXC_SYN_0002310,PAYMENT_EXCEPTION_RESOLUTION,2025-12-25T17:27:00,2025-12-26T01:27:00,TRUE,180,FALSE,BREACHED
SLA_SYN_0002311,EXC_SYN_0002311,PAYMENT_EXCEPTION_RESOLUTION,2025-12-04T20:41:00,2025-12-05T00:41:00,FALSE,0,FALSE,MET
SLA_SYN_0002312,EXC_SYN_0002312,PAYMENT_EXCEPTION_RESOLUTION,2026-01-11T20:44:00,2026-01-12T04:44:00,TRUE,90436,FALSE,BREACHED
SLA_SYN_0002313,EXC_SYN_0002313,PAYMENT_EXCEPTION_RESOLUTION,2025-12-25T15:42:00,2025-12-25T23:42:00,FALSE,0,FALSE,MET
SLA_SYN_0002314,EXC_SYN_0002314,PAYMENT_EXCEPTION_RESOLUTION,2026-03-08T20:23:00,2026-03-09T00:23:00,FALSE,0,FALSE,MET
SLA_SYN_0002315,EXC_SYN_0002315,PAYMENT_EXCEPTION_RESOLUTION,2026-02-19T12:57:00,2026-02-19T16:57:00,FALSE,0,FALSE,MET
SLA_SYN_0002316,EXC_SYN_0002316,PAYMENT_EXCEPTION_RESOLUTION,2025-11-16T18:55:00,2025-11-17T02:55:00,TRUE,171185,FALSE,BREACHED
SLA_SYN_0002317,EXC_SYN_0002317,PAYMENT_EXCEPTION_RESOLUTION,2025-12-09T15:27:00,2025-12-09T19:27:00,TRUE,187,TRUE,BREACHED
SLA_SYN_0002318,EXC_SYN_0002318,PAYMENT_EXCEPTION_RESOLUTION,2026-01-24T20:28:00,2026-01-25T04:28:00,FALSE,0,FALSE,MET
SLA_SYN_0002319,EXC_SYN_0002319,PAYMENT_EXCEPTION_RESOLUTION,2026-01-30T15:43:00,2026-01-30T23:43:00,FALSE,0,FALSE,MET
SLA_SYN_0002320,EXC_SYN_0002320,PAYMENT_EXCEPTION_RESOLUTION,2025-12-26T18:00:00,2025-12-27T02:00:00,TRUE,113640,FALSE,BREACHED
SLA_SYN_0002321,EXC_SYN_0002321,PAYMENT_EXCEPTION_RESOLUTION,2025-12-01T16:29:00,2025-12-02T00:29:00,FALSE,0,FALSE,MET
SLA_SYN_0002322,EXC_SYN_0002322,PAYMENT_EXCEPTION_RESOLUTION,2026-01-08T22:17:00,2026-01-09T02:17:00,FALSE,0,FALSE,MET
SLA_SYN_0002323,EXC_SYN_0002323,PAYMENT_EXCEPTION_RESOLUTION,2025-11-29T20:43:00,2025-11-30T04:43:00,FALSE,0,FALSE,MET
SLA_SYN_0002324,EXC_SYN_0002324,PAYMENT_EXCEPTION_RESOLUTION,2026-02-28T18:52:00,2026-03-01T02:52:00,TRUE,21428,FALSE,BREACHED
SLA_SYN_0002325,EXC_SYN_0002325,PAYMENT_EXCEPTION_RESOLUTION,2026-01-06T22:46:00,2026-01-07T02:46:00,FALSE,0,FALSE,MET
SLA_SYN_0002326,EXC_SYN_0002326,PAYMENT_EXCEPTION_RESOLUTION,2026-02-03T22:12:00,2026-02-04T02:12:00,FALSE,0,FALSE,MET
SLA_SYN_0002327,EXC_SYN_0002327,PAYMENT_EXCEPTION_RESOLUTION,2026-01-03T08:36:00,2026-01-03T16:36:00,FALSE,0,FALSE,MET
SLA_SYN_0002328,EXC_SYN_0002328,PAYMENT_EXCEPTION_RESOLUTION,2026-02-26T13:07:00,2026-02-26T17:07:00,TRUE,24893,TRUE,BREACHED
SLA_SYN_0002329,EXC_SYN_0002329,PAYMENT_EXCEPTION_RESOLUTION,2026-02-17T17:55:00,2026-02-18T01:55:00,FALSE,0,FALSE,MET
SLA_SYN_0002330,EXC_SYN_0002330,PAYMENT_EXCEPTION_RESOLUTION,2026-01-15T17:31:00,2026-01-16T01:31:00,FALSE,0,FALSE,MET
SLA_SYN_0002331,EXC_SYN_0002331,PAYMENT_EXCEPTION_RESOLUTION,2026-01-09T12:39:00,2026-01-09T20:39:00,TRUE,201,FALSE,BREACHED
SLA_SYN_0002332,EXC_SYN_0002332,PAYMENT_EXCEPTION_RESOLUTION,2025-12-13T14:56:00,2025-12-13T22:56:00,TRUE,132544,FALSE,BREACHED
SLA_SYN_0002333,EXC_SYN_0002333,PAYMENT_EXCEPTION_RESOLUTION,2026-03-09T12:55:00,2026-03-09T16:55:00,FALSE,0,FALSE,MET
SLA_SYN_0002334,EXC_SYN_0002334,PAYMENT_EXCEPTION_RESOLUTION,2025-12-17T13:38:00,2025-12-17T21:38:00,FALSE,0,FALSE,MET
SLA_SYN_0002335,EXC_SYN_0002335,PAYMENT_EXCEPTION_RESOLUTION,2026-02-24T14:38:00,2026-02-24T22:38:00,FALSE,0,FALSE,MET
SLA_SYN_0002336,EXC_SYN_0002336,PAYMENT_EXCEPTION_RESOLUTION,2025-12-01T18:39:00,2025-12-01T22:39:00,TRUE,149841,TRUE,BREACHED
SLA_SYN_0002337,EXC_SYN_0002337,PAYMENT_EXCEPTION_RESOLUTION,2026-02-23T11:43:00,2026-02-23T15:43:00,FALSE,0,FALSE,MET
SLA_SYN_0002338,EXC_SYN_0002338,PAYMENT_EXCEPTION_RESOLUTION,2026-02-16T18:38:00,2026-02-17T02:38:00,TRUE,208,FALSE,BREACHED
SLA_SYN_0002339,EXC_SYN_0002339,PAYMENT_EXCEPTION_RESOLUTION,2025-12-10T18:31:00,2025-12-10T22:31:00,FALSE,0,FALSE,MET
SLA_SYN_0002340,EXC_SYN_0002340,PAYMENT_EXCEPTION_RESOLUTION,2026-03-02T19:14:00,2026-03-03T03:14:00,TRUE,18526,FALSE,BREACHED
SLA_SYN_0002341,EXC_SYN_0002341,PAYMENT_EXCEPTION_RESOLUTION,2026-02-14T20:51:00,2026-02-15T04:51:00,FALSE,0,FALSE,MET
SLA_SYN_0002342,EXC_SYN_0002342,PAYMENT_EXCEPTION_RESOLUTION,2026-01-08T21:04:00,2026-01-09T05:04:00,FALSE,0,FALSE,MET
SLA_SYN_0002343,EXC_SYN_0002343,PAYMENT_EXCEPTION_RESOLUTION,2025-12-06T19:53:00,2025-12-07T03:53:00,FALSE,0,FALSE,MET
SLA_SYN_0002344,EXC_SYN_0002344,PAYMENT_EXCEPTION_RESOLUTION,2025-12-30T16:55:00,2025-12-30T20:55:00,TRUE,108185,TRUE,BREACHED
SLA_SYN_0002345,EXC_SYN_0002345,PAYMENT_EXCEPTION_RESOLUTION,2025-12-09T16:38:00,2025-12-10T00:38:00,TRUE,35,FALSE,BREACHED
SLA_SYN_0002346,EXC_SYN_0002346,PAYMENT_EXCEPTION_RESOLUTION,2026-01-01T17:01:00,2026-01-02T01:01:00,FALSE,0,FALSE,MET
SLA_SYN_0002347,EXC_SYN_0002347,PAYMENT_EXCEPTION_RESOLUTION,2026-01-15T17:14:00,2026-01-15T21:14:00,FALSE,0,FALSE,MET
SLA_SYN_0002348,EXC_SYN_0002348,PAYMENT_EXCEPTION_RESOLUTION,2025-11-21T18:44:00,2025-11-21T22:44:00,TRUE,164236,TRUE,BREACHED
SLA_SYN_0002349,EXC_SYN_0002349,PAYMENT_EXCEPTION_RESOLUTION,2025-11-16T15:36:00,2025-11-16T23:36:00,FALSE,0,FALSE,MET
SLA_SYN_0002350,EXC_SYN_0002350,PAYMENT_EXCEPTION_RESOLUTION,2025-11-29T21:24:00,2025-11-30T01:24:00,FALSE,0,FALSE,MET
SLA_SYN_0002351,EXC_SYN_0002351,PAYMENT_EXCEPTION_RESOLUTION,2025-12-01T21:07:00,2025-12-02T05:07:00,FALSE,0,FALSE,MET
SLA_SYN_0002352,EXC_SYN_0002352,PAYMENT_EXCEPTION_RESOLUTION,2026-02-07T17:22:00,2026-02-08T01:22:00,TRUE,51758,FALSE,BREACHED
SLA_SYN_0002353,EXC_SYN_0002353,PAYMENT_EXCEPTION_RESOLUTION,2026-03-10T15:11:00,2026-03-10T23:11:00,FALSE,0,FALSE,MET
SLA_SYN_0002354,EXC_SYN_0002354,PAYMENT_EXCEPTION_RESOLUTION,2026-01-16T14:59:00,2026-01-16T22:59:00,FALSE,0,FALSE,MET
SLA_SYN_0002355,EXC_SYN_0002355,PAYMENT_EXCEPTION_RESOLUTION,2025-11-25T14:25:00,2025-11-25T18:25:00,FALSE,0,FALSE,MET
SLA_SYN_0002356,EXC_SYN_0002356,PAYMENT_EXCEPTION_RESOLUTION,2025-12-13T18:36:00,2025-12-14T02:36:00,TRUE,132324,FALSE,BREACHED
SLA_SYN_0002357,EXC_SYN_0002357,PAYMENT_EXCEPTION_RESOLUTION,2026-02-05T17:32:00,2026-02-06T01:32:00,FALSE,0,FALSE,MET
SLA_SYN_0002358,EXC_SYN_0002358,PAYMENT_EXCEPTION_RESOLUTION,2026-02-20T15:11:00,2026-02-20T19:11:00,FALSE,0,FALSE,MET
SLA_SYN_0002359,EXC_SYN_0002359,PAYMENT_EXCEPTION_RESOLUTION,2026-01-24T15:44:00,2026-01-24T19:44:00,TRUE,49,TRUE,BREACHED
SLA_SYN_0002360,EXC_SYN_0002360,PAYMENT_EXCEPTION_RESOLUTION,2026-01-22T16:07:00,2026-01-23T00:07:00,TRUE,74873,FALSE,BREACHED
SLA_SYN_0002361,EXC_SYN_0002361,PAYMENT_EXCEPTION_RESOLUTION,2026-03-09T14:46:00,2026-03-09T18:46:00,FALSE,0,FALSE,MET
SLA_SYN_0002362,EXC_SYN_0002362,PAYMENT_EXCEPTION_RESOLUTION,2026-02-21T16:23:00,2026-02-22T00:23:00,FALSE,0,FALSE,MET
SLA_SYN_0002363,EXC_SYN_0002363,PAYMENT_EXCEPTION_RESOLUTION,2026-03-11T14:05:00,2026-03-11T22:05:00,FALSE,0,FALSE,MET
SLA_SYN_0002364,EXC_SYN_0002364,PAYMENT_EXCEPTION_RESOLUTION,2025-12-02T15:32:00,2025-12-02T23:32:00,TRUE,148348,FALSE,BREACHED
SLA_SYN_0002365,EXC_SYN_0002365,PAYMENT_EXCEPTION_RESOLUTION,2025-12-31T17:22:00,2026-01-01T01:22:00,FALSE,0,FALSE,MET
SLA_SYN_0002366,EXC_SYN_0002366,PAYMENT_EXCEPTION_RESOLUTION,2026-01-05T13:54:00,2026-01-05T17:54:00,TRUE,56,TRUE,BREACHED
SLA_SYN_0002367,EXC_SYN_0002367,PAYMENT_EXCEPTION_RESOLUTION,2026-01-22T11:16:00,2026-01-22T19:16:00,FALSE,0,FALSE,MET
SLA_SYN_0002368,EXC_SYN_0002368,PAYMENT_EXCEPTION_RESOLUTION,2026-02-09T17:04:00,2026-02-10T01:04:00,TRUE,48896,FALSE,BREACHED
SLA_SYN_0002369,EXC_SYN_0002369,PAYMENT_EXCEPTION_RESOLUTION,2025-12-05T21:15:00,2025-12-06T01:15:00,FALSE,0,FALSE,MET
SLA_SYN_0002370,EXC_SYN_0002370,PAYMENT_EXCEPTION_RESOLUTION,2026-01-25T20:31:00,2026-01-26T00:31:00,FALSE,0,FALSE,MET
SLA_SYN_0002371,EXC_SYN_0002371,PAYMENT_EXCEPTION_RESOLUTION,2025-12-09T18:40:00,2025-12-10T02:40:00,FALSE,0,FALSE,MET
SLA_SYN_0002372,EXC_SYN_0002372,PAYMENT_EXCEPTION_RESOLUTION,2025-12-19T17:46:00,2025-12-19T21:46:00,TRUE,123974,TRUE,BREACHED
SLA_SYN_0002373,EXC_SYN_0002373,PAYMENT_EXCEPTION_RESOLUTION,2025-11-30T21:10:00,2025-12-01T05:10:00,TRUE,63,FALSE,BREACHED
SLA_SYN_0002374,EXC_SYN_0002374,PAYMENT_EXCEPTION_RESOLUTION,2025-12-20T14:51:00,2025-12-20T22:51:00,FALSE,0,FALSE,MET
SLA_SYN_0002375,EXC_SYN_0002375,PAYMENT_EXCEPTION_RESOLUTION,2026-01-17T20:09:00,2026-01-18T04:09:00,FALSE,0,FALSE,MET
SLA_SYN_0002376,EXC_SYN_0002376,PAYMENT_EXCEPTION_RESOLUTION,2025-12-23T18:48:00,2025-12-24T02:48:00,TRUE,117912,FALSE,BREACHED
SLA_SYN_0002377,EXC_SYN_0002377,PAYMENT_EXCEPTION_RESOLUTION,2025-12-07T18:31:00,2025-12-07T22:31:00,FALSE,0,FALSE,MET
SLA_SYN_0002378,EXC_SYN_0002378,PAYMENT_EXCEPTION_RESOLUTION,2026-01-25T18:17:00,2026-01-26T02:17:00,FALSE,0,FALSE,MET
SLA_SYN_0002379,EXC_SYN_0002379,PAYMENT_EXCEPTION_RESOLUTION,2025-12-17T20:34:00,2025-12-18T04:34:00,FALSE,0,FALSE,MET
SLA_SYN_0002380,EXC_SYN_0002380,PAYMENT_EXCEPTION_RESOLUTION,2026-02-14T21:44:00,2026-02-15T01:44:00,TRUE,41656,TRUE,BREACHED
SLA_SYN_0002381,EXC_SYN_0002381,PAYMENT_EXCEPTION_RESOLUTION,2026-01-22T16:52:00,2026-01-22T20:52:00,FALSE,0,FALSE,MET
SLA_SYN_0002382,EXC_SYN_0002382,PAYMENT_EXCEPTION_RESOLUTION,2026-03-01T09:38:00,2026-03-01T17:38:00,FALSE,0,FALSE,MET
SLA_SYN_0002383,EXC_SYN_0002383,PAYMENT_EXCEPTION_RESOLUTION,2026-03-05T09:04:00,2026-03-05T13:04:00,FALSE,0,FALSE,MET
SLA_SYN_0002384,EXC_SYN_0002384,PAYMENT_EXCEPTION_RESOLUTION,2026-02-06T15:19:00,2026-02-06T23:19:00,TRUE,53321,FALSE,BREACHED
SLA_SYN_0002385,EXC_SYN_0002385,PAYMENT_EXCEPTION_RESOLUTION,2026-03-03T09:00:00,2026-03-03T17:00:00,FALSE,0,FALSE,MET
SLA_SYN_0002386,EXC_SYN_0002386,PAYMENT_EXCEPTION_RESOLUTION,2025-11-17T16:32:00,2025-11-18T00:32:00,FALSE,0,FALSE,MET
SLA_SYN_0002387,EXC_SYN_0002387,PAYMENT_EXCEPTION_RESOLUTION,2026-01-04T17:32:00,2026-01-05T01:32:00,TRUE,77,FALSE,BREACHED
SLA_SYN_0002388,EXC_SYN_0002388,PAYMENT_EXCEPTION_RESOLUTION,2025-12-20T15:41:00,2025-12-20T19:41:00,TRUE,122659,TRUE,BREACHED
SLA_SYN_0002389,EXC_SYN_0002389,PAYMENT_EXCEPTION_RESOLUTION,2026-03-13T19:05:00,2026-03-14T03:05:00,FALSE,0,FALSE,MET
SLA_SYN_0002390,EXC_SYN_0002390,PAYMENT_EXCEPTION_RESOLUTION,2026-03-01T10:25:00,2026-03-01T18:25:00,FALSE,0,FALSE,MET
SLA_SYN_0002391,EXC_SYN_0002391,PAYMENT_EXCEPTION_RESOLUTION,2026-02-02T16:40:00,2026-02-02T20:40:00,FALSE,0,FALSE,MET
SLA_SYN_0002392,EXC_SYN_0002392,PAYMENT_EXCEPTION_RESOLUTION,2025-12-19T19:34:00,2025-12-19T23:34:00,TRUE,123866,TRUE,BREACHED
SLA_SYN_0002393,EXC_SYN_0002393,PAYMENT_EXCEPTION_RESOLUTION,2026-01-29T15:32:00,2026-01-29T23:32:00,FALSE,0,FALSE,MET
SLA_SYN_0002394,EXC_SYN_0002394,PAYMENT_EXCEPTION_RESOLUTION,2026-03-01T15:55:00,2026-03-01T19:55:00,TRUE,84,TRUE,BREACHED
SLA_SYN_0002395,EXC_SYN_0002395,PAYMENT_EXCEPTION_RESOLUTION,2026-01-31T19:16:00,2026-02-01T03:16:00,FALSE,0,FALSE,MET
SLA_SYN_0002396,EXC_SYN_0002396,PAYMENT_EXCEPTION_RESOLUTION,2025-12-11T11:23:00,2025-12-11T19:23:00,TRUE,135637,FALSE,BREACHED
SLA_SYN_0002397,EXC_SYN_0002397,PAYMENT_EXCEPTION_RESOLUTION,2026-01-04T19:52:00,2026-01-05T03:52:00,FALSE,0,FALSE,MET
SLA_SYN_0002398,EXC_SYN_0002398,PAYMENT_EXCEPTION_RESOLUTION,2026-03-15T13:46:00,2026-03-15T21:46:00,FALSE,0,FALSE,MET
SLA_SYN_0002399,EXC_SYN_0002399,PAYMENT_EXCEPTION_RESOLUTION,2026-01-11T15:03:00,2026-01-11T19:03:00,FALSE,0,FALSE,MET
SLA_SYN_0002400,EXC_SYN_0002400,PAYMENT_EXCEPTION_RESOLUTION,2025-12-14T21:18:00,2025-12-15T05:18:00,TRUE,130722,FALSE,BREACHED
SLA_SYN_0002401,EXC_SYN_0002401,PAYMENT_EXCEPTION_RESOLUTION,2025-12-01T21:41:00,2025-12-02T05:41:00,TRUE,91,FALSE,BREACHED
SLA_SYN_0002402,EXC_SYN_0002402,PAYMENT_EXCEPTION_RESOLUTION,2026-03-12T18:06:00,2026-03-12T22:06:00,FALSE,0,FALSE,MET
SLA_SYN_0002403,EXC_SYN_0002403,PAYMENT_EXCEPTION_RESOLUTION,2025-12-28T15:48:00,2025-12-28T19:48:00,FALSE,0,FALSE,MET
SLA_SYN_0002404,EXC_SYN_0002404,PAYMENT_EXCEPTION_RESOLUTION,2026-01-09T19:39:00,2026-01-10T03:39:00,TRUE,93381,FALSE,BREACHED
SLA_SYN_0002405,EXC_SYN_0002405,PAYMENT_EXCEPTION_RESOLUTION,2025-11-24T13:20:00,2025-11-24T17:20:00,FALSE,0,FALSE,MET
SLA_SYN_0002406,EXC_SYN_0002406,PAYMENT_EXCEPTION_RESOLUTION,2026-02-20T20:25:00,2026-02-21T04:25:00,FALSE,0,FALSE,MET
SLA_SYN_0002407,EXC_SYN_0002407,PAYMENT_EXCEPTION_RESOLUTION,2026-03-15T14:53:00,2026-03-15T22:53:00,FALSE,0,FALSE,MET
SLA_SYN_0002408,EXC_SYN_0002408,PAYMENT_EXCEPTION_RESOLUTION,2026-03-10T16:43:00,2026-03-11T00:43:00,TRUE,7157,FALSE,BREACHED
SLA_SYN_0002409,EXC_SYN_0002409,PAYMENT_EXCEPTION_RESOLUTION,2026-02-27T16:09:00,2026-02-28T00:09:00,FALSE,0,FALSE,MET
SLA_SYN_0002410,EXC_SYN_0002410,PAYMENT_EXCEPTION_RESOLUTION,2026-01-19T13:50:00,2026-01-19T17:50:00,FALSE,0,FALSE,MET
SLA_SYN_0002411,EXC_SYN_0002411,PAYMENT_EXCEPTION_RESOLUTION,2026-02-03T18:01:00,2026-02-04T02:01:00,FALSE,0,FALSE,MET
SLA_SYN_0002412,EXC_SYN_0002412,PAYMENT_EXCEPTION_RESOLUTION,2026-03-12T10:28:00,2026-03-12T14:28:00,TRUE,4892,TRUE,BREACHED
SLA_SYN_0002413,EXC_SYN_0002413,PAYMENT_EXCEPTION_RESOLUTION,2026-01-13T10:21:00,2026-01-13T14:21:00,FALSE,0,FALSE,MET
SLA_SYN_0002414,EXC_SYN_0002414,PAYMENT_EXCEPTION_RESOLUTION,2025-12-31T17:43:00,2025-12-31T21:43:00,FALSE,0,FALSE,MET
SLA_SYN_0002415,EXC_SYN_0002415,PAYMENT_EXCEPTION_RESOLUTION,2026-01-17T09:50:00,2026-01-17T17:50:00,TRUE,105,FALSE,BREACHED
SLA_SYN_0002416,EXC_SYN_0002416,PAYMENT_EXCEPTION_RESOLUTION,2025-12-01T18:46:00,2025-12-01T22:46:00,TRUE,149834,TRUE,BREACHED
SLA_SYN_0002417,EXC_SYN_0002417,PAYMENT_EXCEPTION_RESOLUTION,2026-03-13T16:18:00,2026-03-14T00:18:00,FALSE,0,FALSE,MET
SLA_SYN_0002418,EXC_SYN_0002418,PAYMENT_EXCEPTION_RESOLUTION,2025-12-20T11:56:00,2025-12-20T19:56:00,FALSE,0,FALSE,MET
SLA_SYN_0002419,EXC_SYN_0002419,PAYMENT_EXCEPTION_RESOLUTION,2025-12-04T17:14:00,2025-12-05T01:14:00,FALSE,0,FALSE,MET
SLA_SYN_0002420,EXC_SYN_0002420,PAYMENT_EXCEPTION_RESOLUTION,2026-02-09T19:48:00,2026-02-10T03:48:00,TRUE,48732,FALSE,BREACHED
SLA_SYN_0002421,EXC_SYN_0002421,PAYMENT_EXCEPTION_RESOLUTION,2026-01-29T10:58:00,2026-01-29T14:58:00,FALSE,0,FALSE,MET
SLA_SYN_0002422,EXC_SYN_0002422,PAYMENT_EXCEPTION_RESOLUTION,2026-02-06T17:13:00,2026-02-07T01:13:00,TRUE,112,FALSE,BREACHED
SLA_SYN_0002423,EXC_SYN_0002423,PAYMENT_EXCEPTION_RESOLUTION,2026-02-26T16:19:00,2026-02-27T00:19:00,FALSE,0,FALSE,MET
SLA_SYN_0002424,EXC_SYN_0002424,PAYMENT_EXCEPTION_RESOLUTION,2026-01-21T20:13:00,2026-01-22T00:13:00,TRUE,76307,TRUE,BREACHED
SLA_SYN_0002425,EXC_SYN_0002425,PAYMENT_EXCEPTION_RESOLUTION,2026-02-12T15:48:00,2026-02-12T19:48:00,FALSE,0,FALSE,MET
SLA_SYN_0002426,EXC_SYN_0002426,PAYMENT_EXCEPTION_RESOLUTION,2026-01-29T19:59:00,2026-01-30T03:59:00,FALSE,0,FALSE,MET
SLA_SYN_0002427,EXC_SYN_0002427,PAYMENT_EXCEPTION_RESOLUTION,2026-01-26T15:17:00,2026-01-26T19:17:00,FALSE,0,FALSE,MET
SLA_SYN_0002428,EXC_SYN_0002428,PAYMENT_EXCEPTION_RESOLUTION,2026-03-13T19:58:00,2026-03-14T03:58:00,TRUE,2642,FALSE,BREACHED
SLA_SYN_0002429,EXC_SYN_0002429,PAYMENT_EXCEPTION_RESOLUTION,2026-02-23T17:20:00,2026-02-24T01:20:00,TRUE,119,FALSE,BREACHED
SLA_SYN_0002430,EXC_SYN_0002430,PAYMENT_EXCEPTION_RESOLUTION,2025-12-03T21:48:00,2025-12-04T05:48:00,FALSE,0,FALSE,MET
SLA_SYN_0002431,EXC_SYN_0002431,PAYMENT_EXCEPTION_RESOLUTION,2026-01-25T16:19:00,2026-01-26T00:19:00,FALSE,0,FALSE,MET
SLA_SYN_0002432,EXC_SYN_0002432,PAYMENT_EXCEPTION_RESOLUTION,2026-03-09T15:08:00,2026-03-09T19:08:00,TRUE,8932,TRUE,BREACHED
SLA_SYN_0002433,EXC_SYN_0002433,PAYMENT_EXCEPTION_RESOLUTION,2026-01-14T20:53:00,2026-01-15T04:53:00,FALSE,0,FALSE,MET
SLA_SYN_0002434,EXC_SYN_0002434,PAYMENT_EXCEPTION_RESOLUTION,2025-12-12T18:35:00,2025-12-13T02:35:00,FALSE,0,FALSE,MET
SLA_SYN_0002435,EXC_SYN_0002435,PAYMENT_EXCEPTION_RESOLUTION,2025-12-03T19:15:00,2025-12-03T23:15:00,FALSE,0,FALSE,MET
SLA_SYN_0002436,EXC_SYN_0002436,PAYMENT_EXCEPTION_RESOLUTION,2026-01-08T18:41:00,2026-01-08T22:41:00,TRUE,95119,TRUE,BREACHED
SLA_SYN_0002437,EXC_SYN_0002437,PAYMENT_EXCEPTION_RESOLUTION,2025-12-26T14:58:00,2025-12-26T22:58:00,FALSE,0,FALSE,MET
SLA_SYN_0002438,EXC_SYN_0002438,PAYMENT_EXCEPTION_RESOLUTION,2025-11-18T13:27:00,2025-11-18T17:27:00,FALSE,0,FALSE,MET
SLA_SYN_0002439,EXC_SYN_0002439,PAYMENT_EXCEPTION_RESOLUTION,2026-03-02T14:44:00,2026-03-02T22:44:00,FALSE,0,FALSE,MET
SLA_SYN_0002440,EXC_SYN_0002440,PAYMENT_EXCEPTION_RESOLUTION,2026-02-01T15:37:00,2026-02-01T23:37:00,TRUE,60503,FALSE,BREACHED
SLA_SYN_0002441,EXC_SYN_0002441,PAYMENT_EXCEPTION_RESOLUTION,2026-01-03T18:21:00,2026-01-04T02:21:00,FALSE,0,FALSE,MET
SLA_SYN_0002442,EXC_SYN_0002442,PAYMENT_EXCEPTION_RESOLUTION,2026-03-03T10:58:00,2026-03-03T18:58:00,FALSE,0,FALSE,MET
SLA_SYN_0002443,EXC_SYN_0002443,PAYMENT_EXCEPTION_RESOLUTION,2026-01-29T09:54:00,2026-01-29T13:54:00,TRUE,133,TRUE,BREACHED
SLA_SYN_0002444,EXC_SYN_0002444,PAYMENT_EXCEPTION_RESOLUTION,2025-12-27T11:24:00,2025-12-27T19:24:00,TRUE,112596,FALSE,BREACHED
SLA_SYN_0002445,EXC_SYN_0002445,PAYMENT_EXCEPTION_RESOLUTION,2025-12-17T18:26:00,2025-12-18T02:26:00,FALSE,0,FALSE,MET
SLA_SYN_0002446,EXC_SYN_0002446,PAYMENT_EXCEPTION_RESOLUTION,2026-02-21T19:36:00,2026-02-21T23:36:00,FALSE,0,FALSE,MET
SLA_SYN_0002447,EXC_SYN_0002447,PAYMENT_EXCEPTION_RESOLUTION,2026-01-29T15:04:00,2026-01-29T19:04:00,FALSE,0,FALSE,MET
SLA_SYN_0002448,EXC_SYN_0002448,PAYMENT_EXCEPTION_RESOLUTION,2026-03-13T15:37:00,2026-03-13T19:37:00,TRUE,3143,TRUE,BREACHED
SLA_SYN_0002449,EXC_SYN_0002449,PAYMENT_EXCEPTION_RESOLUTION,2026-02-09T20:05:00,2026-02-10T00:05:00,FALSE,0,FALSE,MET
SLA_SYN_0002450,EXC_SYN_0002450,PAYMENT_EXCEPTION_RESOLUTION,2026-03-10T14:46:00,2026-03-10T22:46:00,TRUE,140,FALSE,BREACHED
SLA_SYN_0002451,EXC_SYN_0002451,PAYMENT_EXCEPTION_RESOLUTION,2026-01-08T13:52:00,2026-01-08T21:52:00,FALSE,0,FALSE,MET
SLA_SYN_0002452,EXC_SYN_0002452,PAYMENT_EXCEPTION_RESOLUTION,2026-02-09T16:46:00,2026-02-10T00:46:00,TRUE,48914,FALSE,BREACHED
SLA_SYN_0002453,EXC_SYN_0002453,PAYMENT_EXCEPTION_RESOLUTION,2026-02-18T21:37:00,2026-02-19T05:37:00,FALSE,0,FALSE,MET
SLA_SYN_0002454,EXC_SYN_0002454,PAYMENT_EXCEPTION_RESOLUTION,2026-01-27T13:24:00,2026-01-27T17:24:00,FALSE,0,FALSE,MET
SLA_SYN_0002455,EXC_SYN_0002455,PAYMENT_EXCEPTION_RESOLUTION,2025-12-06T12:10:00,2025-12-06T20:10:00,FALSE,0,FALSE,MET
SLA_SYN_0002456,EXC_SYN_0002456,PAYMENT_EXCEPTION_RESOLUTION,2026-03-04T20:12:00,2026-03-05T04:12:00,TRUE,15588,FALSE,BREACHED
SLA_SYN_0002457,EXC_SYN_0002457,PAYMENT_EXCEPTION_RESOLUTION,2025-11-29T15:20:00,2025-11-29T19:20:00,TRUE,147,TRUE,BREACHED
SLA_SYN_0002458,EXC_SYN_0002458,PAYMENT_EXCEPTION_RESOLUTION,2026-02-15T21:15:00,2026-02-16T01:15:00,FALSE,0,FALSE,MET
SLA_SYN_0002459,EXC_SYN_0002459,PAYMENT_EXCEPTION_RESOLUTION,2026-03-09T15:36:00,2026-03-09T23:36:00,FALSE,0,FALSE,MET
SLA_SYN_0002460,EXC_SYN_0002460,PAYMENT_EXCEPTION_RESOLUTION,2026-01-04T15:12:00,2026-01-04T19:12:00,TRUE,101088,TRUE,BREACHED
SLA_SYN_0002461,EXC_SYN_0002461,PAYMENT_EXCEPTION_RESOLUTION,2025-11-21T15:42:00,2025-11-21T23:42:00,FALSE,0,FALSE,MET
SLA_SYN_0002462,EXC_SYN_0002462,PAYMENT_EXCEPTION_RESOLUTION,2025-12-06T15:38:00,2025-12-06T23:38:00,FALSE,0,FALSE,MET
SLA_SYN_0002463,EXC_SYN_0002463,PAYMENT_EXCEPTION_RESOLUTION,2026-01-09T14:34:00,2026-01-09T22:34:00,FALSE,0,FALSE,MET
SLA_SYN_0002464,EXC_SYN_0002464,PAYMENT_EXCEPTION_RESOLUTION,2026-01-22T21:36:00,2026-01-23T05:36:00,TRUE,74544,FALSE,BREACHED
SLA_SYN_0002465,EXC_SYN_0002465,PAYMENT_EXCEPTION_RESOLUTION,2026-01-11T08:40:00,2026-01-11T12:40:00,FALSE,0,FALSE,MET
SLA_SYN_0002466,EXC_SYN_0002466,PAYMENT_EXCEPTION_RESOLUTION,2025-12-25T14:18:00,2025-12-25T22:18:00,FALSE,0,FALSE,MET
SLA_SYN_0002467,EXC_SYN_0002467,PAYMENT_EXCEPTION_RESOLUTION,2026-01-06T15:28:00,2026-01-06T23:28:00,FALSE,0,FALSE,MET
SLA_SYN_0002468,EXC_SYN_0002468,PAYMENT_EXCEPTION_RESOLUTION,2026-01-11T16:58:00,2026-01-11T20:58:00,TRUE,90902,TRUE,BREACHED
SLA_SYN_0002469,EXC_SYN_0002469,PAYMENT_EXCEPTION_RESOLUTION,2025-12-19T14:57:00,2025-12-19T18:57:00,FALSE,0,FALSE,MET
SLA_SYN_0002470,EXC_SYN_0002470,PAYMENT_EXCEPTION_RESOLUTION,2026-02-07T13:33:00,2026-02-07T21:33:00,FALSE,0,FALSE,MET
SLA_SYN_0002471,EXC_SYN_0002471,PAYMENT_EXCEPTION_RESOLUTION,2025-12-06T15:23:00,2025-12-06T19:23:00,TRUE,161,TRUE,BREACHED
SLA_SYN_0002472,EXC_SYN_0002472,PAYMENT_EXCEPTION_RESOLUTION,2026-01-14T13:12:00,2026-01-14T21:12:00,TRUE,86568,FALSE,BREACHED
SLA_SYN_0002473,EXC_SYN_0002473,PAYMENT_EXCEPTION_RESOLUTION,2025-12-31T18:20:00,2026-01-01T02:20:00,FALSE,0,FALSE,MET
SLA_SYN_0002474,EXC_SYN_0002474,PAYMENT_EXCEPTION_RESOLUTION,2026-02-16T19:30:00,2026-02-17T03:30:00,FALSE,0,FALSE,MET
SLA_SYN_0002475,EXC_SYN_0002475,PAYMENT_EXCEPTION_RESOLUTION,2026-02-22T14:38:00,2026-02-22T22:38:00,FALSE,0,FALSE,MET
SLA_SYN_0002476,EXC_SYN_0002476,PAYMENT_EXCEPTION_RESOLUTION,2026-03-02T15:41:00,2026-03-02T19:41:00,TRUE,18979,TRUE,BREACHED
SLA_SYN_0002477,EXC_SYN_0002477,PAYMENT_EXCEPTION_RESOLUTION,2025-12-28T15:24:00,2025-12-28T23:24:00,FALSE,0,FALSE,MET
SLA_SYN_0002478,EXC_SYN_0002478,PAYMENT_EXCEPTION_RESOLUTION,2025-12-09T11:09:00,2025-12-09T19:09:00,TRUE,168,FALSE,BREACHED
SLA_SYN_0002479,EXC_SYN_0002479,PAYMENT_EXCEPTION_RESOLUTION,2025-12-18T17:44:00,2025-12-18T21:44:00,FALSE,0,FALSE,MET
SLA_SYN_0002480,EXC_SYN_0002480,PAYMENT_EXCEPTION_RESOLUTION,2026-02-24T15:06:00,2026-02-24T19:06:00,TRUE,27654,TRUE,BREACHED
SLA_SYN_0002481,EXC_SYN_0002481,PAYMENT_EXCEPTION_RESOLUTION,2026-02-18T17:43:00,2026-02-19T01:43:00,FALSE,0,FALSE,MET
SLA_SYN_0002482,EXC_SYN_0002482,PAYMENT_EXCEPTION_RESOLUTION,2025-12-04T12:41:00,2025-12-04T16:41:00,FALSE,0,FALSE,MET
SLA_SYN_0002483,EXC_SYN_0002483,PAYMENT_EXCEPTION_RESOLUTION,2026-02-20T16:22:00,2026-02-21T00:22:00,FALSE,0,FALSE,MET
SLA_SYN_0002484,EXC_SYN_0002484,PAYMENT_EXCEPTION_RESOLUTION,2026-01-22T16:45:00,2026-01-23T00:45:00,TRUE,74835,FALSE,BREACHED
SLA_SYN_0002485,EXC_SYN_0002485,PAYMENT_EXCEPTION_RESOLUTION,2026-02-28T15:04:00,2026-02-28T23:04:00,TRUE,175,FALSE,BREACHED
SLA_SYN_0002486,EXC_SYN_0002486,PAYMENT_EXCEPTION_RESOLUTION,2026-01-27T20:59:00,2026-01-28T04:59:00,FALSE,0,FALSE,MET
SLA_SYN_0002487,EXC_SYN_0002487,PAYMENT_EXCEPTION_RESOLUTION,2026-03-07T17:54:00,2026-03-07T21:54:00,FALSE,0,FALSE,MET
SLA_SYN_0002488,EXC_SYN_0002488,PAYMENT_EXCEPTION_RESOLUTION,2026-03-09T15:53:00,2026-03-09T23:53:00,TRUE,8647,FALSE,BREACHED
SLA_SYN_0002489,EXC_SYN_0002489,PAYMENT_EXCEPTION_RESOLUTION,2025-12-16T22:55:00,2025-12-17T06:55:00,FALSE,0,FALSE,MET
SLA_SYN_0002490,EXC_SYN_0002490,PAYMENT_EXCEPTION_RESOLUTION,2025-11-16T17:26:00,2025-11-16T21:26:00,FALSE,0,FALSE,MET
SLA_SYN_0002491,EXC_SYN_0002491,PAYMENT_EXCEPTION_RESOLUTION,2026-02-16T23:51:00,2026-02-17T03:51:00,FALSE,0,FALSE,MET
SLA_SYN_0002492,EXC_SYN_0002492,PAYMENT_EXCEPTION_RESOLUTION,2025-11-16T22:10:00,2025-11-17T06:10:00,TRUE,170990,FALSE,BREACHED
SLA_SYN_0002493,EXC_SYN_0002493,PAYMENT_EXCEPTION_RESOLUTION,2025-11-22T17:10:00,2025-11-22T21:10:00,FALSE,0,FALSE,MET
SLA_SYN_0002494,EXC_SYN_0002494,PAYMENT_EXCEPTION_RESOLUTION,2026-03-10T13:15:00,2026-03-10T21:15:00,FALSE,0,FALSE,MET
SLA_SYN_0002495,EXC_SYN_0002495,PAYMENT_EXCEPTION_RESOLUTION,2025-12-25T16:29:00,2025-12-26T00:29:00,FALSE,0,FALSE,MET
SLA_SYN_0002496,EXC_SYN_0002496,PAYMENT_EXCEPTION_RESOLUTION,2026-02-25T14:38:00,2026-02-25T22:38:00,TRUE,26002,FALSE,BREACHED
SLA_DQ_DUE_001,EXC_SYN_0002497,PAYMENT_EXCEPTION_RESOLUTION,2025-12-02T18:19:00,2025-12-02T17:19:00,FALSE,0,FALSE,MET
SLA_SYN_0002498,EXC_DQ_EXPIRED_REF_001,PAYMENT_EXCEPTION_RESOLUTION,2026-03-14T10:46:00,2026-03-14T14:46:00,FALSE,0,FALSE,MET
SLA_SYN_0002499,EXC_DQ_REASON_001,PAYMENT_EXCEPTION_RESOLUTION,2025-12-29T18:28:00,2025-12-30T02:28:00,TRUE,189,FALSE,BREACHED
SLA_SYN_0002500,EXC_DQ_TIMESTAMP_001,PAYMENT_EXCEPTION_RESOLUTION,2026-02-12T14:23:00,2026-02-12T22:23:00,TRUE,44737,FALSE,BREACHED
